mtllib broadleaf_tree.mtl
o broadleaf_tree
v 0.1500000 0.0000000 0.0000000
v 0.1299038 0.0750000 0.0000000
v 0.1779423 0.0450000 3.1000000
v 0.1500000 0.0000000 0.0000000
v 0.1779423 0.0450000 3.1000000
v 0.1900000 0.0000000 3.1000000
v 0.1299038 0.0750000 0.0000000
v 0.0750000 0.1299038 0.0000000
v 0.1450000 0.0779423 3.1000000
v 0.1299038 0.0750000 0.0000000
v 0.1450000 0.0779423 3.1000000
v 0.1779423 0.0450000 3.1000000
v 0.0750000 0.1299038 0.0000000
v 0.0000000 0.1500000 0.0000000
v 0.1000000 0.0900000 3.1000000
v 0.0750000 0.1299038 0.0000000
v 0.1000000 0.0900000 3.1000000
v 0.1450000 0.0779423 3.1000000
v 0.0000000 0.1500000 0.0000000
v -0.0750000 0.1299038 0.0000000
v 0.0550000 0.0779423 3.1000000
v 0.0000000 0.1500000 0.0000000
v 0.0550000 0.0779423 3.1000000
v 0.1000000 0.0900000 3.1000000
v -0.0750000 0.1299038 0.0000000
v -0.1299038 0.0750000 0.0000000
v 0.0220577 0.0450000 3.1000000
v -0.0750000 0.1299038 0.0000000
v 0.0220577 0.0450000 3.1000000
v 0.0550000 0.0779423 3.1000000
v -0.1299038 0.0750000 0.0000000
v -0.1500000 0.0000000 0.0000000
v 0.0100000 0.0000000 3.1000000
v -0.1299038 0.0750000 0.0000000
v 0.0100000 0.0000000 3.1000000
v 0.0220577 0.0450000 3.1000000
v -0.1500000 0.0000000 0.0000000
v -0.1299038 -0.0750000 0.0000000
v 0.0220577 -0.0450000 3.1000000
v -0.1500000 0.0000000 0.0000000
v 0.0220577 -0.0450000 3.1000000
v 0.0100000 0.0000000 3.1000000
v -0.1299038 -0.0750000 0.0000000
v -0.0750000 -0.1299038 0.0000000
v 0.0550000 -0.0779423 3.1000000
v -0.1299038 -0.0750000 0.0000000
v 0.0550000 -0.0779423 3.1000000
v 0.0220577 -0.0450000 3.1000000
v -0.0750000 -0.1299038 0.0000000
v -0.0000000 -0.1500000 0.0000000
v 0.1000000 -0.0900000 3.1000000
v -0.0750000 -0.1299038 0.0000000
v 0.1000000 -0.0900000 3.1000000
v 0.0550000 -0.0779423 3.1000000
v -0.0000000 -0.1500000 0.0000000
v 0.0750000 -0.1299038 0.0000000
v 0.1450000 -0.0779423 3.1000000
v -0.0000000 -0.1500000 0.0000000
v 0.1450000 -0.0779423 3.1000000
v 0.1000000 -0.0900000 3.1000000
v 0.0750000 -0.1299038 0.0000000
v 0.1299038 -0.0750000 0.0000000
v 0.1779423 -0.0450000 3.1000000
v 0.0750000 -0.1299038 0.0000000
v 0.1779423 -0.0450000 3.1000000
v 0.1450000 -0.0779423 3.1000000
v 0.1299038 -0.0750000 0.0000000
v 0.1500000 -0.0000000 0.0000000
v 0.1900000 -0.0000000 3.1000000
v 0.1299038 -0.0750000 0.0000000
v 0.1900000 -0.0000000 3.1000000
v 0.1779423 -0.0450000 3.1000000
v 0.8500000 0.0000000 4.2802360
v 1.3471655 0.0000000 4.1156531
v 1.2324111 0.2589642 4.0656446
v 0.8500000 0.0000000 4.1452135
v 1.2324111 0.2589642 4.0656446
v 0.9822470 0.3793655 3.9742744
v 0.8500000 0.0000000 4.1452135
v 0.9822470 0.3793655 3.9742744
v 0.7016466 0.4255686 4.0807528
v 0.8500000 0.0000000 4.2802360
v 0.7016466 0.4255686 4.0807528
v 0.4514824 0.2698713 4.1063157
v 0.8500000 0.0000000 4.1967875
v 0.4514824 0.2698713 4.1063157
v 0.4172602 0.0000000 3.9840386
v 0.8500000 0.0000000 4.1133389
v 0.4172602 0.0000000 3.9840386
v 0.4801020 -0.2504905 4.0340471
v 0.8500000 0.0000000 4.2483615
v 0.4801020 -0.2504905 4.0340471
v 0.6948904 -0.4449494 4.1254172
v 0.8500000 0.0000000 4.2483615
v 0.6948904 -0.4449494 4.1254172
v 0.9890031 -0.3987463 4.0189389
v 0.8500000 0.0000000 4.1133389
v 0.9890031 -0.3987463 4.0189389
v 1.2037916 -0.2395834 3.9933760
v 0.8500000 0.0000000 4.1967875
v 1.2037916 -0.2395834 3.9933760
v 1.3471655 -0.0000000 4.1156531
v 1.3471655 0.0000000 4.1156531
v 1.7111159 0.0000000 3.6863876
v 1.2324111 0.2589642 4.0656446
v 1.2324111 0.2589642 4.0656446
v 1.7111159 0.0000000 3.6863876
v 1.4627850 0.4149706 3.6157909
v 1.2324111 0.2589642 4.0656446
v 1.4627850 0.4149706 3.6157909
v 0.9822470 0.3793655 3.9742744
v 0.9822470 0.3793655 3.9742744
v 1.4627850 0.4149706 3.6157909
v 1.0907605 0.6906489 3.6305496
v 0.9822470 0.3793655 3.9742744
v 1.0907605 0.6906489 3.6305496
v 0.7016466 0.4255686 4.0807528
v 0.7016466 0.4255686 4.0807528
v 1.0907605 0.6906489 3.6305496
v 0.5813424 0.7706750 3.6920249
v 0.7016466 0.4255686 4.0807528
v 0.5813424 0.7706750 3.6920249
v 0.4514824 0.2698713 4.1063157
v 0.4514824 0.2698713 4.1063157
v 0.5813424 0.7706750 3.6920249
v 0.2093179 0.4338622 3.6392723
v 0.4514824 0.2698713 4.1063157
v 0.2093179 0.4338622 3.6392723
v 0.4172602 0.0000000 3.9840386
v 0.4172602 0.0000000 3.9840386
v 0.2093179 0.4338622 3.6392723
v 0.1004728 0.0000000 3.6103999
v 0.4172602 0.0000000 3.9840386
v 0.1004728 0.0000000 3.6103999
v 0.4801020 -0.2504905 4.0340471
v 0.4801020 -0.2504905 4.0340471
v 0.1004728 0.0000000 3.6103999
v 0.1597474 -0.4674308 3.6809966
v 0.4801020 -0.2504905 4.0340471
v 0.1597474 -0.4674308 3.6809966
v 0.6948904 -0.4449494 4.1254172
v 0.6948904 -0.4449494 4.1254172
v 0.1597474 -0.4674308 3.6809966
v 0.5930444 -0.7371065 3.6662379
v 0.6948904 -0.4449494 4.1254172
v 0.5930444 -0.7371065 3.6662379
v 0.9890031 -0.3987463 4.0189389
v 0.9890031 -0.3987463 4.0189389
v 0.5930444 -0.7371065 3.6662379
v 1.0790585 -0.6570803 3.6047626
v 0.9890031 -0.3987463 4.0189389
v 1.0790585 -0.6570803 3.6047626
v 1.2037916 -0.2395834 3.9933760
v 1.2037916 -0.2395834 3.9933760
v 1.0790585 -0.6570803 3.6047626
v 1.5123555 -0.4485391 3.6575151
v 1.2037916 -0.2395834 3.9933760
v 1.5123555 -0.4485391 3.6575151
v 1.3471655 -0.0000000 4.1156531
v 1.3471655 -0.0000000 4.1156531
v 1.5123555 -0.4485391 3.6575151
v 1.7111159 -0.0000000 3.6863876
v 1.7111159 0.0000000 3.6863876
v 1.7799052 0.0000000 3.1000000
v 1.4627850 0.4149706 3.6157909
v 1.4627850 0.4149706 3.6157909
v 1.7799052 0.0000000 3.1000000
v 1.5450700 0.4706930 3.1000000
v 1.4627850 0.4149706 3.6157909
v 1.5450700 0.4706930 3.1000000
v 1.0907605 0.6906489 3.6305496
v 1.0907605 0.6906489 3.6305496
v 1.5450700 0.4706930 3.1000000
v 1.1508688 0.8630766 3.1000000
v 1.0907605 0.6906489 3.6305496
v 1.1508688 0.8630766 3.1000000
v 0.5813424 0.7706750 3.6920249
v 0.5813424 0.7706750 3.6920249
v 1.1508688 0.8630766 3.1000000
v 0.5491312 0.8630766 3.1000000
v 0.5813424 0.7706750 3.6920249
v 0.5491312 0.8630766 3.1000000
v 0.2093179 0.4338622 3.6392723
v 0.2093179 0.4338622 3.6392723
v 0.5491312 0.8630766 3.1000000
v 0.1549300 0.4706930 3.1000000
v 0.2093179 0.4338622 3.6392723
v 0.1549300 0.4706930 3.1000000
v 0.1004728 0.0000000 3.6103999
v 0.1004728 0.0000000 3.6103999
v 0.1549300 0.4706930 3.1000000
v -0.0799052 0.0000000 3.1000000
v 0.1004728 0.0000000 3.6103999
v -0.0799052 0.0000000 3.1000000
v 0.1597474 -0.4674308 3.6809966
v 0.1597474 -0.4674308 3.6809966
v -0.0799052 0.0000000 3.1000000
v 0.0404518 -0.5482163 3.1000000
v 0.1597474 -0.4674308 3.6809966
v 0.0404518 -0.5482163 3.1000000
v 0.5930444 -0.7371065 3.6662379
v 0.5930444 -0.7371065 3.6662379
v 0.0404518 -0.5482163 3.1000000
v 0.5761558 -0.7855533 3.1000000
v 0.5930444 -0.7371065 3.6662379
v 0.5761558 -0.7855533 3.1000000
v 1.0790585 -0.6570803 3.6047626
v 1.0790585 -0.6570803 3.6047626
v 0.5761558 -0.7855533 3.1000000
v 1.1238442 -0.7855533 3.1000000
v 1.0790585 -0.6570803 3.6047626
v 1.1238442 -0.7855533 3.1000000
v 1.5123555 -0.4485391 3.6575151
v 1.5123555 -0.4485391 3.6575151
v 1.1238442 -0.7855533 3.1000000
v 1.6595482 -0.5482163 3.1000000
v 1.5123555 -0.4485391 3.6575151
v 1.6595482 -0.5482163 3.1000000
v 1.7111159 -0.0000000 3.6863876
v 1.7111159 -0.0000000 3.6863876
v 1.6595482 -0.5482163 3.1000000
v 1.7799052 -0.0000000 3.1000000
v 1.7799052 0.0000000 3.1000000
v 1.5995272 0.0000000 2.5896001
v 1.5450700 0.4706930 3.1000000
v 1.5450700 0.4706930 3.1000000
v 1.5995272 0.0000000 2.5896001
v 1.4906821 0.4338622 2.5607277
v 1.5450700 0.4706930 3.1000000
v 1.4906821 0.4338622 2.5607277
v 1.1508688 0.8630766 3.1000000
v 1.1508688 0.8630766 3.1000000
v 1.4906821 0.4338622 2.5607277
v 1.1186576 0.7706750 2.5079751
v 1.1508688 0.8630766 3.1000000
v 1.1186576 0.7706750 2.5079751
v 0.5491312 0.8630766 3.1000000
v 0.5491312 0.8630766 3.1000000
v 1.1186576 0.7706750 2.5079751
v 0.6092395 0.6906489 2.5694504
v 0.5491312 0.8630766 3.1000000
v 0.6092395 0.6906489 2.5694504
v 0.1549300 0.4706930 3.1000000
v 0.1549300 0.4706930 3.1000000
v 0.6092395 0.6906489 2.5694504
v 0.2372150 0.4149706 2.5842091
v 0.1549300 0.4706930 3.1000000
v 0.2372150 0.4149706 2.5842091
v -0.0799052 0.0000000 3.1000000
v -0.0799052 0.0000000 3.1000000
v 0.2372150 0.4149706 2.5842091
v -0.0111159 0.0000000 2.5136124
v -0.0799052 0.0000000 3.1000000
v -0.0111159 0.0000000 2.5136124
v 0.0404518 -0.5482163 3.1000000
v 0.0404518 -0.5482163 3.1000000
v -0.0111159 0.0000000 2.5136124
v 0.1876445 -0.4485391 2.5424849
v 0.0404518 -0.5482163 3.1000000
v 0.1876445 -0.4485391 2.5424849
v 0.5761558 -0.7855533 3.1000000
v 0.5761558 -0.7855533 3.1000000
v 0.1876445 -0.4485391 2.5424849
v 0.6209415 -0.6570803 2.5952374
v 0.5761558 -0.7855533 3.1000000
v 0.6209415 -0.6570803 2.5952374
v 1.1238442 -0.7855533 3.1000000
v 1.1238442 -0.7855533 3.1000000
v 0.6209415 -0.6570803 2.5952374
v 1.1069556 -0.7371065 2.5337621
v 1.1238442 -0.7855533 3.1000000
v 1.1069556 -0.7371065 2.5337621
v 1.6595482 -0.5482163 3.1000000
v 1.6595482 -0.5482163 3.1000000
v 1.1069556 -0.7371065 2.5337621
v 1.5402526 -0.4674308 2.5190034
v 1.6595482 -0.5482163 3.1000000
v 1.5402526 -0.4674308 2.5190034
v 1.7799052 -0.0000000 3.1000000
v 1.7799052 -0.0000000 3.1000000
v 1.5402526 -0.4674308 2.5190034
v 1.5995272 -0.0000000 2.5896001
v 1.5995272 0.0000000 2.5896001
v 1.2827398 0.0000000 2.2159614
v 1.4906821 0.4338622 2.5607277
v 1.4906821 0.4338622 2.5607277
v 1.2827398 0.0000000 2.2159614
v 1.2485176 0.2698713 2.0936843
v 1.4906821 0.4338622 2.5607277
v 1.2485176 0.2698713 2.0936843
v 1.1186576 0.7706750 2.5079751
v 1.1186576 0.7706750 2.5079751
v 1.2485176 0.2698713 2.0936843
v 0.9983534 0.4255686 2.1192472
v 1.1186576 0.7706750 2.5079751
v 0.9983534 0.4255686 2.1192472
v 0.6092395 0.6906489 2.5694504
v 0.6092395 0.6906489 2.5694504
v 0.9983534 0.4255686 2.1192472
v 0.7177530 0.3793655 2.2257256
v 0.6092395 0.6906489 2.5694504
v 0.7177530 0.3793655 2.2257256
v 0.2372150 0.4149706 2.5842091
v 0.2372150 0.4149706 2.5842091
v 0.7177530 0.3793655 2.2257256
v 0.4675889 0.2589642 2.1343554
v 0.2372150 0.4149706 2.5842091
v 0.4675889 0.2589642 2.1343554
v -0.0111159 0.0000000 2.5136124
v -0.0111159 0.0000000 2.5136124
v 0.4675889 0.2589642 2.1343554
v 0.3528345 0.0000000 2.0843469
v -0.0111159 0.0000000 2.5136124
v 0.3528345 0.0000000 2.0843469
v 0.1876445 -0.4485391 2.5424849
v 0.1876445 -0.4485391 2.5424849
v 0.3528345 0.0000000 2.0843469
v 0.4962084 -0.2395834 2.2066240
v 0.1876445 -0.4485391 2.5424849
v 0.4962084 -0.2395834 2.2066240
v 0.6209415 -0.6570803 2.5952374
v 0.6209415 -0.6570803 2.5952374
v 0.4962084 -0.2395834 2.2066240
v 0.7109969 -0.3987463 2.1810611
v 0.6209415 -0.6570803 2.5952374
v 0.7109969 -0.3987463 2.1810611
v 1.1069556 -0.7371065 2.5337621
v 1.1069556 -0.7371065 2.5337621
v 0.7109969 -0.3987463 2.1810611
v 1.0051096 -0.4449494 2.0745828
v 1.1069556 -0.7371065 2.5337621
v 1.0051096 -0.4449494 2.0745828
v 1.5402526 -0.4674308 2.5190034
v 1.5402526 -0.4674308 2.5190034
v 1.0051096 -0.4449494 2.0745828
v 1.2198980 -0.2504905 2.1659529
v 1.5402526 -0.4674308 2.5190034
v 1.2198980 -0.2504905 2.1659529
v 1.5995272 -0.0000000 2.5896001
v 1.5995272 -0.0000000 2.5896001
v 1.2198980 -0.2504905 2.1659529
v 1.2827398 -0.0000000 2.2159614
v 1.2827398 0.0000000 2.2159614
v 0.8500000 0.0000000 2.0032125
v 1.2485176 0.2698713 2.0936843
v 1.2485176 0.2698713 2.0936843
v 0.8500000 0.0000000 1.9197640
v 0.9983534 0.4255686 2.1192472
v 0.9983534 0.4255686 2.1192472
v 0.8500000 0.0000000 2.0547865
v 0.7177530 0.3793655 2.2257256
v 0.7177530 0.3793655 2.2257256
v 0.8500000 0.0000000 2.0547865
v 0.4675889 0.2589642 2.1343554
v 0.4675889 0.2589642 2.1343554
v 0.8500000 0.0000000 1.9197640
v 0.3528345 0.0000000 2.0843469
v 0.3528345 0.0000000 2.0843469
v 0.8500000 0.0000000 2.0032125
v 0.4962084 -0.2395834 2.2066240
v 0.4962084 -0.2395834 2.2066240
v 0.8500000 -0.0000000 2.0866611
v 0.7109969 -0.3987463 2.1810611
v 0.7109969 -0.3987463 2.1810611
v 0.8500000 -0.0000000 1.9516385
v 1.0051096 -0.4449494 2.0745828
v 1.0051096 -0.4449494 2.0745828
v 0.8500000 -0.0000000 1.9516385
v 1.2198980 -0.2504905 2.1659529
v 1.2198980 -0.2504905 2.1659529
v 0.8500000 -0.0000000 2.0866611
v 1.2827398 -0.0000000 2.2159614
v -0.6267847 0.5741437 4.7086201
v -0.1825305 0.5741437 4.5547048
v -0.2850720 0.8115859 4.5079377
v -0.6267847 0.5741437 4.5823492
v -0.2850720 0.8115859 4.5079377
v -0.5086122 0.9219809 4.4224898
v -0.6267847 0.5741437 4.5823492
v -0.5086122 0.9219809 4.4224898
v -0.7593494 0.9643441 4.5220666
v -0.6267847 0.5741437 4.7086201
v -0.7593494 0.9643441 4.5220666
v -0.9828896 0.8215865 4.5459726
v -0.6267847 0.5741437 4.6305804
v -0.9828896 0.8215865 4.5459726
v -1.0134697 0.5741437 4.4316211
v -0.6267847 0.5741437 4.5525407
v -1.0134697 0.5741437 4.4316211
v -0.9573159 0.3444710 4.4783882
v -0.6267847 0.5741437 4.6788116
v -0.9573159 0.3444710 4.4783882
v -0.7653865 0.1661732 4.5638361
v -0.6267847 0.5741437 4.6788116
v -0.7653865 0.1661732 4.5638361
v -0.5025751 0.2085364 4.4642592
v -0.6267847 0.5741437 4.5525407
v -0.5025751 0.2085364 4.4642592
v -0.3106457 0.3544716 4.4403533
v -0.6267847 0.5741437 4.6305804
v -0.3106457 0.3544716 4.4403533
v -0.1825305 0.5741437 4.5547048
v -0.1825305 0.5741437 4.5547048
v 0.1426861 0.5741437 4.1532627
v -0.2850720 0.8115859 4.5079377
v -0.2850720 0.8115859 4.5079377
v 0.1426861 0.5741437 4.1532627
v -0.0792159 0.9546269 4.0872418
v -0.2850720 0.8115859 4.5079377
v -0.0792159 0.9546269 4.0872418
v -0.5086122 0.9219809 4.4224898
v -0.5086122 0.9219809 4.4224898
v -0.0792159 0.9546269 4.0872418
v -0.4116474 1.2073941 4.1010439
v -0.5086122 0.9219809 4.4224898
v -0.4116474 1.2073941 4.1010439
v -0.7593494 0.9643441 4.5220666
v -0.7593494 0.9643441 4.5220666
v -0.4116474 1.2073941 4.1010439
v -0.8668501 1.2807694 4.1585346
v -0.7593494 0.9643441 4.5220666
v -0.8668501 1.2807694 4.1585346
v -0.9828896 0.8215865 4.5459726
v -0.9828896 0.8215865 4.5459726
v -0.8668501 1.2807694 4.1585346
v -1.1992816 0.9719485 4.1092013
v -0.9828896 0.8215865 4.5459726
v -1.1992816 0.9719485 4.1092013
v -1.0134697 0.5741437 4.4316211
v -1.0134697 0.5741437 4.4316211
v -1.1992816 0.9719485 4.1092013
v -1.2965427 0.5741437 4.0822003
v -1.0134697 0.5741437 4.4316211
v -1.2965427 0.5741437 4.0822003
v -0.9573159 0.3444710 4.4783882
v -0.9573159 0.3444710 4.4783882
v -1.2965427 0.5741437 4.0822003
v -1.2435765 0.1455602 4.1482212
v -0.9573159 0.3444710 4.4783882
v -1.2435765 0.1455602 4.1482212
v -0.7653865 0.1661732 4.5638361
v -0.7653865 0.1661732 4.5638361
v -1.2435765 0.1455602 4.1482212
v -0.8563935 -0.1017033 4.1344190
v -0.7653865 0.1661732 4.5638361
v -0.8563935 -0.1017033 4.1344190
v -0.5025751 0.2085364 4.4642592
v -0.5025751 0.2085364 4.4642592
v -0.8563935 -0.1017033 4.1344190
v -0.4221040 -0.0283279 4.0769283
v -0.5025751 0.2085364 4.4642592
v -0.4221040 -0.0283279 4.0769283
v -0.3106457 0.3544716 4.4403533
v -0.3106457 0.3544716 4.4403533
v -0.4221040 -0.0283279 4.0769283
v -0.0349210 0.1628818 4.1262617
v -0.3106457 0.3544716 4.4403533
v -0.0349210 0.1628818 4.1262617
v -0.1825305 0.5741437 4.5547048
v -0.1825305 0.5741437 4.5547048
v -0.0349210 0.1628818 4.1262617
v 0.1426861 0.5741437 4.1532627
v 0.1426861 0.5741437 4.1532627
v 0.2041545 0.5741437 3.6048826
v -0.0792159 0.9546269 4.0872418
v -0.0792159 0.9546269 4.0872418
v 0.2041545 0.5741437 3.6048826
v -0.0056881 1.0057183 3.6048826
v -0.0792159 0.9546269 4.0872418
v -0.0056881 1.0057183 3.6048826
v -0.4116474 1.2073941 4.1010439
v -0.4116474 1.2073941 4.1010439
v -0.0056881 1.0057183 3.6048826
v -0.3579361 1.3654916 3.6048826
v -0.4116474 1.2073941 4.1010439
v -0.3579361 1.3654916 3.6048826
v -0.8668501 1.2807694 4.1585346
v -0.8668501 1.2807694 4.1585346
v -0.3579361 1.3654916 3.6048826
v -0.8956332 1.3654916 3.6048826
v -0.8668501 1.2807694 4.1585346
v -0.8956332 1.3654916 3.6048826
v -1.1992816 0.9719485 4.1092013
v -1.1992816 0.9719485 4.1092013
v -0.8956332 1.3654916 3.6048826
v -1.2478812 1.0057183 3.6048826
v -1.1992816 0.9719485 4.1092013
v -1.2478812 1.0057183 3.6048826
v -1.2965427 0.5741437 4.0822003
v -1.2965427 0.5741437 4.0822003
v -1.2478812 1.0057183 3.6048826
v -1.4577238 0.5741437 3.6048826
v -1.2965427 0.5741437 4.0822003
v -1.4577238 0.5741437 3.6048826
v -1.2435765 0.1455602 4.1482212
v -1.2435765 0.1455602 4.1482212
v -1.4577238 0.5741437 3.6048826
v -1.3501759 0.0714886 3.6048826
v -1.2435765 0.1455602 4.1482212
v -1.3501759 0.0714886 3.6048826
v -0.8563935 -0.1017033 4.1344190
v -0.8563935 -0.1017033 4.1344190
v -1.3501759 0.0714886 3.6048826
v -0.8714847 -0.1461238 3.6048826
v -0.8563935 -0.1017033 4.1344190
v -0.8714847 -0.1461238 3.6048826
v -0.4221040 -0.0283279 4.0769283
v -0.4221040 -0.0283279 4.0769283
v -0.8714847 -0.1461238 3.6048826
v -0.3820846 -0.1461238 3.6048826
v -0.4221040 -0.0283279 4.0769283
v -0.3820846 -0.1461238 3.6048826
v -0.0349210 0.1628818 4.1262617
v -0.0349210 0.1628818 4.1262617
v -0.3820846 -0.1461238 3.6048826
v 0.0966066 0.0714886 3.6048826
v -0.0349210 0.1628818 4.1262617
v 0.0966066 0.0714886 3.6048826
v 0.1426861 0.5741437 4.1532627
v 0.1426861 0.5741437 4.1532627
v 0.0966066 0.0714886 3.6048826
v 0.2041545 0.5741437 3.6048826
v 0.2041545 0.5741437 3.6048826
v 0.0429734 0.5741437 3.1275649
v -0.0056881 1.0057183 3.6048826
v -0.0056881 1.0057183 3.6048826
v 0.0429734 0.5741437 3.1275649
v -0.0542877 0.9719485 3.1005639
v -0.0056881 1.0057183 3.6048826
v -0.0542877 0.9719485 3.1005639
v -0.3579361 1.3654916 3.6048826
v -0.3579361 1.3654916 3.6048826
v -0.0542877 0.9719485 3.1005639
v -0.3867192 1.2807694 3.0512305
v -0.3579361 1.3654916 3.6048826
v -0.3867192 1.2807694 3.0512305
v -0.8956332 1.3654916 3.6048826
v -0.8956332 1.3654916 3.6048826
v -0.3867192 1.2807694 3.0512305
v -0.8419220 1.2073941 3.1087212
v -0.8956332 1.3654916 3.6048826
v -0.8419220 1.2073941 3.1087212
v -1.2478812 1.0057183 3.6048826
v -1.2478812 1.0057183 3.6048826
v -0.8419220 1.2073941 3.1087212
v -1.1743534 0.9546269 3.1225234
v -1.2478812 1.0057183 3.6048826
v -1.1743534 0.9546269 3.1225234
v -1.4577238 0.5741437 3.6048826
v -1.4577238 0.5741437 3.6048826
v -1.1743534 0.9546269 3.1225234
v -1.3962554 0.5741437 3.0565025
v -1.4577238 0.5741437 3.6048826
v -1.3962554 0.5741437 3.0565025
v -1.3501759 0.0714886 3.6048826
v -1.3501759 0.0714886 3.6048826
v -1.3962554 0.5741437 3.0565025
v -1.2186483 0.1628818 3.0835035
v -1.3501759 0.0714886 3.6048826
v -1.2186483 0.1628818 3.0835035
v -0.8714847 -0.1461238 3.6048826
v -0.8714847 -0.1461238 3.6048826
v -1.2186483 0.1628818 3.0835035
v -0.8314654 -0.0283279 3.1328368
v -0.8714847 -0.1461238 3.6048826
v -0.8314654 -0.0283279 3.1328368
v -0.3820846 -0.1461238 3.6048826
v -0.3820846 -0.1461238 3.6048826
v -0.8314654 -0.0283279 3.1328368
v -0.3971758 -0.1017033 3.0753461
v -0.3820846 -0.1461238 3.6048826
v -0.3971758 -0.1017033 3.0753461
v 0.0966066 0.0714886 3.6048826
v 0.0966066 0.0714886 3.6048826
v -0.3971758 -0.1017033 3.0753461
v -0.0099928 0.1455602 3.0615440
v 0.0966066 0.0714886 3.6048826
v -0.0099928 0.1455602 3.0615440
v 0.2041545 0.5741437 3.6048826
v 0.2041545 0.5741437 3.6048826
v -0.0099928 0.1455602 3.0615440
v 0.0429734 0.5741437 3.1275649
v 0.0429734 0.5741437 3.1275649
v -0.2400997 0.5741437 2.7781441
v -0.0542877 0.9719485 3.1005639
v -0.0542877 0.9719485 3.1005639
v -0.2400997 0.5741437 2.7781441
v -0.2706797 0.8215865 2.6637926
v -0.0542877 0.9719485 3.1005639
v -0.2706797 0.8215865 2.6637926
v -0.3867192 1.2807694 3.0512305
v -0.3867192 1.2807694 3.0512305
v -0.2706797 0.8215865 2.6637926
v -0.4942199 0.9643441 2.6876985
v -0.3867192 1.2807694 3.0512305
v -0.4942199 0.9643441 2.6876985
v -0.8419220 1.2073941 3.1087212
v -0.8419220 1.2073941 3.1087212
v -0.4942199 0.9643441 2.6876985
v -0.7449571 0.9219809 2.7872754
v -0.8419220 1.2073941 3.1087212
v -0.7449571 0.9219809 2.7872754
v -1.1743534 0.9546269 3.1225234
v -1.1743534 0.9546269 3.1225234
v -0.7449571 0.9219809 2.7872754
v -0.9684973 0.8115859 2.7018275
v -1.1743534 0.9546269 3.1225234
v -0.9684973 0.8115859 2.7018275
v -1.3962554 0.5741437 3.0565025
v -1.3962554 0.5741437 3.0565025
v -0.9684973 0.8115859 2.7018275
v -1.0710388 0.5741437 2.6550604
v -1.3962554 0.5741437 3.0565025
v -1.0710388 0.5741437 2.6550604
v -1.2186483 0.1628818 3.0835035
v -1.2186483 0.1628818 3.0835035
v -1.0710388 0.5741437 2.6550604
v -0.9429236 0.3544716 2.7694119
v -1.2186483 0.1628818 3.0835035
v -0.9429236 0.3544716 2.7694119
v -0.8314654 -0.0283279 3.1328368
v -0.8314654 -0.0283279 3.1328368
v -0.9429236 0.3544716 2.7694119
v -0.7509942 0.2085364 2.7455059
v -0.8314654 -0.0283279 3.1328368
v -0.7509942 0.2085364 2.7455059
v -0.3971758 -0.1017033 3.0753461
v -0.3971758 -0.1017033 3.0753461
v -0.7509942 0.2085364 2.7455059
v -0.4881828 0.1661732 2.6459291
v -0.3971758 -0.1017033 3.0753461
v -0.4881828 0.1661732 2.6459291
v -0.0099928 0.1455602 3.0615440
v -0.0099928 0.1455602 3.0615440
v -0.4881828 0.1661732 2.6459291
v -0.2962534 0.3444710 2.7313769
v -0.0099928 0.1455602 3.0615440
v -0.2962534 0.3444710 2.7313769
v 0.0429734 0.5741437 3.1275649
v 0.0429734 0.5741437 3.1275649
v -0.2962534 0.3444710 2.7313769
v -0.2400997 0.5741437 2.7781441
v -0.2400997 0.5741437 2.7781441
v -0.6267847 0.5741437 2.5791848
v -0.2706797 0.8215865 2.6637926
v -0.2706797 0.8215865 2.6637926
v -0.6267847 0.5741437 2.5011451
v -0.4942199 0.9643441 2.6876985
v -0.4942199 0.9643441 2.6876985
v -0.6267847 0.5741437 2.6274160
v -0.7449571 0.9219809 2.7872754
v -0.7449571 0.9219809 2.7872754
v -0.6267847 0.5741437 2.6274160
v -0.9684973 0.8115859 2.7018275
v -0.9684973 0.8115859 2.7018275
v -0.6267847 0.5741437 2.5011451
v -1.0710388 0.5741437 2.6550604
v -1.0710388 0.5741437 2.6550604
v -0.6267847 0.5741437 2.5791848
v -0.9429236 0.3544716 2.7694119
v -0.9429236 0.3544716 2.7694119
v -0.6267847 0.5741437 2.6572245
v -0.7509942 0.2085364 2.7455059
v -0.7509942 0.2085364 2.7455059
v -0.6267847 0.5741437 2.5309536
v -0.4881828 0.1661732 2.6459291
v -0.4881828 0.1661732 2.6459291
v -0.6267847 0.5741437 2.5309536
v -0.2962534 0.3444710 2.7313769
v -0.2962534 0.3444710 2.7313769
v -0.6267847 0.5741437 2.6572245
v -0.2400997 0.5741437 2.7781441
v 0.0743741 -0.8467399 4.7052466
v 0.4620862 -0.8467399 4.5574767
v 0.3725955 -0.6198385 4.5125769
v 0.0743741 -0.8467399 4.5840173
v 0.3725955 -0.6198385 4.5125769
v 0.1775063 -0.5143442 4.4305407
v 0.0743741 -0.8467399 4.5840173
v 0.1775063 -0.5143442 4.4305407
v -0.0413185 -0.4738616 4.5261417
v 0.0743741 -0.8467399 4.7052466
v -0.0413185 -0.4738616 4.5261417
v -0.2364078 -0.6102818 4.5490932
v 0.0743741 -0.8467399 4.6303228
v -0.2364078 -0.6102818 4.5490932
v -0.2630958 -0.8467399 4.4393074
v 0.0743741 -0.8467399 4.5553990
v -0.2630958 -0.8467399 4.4393074
v -0.2140890 -1.0662168 4.4842073
v 0.0743741 -0.8467399 4.6766283
v -0.2140890 -1.0662168 4.4842073
v -0.0465873 -1.2365995 4.5662434
v 0.0743741 -0.8467399 4.6766283
v -0.0465873 -1.2365995 4.5662434
v 0.1827750 -1.1961169 4.4706424
v 0.0743741 -0.8467399 4.5553990
v 0.1827750 -1.1961169 4.4706424
v 0.3502767 -1.0566601 4.4476910
v 0.0743741 -0.8467399 4.6303228
v 0.3502767 -1.0566601 4.4476910
v 0.4620862 -0.8467399 4.5574767
v 0.4620862 -0.8467399 4.5574767
v 0.7459111 -0.8467399 4.1720632
v 0.3725955 -0.6198385 4.5125769
v 0.3725955 -0.6198385 4.5125769
v 0.7459111 -0.8467399 4.1720632
v 0.5522515 -0.4831474 4.1086783
v 0.3725955 -0.6198385 4.5125769
v 0.5522515 -0.4831474 4.1086783
v 0.1775063 -0.5143442 4.4305407
v 0.1775063 -0.5143442 4.4305407
v 0.5522515 -0.4831474 4.1086783
v 0.2621300 -0.2416013 4.1219294
v 0.1775063 -0.5143442 4.4305407
v 0.2621300 -0.2416013 4.1219294
v -0.0413185 -0.4738616 4.5261417
v -0.0413185 -0.4738616 4.5261417
v 0.2621300 -0.2416013 4.1219294
v -0.1351372 -0.1714833 4.1771246
v -0.0413185 -0.4738616 4.5261417
v -0.1351372 -0.1714833 4.1771246
v -0.2364078 -0.6102818 4.5490932
v -0.2364078 -0.6102818 4.5490932
v -0.1351372 -0.1714833 4.1771246
v -0.4252587 -0.4665948 4.1297610
v -0.2364078 -0.6102818 4.5490932
v -0.4252587 -0.4665948 4.1297610
v -0.2630958 -0.8467399 4.4393074
v -0.2630958 -0.8467399 4.4393074
v -0.4252587 -0.4665948 4.1297610
v -0.5101410 -0.8467399 4.1038381
v -0.2630958 -0.8467399 4.4393074
v -0.5101410 -0.8467399 4.1038381
v -0.2140890 -1.0662168 4.4842073
v -0.2140890 -1.0662168 4.4842073
v -0.5101410 -0.8467399 4.1038381
v -0.4639160 -1.2562974 4.1672229
v -0.2140890 -1.0662168 4.4842073
v -0.4639160 -1.2562974 4.1672229
v -0.0465873 -1.2365995 4.5662434
v -0.0465873 -1.2365995 4.5662434
v -0.4639160 -1.2562974 4.1672229
v -0.1260114 -1.4925842 4.1539719
v -0.0465873 -1.2365995 4.5662434
v -0.1260114 -1.4925842 4.1539719
v 0.1827750 -1.1961169 4.4706424
v 0.1827750 -1.1961169 4.4706424
v -0.1260114 -1.4925842 4.1539719
v 0.2530042 -1.4224662 4.0987766
v 0.1827750 -1.1961169 4.4706424
v 0.2530042 -1.4224662 4.0987766
v 0.3502767 -1.0566601 4.4476910
v 0.3502767 -1.0566601 4.4476910
v 0.2530042 -1.4224662 4.0987766
v 0.5909088 -1.2397448 4.1461402
v 0.3502767 -1.0566601 4.4476910
v 0.5909088 -1.2397448 4.1461402
v 0.4620862 -0.8467399 4.5574767
v 0.4620862 -0.8467399 4.5574767
v 0.5909088 -1.2397448 4.1461402
v 0.7459111 -0.8467399 4.1720632
v 0.7459111 -0.8467399 4.1720632
v 0.7995561 -0.8467399 3.6455785
v 0.5522515 -0.4831474 4.1086783
v 0.5522515 -0.4831474 4.1086783
v 0.7995561 -0.8467399 3.6455785
v 0.6164211 -0.4343241 3.6455785
v 0.5522515 -0.4831474 4.1086783
v 0.6164211 -0.4343241 3.6455785
v 0.2621300 -0.2416013 4.1219294
v 0.2621300 -0.2416013 4.1219294
v 0.6164211 -0.4343241 3.6455785
v 0.3090052 -0.0905221 3.6455785
v 0.2621300 -0.2416013 4.1219294
v 0.3090052 -0.0905221 3.6455785
v -0.1351372 -0.1714833 4.1771246
v -0.1351372 -0.1714833 4.1771246
v 0.3090052 -0.0905221 3.6455785
v -0.1602569 -0.0905221 3.6455785
v -0.1351372 -0.1714833 4.1771246
v -0.1602569 -0.0905221 3.6455785
v -0.4252587 -0.4665948 4.1297610
v -0.4252587 -0.4665948 4.1297610
v -0.1602569 -0.0905221 3.6455785
v -0.4676728 -0.4343241 3.6455785
v -0.4252587 -0.4665948 4.1297610
v -0.4676728 -0.4343241 3.6455785
v -0.5101410 -0.8467399 4.1038381
v -0.5101410 -0.8467399 4.1038381
v -0.4676728 -0.4343241 3.6455785
v -0.6508078 -0.8467399 3.6455785
v -0.5101410 -0.8467399 4.1038381
v -0.6508078 -0.8467399 3.6455785
v -0.4639160 -1.2562974 4.1672229
v -0.4639160 -1.2562974 4.1672229
v -0.6508078 -0.8467399 3.6455785
v -0.5569480 -1.3270807 3.6455785
v -0.4639160 -1.2562974 4.1672229
v -0.5569480 -1.3270807 3.6455785
v -0.1260114 -1.4925842 4.1539719
v -0.1260114 -1.4925842 4.1539719
v -0.5569480 -1.3270807 3.6455785
v -0.1391819 -1.5350327 3.6455785
v -0.1260114 -1.4925842 4.1539719
v -0.1391819 -1.5350327 3.6455785
v 0.2530042 -1.4224662 4.0987766
v 0.2530042 -1.4224662 4.0987766
v -0.1391819 -1.5350327 3.6455785
v 0.2879302 -1.5350327 3.6455785
v 0.2530042 -1.4224662 4.0987766
v 0.2879302 -1.5350327 3.6455785
v 0.5909088 -1.2397448 4.1461402
v 0.5909088 -1.2397448 4.1461402
v 0.2879302 -1.5350327 3.6455785
v 0.7056963 -1.3270807 3.6455785
v 0.5909088 -1.2397448 4.1461402
v 0.7056963 -1.3270807 3.6455785
v 0.7459111 -0.8467399 4.1720632
v 0.7459111 -0.8467399 4.1720632
v 0.7056963 -1.3270807 3.6455785
v 0.7995561 -0.8467399 3.6455785
v 0.7995561 -0.8467399 3.6455785
v 0.6588892 -0.8467399 3.1873188
v 0.6164211 -0.4343241 3.6455785
v 0.6164211 -0.4343241 3.6455785
v 0.6588892 -0.8467399 3.1873188
v 0.5740069 -0.4665948 3.1613959
v 0.6164211 -0.4343241 3.6455785
v 0.5740069 -0.4665948 3.1613959
v 0.3090052 -0.0905221 3.6455785
v 0.3090052 -0.0905221 3.6455785
v 0.5740069 -0.4665948 3.1613959
v 0.2838855 -0.1714833 3.1140323
v 0.3090052 -0.0905221 3.6455785
v 0.2838855 -0.1714833 3.1140323
v -0.1602569 -0.0905221 3.6455785
v -0.1602569 -0.0905221 3.6455785
v 0.2838855 -0.1714833 3.1140323
v -0.1133817 -0.2416013 3.1692275
v -0.1602569 -0.0905221 3.6455785
v -0.1133817 -0.2416013 3.1692275
v -0.4676728 -0.4343241 3.6455785
v -0.4676728 -0.4343241 3.6455785
v -0.1133817 -0.2416013 3.1692275
v -0.4035032 -0.4831474 3.1824786
v -0.4676728 -0.4343241 3.6455785
v -0.4035032 -0.4831474 3.1824786
v -0.6508078 -0.8467399 3.6455785
v -0.6508078 -0.8467399 3.6455785
v -0.4035032 -0.4831474 3.1824786
v -0.5971628 -0.8467399 3.1190937
v -0.6508078 -0.8467399 3.6455785
v -0.5971628 -0.8467399 3.1190937
v -0.5569480 -1.3270807 3.6455785
v -0.5569480 -1.3270807 3.6455785
v -0.5971628 -0.8467399 3.1190937
v -0.4421605 -1.2397448 3.1450167
v -0.5569480 -1.3270807 3.6455785
v -0.4421605 -1.2397448 3.1450167
v -0.1391819 -1.5350327 3.6455785
v -0.1391819 -1.5350327 3.6455785
v -0.4421605 -1.2397448 3.1450167
v -0.1042560 -1.4224662 3.1923803
v -0.1391819 -1.5350327 3.6455785
v -0.1042560 -1.4224662 3.1923803
v 0.2879302 -1.5350327 3.6455785
v 0.2879302 -1.5350327 3.6455785
v -0.1042560 -1.4224662 3.1923803
v 0.2747597 -1.4925842 3.1371850
v 0.2879302 -1.5350327 3.6455785
v 0.2747597 -1.4925842 3.1371850
v 0.7056963 -1.3270807 3.6455785
v 0.7056963 -1.3270807 3.6455785
v 0.2747597 -1.4925842 3.1371850
v 0.6126642 -1.2562974 3.1239340
v 0.7056963 -1.3270807 3.6455785
v 0.6126642 -1.2562974 3.1239340
v 0.7995561 -0.8467399 3.6455785
v 0.7995561 -0.8467399 3.6455785
v 0.6126642 -1.2562974 3.1239340
v 0.6588892 -0.8467399 3.1873188
v 0.6588892 -0.8467399 3.1873188
v 0.4118441 -0.8467399 2.8518495
v 0.5740069 -0.4665948 3.1613959
v 0.5740069 -0.4665948 3.1613959
v 0.4118441 -0.8467399 2.8518495
v 0.3851561 -0.6102818 2.7420637
v 0.5740069 -0.4665948 3.1613959
v 0.3851561 -0.6102818 2.7420637
v 0.2838855 -0.1714833 3.1140323
v 0.2838855 -0.1714833 3.1140323
v 0.3851561 -0.6102818 2.7420637
v 0.1900668 -0.4738616 2.7650152
v 0.2838855 -0.1714833 3.1140323
v 0.1900668 -0.4738616 2.7650152
v -0.1133817 -0.2416013 3.1692275
v -0.1133817 -0.2416013 3.1692275
v 0.1900668 -0.4738616 2.7650152
v -0.0287580 -0.5143442 2.8606162
v -0.1133817 -0.2416013 3.1692275
v -0.0287580 -0.5143442 2.8606162
v -0.4035032 -0.4831474 3.1824786
v -0.4035032 -0.4831474 3.1824786
v -0.0287580 -0.5143442 2.8606162
v -0.2238473 -0.6198385 2.7785800
v -0.4035032 -0.4831474 3.1824786
v -0.2238473 -0.6198385 2.7785800
v -0.5971628 -0.8467399 3.1190937
v -0.5971628 -0.8467399 3.1190937
v -0.2238473 -0.6198385 2.7785800
v -0.3133379 -0.8467399 2.7336802
v -0.5971628 -0.8467399 3.1190937
v -0.3133379 -0.8467399 2.7336802
v -0.4421605 -1.2397448 3.1450167
v -0.4421605 -1.2397448 3.1450167
v -0.3133379 -0.8467399 2.7336802
v -0.2015285 -1.0566601 2.8434660
v -0.4421605 -1.2397448 3.1450167
v -0.2015285 -1.0566601 2.8434660
v -0.1042560 -1.4224662 3.1923803
v -0.1042560 -1.4224662 3.1923803
v -0.2015285 -1.0566601 2.8434660
v -0.0340268 -1.1961169 2.8205145
v -0.1042560 -1.4224662 3.1923803
v -0.0340268 -1.1961169 2.8205145
v 0.2747597 -1.4925842 3.1371850
v 0.2747597 -1.4925842 3.1371850
v -0.0340268 -1.1961169 2.8205145
v 0.1953355 -1.2365995 2.7249135
v 0.2747597 -1.4925842 3.1371850
v 0.1953355 -1.2365995 2.7249135
v 0.6126642 -1.2562974 3.1239340
v 0.6126642 -1.2562974 3.1239340
v 0.1953355 -1.2365995 2.7249135
v 0.3628373 -1.0662168 2.8069496
v 0.6126642 -1.2562974 3.1239340
v 0.3628373 -1.0662168 2.8069496
v 0.6588892 -0.8467399 3.1873188
v 0.6588892 -0.8467399 3.1873188
v 0.3628373 -1.0662168 2.8069496
v 0.4118441 -0.8467399 2.8518495
v 0.4118441 -0.8467399 2.8518495
v 0.0743741 -0.8467399 2.6608341
v 0.3851561 -0.6102818 2.7420637
v 0.3851561 -0.6102818 2.7420637
v 0.0743741 -0.8467399 2.5859103
v 0.1900668 -0.4738616 2.7650152
v 0.1900668 -0.4738616 2.7650152
v 0.0743741 -0.8467399 2.7071396
v -0.0287580 -0.5143442 2.8606162
v -0.0287580 -0.5143442 2.8606162
v 0.0743741 -0.8467399 2.7071396
v -0.2238473 -0.6198385 2.7785800
v -0.2238473 -0.6198385 2.7785800
v 0.0743741 -0.8467399 2.5859103
v -0.3133379 -0.8467399 2.7336802
v -0.3133379 -0.8467399 2.7336802
v 0.0743741 -0.8467399 2.6608341
v -0.2015285 -1.0566601 2.8434660
v -0.2015285 -1.0566601 2.8434660
v 0.0743741 -0.8467399 2.7357579
v -0.0340268 -1.1961169 2.8205145
v -0.0340268 -1.1961169 2.8205145
v 0.0743741 -0.8467399 2.6145287
v 0.1953355 -1.2365995 2.7249135
v 0.1953355 -1.2365995 2.7249135
v 0.0743741 -0.8467399 2.6145287
v 0.3628373 -1.0662168 2.8069496
v 0.3628373 -1.0662168 2.8069496
v 0.0743741 -0.8467399 2.7357579
v 0.4118441 -0.8467399 2.8518495
v 0.5170986 0.6746177 4.3354479
v 0.9151755 0.6746177 4.1749731
v 0.8232925 0.8912951 4.1262129
v 0.5170986 0.6746177 4.2037956
v 0.8232925 0.8912951 4.1262129
v 0.6229878 0.9920358 4.0371235
v 0.5170986 0.6746177 4.2037956
v 0.6229878 0.9920358 4.0371235
v 0.3983131 1.0306944 4.1409440
v 0.5170986 0.6746177 4.3354479
v 0.3983131 1.0306944 4.1409440
v 0.1980085 0.9004211 4.1658688
v 0.5170986 0.6746177 4.2540823
v 0.1980085 0.9004211 4.1658688
v 0.1706070 0.6746177 4.0466439
v 0.5170986 0.6746177 4.1727168
v 0.1706070 0.6746177 4.0466439
v 0.2209239 0.4650303 4.0954041
v 0.5170986 0.6746177 4.3043690
v 0.2209239 0.4650303 4.0954041
v 0.3929035 0.3023249 4.1844936
v 0.5170986 0.6746177 4.3043690
v 0.3929035 0.3023249 4.1844936
v 0.6283974 0.3409835 4.0806730
v 0.5170986 0.6746177 4.1727168
v 0.6283974 0.3409835 4.0806730
v 0.8003770 0.4741564 4.0557482
v 0.5170986 0.6746177 4.2540823
v 0.8003770 0.4741564 4.0557482
v 0.9151755 0.6746177 4.1749731
v 0.9151755 0.6746177 4.1749731
v 1.2065880 0.6746177 3.7564226
v 0.8232925 0.8912951 4.1262129
v 0.8232925 0.8912951 4.1262129
v 1.2065880 0.6746177 3.7564226
v 1.0077512 1.0218269 3.6875881
v 0.8232925 0.8912951 4.1262129
v 1.0077512 1.0218269 3.6875881
v 0.6229878 0.9920358 4.0371235
v 0.6229878 0.9920358 4.0371235
v 1.0077512 1.0218269 3.6875881
v 0.7098738 1.2524891 3.7019784
v 0.6229878 0.9920358 4.0371235
v 0.7098738 1.2524891 3.7019784
v 0.3983131 1.0306944 4.1409440
v 0.3983131 1.0306944 4.1409440
v 0.7098738 1.2524891 3.7019784
v 0.3019864 1.3194477 3.7619192
v 0.3983131 1.0306944 4.1409440
v 0.3019864 1.3194477 3.7619192
v 0.1980085 0.9004211 4.1658688
v 0.1980085 0.9004211 4.1658688
v 0.3019864 1.3194477 3.7619192
v 0.0041090 1.0376337 3.7104835
v 0.1980085 0.9004211 4.1658688
v 0.0041090 1.0376337 3.7104835
v 0.1706070 0.6746177 4.0466439
v 0.1706070 0.6746177 4.0466439
v 0.0041090 1.0376337 3.7104835
v -0.0830425 0.6746177 3.6823317
v 0.1706070 0.6746177 4.0466439
v -0.0830425 0.6746177 3.6823317
v 0.2209239 0.4650303 4.0954041
v 0.2209239 0.4650303 4.0954041
v -0.0830425 0.6746177 3.6823317
v -0.0355818 0.2835146 3.7511662
v 0.2209239 0.4650303 4.0954041
v -0.0355818 0.2835146 3.7511662
v 0.3929035 0.3023249 4.1844936
v 0.3929035 0.3023249 4.1844936
v -0.0355818 0.2835146 3.7511662
v 0.3113561 0.0578748 3.7367759
v 0.3929035 0.3023249 4.1844936
v 0.3113561 0.0578748 3.7367759
v 0.6283974 0.3409835 4.0806730
v 0.6283974 0.3409835 4.0806730
v 0.3113561 0.0578748 3.7367759
v 0.7005041 0.1248333 3.6768351
v 0.6283974 0.3409835 4.0806730
v 0.7005041 0.1248333 3.6768351
v 0.8003770 0.4741564 4.0557482
v 0.8003770 0.4741564 4.0557482
v 0.7005041 0.1248333 3.6768351
v 1.0474419 0.2993214 3.7282709
v 0.8003770 0.4741564 4.0557482
v 1.0474419 0.2993214 3.7282709
v 0.9151755 0.6746177 4.1749731
v 0.9151755 0.6746177 4.1749731
v 1.0474419 0.2993214 3.7282709
v 1.2065880 0.6746177 3.7564226
v 1.2065880 0.6746177 3.7564226
v 1.2616671 0.6746177 3.1846720
v 1.0077512 1.0218269 3.6875881
v 1.0077512 1.0218269 3.6875881
v 1.2616671 0.6746177 3.1846720
v 1.0736363 1.0684503 3.1846720
v 1.0077512 1.0218269 3.6875881
v 1.0736363 1.0684503 3.1846720
v 0.7098738 1.2524891 3.7019784
v 0.7098738 1.2524891 3.7019784
v 1.0736363 1.0684503 3.1846720
v 0.7580021 1.3967607 3.1846720
v 0.7098738 1.2524891 3.7019784
v 0.7580021 1.3967607 3.1846720
v 0.3019864 1.3194477 3.7619192
v 0.3019864 1.3194477 3.7619192
v 0.7580021 1.3967607 3.1846720
v 0.2761951 1.3967607 3.1846720
v 0.3019864 1.3194477 3.7619192
v 0.2761951 1.3967607 3.1846720
v 0.0041090 1.0376337 3.7104835
v 0.0041090 1.0376337 3.7104835
v 0.2761951 1.3967607 3.1846720
v -0.0394390 1.0684503 3.1846720
v 0.0041090 1.0376337 3.7104835
v -0.0394390 1.0684503 3.1846720
v -0.0830425 0.6746177 3.6823317
v -0.0830425 0.6746177 3.6823317
v -0.0394390 1.0684503 3.1846720
v -0.2274699 0.6746177 3.1846720
v -0.0830425 0.6746177 3.6823317
v -0.2274699 0.6746177 3.1846720
v -0.0355818 0.2835146 3.7511662
v -0.0355818 0.2835146 3.7511662
v -0.2274699 0.6746177 3.1846720
v -0.1311009 0.2159208 3.1846720
v -0.0355818 0.2835146 3.7511662
v -0.1311009 0.2159208 3.1846720
v 0.3113561 0.0578748 3.7367759
v 0.3113561 0.0578748 3.7367759
v -0.1311009 0.2159208 3.1846720
v 0.2978335 0.0173389 3.1846720
v 0.3113561 0.0578748 3.7367759
v 0.2978335 0.0173389 3.1846720
v 0.7005041 0.1248333 3.6768351
v 0.7005041 0.1248333 3.6768351
v 0.2978335 0.0173389 3.1846720
v 0.7363637 0.0173389 3.1846720
v 0.7005041 0.1248333 3.6768351
v 0.7363637 0.0173389 3.1846720
v 1.0474419 0.2993214 3.7282709
v 1.0474419 0.2993214 3.7282709
v 0.7363637 0.0173389 3.1846720
v 1.1652981 0.2159208 3.1846720
v 1.0474419 0.2993214 3.7282709
v 1.1652981 0.2159208 3.1846720
v 1.2065880 0.6746177 3.7564226
v 1.2065880 0.6746177 3.7564226
v 1.1652981 0.2159208 3.1846720
v 1.2616671 0.6746177 3.1846720
v 1.2616671 0.6746177 3.1846720
v 1.1172397 0.6746177 2.6870123
v 1.0736363 1.0684503 3.1846720
v 1.0736363 1.0684503 3.1846720
v 1.1172397 0.6746177 2.6870123
v 1.0300883 1.0376337 2.6588606
v 1.0736363 1.0684503 3.1846720
v 1.0300883 1.0376337 2.6588606
v 0.7580021 1.3967607 3.1846720
v 0.7580021 1.3967607 3.1846720
v 1.0300883 1.0376337 2.6588606
v 0.7322109 1.3194477 2.6074248
v 0.7580021 1.3967607 3.1846720
v 0.7322109 1.3194477 2.6074248
v 0.2761951 1.3967607 3.1846720
v 0.2761951 1.3967607 3.1846720
v 0.7322109 1.3194477 2.6074248
v 0.3243234 1.2524891 2.6673656
v 0.2761951 1.3967607 3.1846720
v 0.3243234 1.2524891 2.6673656
v -0.0394390 1.0684503 3.1846720
v -0.0394390 1.0684503 3.1846720
v 0.3243234 1.2524891 2.6673656
v 0.0264460 1.0218269 2.6817559
v -0.0394390 1.0684503 3.1846720
v 0.0264460 1.0218269 2.6817559
v -0.2274699 0.6746177 3.1846720
v -0.2274699 0.6746177 3.1846720
v 0.0264460 1.0218269 2.6817559
v -0.1723907 0.6746177 2.6129214
v -0.2274699 0.6746177 3.1846720
v -0.1723907 0.6746177 2.6129214
v -0.1311009 0.2159208 3.1846720
v -0.1311009 0.2159208 3.1846720
v -0.1723907 0.6746177 2.6129214
v -0.0132447 0.2993214 2.6410731
v -0.1311009 0.2159208 3.1846720
v -0.0132447 0.2993214 2.6410731
v 0.2978335 0.0173389 3.1846720
v 0.2978335 0.0173389 3.1846720
v -0.0132447 0.2993214 2.6410731
v 0.3336931 0.1248333 2.6925089
v 0.2978335 0.0173389 3.1846720
v 0.3336931 0.1248333 2.6925089
v 0.7363637 0.0173389 3.1846720
v 0.7363637 0.0173389 3.1846720
v 0.3336931 0.1248333 2.6925089
v 0.7228412 0.0578748 2.6325681
v 0.7363637 0.0173389 3.1846720
v 0.7228412 0.0578748 2.6325681
v 1.1652981 0.2159208 3.1846720
v 1.1652981 0.2159208 3.1846720
v 0.7228412 0.0578748 2.6325681
v 1.0697790 0.2835146 2.6181778
v 1.1652981 0.2159208 3.1846720
v 1.0697790 0.2835146 2.6181778
v 1.2616671 0.6746177 3.1846720
v 1.2616671 0.6746177 3.1846720
v 1.0697790 0.2835146 2.6181778
v 1.1172397 0.6746177 2.6870123
v 1.1172397 0.6746177 2.6870123
v 0.8635903 0.6746177 2.3227001
v 1.0300883 1.0376337 2.6588606
v 1.0300883 1.0376337 2.6588606
v 0.8635903 0.6746177 2.3227001
v 0.8361888 0.9004211 2.2034752
v 1.0300883 1.0376337 2.6588606
v 0.8361888 0.9004211 2.2034752
v 0.7322109 1.3194477 2.6074248
v 0.7322109 1.3194477 2.6074248
v 0.8361888 0.9004211 2.2034752
v 0.6358841 1.0306944 2.2284000
v 0.7322109 1.3194477 2.6074248
v 0.6358841 1.0306944 2.2284000
v 0.3243234 1.2524891 2.6673656
v 0.3243234 1.2524891 2.6673656
v 0.6358841 1.0306944 2.2284000
v 0.4112094 0.9920358 2.3322205
v 0.3243234 1.2524891 2.6673656
v 0.4112094 0.9920358 2.3322205
v 0.0264460 1.0218269 2.6817559
v 0.0264460 1.0218269 2.6817559
v 0.4112094 0.9920358 2.3322205
v 0.2109048 0.8912951 2.2431311
v 0.0264460 1.0218269 2.6817559
v 0.2109048 0.8912951 2.2431311
v -0.1723907 0.6746177 2.6129214
v -0.1723907 0.6746177 2.6129214
v 0.2109048 0.8912951 2.2431311
v 0.1190218 0.6746177 2.1943709
v -0.1723907 0.6746177 2.6129214
v 0.1190218 0.6746177 2.1943709
v -0.0132447 0.2993214 2.6410731
v -0.0132447 0.2993214 2.6410731
v 0.1190218 0.6746177 2.1943709
v 0.2338202 0.4741564 2.3135958
v -0.0132447 0.2993214 2.6410731
v 0.2338202 0.4741564 2.3135958
v 0.3336931 0.1248333 2.6925089
v 0.3336931 0.1248333 2.6925089
v 0.2338202 0.4741564 2.3135958
v 0.4057998 0.3409835 2.2886710
v 0.3336931 0.1248333 2.6925089
v 0.4057998 0.3409835 2.2886710
v 0.7228412 0.0578748 2.6325681
v 0.7228412 0.0578748 2.6325681
v 0.4057998 0.3409835 2.2886710
v 0.6412937 0.3023249 2.1848504
v 0.7228412 0.0578748 2.6325681
v 0.6412937 0.3023249 2.1848504
v 1.0697790 0.2835146 2.6181778
v 1.0697790 0.2835146 2.6181778
v 0.6412937 0.3023249 2.1848504
v 0.8132733 0.4650303 2.2739399
v 1.0697790 0.2835146 2.6181778
v 0.8132733 0.4650303 2.2739399
v 1.1172397 0.6746177 2.6870123
v 1.1172397 0.6746177 2.6870123
v 0.8132733 0.4650303 2.2739399
v 0.8635903 0.6746177 2.3227001
v 0.8635903 0.6746177 2.3227001
v 0.5170986 0.6746177 2.1152617
v 0.8361888 0.9004211 2.2034752
v 0.8361888 0.9004211 2.2034752
v 0.5170986 0.6746177 2.0338961
v 0.6358841 1.0306944 2.2284000
v 0.6358841 1.0306944 2.2284000
v 0.5170986 0.6746177 2.1655484
v 0.4112094 0.9920358 2.3322205
v 0.4112094 0.9920358 2.3322205
v 0.5170986 0.6746177 2.1655484
v 0.2109048 0.8912951 2.2431311
v 0.2109048 0.8912951 2.2431311
v 0.5170986 0.6746177 2.0338961
v 0.1190218 0.6746177 2.1943709
v 0.1190218 0.6746177 2.1943709
v 0.5170986 0.6746177 2.1152617
v 0.2338202 0.4741564 2.3135958
v 0.2338202 0.4741564 2.3135958
v 0.5170986 0.6746177 2.1966272
v 0.4057998 0.3409835 2.2886710
v 0.4057998 0.3409835 2.2886710
v 0.5170986 0.6746177 2.0649750
v 0.6412937 0.3023249 2.1848504
v 0.6412937 0.3023249 2.1848504
v 0.5170986 0.6746177 2.0649750
v 0.8132733 0.4650303 2.2739399
v 0.8132733 0.4650303 2.2739399
v 0.5170986 0.6746177 2.1966272
v 0.8635903 0.6746177 2.3227001
v -0.8369847 -0.1481778 3.5709069
v -0.4187459 -0.1481778 3.4419180
v -0.5152826 0.0941823 3.4027248
v -0.8369847 -0.1481778 3.4650854
v -0.5152826 0.0941823 3.4027248
v -0.7257324 0.2068638 3.3311151
v -0.8369847 -0.1481778 3.4650854
v -0.7257324 0.2068638 3.3311151
v -0.9617865 0.2501045 3.4145656
v -0.8369847 -0.1481778 3.5709069
v -0.9617865 0.2501045 3.4145656
v -1.1722362 0.1043900 3.4346000
v -0.8369847 -0.1481778 3.5055056
v -1.1722362 0.1043900 3.4346000
v -1.2010255 -0.1481778 3.3387676
v -0.8369847 -0.1481778 3.4401044
v -1.2010255 -0.1481778 3.3387676
v -1.1481601 -0.3826074 3.3779608
v -0.8369847 -0.1481778 3.5459258
v -1.1481601 -0.3826074 3.3779608
v -0.9674701 -0.5645982 3.4495705
v -0.8369847 -0.1481778 3.5459258
v -0.9674701 -0.5645982 3.4495705
v -0.7200488 -0.5213575 3.3661200
v -0.8369847 -0.1481778 3.4401044
v -0.7200488 -0.5213575 3.3661200
v -0.5393587 -0.3723997 3.3460856
v -0.8369847 -0.1481778 3.5055056
v -0.5393587 -0.3723997 3.3460856
v -0.4187459 -0.1481778 3.4419180
v -0.4187459 -0.1481778 3.4419180
v -0.1125739 -0.1481778 3.1054890
v -0.5152826 0.0941823 3.4027248
v -0.5152826 0.0941823 3.4027248
v -0.1125739 -0.1481778 3.1054890
v -0.3214814 0.2401860 3.0501602
v -0.5152826 0.0941823 3.4027248
v -0.3214814 0.2401860 3.0501602
v -0.7257324 0.2068638 3.3311151
v -0.7257324 0.2068638 3.3311151
v -0.3214814 0.2401860 3.0501602
v -0.6344458 0.4981884 3.0617270
v -0.7257324 0.2068638 3.3311151
v -0.6344458 0.4981884 3.0617270
v -0.9617865 0.2501045 3.4145656
v -0.9617865 0.2501045 3.4145656
v -0.6344458 0.4981884 3.0617270
v -1.0629920 0.5730835 3.1099072
v -0.9617865 0.2501045 3.4145656
v -1.0629920 0.5730835 3.1099072
v -1.1722362 0.1043900 3.4346000
v -1.1722362 0.1043900 3.4346000
v -1.0629920 0.5730835 3.1099072
v -1.3759563 0.2578663 3.0685633
v -1.1722362 0.1043900 3.4346000
v -1.3759563 0.2578663 3.0685633
v -1.2010255 -0.1481778 3.3387676
v -1.2010255 -0.1481778 3.3387676
v -1.3759563 0.2578663 3.0685633
v -1.4675219 -0.1481778 3.0459351
v -1.2010255 -0.1481778 3.3387676
v -1.4675219 -0.1481778 3.0459351
v -1.1481601 -0.3826074 3.3779608
v -1.1481601 -0.3826074 3.3779608
v -1.4675219 -0.1481778 3.0459351
v -1.4176573 -0.5856380 3.1012640
v -1.1481601 -0.3826074 3.3779608
v -1.4176573 -0.5856380 3.1012640
v -0.9674701 -0.5645982 3.4495705
v -0.9674701 -0.5645982 3.4495705
v -1.4176573 -0.5856380 3.1012640
v -1.0531477 -0.8380229 3.0896971
v -0.9674701 -0.5645982 3.4495705
v -1.0531477 -0.8380229 3.0896971
v -0.7200488 -0.5213575 3.3661200
v -0.7200488 -0.5213575 3.3661200
v -1.0531477 -0.8380229 3.0896971
v -0.6442900 -0.7631278 3.0415169
v -0.7200488 -0.5213575 3.3661200
v -0.6442900 -0.7631278 3.0415169
v -0.5393587 -0.3723997 3.3460856
v -0.5393587 -0.3723997 3.3460856
v -0.6442900 -0.7631278 3.0415169
v -0.2797804 -0.5679577 3.0828608
v -0.5393587 -0.3723997 3.3460856
v -0.2797804 -0.5679577 3.0828608
v -0.4187459 -0.1481778 3.4419180
v -0.4187459 -0.1481778 3.4419180
v -0.2797804 -0.5679577 3.0828608
v -0.1125739 -0.1481778 3.1054890
v -0.1125739 -0.1481778 3.1054890
v -0.0547051 -0.1481778 2.6459185
v -0.3214814 0.2401860 3.0501602
v -0.3214814 0.2401860 3.0501602
v -0.0547051 -0.1481778 2.6459185
v -0.2522594 0.2923356 2.6459185
v -0.3214814 0.2401860 3.0501602
v -0.2522594 0.2923356 2.6459185
v -0.6344458 0.4981884 3.0617270
v -0.6344458 0.4981884 3.0617270
v -0.2522594 0.2923356 2.6459185
v -0.5838798 0.6595605 2.6459185
v -0.6344458 0.4981884 3.0617270
v -0.5838798 0.6595605 2.6459185
v -1.0629920 0.5730835 3.1099072
v -1.0629920 0.5730835 3.1099072
v -0.5838798 0.6595605 2.6459185
v -1.0900895 0.6595605 2.6459185
v -1.0629920 0.5730835 3.1099072
v -1.0900895 0.6595605 2.6459185
v -1.3759563 0.2578663 3.0685633
v -1.3759563 0.2578663 3.0685633
v -1.0900895 0.6595605 2.6459185
v -1.4217100 0.2923356 2.6459185
v -1.3759563 0.2578663 3.0685633
v -1.4217100 0.2923356 2.6459185
v -1.4675219 -0.1481778 3.0459351
v -1.4675219 -0.1481778 3.0459351
v -1.4217100 0.2923356 2.6459185
v -1.6192642 -0.1481778 2.6459185
v -1.4675219 -0.1481778 3.0459351
v -1.6192642 -0.1481778 2.6459185
v -1.4176573 -0.5856380 3.1012640
v -1.4176573 -0.5856380 3.1012640
v -1.6192642 -0.1481778 2.6459185
v -1.5180143 -0.6612438 2.6459185
v -1.4176573 -0.5856380 3.1012640
v -1.5180143 -0.6612438 2.6459185
v -1.0531477 -0.8380229 3.0896971
v -1.0531477 -0.8380229 3.0896971
v -1.5180143 -0.6612438 2.6459185
v -1.0673552 -0.8833634 2.6459185
v -1.0531477 -0.8380229 3.0896971
v -1.0673552 -0.8833634 2.6459185
v -0.6442900 -0.7631278 3.0415169
v -0.6442900 -0.7631278 3.0415169
v -1.0673552 -0.8833634 2.6459185
v -0.6066142 -0.8833634 2.6459185
v -0.6442900 -0.7631278 3.0415169
v -0.6066142 -0.8833634 2.6459185
v -0.2797804 -0.5679577 3.0828608
v -0.2797804 -0.5679577 3.0828608
v -0.6066142 -0.8833634 2.6459185
v -0.1559550 -0.6612438 2.6459185
v -0.2797804 -0.5679577 3.0828608
v -0.1559550 -0.6612438 2.6459185
v -0.1125739 -0.1481778 3.1054890
v -0.1125739 -0.1481778 3.1054890
v -0.1559550 -0.6612438 2.6459185
v -0.0547051 -0.1481778 2.6459185
v -0.0547051 -0.1481778 2.6459185
v -0.2064475 -0.1481778 2.2459019
v -0.2522594 0.2923356 2.6459185
v -0.2522594 0.2923356 2.6459185
v -0.2064475 -0.1481778 2.2459019
v -0.2980130 0.2578663 2.2232737
v -0.2522594 0.2923356 2.6459185
v -0.2980130 0.2578663 2.2232737
v -0.5838798 0.6595605 2.6459185
v -0.5838798 0.6595605 2.6459185
v -0.2980130 0.2578663 2.2232737
v -0.6109774 0.5730835 2.1819298
v -0.5838798 0.6595605 2.6459185
v -0.6109774 0.5730835 2.1819298
v -1.0900895 0.6595605 2.6459185
v -1.0900895 0.6595605 2.6459185
v -0.6109774 0.5730835 2.1819298
v -1.0395236 0.4981884 2.2301100
v -1.0900895 0.6595605 2.6459185
v -1.0395236 0.4981884 2.2301100
v -1.4217100 0.2923356 2.6459185
v -1.4217100 0.2923356 2.6459185
v -1.0395236 0.4981884 2.2301100
v -1.3524879 0.2401860 2.2416768
v -1.4217100 0.2923356 2.6459185
v -1.3524879 0.2401860 2.2416768
v -1.6192642 -0.1481778 2.6459185
v -1.6192642 -0.1481778 2.6459185
v -1.3524879 0.2401860 2.2416768
v -1.5613954 -0.1481778 2.1863480
v -1.6192642 -0.1481778 2.6459185
v -1.5613954 -0.1481778 2.1863480
v -1.5180143 -0.6612438 2.6459185
v -1.5180143 -0.6612438 2.6459185
v -1.5613954 -0.1481778 2.1863480
v -1.3941890 -0.5679577 2.2089762
v -1.5180143 -0.6612438 2.6459185
v -1.3941890 -0.5679577 2.2089762
v -1.0673552 -0.8833634 2.6459185
v -1.0673552 -0.8833634 2.6459185
v -1.3941890 -0.5679577 2.2089762
v -1.0296793 -0.7631278 2.2503201
v -1.0673552 -0.8833634 2.6459185
v -1.0296793 -0.7631278 2.2503201
v -0.6066142 -0.8833634 2.6459185
v -0.6066142 -0.8833634 2.6459185
v -1.0296793 -0.7631278 2.2503201
v -0.6208216 -0.8380229 2.2021399
v -0.6066142 -0.8833634 2.6459185
v -0.6208216 -0.8380229 2.2021399
v -0.1559550 -0.6612438 2.6459185
v -0.1559550 -0.6612438 2.6459185
v -0.6208216 -0.8380229 2.2021399
v -0.2563120 -0.5856380 2.1905730
v -0.1559550 -0.6612438 2.6459185
v -0.2563120 -0.5856380 2.1905730
v -0.0547051 -0.1481778 2.6459185
v -0.0547051 -0.1481778 2.6459185
v -0.2563120 -0.5856380 2.1905730
v -0.2064475 -0.1481778 2.2459019
v -0.2064475 -0.1481778 2.2459019
v -0.4729439 -0.1481778 1.9530694
v -0.2980130 0.2578663 2.2232737
v -0.2980130 0.2578663 2.2232737
v -0.4729439 -0.1481778 1.9530694
v -0.5017332 0.1043900 1.8572370
v -0.2980130 0.2578663 2.2232737
v -0.5017332 0.1043900 1.8572370
v -0.6109774 0.5730835 2.1819298
v -0.6109774 0.5730835 2.1819298
v -0.5017332 0.1043900 1.8572370
v -0.7121829 0.2501045 1.8772714
v -0.6109774 0.5730835 2.1819298
v -0.7121829 0.2501045 1.8772714
v -1.0395236 0.4981884 2.2301100
v -1.0395236 0.4981884 2.2301100
v -0.7121829 0.2501045 1.8772714
v -0.9482370 0.2068638 1.9607219
v -1.0395236 0.4981884 2.2301100
v -0.9482370 0.2068638 1.9607219
v -1.3524879 0.2401860 2.2416768
v -1.3524879 0.2401860 2.2416768
v -0.9482370 0.2068638 1.9607219
v -1.1586867 0.0941823 1.8891122
v -1.3524879 0.2401860 2.2416768
v -1.1586867 0.0941823 1.8891122
v -1.5613954 -0.1481778 2.1863480
v -1.5613954 -0.1481778 2.1863480
v -1.1586867 0.0941823 1.8891122
v -1.2552234 -0.1481778 1.8499190
v -1.5613954 -0.1481778 2.1863480
v -1.2552234 -0.1481778 1.8499190
v -1.3941890 -0.5679577 2.2089762
v -1.3941890 -0.5679577 2.2089762
v -1.2552234 -0.1481778 1.8499190
v -1.1346106 -0.3723997 1.9457514
v -1.3941890 -0.5679577 2.2089762
v -1.1346106 -0.3723997 1.9457514
v -1.0296793 -0.7631278 2.2503201
v -1.0296793 -0.7631278 2.2503201
v -1.1346106 -0.3723997 1.9457514
v -0.9539206 -0.5213575 1.9257170
v -1.0296793 -0.7631278 2.2503201
v -0.9539206 -0.5213575 1.9257170
v -0.6208216 -0.8380229 2.2021399
v -0.6208216 -0.8380229 2.2021399
v -0.9539206 -0.5213575 1.9257170
v -0.7064993 -0.5645982 1.8422665
v -0.6208216 -0.8380229 2.2021399
v -0.7064993 -0.5645982 1.8422665
v -0.2563120 -0.5856380 2.1905730
v -0.2563120 -0.5856380 2.1905730
v -0.7064993 -0.5645982 1.8422665
v -0.5258092 -0.3826074 1.9138762
v -0.2563120 -0.5856380 2.1905730
v -0.5258092 -0.3826074 1.9138762
v -0.2064475 -0.1481778 2.2459019
v -0.2064475 -0.1481778 2.2459019
v -0.5258092 -0.3826074 1.9138762
v -0.4729439 -0.1481778 1.9530694
v -0.4729439 -0.1481778 1.9530694
v -0.8369847 -0.1481778 1.7863314
v -0.5017332 0.1043900 1.8572370
v -0.5017332 0.1043900 1.8572370
v -0.8369847 -0.1481778 1.7209301
v -0.7121829 0.2501045 1.8772714
v -0.7121829 0.2501045 1.8772714
v -0.8369847 -0.1481778 1.8267516
v -0.9482370 0.2068638 1.9607219
v -0.9482370 0.2068638 1.9607219
v -0.8369847 -0.1481778 1.8267516
v -1.1586867 0.0941823 1.8891122
v -1.1586867 0.0941823 1.8891122
v -0.8369847 -0.1481778 1.7209301
v -1.2552234 -0.1481778 1.8499190
v -1.2552234 -0.1481778 1.8499190
v -0.8369847 -0.1481778 1.7863314
v -1.1346106 -0.3723997 1.9457514
v -1.1346106 -0.3723997 1.9457514
v -0.8369847 -0.1481778 1.8517326
v -0.9539206 -0.5213575 1.9257170
v -0.9539206 -0.5213575 1.9257170
v -0.8369847 -0.1481778 1.7459112
v -0.7064993 -0.5645982 1.8422665
v -0.7064993 -0.5645982 1.8422665
v -0.8369847 -0.1481778 1.7459112
v -0.5258092 -0.3826074 1.9138762
v -0.5258092 -0.3826074 1.9138762
v -0.8369847 -0.1481778 1.8517326
v -0.4729439 -0.1481778 1.9530694
v 0.7172759 -0.4560870 3.5751524
v 1.1657250 -0.4560870 3.4286600
v 1.0622152 -0.1968256 3.3841483
v 0.7172759 -0.4560870 3.4549712
v 1.0622152 -0.1968256 3.3841483
v 0.8365642 -0.0762861 3.3028214
v 0.7172759 -0.4560870 3.4549712
v 0.8365642 -0.0762861 3.3028214
v 0.5834594 -0.0300300 3.3975959
v 0.7172759 -0.4560870 3.5751524
v 0.5834594 -0.0300300 3.3975959
v 0.3578083 -0.1859060 3.4203490
v 0.7172759 -0.4560870 3.5008763
v 0.3578083 -0.1859060 3.4203490
v 0.3269395 -0.4560870 3.3115123
v 0.7172759 -0.4560870 3.4266002
v 0.3269395 -0.4560870 3.3115123
v 0.3836235 -0.7068649 3.3560240
v 0.7172759 -0.4560870 3.5467814
v 0.3836235 -0.7068649 3.3560240
v 0.5773652 -0.9015470 3.4373509
v 0.7172759 -0.4560870 3.5467814
v 0.5773652 -0.9015470 3.4373509
v 0.8426583 -0.8552909 3.3425764
v 0.7172759 -0.4560870 3.4266002
v 0.8426583 -0.8552909 3.3425764
v 1.0364000 -0.6959453 3.3198234
v 0.7172759 -0.4560870 3.5008763
v 1.0364000 -0.6959453 3.3198234
v 1.1657250 -0.4560870 3.4286600
v 1.1657250 -0.4560870 3.4286600
v 1.4940125 -0.4560870 3.0465785
v 1.0622152 -0.1968256 3.3841483
v 1.0622152 -0.1968256 3.3841483
v 1.4940125 -0.4560870 3.0465785
v 1.2700152 -0.0406402 2.9837416
v 1.0622152 -0.1968256 3.3841483
v 1.2700152 -0.0406402 2.9837416
v 0.8365642 -0.0762861 3.3028214
v 0.8365642 -0.0762861 3.3028214
v 1.2700152 -0.0406402 2.9837416
v 0.9344446 0.2353544 2.9968781
v 0.8365642 -0.0762861 3.3028214
v 0.9344446 0.2353544 2.9968781
v 0.5834594 -0.0300300 3.3975959
v 0.5834594 -0.0300300 3.3975959
v 0.9344446 0.2353544 2.9968781
v 0.4749435 0.3154724 3.0515962
v 0.5834594 -0.0300300 3.3975959
v 0.4749435 0.3154724 3.0515962
v 0.3578083 -0.1859060 3.4203490
v 0.3578083 -0.1859060 3.4203490
v 0.4749435 0.3154724 3.0515962
v 0.1393730 -0.0217269 3.0046421
v 0.3578083 -0.1859060 3.4203490
v 0.1393730 -0.0217269 3.0046421
v 0.3269395 -0.4560870 3.3115123
v 0.3269395 -0.4560870 3.3115123
v 0.1393730 -0.0217269 3.0046421
v 0.0411935 -0.4560870 2.9789432
v 0.3269395 -0.4560870 3.3115123
v 0.0411935 -0.4560870 2.9789432
v 0.3836235 -0.7068649 3.3560240
v 0.3836235 -0.7068649 3.3560240
v 0.0411935 -0.4560870 2.9789432
v 0.0946598 -0.9240541 3.0417801
v 0.3836235 -0.7068649 3.3560240
v 0.0946598 -0.9240541 3.0417801
v 0.5773652 -0.9015470 3.4373509
v 0.5773652 -0.9015470 3.4373509
v 0.0946598 -0.9240541 3.0417801
v 0.4854989 -1.1940393 3.0286436
v 0.5773652 -0.9015470 3.4373509
v 0.4854989 -1.1940393 3.0286436
v 0.8426583 -0.8552909 3.3425764
v 0.8426583 -0.8552909 3.3425764
v 0.4854989 -1.1940393 3.0286436
v 0.9238893 -1.1139213 2.9739256
v 0.8426583 -0.8552909 3.3425764
v 0.9238893 -1.1139213 2.9739256
v 1.0364000 -0.6959453 3.3198234
v 1.0364000 -0.6959453 3.3198234
v 0.9238893 -1.1139213 2.9739256
v 1.3147283 -0.9051408 3.0208797
v 1.0364000 -0.6959453 3.3198234
v 1.3147283 -0.9051408 3.0208797
v 1.1657250 -0.4560870 3.4286600
v 1.1657250 -0.4560870 3.4286600
v 1.3147283 -0.9051408 3.0208797
v 1.4940125 -0.4560870 3.0465785
v 1.4940125 -0.4560870 3.0465785
v 1.5560613 -0.4560870 2.5246454
v 1.2700152 -0.0406402 2.9837416
v 1.2700152 -0.0406402 2.9837416
v 1.5560613 -0.4560870 2.5246454
v 1.3442372 0.0151462 2.5246454
v 1.2700152 -0.0406402 2.9837416
v 1.3442372 0.0151462 2.5246454
v 0.9344446 0.2353544 2.9968781
v 0.9344446 0.2353544 2.9968781
v 1.3442372 0.0151462 2.5246454
v 0.9886631 0.4079800 2.5246454
v 0.9344446 0.2353544 2.9968781
v 0.9886631 0.4079800 2.5246454
v 0.4749435 0.3154724 3.0515962
v 0.4749435 0.3154724 3.0515962
v 0.9886631 0.4079800 2.5246454
v 0.4458886 0.4079800 2.5246454
v 0.4749435 0.3154724 3.0515962
v 0.4458886 0.4079800 2.5246454
v 0.1393730 -0.0217269 3.0046421
v 0.1393730 -0.0217269 3.0046421
v 0.4458886 0.4079800 2.5246454
v 0.0903145 0.0151462 2.5246454
v 0.1393730 -0.0217269 3.0046421
v 0.0903145 0.0151462 2.5246454
v 0.0411935 -0.4560870 2.9789432
v 0.0411935 -0.4560870 2.9789432
v 0.0903145 0.0151462 2.5246454
v -0.1215096 -0.4560870 2.5246454
v 0.0411935 -0.4560870 2.9789432
v -0.1215096 -0.4560870 2.5246454
v 0.0946598 -0.9240541 3.0417801
v 0.0946598 -0.9240541 3.0417801
v -0.1215096 -0.4560870 2.5246454
v -0.0129462 -1.0049323 2.5246454
v 0.0946598 -0.9240541 3.0417801
v -0.0129462 -1.0049323 2.5246454
v 0.4854989 -1.1940393 3.0286436
v 0.4854989 -1.1940393 3.0286436
v -0.0129462 -1.0049323 2.5246454
v 0.4702652 -1.2425418 2.5246454
v 0.4854989 -1.1940393 3.0286436
v 0.4702652 -1.2425418 2.5246454
v 0.9238893 -1.1139213 2.9739256
v 0.9238893 -1.1139213 2.9739256
v 0.4702652 -1.2425418 2.5246454
v 0.9642866 -1.2425418 2.5246454
v 0.9238893 -1.1139213 2.9739256
v 0.9642866 -1.2425418 2.5246454
v 1.3147283 -0.9051408 3.0208797
v 1.3147283 -0.9051408 3.0208797
v 0.9642866 -1.2425418 2.5246454
v 1.4474979 -1.0049323 2.5246454
v 1.3147283 -0.9051408 3.0208797
v 1.4474979 -1.0049323 2.5246454
v 1.4940125 -0.4560870 3.0465785
v 1.4940125 -0.4560870 3.0465785
v 1.4474979 -1.0049323 2.5246454
v 1.5560613 -0.4560870 2.5246454
v 1.5560613 -0.4560870 2.5246454
v 1.3933583 -0.4560870 2.0703476
v 1.3442372 0.0151462 2.5246454
v 1.3442372 0.0151462 2.5246454
v 1.3933583 -0.4560870 2.0703476
v 1.2951787 -0.0217269 2.0446488
v 1.3442372 0.0151462 2.5246454
v 1.2951787 -0.0217269 2.0446488
v 0.9886631 0.4079800 2.5246454
v 0.9886631 0.4079800 2.5246454
v 1.2951787 -0.0217269 2.0446488
v 0.9596082 0.3154724 1.9976947
v 0.9886631 0.4079800 2.5246454
v 0.9596082 0.3154724 1.9976947
v 0.4458886 0.4079800 2.5246454
v 0.4458886 0.4079800 2.5246454
v 0.9596082 0.3154724 1.9976947
v 0.5001071 0.2353544 2.0524128
v 0.4458886 0.4079800 2.5246454
v 0.5001071 0.2353544 2.0524128
v 0.0903145 0.0151462 2.5246454
v 0.0903145 0.0151462 2.5246454
v 0.5001071 0.2353544 2.0524128
v 0.1645366 -0.0406402 2.0655492
v 0.0903145 0.0151462 2.5246454
v 0.1645366 -0.0406402 2.0655492
v -0.1215096 -0.4560870 2.5246454
v -0.1215096 -0.4560870 2.5246454
v 0.1645366 -0.0406402 2.0655492
v -0.0594608 -0.4560870 2.0027124
v -0.1215096 -0.4560870 2.5246454
v -0.0594608 -0.4560870 2.0027124
v -0.0129462 -1.0049323 2.5246454
v -0.0129462 -1.0049323 2.5246454
v -0.0594608 -0.4560870 2.0027124
v 0.1198234 -0.9051408 2.0284112
v -0.0129462 -1.0049323 2.5246454
v 0.1198234 -0.9051408 2.0284112
v 0.4702652 -1.2425418 2.5246454
v 0.4702652 -1.2425418 2.5246454
v 0.1198234 -0.9051408 2.0284112
v 0.5106624 -1.1139213 2.0753653
v 0.4702652 -1.2425418 2.5246454
v 0.5106624 -1.1139213 2.0753653
v 0.9642866 -1.2425418 2.5246454
v 0.9642866 -1.2425418 2.5246454
v 0.5106624 -1.1139213 2.0753653
v 0.9490529 -1.1940393 2.0206472
v 0.9642866 -1.2425418 2.5246454
v 0.9490529 -1.1940393 2.0206472
v 1.4474979 -1.0049323 2.5246454
v 1.4474979 -1.0049323 2.5246454
v 0.9490529 -1.1940393 2.0206472
v 1.3398919 -0.9240541 2.0075108
v 1.4474979 -1.0049323 2.5246454
v 1.3398919 -0.9240541 2.0075108
v 1.5560613 -0.4560870 2.5246454
v 1.5560613 -0.4560870 2.5246454
v 1.3398919 -0.9240541 2.0075108
v 1.3933583 -0.4560870 2.0703476
v 1.3933583 -0.4560870 2.0703476
v 1.1076122 -0.4560870 1.7377786
v 1.2951787 -0.0217269 2.0446488
v 1.2951787 -0.0217269 2.0446488
v 1.1076122 -0.4560870 1.7377786
v 1.0767434 -0.1859060 1.6289419
v 1.2951787 -0.0217269 2.0446488
v 1.0767434 -0.1859060 1.6289419
v 0.9596082 0.3154724 1.9976947
v 0.9596082 0.3154724 1.9976947
v 1.0767434 -0.1859060 1.6289419
v 0.8510924 -0.0300300 1.6516950
v 0.9596082 0.3154724 1.9976947
v 0.8510924 -0.0300300 1.6516950
v 0.5001071 0.2353544 2.0524128
v 0.5001071 0.2353544 2.0524128
v 0.8510924 -0.0300300 1.6516950
v 0.5979875 -0.0762861 1.7464694
v 0.5001071 0.2353544 2.0524128
v 0.5979875 -0.0762861 1.7464694
v 0.1645366 -0.0406402 2.0655492
v 0.1645366 -0.0406402 2.0655492
v 0.5979875 -0.0762861 1.7464694
v 0.3723365 -0.1968256 1.6651425
v 0.1645366 -0.0406402 2.0655492
v 0.3723365 -0.1968256 1.6651425
v -0.0594608 -0.4560870 2.0027124
v -0.0594608 -0.4560870 2.0027124
v 0.3723365 -0.1968256 1.6651425
v 0.2688267 -0.4560870 1.6206308
v -0.0594608 -0.4560870 2.0027124
v 0.2688267 -0.4560870 1.6206308
v 0.1198234 -0.9051408 2.0284112
v 0.1198234 -0.9051408 2.0284112
v 0.2688267 -0.4560870 1.6206308
v 0.3981517 -0.6959453 1.7294675
v 0.1198234 -0.9051408 2.0284112
v 0.3981517 -0.6959453 1.7294675
v 0.5106624 -1.1139213 2.0753653
v 0.5106624 -1.1139213 2.0753653
v 0.3981517 -0.6959453 1.7294675
v 0.5918934 -0.8552909 1.7067144
v 0.5106624 -1.1139213 2.0753653
v 0.5918934 -0.8552909 1.7067144
v 0.9490529 -1.1940393 2.0206472
v 0.9490529 -1.1940393 2.0206472
v 0.5918934 -0.8552909 1.7067144
v 0.8571865 -0.9015470 1.6119400
v 0.9490529 -1.1940393 2.0206472
v 0.8571865 -0.9015470 1.6119400
v 1.3398919 -0.9240541 2.0075108
v 1.3398919 -0.9240541 2.0075108
v 0.8571865 -0.9015470 1.6119400
v 1.0509282 -0.7068649 1.6932669
v 1.3398919 -0.9240541 2.0075108
v 1.0509282 -0.7068649 1.6932669
v 1.3933583 -0.4560870 2.0703476
v 1.3933583 -0.4560870 2.0703476
v 1.0509282 -0.7068649 1.6932669
v 1.1076122 -0.4560870 1.7377786
v 1.1076122 -0.4560870 1.7377786
v 0.7172759 -0.4560870 1.5484146
v 1.0767434 -0.1859060 1.6289419
v 1.0767434 -0.1859060 1.6289419
v 0.7172759 -0.4560870 1.4741385
v 0.8510924 -0.0300300 1.6516950
v 0.8510924 -0.0300300 1.6516950
v 0.7172759 -0.4560870 1.5943197
v 0.5979875 -0.0762861 1.7464694
v 0.5979875 -0.0762861 1.7464694
v 0.7172759 -0.4560870 1.5943197
v 0.3723365 -0.1968256 1.6651425
v 0.3723365 -0.1968256 1.6651425
v 0.7172759 -0.4560870 1.4741385
v 0.2688267 -0.4560870 1.6206308
v 0.2688267 -0.4560870 1.6206308
v 0.7172759 -0.4560870 1.5484146
v 0.3981517 -0.6959453 1.7294675
v 0.3981517 -0.6959453 1.7294675
v 0.7172759 -0.4560870 1.6226906
v 0.5918934 -0.8552909 1.7067144
v 0.5918934 -0.8552909 1.7067144
v 0.7172759 -0.4560870 1.5025094
v 0.8571865 -0.9015470 1.6119400
v 0.8571865 -0.9015470 1.6119400
v 0.7172759 -0.4560870 1.5025094
v 1.0509282 -0.7068649 1.6932669
v 1.0509282 -0.7068649 1.6932669
v 0.7172759 -0.4560870 1.6226906
v 1.1076122 -0.4560870 1.7377786
v -0.2208448 0.8208091 4.1123794
v 0.1786200 0.8208091 3.9478254
v 0.0864167 1.0675549 3.8978256
v -0.2208448 0.8208091 3.9773806
v 0.0864167 1.0675549 3.8978256
v -0.1145864 1.1822755 3.8064716
v -0.2208448 0.8208091 3.9773806
v -0.1145864 1.1822755 3.8064716
v -0.3400444 1.2262987 3.9129312
v -0.2208448 0.8208091 4.1123794
v -0.3400444 1.2262987 3.9129312
v -0.5410475 1.0779474 3.9384896
v -0.2208448 0.8208091 4.0289456
v -0.5410475 1.0779474 3.9384896
v -0.5685445 0.8208091 3.8162340
v -0.2208448 0.8208091 3.9455117
v -0.5685445 0.8208091 3.8162340
v -0.5180521 0.5821372 3.8662338
v -0.2208448 0.8208091 4.0805105
v -0.5180521 0.5821372 3.8662338
v -0.3454729 0.3968531 3.9575878
v -0.2208448 0.8208091 4.0805105
v -0.3454729 0.3968531 3.9575878
v -0.1091579 0.4408763 3.8511282
v -0.2208448 0.8208091 3.9455117
v -0.1091579 0.4408763 3.8511282
v 0.0634213 0.5925297 3.8255698
v -0.2208448 0.8208091 4.0289456
v 0.0634213 0.5925297 3.8255698
v 0.1786200 0.8208091 3.9478254
v 0.1786200 0.8208091 3.9478254
v 0.4710486 0.8208091 3.5186353
v 0.0864167 1.0675549 3.8978256
v 0.0864167 1.0675549 3.8978256
v 0.4710486 0.8208091 3.5186353
v 0.2715185 1.2162007 3.4480510
v 0.0864167 1.0675549 3.8978256
v 0.2715185 1.2162007 3.4480510
v -0.1145864 1.1822755 3.8064716
v -0.1145864 1.1822755 3.8064716
v 0.2715185 1.2162007 3.4480510
v -0.0273974 1.4788720 3.4628071
v -0.1145864 1.1822755 3.8064716
v -0.0273974 1.4788720 3.4628071
v -0.3400444 1.2262987 3.9129312
v -0.3400444 1.2262987 3.9129312
v -0.0273974 1.4788720 3.4628071
v -0.4367070 1.5551224 3.5242716
v -0.3400444 1.2262987 3.9129312
v -0.4367070 1.5551224 3.5242716
v -0.5410475 1.0779474 3.9384896
v -0.5410475 1.0779474 3.9384896
v -0.4367070 1.5551224 3.5242716
v -0.7356230 1.2342010 3.4715283
v -0.5410475 1.0779474 3.9384896
v -0.7356230 1.2342010 3.4715283
v -0.5685445 0.8208091 3.8162340
v -0.5685445 0.8208091 3.8162340
v -0.7356230 1.2342010 3.4715283
v -0.8230783 0.8208091 3.4426610
v -0.5685445 0.8208091 3.8162340
v -0.8230783 0.8208091 3.4426610
v -0.5180521 0.5821372 3.8662338
v -0.5180521 0.5821372 3.8662338
v -0.8230783 0.8208091 3.4426610
v -0.7754521 0.3754325 3.5132453
v -0.5180521 0.5821372 3.8662338
v -0.7754521 0.3754325 3.5132453
v -0.3454729 0.3968531 3.9575878
v -0.3454729 0.3968531 3.9575878
v -0.7754521 0.3754325 3.5132453
v -0.4273046 0.1184806 3.4984891
v -0.3454729 0.3968531 3.9575878
v -0.4273046 0.1184806 3.4984891
v -0.1091579 0.4408763 3.8511282
v -0.1091579 0.4408763 3.8511282
v -0.4273046 0.1184806 3.4984891
v -0.0367998 0.1947310 3.4370246
v -0.1091579 0.4408763 3.8511282
v -0.0367998 0.1947310 3.4370246
v 0.0634213 0.5925297 3.8255698
v 0.0634213 0.5925297 3.8255698
v -0.0367998 0.1947310 3.4370246
v 0.3113477 0.3934328 3.4897679
v 0.0634213 0.5925297 3.8255698
v 0.3113477 0.3934328 3.4897679
v 0.1786200 0.8208091 3.9478254
v 0.1786200 0.8208091 3.9478254
v 0.3113477 0.3934328 3.4897679
v 0.4710486 0.8208091 3.5186353
v 0.4710486 0.8208091 3.5186353
v 0.5263198 0.8208091 2.9323507
v 0.2715185 1.2162007 3.4480510
v 0.2715185 1.2162007 3.4480510
v 0.5263198 0.8208091 2.9323507
v 0.3376333 1.2692940 2.9323507
v 0.2715185 1.2162007 3.4480510
v 0.3376333 1.2692940 2.9323507
v -0.0273974 1.4788720 3.4628071
v -0.0273974 1.4788720 3.4628071
v 0.3376333 1.2692940 2.9323507
v 0.0208987 1.6431642 2.9323507
v -0.0273974 1.4788720 3.4628071
v 0.0208987 1.6431642 2.9323507
v -0.4367070 1.5551224 3.5242716
v -0.4367070 1.5551224 3.5242716
v 0.0208987 1.6431642 2.9323507
v -0.4625882 1.6431642 2.9323507
v -0.4367070 1.5551224 3.5242716
v -0.4625882 1.6431642 2.9323507
v -0.7356230 1.2342010 3.4715283
v -0.7356230 1.2342010 3.4715283
v -0.4625882 1.6431642 2.9323507
v -0.7793228 1.2692940 2.9323507
v -0.7356230 1.2342010 3.4715283
v -0.7793228 1.2692940 2.9323507
v -0.8230783 0.8208091 3.4426610
v -0.8230783 0.8208091 3.4426610
v -0.7793228 1.2692940 2.9323507
v -0.9680093 0.8208091 2.9323507
v -0.8230783 0.8208091 3.4426610
v -0.9680093 0.8208091 2.9323507
v -0.7754521 0.3754325 3.5132453
v -0.7754521 0.3754325 3.5132453
v -0.9680093 0.8208091 2.9323507
v -0.8713043 0.2984586 2.9323507
v -0.7754521 0.3754325 3.5132453
v -0.8713043 0.2984586 2.9323507
v -0.4273046 0.1184806 3.4984891
v -0.4273046 0.1184806 3.4984891
v -0.8713043 0.2984586 2.9323507
v -0.4408743 0.0723195 2.9323507
v -0.4273046 0.1184806 3.4984891
v -0.4408743 0.0723195 2.9323507
v -0.0367998 0.1947310 3.4370246
v -0.0367998 0.1947310 3.4370246
v -0.4408743 0.0723195 2.9323507
v -0.0008152 0.0723195 2.9323507
v -0.0367998 0.1947310 3.4370246
v -0.0008152 0.0723195 2.9323507
v 0.3113477 0.3934328 3.4897679
v 0.3113477 0.3934328 3.4897679
v -0.0008152 0.0723195 2.9323507
v 0.4296148 0.2984586 2.9323507
v 0.3113477 0.3934328 3.4897679
v 0.4296148 0.2984586 2.9323507
v 0.4710486 0.8208091 3.5186353
v 0.4710486 0.8208091 3.5186353
v 0.4296148 0.2984586 2.9323507
v 0.5263198 0.8208091 2.9323507
v 0.5263198 0.8208091 2.9323507
v 0.3813888 0.8208091 2.4220404
v 0.3376333 1.2692940 2.9323507
v 0.3376333 1.2692940 2.9323507
v 0.3813888 0.8208091 2.4220404
v 0.2939335 1.2342010 2.3931731
v 0.3376333 1.2692940 2.9323507
v 0.2939335 1.2342010 2.3931731
v 0.0208987 1.6431642 2.9323507
v 0.0208987 1.6431642 2.9323507
v 0.2939335 1.2342010 2.3931731
v -0.0049825 1.5551224 2.3404298
v 0.0208987 1.6431642 2.9323507
v -0.0049825 1.5551224 2.3404298
v -0.4625882 1.6431642 2.9323507
v -0.4625882 1.6431642 2.9323507
v -0.0049825 1.5551224 2.3404298
v -0.4142921 1.4788720 2.4018943
v -0.4625882 1.6431642 2.9323507
v -0.4142921 1.4788720 2.4018943
v -0.7793228 1.2692940 2.9323507
v -0.7793228 1.2692940 2.9323507
v -0.4142921 1.4788720 2.4018943
v -0.7132080 1.2162007 2.4166504
v -0.7793228 1.2692940 2.9323507
v -0.7132080 1.2162007 2.4166504
v -0.9680093 0.8208091 2.9323507
v -0.9680093 0.8208091 2.9323507
v -0.7132080 1.2162007 2.4166504
v -0.9127381 0.8208091 2.3460661
v -0.9680093 0.8208091 2.9323507
v -0.9127381 0.8208091 2.3460661
v -0.8713043 0.2984586 2.9323507
v -0.8713043 0.2984586 2.9323507
v -0.9127381 0.8208091 2.3460661
v -0.7530372 0.3934328 2.3749335
v -0.8713043 0.2984586 2.9323507
v -0.7530372 0.3934328 2.3749335
v -0.4408743 0.0723195 2.9323507
v -0.4408743 0.0723195 2.9323507
v -0.7530372 0.3934328 2.3749335
v -0.4048897 0.1947310 2.4276768
v -0.4408743 0.0723195 2.9323507
v -0.4048897 0.1947310 2.4276768
v -0.0008152 0.0723195 2.9323507
v -0.0008152 0.0723195 2.9323507
v -0.4048897 0.1947310 2.4276768
v -0.0143849 0.1184806 2.3662123
v -0.0008152 0.0723195 2.9323507
v -0.0143849 0.1184806 2.3662123
v 0.4296148 0.2984586 2.9323507
v 0.4296148 0.2984586 2.9323507
v -0.0143849 0.1184806 2.3662123
v 0.3337626 0.3754325 2.3514561
v 0.4296148 0.2984586 2.9323507
v 0.3337626 0.3754325 2.3514561
v 0.5263198 0.8208091 2.9323507
v 0.5263198 0.8208091 2.9323507
v 0.3337626 0.3754325 2.3514561
v 0.3813888 0.8208091 2.4220404
v 0.3813888 0.8208091 2.4220404
v 0.1268550 0.8208091 2.0484674
v 0.2939335 1.2342010 2.3931731
v 0.2939335 1.2342010 2.3931731
v 0.1268550 0.8208091 2.0484674
v 0.0993580 1.0779474 1.9262118
v 0.2939335 1.2342010 2.3931731
v 0.0993580 1.0779474 1.9262118
v -0.0049825 1.5551224 2.3404298
v -0.0049825 1.5551224 2.3404298
v 0.0993580 1.0779474 1.9262118
v -0.1016451 1.2262987 1.9517702
v -0.0049825 1.5551224 2.3404298
v -0.1016451 1.2262987 1.9517702
v -0.4142921 1.4788720 2.4018943
v -0.4142921 1.4788720 2.4018943
v -0.1016451 1.2262987 1.9517702
v -0.3271032 1.1822755 2.0582298
v -0.4142921 1.4788720 2.4018943
v -0.3271032 1.1822755 2.0582298
v -0.7132080 1.2162007 2.4166504
v -0.7132080 1.2162007 2.4166504
v -0.3271032 1.1822755 2.0582298
v -0.5281062 1.0675549 1.9668758
v -0.7132080 1.2162007 2.4166504
v -0.5281062 1.0675549 1.9668758
v -0.9127381 0.8208091 2.3460661
v -0.9127381 0.8208091 2.3460661
v -0.5281062 1.0675549 1.9668758
v -0.6203095 0.8208091 1.9168760
v -0.9127381 0.8208091 2.3460661
v -0.6203095 0.8208091 1.9168760
v -0.7530372 0.3934328 2.3749335
v -0.7530372 0.3934328 2.3749335
v -0.6203095 0.8208091 1.9168760
v -0.5051108 0.5925297 2.0391316
v -0.7530372 0.3934328 2.3749335
v -0.5051108 0.5925297 2.0391316
v -0.4048897 0.1947310 2.4276768
v -0.4048897 0.1947310 2.4276768
v -0.5051108 0.5925297 2.0391316
v -0.3325316 0.4408763 2.0135732
v -0.4048897 0.1947310 2.4276768
v -0.3325316 0.4408763 2.0135732
v -0.0143849 0.1184806 2.3662123
v -0.0143849 0.1184806 2.3662123
v -0.3325316 0.4408763 2.0135732
v -0.0962166 0.3968531 1.9071136
v -0.0143849 0.1184806 2.3662123
v -0.0962166 0.3968531 1.9071136
v 0.3337626 0.3754325 2.3514561
v 0.3337626 0.3754325 2.3514561
v -0.0962166 0.3968531 1.9071136
v 0.0763626 0.5821372 1.9984677
v 0.3337626 0.3754325 2.3514561
v 0.0763626 0.5821372 1.9984677
v 0.3813888 0.8208091 2.4220404
v 0.3813888 0.8208091 2.4220404
v 0.0763626 0.5821372 1.9984677
v 0.1268550 0.8208091 2.0484674
v 0.1268550 0.8208091 2.0484674
v -0.2208448 0.8208091 1.8357558
v 0.0993580 1.0779474 1.9262118
v 0.0993580 1.0779474 1.9262118
v -0.2208448 0.8208091 1.7523220
v -0.1016451 1.2262987 1.9517702
v -0.1016451 1.2262987 1.9517702
v -0.2208448 0.8208091 1.8873208
v -0.3271032 1.1822755 2.0582298
v -0.3271032 1.1822755 2.0582298
v -0.2208448 0.8208091 1.8873208
v -0.5281062 1.0675549 1.9668758
v -0.5281062 1.0675549 1.9668758
v -0.2208448 0.8208091 1.7523220
v -0.6203095 0.8208091 1.9168760
v -0.6203095 0.8208091 1.9168760
v -0.2208448 0.8208091 1.8357558
v -0.5051108 0.5925297 2.0391316
v -0.5051108 0.5925297 2.0391316
v -0.2208448 0.8208091 1.9191897
v -0.3325316 0.4408763 2.0135732
v -0.3325316 0.4408763 2.0135732
v -0.2208448 0.8208091 1.7841909
v -0.0962166 0.3968531 1.9071136
v -0.0962166 0.3968531 1.9071136
v -0.2208448 0.8208091 1.7841909
v 0.0763626 0.5821372 1.9984677
v 0.0763626 0.5821372 1.9984677
v -0.2208448 0.8208091 1.9191897
v 0.1268550 0.8208091 2.0484674
v -0.3915768 -0.7544320 4.3709015
v 0.0534471 -0.7544320 4.2486451
v -0.0492721 -0.5224986 4.2114975
v -0.3915768 -0.7544320 4.2706033
v -0.0492721 -0.5224986 4.2114975
v -0.2731996 -0.4146648 4.1436254
v -0.3915768 -0.7544320 4.2706033
v -0.2731996 -0.4146648 4.1436254
v -0.5243712 -0.3732844 4.2227203
v -0.3915768 -0.7544320 4.3709015
v -0.5243712 -0.3732844 4.2227203
v -0.7482987 -0.5127300 4.2417090
v -0.3915768 -0.7544320 4.3089138
v -0.7482987 -0.5127300 4.2417090
v -0.7789318 -0.7544320 4.1508785
v -0.3915768 -0.7544320 4.2469261
v -0.7789318 -0.7544320 4.1508785
v -0.7226808 -0.9787761 4.1880261
v -0.3915768 -0.7544320 4.3472243
v -0.7226808 -0.9787761 4.1880261
v -0.5304188 -1.1529374 4.2558982
v -0.3915768 -0.7544320 4.3472243
v -0.5304188 -1.1529374 4.2558982
v -0.2671520 -1.1115569 4.1768033
v -0.3915768 -0.7544320 4.2469261
v -0.2671520 -1.1115569 4.1768033
v -0.0748901 -0.9690075 4.1578145
v -0.3915768 -0.7544320 4.3089138
v -0.0748901 -0.9690075 4.1578145
v 0.0534471 -0.7544320 4.2486451
v 0.0534471 -0.7544320 4.2486451
v 0.3792272 -0.7544320 3.9297757
v -0.0492721 -0.5224986 4.2114975
v -0.0492721 -0.5224986 4.2114975
v 0.3792272 -0.7544320 3.9297757
v 0.1569407 -0.3827762 3.8773346
v -0.0492721 -0.5224986 4.2114975
v 0.1569407 -0.3827762 3.8773346
v -0.2731996 -0.4146648 4.1436254
v -0.2731996 -0.4146648 4.1436254
v 0.1569407 -0.3827762 3.8773346
v -0.1760667 -0.1358734 3.8882978
v -0.2731996 -0.4146648 4.1436254
v -0.1760667 -0.1358734 3.8882978
v -0.5243712 -0.3732844 4.2227203
v -0.5243712 -0.3732844 4.2227203
v -0.1760667 -0.1358734 3.8882978
v -0.6320582 -0.0642004 3.9339632
v -0.5243712 -0.3732844 4.2227203
v -0.6320582 -0.0642004 3.9339632
v -0.7482987 -0.5127300 4.2417090
v -0.7482987 -0.5127300 4.2417090
v -0.6320582 -0.0642004 3.9339632
v -0.9650657 -0.3658565 3.8947773
v -0.7482987 -0.5127300 4.2417090
v -0.9650657 -0.3658565 3.8947773
v -0.7789318 -0.7544320 4.1508785
v -0.7789318 -0.7544320 4.1508785
v -0.9650657 -0.3658565 3.8947773
v -1.0624953 -0.7544320 3.8733301
v -0.7789318 -0.7544320 4.1508785
v -1.0624953 -0.7544320 3.8733301
v -0.7226808 -0.9787761 4.1880261
v -0.7226808 -0.9787761 4.1880261
v -1.0624953 -0.7544320 3.8733301
v -1.0094373 -1.1730721 3.9257711
v -0.7226808 -0.9787761 4.1880261
v -1.0094373 -1.1730721 3.9257711
v -0.5304188 -1.1529374 4.2558982
v -0.5304188 -1.1529374 4.2558982
v -1.0094373 -1.1730721 3.9257711
v -0.6215835 -1.4145989 3.9148080
v -0.5304188 -1.1529374 4.2558982
v -0.6215835 -1.4145989 3.9148080
v -0.2671520 -1.1115569 4.1768033
v -0.2671520 -1.1115569 4.1768033
v -0.6215835 -1.4145989 3.9148080
v -0.1865415 -1.3429259 3.8691425
v -0.2671520 -1.1115569 4.1768033
v -0.1865415 -1.3429259 3.8691425
v -0.0748901 -0.9690075 4.1578145
v -0.0748901 -0.9690075 4.1578145
v -0.1865415 -1.3429259 3.8691425
v 0.2013124 -1.1561524 3.9083285
v -0.0748901 -0.9690075 4.1578145
v 0.2013124 -1.1561524 3.9083285
v 0.0534471 -0.7544320 4.2486451
v 0.0534471 -0.7544320 4.2486451
v 0.2013124 -1.1561524 3.9083285
v 0.3792272 -0.7544320 3.9297757
v 0.3792272 -0.7544320 3.9297757
v 0.4408021 -0.7544320 3.4941920
v 0.1569407 -0.3827762 3.8773346
v 0.1569407 -0.3827762 3.8773346
v 0.4408021 -0.7544320 3.4941920
v 0.2305959 -0.3328701 3.4941920
v 0.1569407 -0.3827762 3.8773346
v 0.2305959 -0.3328701 3.4941920
v -0.1760667 -0.1358734 3.8882978
v -0.1760667 -0.1358734 3.8882978
v 0.2305959 -0.3328701 3.4941920
v -0.1222624 0.0185562 3.4941920
v -0.1760667 -0.1358734 3.8882978
v -0.1222624 0.0185562 3.4941920
v -0.6320582 -0.0642004 3.9339632
v -0.6320582 -0.0642004 3.9339632
v -0.1222624 0.0185562 3.4941920
v -0.6608912 0.0185562 3.4941920
v -0.6320582 -0.0642004 3.9339632
v -0.6608912 0.0185562 3.4941920
v -0.9650657 -0.3658565 3.8947773
v -0.9650657 -0.3658565 3.8947773
v -0.6608912 0.0185562 3.4941920
v -1.0137495 -0.3328701 3.4941920
v -0.9650657 -0.3658565 3.8947773
v -1.0137495 -0.3328701 3.4941920
v -1.0624953 -0.7544320 3.8733301
v -1.0624953 -0.7544320 3.8733301
v -1.0137495 -0.3328701 3.4941920
v -1.2239557 -0.7544320 3.4941920
v -1.0624953 -0.7544320 3.8733301
v -1.2239557 -0.7544320 3.4941920
v -1.0094373 -1.1730721 3.9257711
v -1.0094373 -1.1730721 3.9257711
v -1.2239557 -0.7544320 3.4941920
v -1.1162214 -1.2454252 3.4941920
v -1.0094373 -1.1730721 3.9257711
v -1.1162214 -1.2454252 3.4941920
v -0.6215835 -1.4145989 3.9148080
v -0.6215835 -1.4145989 3.9148080
v -1.1162214 -1.2454252 3.4941920
v -0.6367008 -1.4579889 3.4941920
v -0.6215835 -1.4145989 3.9148080
v -0.6367008 -1.4579889 3.4941920
v -0.1865415 -1.3429259 3.8691425
v -0.1865415 -1.3429259 3.8691425
v -0.6367008 -1.4579889 3.4941920
v -0.1464528 -1.4579889 3.4941920
v -0.1865415 -1.3429259 3.8691425
v -0.1464528 -1.4579889 3.4941920
v 0.2013124 -1.1561524 3.9083285
v 0.2013124 -1.1561524 3.9083285
v -0.1464528 -1.4579889 3.4941920
v 0.3330678 -1.2454252 3.4941920
v 0.2013124 -1.1561524 3.9083285
v 0.3330678 -1.2454252 3.4941920
v 0.3792272 -0.7544320 3.9297757
v 0.3792272 -0.7544320 3.9297757
v 0.3330678 -1.2454252 3.4941920
v 0.4408021 -0.7544320 3.4941920
v 0.4408021 -0.7544320 3.4941920
v 0.2793417 -0.7544320 3.1150538
v 0.2305959 -0.3328701 3.4941920
v 0.2305959 -0.3328701 3.4941920
v 0.2793417 -0.7544320 3.1150538
v 0.1819121 -0.3658565 3.0936066
v 0.2305959 -0.3328701 3.4941920
v 0.1819121 -0.3658565 3.0936066
v -0.1222624 0.0185562 3.4941920
v -0.1222624 0.0185562 3.4941920
v 0.1819121 -0.3658565 3.0936066
v -0.1510954 -0.0642004 3.0544207
v -0.1222624 0.0185562 3.4941920
v -0.1510954 -0.0642004 3.0544207
v -0.6608912 0.0185562 3.4941920
v -0.6608912 0.0185562 3.4941920
v -0.1510954 -0.0642004 3.0544207
v -0.6070869 -0.1358734 3.1000861
v -0.6608912 0.0185562 3.4941920
v -0.6070869 -0.1358734 3.1000861
v -1.0137495 -0.3328701 3.4941920
v -1.0137495 -0.3328701 3.4941920
v -0.6070869 -0.1358734 3.1000861
v -0.9400943 -0.3827762 3.1110493
v -1.0137495 -0.3328701 3.4941920
v -0.9400943 -0.3827762 3.1110493
v -1.2239557 -0.7544320 3.4941920
v -1.2239557 -0.7544320 3.4941920
v -0.9400943 -0.3827762 3.1110493
v -1.1623808 -0.7544320 3.0586082
v -1.2239557 -0.7544320 3.4941920
v -1.1623808 -0.7544320 3.0586082
v -1.1162214 -1.2454252 3.4941920
v -1.1162214 -1.2454252 3.4941920
v -1.1623808 -0.7544320 3.0586082
v -0.9844660 -1.1561524 3.0800554
v -1.1162214 -1.2454252 3.4941920
v -0.9844660 -1.1561524 3.0800554
v -0.6367008 -1.4579889 3.4941920
v -0.6367008 -1.4579889 3.4941920
v -0.9844660 -1.1561524 3.0800554
v -0.5966121 -1.3429259 3.1192414
v -0.6367008 -1.4579889 3.4941920
v -0.5966121 -1.3429259 3.1192414
v -0.1464528 -1.4579889 3.4941920
v -0.1464528 -1.4579889 3.4941920
v -0.5966121 -1.3429259 3.1192414
v -0.1615701 -1.4145989 3.0735759
v -0.1464528 -1.4579889 3.4941920
v -0.1615701 -1.4145989 3.0735759
v 0.3330678 -1.2454252 3.4941920
v 0.3330678 -1.2454252 3.4941920
v -0.1615701 -1.4145989 3.0735759
v 0.2262837 -1.1730721 3.0626128
v 0.3330678 -1.2454252 3.4941920
v 0.2262837 -1.1730721 3.0626128
v 0.4408021 -0.7544320 3.4941920
v 0.4408021 -0.7544320 3.4941920
v 0.2262837 -1.1730721 3.0626128
v 0.2793417 -0.7544320 3.1150538
v 0.2793417 -0.7544320 3.1150538
v -0.0042218 -0.7544320 2.8375054
v 0.1819121 -0.3658565 3.0936066
v 0.1819121 -0.3658565 3.0936066
v -0.0042218 -0.7544320 2.8375054
v -0.0348549 -0.5127300 2.7466749
v 0.1819121 -0.3658565 3.0936066
v -0.0348549 -0.5127300 2.7466749
v -0.1510954 -0.0642004 3.0544207
v -0.1510954 -0.0642004 3.0544207
v -0.0348549 -0.5127300 2.7466749
v -0.2587824 -0.3732844 2.7656636
v -0.1510954 -0.0642004 3.0544207
v -0.2587824 -0.3732844 2.7656636
v -0.6070869 -0.1358734 3.1000861
v -0.6070869 -0.1358734 3.1000861
v -0.2587824 -0.3732844 2.7656636
v -0.5099540 -0.4146648 2.8447585
v -0.6070869 -0.1358734 3.1000861
v -0.5099540 -0.4146648 2.8447585
v -0.9400943 -0.3827762 3.1110493
v -0.9400943 -0.3827762 3.1110493
v -0.5099540 -0.4146648 2.8447585
v -0.7338815 -0.5224986 2.7768864
v -0.9400943 -0.3827762 3.1110493
v -0.7338815 -0.5224986 2.7768864
v -1.1623808 -0.7544320 3.0586082
v -1.1623808 -0.7544320 3.0586082
v -0.7338815 -0.5224986 2.7768864
v -0.8366007 -0.7544320 2.7397388
v -1.1623808 -0.7544320 3.0586082
v -0.8366007 -0.7544320 2.7397388
v -0.9844660 -1.1561524 3.0800554
v -0.9844660 -1.1561524 3.0800554
v -0.8366007 -0.7544320 2.7397388
v -0.7082635 -0.9690075 2.8305694
v -0.9844660 -1.1561524 3.0800554
v -0.7082635 -0.9690075 2.8305694
v -0.5966121 -1.3429259 3.1192414
v -0.5966121 -1.3429259 3.1192414
v -0.7082635 -0.9690075 2.8305694
v -0.5160016 -1.1115569 2.8115806
v -0.5966121 -1.3429259 3.1192414
v -0.5160016 -1.1115569 2.8115806
v -0.1615701 -1.4145989 3.0735759
v -0.1615701 -1.4145989 3.0735759
v -0.5160016 -1.1115569 2.8115806
v -0.2527348 -1.1529374 2.7324858
v -0.1615701 -1.4145989 3.0735759
v -0.2527348 -1.1529374 2.7324858
v 0.2262837 -1.1730721 3.0626128
v 0.2262837 -1.1730721 3.0626128
v -0.2527348 -1.1529374 2.7324858
v -0.0604728 -0.9787761 2.8003578
v 0.2262837 -1.1730721 3.0626128
v -0.0604728 -0.9787761 2.8003578
v 0.2793417 -0.7544320 3.1150538
v 0.2793417 -0.7544320 3.1150538
v -0.0604728 -0.9787761 2.8003578
v -0.0042218 -0.7544320 2.8375054
v -0.0042218 -0.7544320 2.8375054
v -0.3915768 -0.7544320 2.6794701
v -0.0348549 -0.5127300 2.7466749
v -0.0348549 -0.5127300 2.7466749
v -0.3915768 -0.7544320 2.6174824
v -0.2587824 -0.3732844 2.7656636
v -0.2587824 -0.3732844 2.7656636
v -0.3915768 -0.7544320 2.7177806
v -0.5099540 -0.4146648 2.8447585
v -0.5099540 -0.4146648 2.8447585
v -0.3915768 -0.7544320 2.7177806
v -0.7338815 -0.5224986 2.7768864
v -0.7338815 -0.5224986 2.7768864
v -0.3915768 -0.7544320 2.6174824
v -0.8366007 -0.7544320 2.7397388
v -0.8366007 -0.7544320 2.7397388
v -0.3915768 -0.7544320 2.6794701
v -0.7082635 -0.9690075 2.8305694
v -0.7082635 -0.9690075 2.8305694
v -0.3915768 -0.7544320 2.7414578
v -0.5160016 -1.1115569 2.8115806
v -0.5160016 -1.1115569 2.8115806
v -0.3915768 -0.7544320 2.6411596
v -0.2527348 -1.1529374 2.7324858
v -0.2527348 -1.1529374 2.7324858
v -0.3915768 -0.7544320 2.6411596
v -0.0604728 -0.9787761 2.8003578
v -0.0604728 -0.9787761 2.8003578
v -0.3915768 -0.7544320 2.7414578
v -0.0042218 -0.7544320 2.8375054
vn 0.9658508 0.2587989 -0.0124626
vn 0.9658508 0.2587989 -0.0124626
vn 0.7071008 0.7071008 -0.0041145
vn 0.7071008 0.7071008 -0.0041145
vn 0.2588052 0.9658741 0.0103458
vn 0.2588052 0.9658741 0.0103458
vn -0.2587244 0.9655728 0.0270345
vn -0.2587244 0.9655728 0.0270345
vn -0.7064985 0.7064985 0.0414695
vn -0.7064985 0.7064985 0.0414695
vn -0.9647277 0.2584980 0.0497924
vn -0.9647277 0.2584980 0.0497924
vn -0.9647277 -0.2584980 0.0497924
vn -0.9647277 -0.2584980 0.0497924
vn -0.7064985 -0.7064985 0.0414695
vn -0.7064985 -0.7064985 0.0414695
vn -0.2587244 -0.9655728 0.0270345
vn -0.2587244 -0.9655728 0.0270345
vn 0.2588052 -0.9658741 0.0103458
vn 0.2588052 -0.9658741 0.0103458
vn 0.7071008 -0.7071008 -0.0041145
vn 0.7071008 -0.7071008 -0.0041145
vn 0.9658508 -0.2587989 -0.0124626
vn 0.9658508 -0.2587989 -0.0124626
vn 0.2990928 0.3070087 0.9034872
vn -0.1131451 0.4406937 0.8904983
vn 0.3800047 0.2666298 0.8857229
vn -0.1424244 0.3789647 0.9143856
vn -0.4163405 -0.3309083 0.8468532
vn -0.2842670 0.1186202 0.9513788
vn -0.4550883 -0.0862393 0.8862604
vn 0.3670865 -0.3644393 0.8558221
vn 0.2252871 -0.1493933 0.9627707
vn 0.1381048 -0.5145560 0.8462619
vn 0.6921926 0.4200608 0.5868717
vn 0.6875135 0.5008772 0.5257825
vn 0.2581715 0.8641797 0.4319038
vn 0.4580324 0.5821436 0.6717999
vn 0.3639955 0.6303048 0.6857282
vn 0.1942593 0.7626510 0.6169496
vn -0.3353039 0.6506142 0.6813754
vn -0.6109699 0.5926348 0.5248807
vn -0.8963451 -0.0836129 0.4354014
vn -0.7544963 0.1467140 0.6396955
vn -0.7612766 -0.0621271 0.6454442
vn -0.7426720 0.0069558 0.6696193
vn -0.5985018 -0.3149615 0.7366104
vn -0.4273843 -0.7168416 0.5508909
vn 0.2990181 -0.8337525 0.4641604
vn 0.2029572 -0.8104001 0.5496000
vn 0.5459903 -0.6523870 0.5256290
vn 0.2547893 -0.6985374 0.6686763
vn 0.3773077 -0.5900755 0.7137575
vn 0.7130953 -0.3549103 0.6045939
vn 0.8463143 0.5233501 0.0992815
vn 0.8789302 0.4385103 0.1875909
vn 0.5903152 0.7870296 0.1791992
vn 0.6737852 0.6769064 0.2963296
vn 0.1847667 0.9283150 0.3226338
vn 0.0000000 0.9880381 0.1542101
vn -0.6751775 0.7223515 0.1494779
vn -0.7004825 0.7037275 0.1187093
vn -0.9654412 0.2346587 0.1133954
vn -0.8531721 0.4256592 0.3015155
vn -0.9406011 -0.0690722 0.3324133
vn -0.9518083 -0.2089628 0.2244896
vn -0.5099932 -0.8314813 0.2203310
vn -0.4034225 -0.9105827 0.0899411
vn 0.1716723 -0.9819897 0.0788979
vn 0.0000000 -0.9691027 0.2466576
vn 0.3930056 -0.8821877 0.2594058
vn 0.3910206 -0.8825900 0.2610322
vn 0.8647576 -0.4025273 0.3002767
vn 0.9703887 -0.2130420 0.1138367
vn 0.8531721 0.4256592 -0.3015155
vn 0.9654412 0.2346587 -0.1133954
vn 0.7004825 0.7037275 -0.1187093
vn 0.6751775 0.7223515 -0.1494779
vn 0.0000000 0.9880381 -0.1542101
vn -0.1847667 0.9283150 -0.3226338
vn -0.6737852 0.6769064 -0.2963296
vn -0.5903152 0.7870296 -0.1791992
vn -0.8789302 0.4385103 -0.1875909
vn -0.8463143 0.5233501 -0.0992815
vn -0.9703887 -0.2130420 -0.1138367
vn -0.8647576 -0.4025273 -0.3002767
vn -0.3910206 -0.8825900 -0.2610322
vn -0.3930056 -0.8821877 -0.2594058
vn 0.0000000 -0.9691027 -0.2466576
vn -0.1716723 -0.9819897 -0.0788979
vn 0.4034225 -0.9105827 -0.0899411
vn 0.5099932 -0.8314813 -0.2203310
vn 0.9518083 -0.2089628 -0.2244896
vn 0.9406011 -0.0690722 -0.3324133
vn 0.7544963 0.1467140 -0.6396955
vn 0.8963451 -0.0836129 -0.4354014
vn 0.6109699 0.5926348 -0.5248807
vn 0.3353039 0.6506142 -0.6813754
vn -0.1942593 0.7626510 -0.6169496
vn -0.3639955 0.6303048 -0.6857282
vn -0.4580324 0.5821436 -0.6717999
vn -0.2581715 0.8641797 -0.4319038
vn -0.6875135 0.5008772 -0.5257825
vn -0.6921926 0.4200608 -0.5868717
vn -0.7130953 -0.3549103 -0.6045939
vn -0.3773077 -0.5900755 -0.7137575
vn -0.2547893 -0.6985374 -0.6686763
vn -0.5459903 -0.6523870 -0.5256290
vn -0.2029572 -0.8104001 -0.5496000
vn -0.2990181 -0.8337525 -0.4641604
vn 0.4273843 -0.7168416 -0.5508909
vn 0.5985018 -0.3149615 -0.7366104
vn 0.7426720 0.0069558 -0.6696193
vn 0.7612766 -0.0621271 -0.6454442
vn 0.4163405 -0.3309083 -0.8468532
vn 0.1424244 0.3789647 -0.9143856
vn -0.3800047 0.2666298 -0.8857229
vn 0.1131451 0.4406937 -0.8904983
vn -0.2990928 0.3070087 -0.9034872
vn -0.1381048 -0.5145560 -0.8462619
vn -0.2252871 -0.1493933 -0.9627707
vn -0.3670865 -0.3644393 -0.8558221
vn 0.4550883 -0.0862393 -0.8862604
vn 0.2842670 0.1186202 -0.9513788
vn 0.3111091 0.3112217 0.8979712
vn -0.1178817 0.4474661 0.8864976
vn 0.3944343 0.2697160 0.8784503
vn -0.1484844 0.3850414 0.9108762
vn -0.4312377 -0.3340321 0.8381269
vn -0.2962817 0.1204895 0.9474700
vn -0.4715787 -0.0870915 0.8775127
vn 0.3807321 -0.3683738 0.8481414
vn 0.2351043 -0.1519385 0.9600212
vn 0.1436417 -0.5215749 0.8410272
vn 0.7060351 0.4175648 0.5719738
vn 0.7004698 0.4973383 0.5118561
vn 0.2654002 0.8657837 0.4242420
vn 0.4714937 0.5840127 0.6607745
vn 0.3756052 0.6338675 0.6761159
vn 0.2006114 0.7675595 0.6087754
vn -0.3461438 0.6545667 0.6721063
vn -0.6240912 0.5899671 0.5122977
vn -0.9039915 -0.0821816 0.4195778
vn -0.7687285 0.1456799 0.6227630
vn -0.7755384 -0.0616814 0.6282798
vn -0.7575981 0.0069151 0.6526847
vn -0.6147593 -0.3152895 0.7229547
vn -0.4389978 -0.7175949 0.5406834
vn 0.3073776 -0.8352650 0.4559072
vn 0.2092521 -0.8142865 0.5414342
vn 0.5588262 -0.6507431 0.5140494
vn 0.2632726 -0.7034391 0.6601977
vn 0.3895386 -0.5937105 0.7041077
vn 0.7270918 -0.3526734 0.5890322
vn 0.8525659 0.5138082 0.0955648
vn 0.8845732 0.4301021 0.1803951
vn 0.6005824 0.7803549 0.1742041
vn 0.6843543 0.6700398 0.2875863
vn 0.1897997 0.9293505 0.3166761
vn 0.0000000 0.9884935 0.1512635
vn -0.6848848 0.7141025 0.1448806
vn -0.7098048 0.6949580 0.1149370
vn -0.9673216 0.2291364 0.1085610
vn -0.8605216 0.4184076 0.2905817
vn -0.9452699 -0.0676497 0.3191996
vn -0.9549541 -0.2043216 0.2152101
vn -0.5202229 -0.8265896 0.2147505
vn -0.4122443 -0.9068310 0.0878186
vn 0.1760362 -0.9813437 0.0773038
vn 0.0000000 -0.9702467 0.2421186
vn 0.4021448 -0.8797457 0.2536279
vn 0.4001366 -0.8801971 0.2552327
vn 0.8717516 -0.3954633 0.2892368
vn 0.9720459 -0.2079786 0.1089574
vn 0.8605216 0.4184076 -0.2905817
vn 0.9673216 0.2291364 -0.1085610
vn 0.7098048 0.6949580 -0.1149370
vn 0.6848848 0.7141025 -0.1448806
vn 0.0000000 0.9884935 -0.1512635
vn -0.1897997 0.9293505 -0.3166761
vn -0.6843543 0.6700398 -0.2875863
vn -0.6005824 0.7803549 -0.1742041
vn -0.8845732 0.4301021 -0.1803951
vn -0.8525659 0.5138082 -0.0955648
vn -0.9720459 -0.2079786 -0.1089574
vn -0.8717516 -0.3954633 -0.2892368
vn -0.4001366 -0.8801971 -0.2552327
vn -0.4021448 -0.8797457 -0.2536279
vn 0.0000000 -0.9702467 -0.2421186
vn -0.1760362 -0.9813437 -0.0773038
vn 0.4122443 -0.9068310 -0.0878186
vn 0.5202229 -0.8265896 -0.2147505
vn 0.9549541 -0.2043216 -0.2152101
vn 0.9452699 -0.0676497 -0.3191996
vn 0.7687285 0.1456799 -0.6227630
vn 0.9039915 -0.0821816 -0.4195778
vn 0.6240912 0.5899671 -0.5122977
vn 0.3461438 0.6545667 -0.6721063
vn -0.2006114 0.7675595 -0.6087754
vn -0.3756052 0.6338675 -0.6761159
vn -0.4714937 0.5840127 -0.6607745
vn -0.2654002 0.8657837 -0.4242420
vn -0.7004698 0.4973383 -0.5118561
vn -0.7060351 0.4175648 -0.5719738
vn -0.7270918 -0.3526734 -0.5890322
vn -0.3895386 -0.5937105 -0.7041077
vn -0.2632726 -0.7034391 -0.6601977
vn -0.5588262 -0.6507431 -0.5140494
vn -0.2092521 -0.8142865 -0.5414342
vn -0.3073776 -0.8352650 -0.4559072
vn 0.4389978 -0.7175949 -0.5406834
vn 0.6147593 -0.3152895 -0.7229547
vn 0.7575981 0.0069151 -0.6526847
vn 0.7755384 -0.0616814 -0.6282798
vn 0.4312377 -0.3340321 -0.8381269
vn 0.1484844 0.3850414 -0.9108762
vn -0.3944343 0.2697160 -0.8784503
vn 0.1178817 0.4474661 -0.8864976
vn -0.3111091 0.3112217 -0.8979712
vn -0.1436417 -0.5215749 -0.8410272
vn -0.2351043 -0.1519385 -0.9600212
vn -0.3807321 -0.3683738 -0.8481414
vn 0.4715787 -0.0870915 -0.8775127
vn 0.2962817 0.1204895 -0.9474700
vn 0.3386669 0.3094057 0.8885791
vn -0.1293700 0.4484828 0.8843792
vn 0.4268453 0.2665636 0.8641452
vn -0.1628557 0.3856809 0.9081455
vn -0.4651560 -0.3290549 0.8217985
vn -0.3229476 0.1199430 0.9387857
vn -0.5070441 -0.0855196 0.8576670
vn 0.4123451 -0.3643581 0.8349938
vn 0.2571178 -0.1517532 0.9543906
vn 0.1574769 -0.5222175 0.8381467
vn 0.7384053 0.3988327 0.5437739
vn 0.7329034 0.4752341 0.4868318
vn 0.2888278 0.8604892 0.4196865
vn 0.5062020 0.5726228 0.6448742
vn 0.4064621 0.6264485 0.6650945
vn 0.2191633 0.7658125 0.6045648
vn -0.3753475 0.6482302 0.6625043
vn -0.6590741 0.5690000 0.4917930
vn -0.9186681 -0.0762724 0.3875971
vn -0.7975123 0.1380265 0.5873012
vn -0.8038458 -0.0583878 0.5919653
vn -0.7872858 0.0065628 0.6165533
vn -0.6506474 -0.3047534 0.6955453
vn -0.4723476 -0.7051429 0.5288300
vn 0.3337655 -0.8283080 0.4500071
vn 0.2284412 -0.8118582 0.5373089
vn 0.5944170 -0.6321532 0.4970419
vn 0.2868807 -0.7000364 0.6539483
vn 0.4211778 -0.5862571 0.6920346
vn 0.7584166 -0.3359616 0.5585105
vn 0.8726015 0.4802721 0.0889119
vn 0.9011019 0.4001382 0.1670470
vn 0.6353044 0.7538757 0.1675103
vn 0.7169510 0.6410729 0.2738737
vn 0.2071797 0.9264660 0.3142249
vn 0.0000000 0.9885984 0.1505759
vn -0.7172714 0.6830065 0.1379272
vn -0.7410053 0.6625815 0.1090727
vn -0.9725678 0.2103979 0.0992194
vn -0.8799708 0.3907549 0.2701149
vn -0.9541152 -0.0623604 0.2928742
vn -0.9621840 -0.1880132 0.1971116
vn -0.5549977 -0.8053599 0.2082618
vn -0.4439669 -0.8919093 0.0859718
vn 0.1921679 -0.9783593 0.0767103
vn 0.0000000 -0.9705107 0.2410580
vn 0.4335438 -0.8661758 0.2485543
vn 0.4314474 -0.8667582 0.2501668
vn 0.8899510 -0.3687040 0.2684112
vn 0.9765679 -0.1908239 0.0995053
vn 0.8799708 0.3907549 -0.2701149
vn 0.9725678 0.2103979 -0.0992194
vn 0.7410053 0.6625815 -0.1090727
vn 0.7172714 0.6830065 -0.1379272
vn 0.0000000 0.9885984 -0.1505759
vn -0.2071797 0.9264660 -0.3142249
vn -0.7169510 0.6410729 -0.2738737
vn -0.6353044 0.7538757 -0.1675103
vn -0.9011019 0.4001382 -0.1670470
vn -0.8726015 0.4802721 -0.0889119
vn -0.9765679 -0.1908239 -0.0995053
vn -0.8899510 -0.3687040 -0.2684112
vn -0.4314474 -0.8667582 -0.2501668
vn -0.4335438 -0.8661758 -0.2485543
vn 0.0000000 -0.9705107 -0.2410580
vn -0.1921679 -0.9783593 -0.0767103
vn 0.4439669 -0.8919093 -0.0859718
vn 0.5549977 -0.8053599 -0.2082618
vn 0.9621840 -0.1880132 -0.1971116
vn 0.9541152 -0.0623604 -0.2928742
vn 0.7975123 0.1380265 -0.5873012
vn 0.9186681 -0.0762724 -0.3875971
vn 0.6590741 0.5690000 -0.4917930
vn 0.3753475 0.6482302 -0.6625043
vn -0.2191633 0.7658125 -0.6045648
vn -0.4064621 0.6264485 -0.6650945
vn -0.5062020 0.5726228 -0.6448742
vn -0.2888278 0.8604892 -0.4196865
vn -0.7329034 0.4752341 -0.4868318
vn -0.7384053 0.3988327 -0.5437739
vn -0.7584166 -0.3359616 -0.5585105
vn -0.4211778 -0.5862571 -0.6920346
vn -0.2868807 -0.7000364 -0.6539483
vn -0.5944170 -0.6321532 -0.4970419
vn -0.2284412 -0.8118582 -0.5373089
vn -0.3337655 -0.8283080 -0.4500071
vn 0.4723476 -0.7051429 -0.5288300
vn 0.6506474 -0.3047534 -0.6955453
vn 0.7872858 0.0065628 -0.6165533
vn 0.8038458 -0.0583878 -0.5919653
vn 0.4651560 -0.3290549 -0.8217985
vn 0.1628557 0.3856809 -0.9081455
vn -0.4268453 0.2665636 -0.8641452
vn 0.1293700 0.4484828 -0.8843792
vn -0.3386669 0.3094057 -0.8885791
vn -0.1574769 -0.5222175 -0.8381467
vn -0.2571178 -0.1517532 -0.9543906
vn -0.4123451 -0.3643581 -0.8349938
vn 0.5070441 -0.0855196 -0.8576670
vn 0.3229476 0.1199430 -0.9387857
vn 0.3509668 0.3447488 0.8706150
vn -0.1328448 0.4951512 0.8585905
vn 0.4421826 0.2969022 0.8463590
vn -0.1683604 0.4286931 0.8876244
vn -0.4784461 -0.3639017 0.7991651
vn -0.3387816 0.1352832 0.9310883
vn -0.5277498 -0.0957039 0.8439910
vn 0.4237904 -0.4026244 0.8113540
vn 0.2699898 -0.1713303 0.9474975
vn 0.1600595 -0.5706860 0.8054181
vn 0.7408413 0.4302318 0.5158049
vn 0.7292368 0.5084061 0.4579706
vn 0.2757848 0.8834015 0.3788726
vn 0.5044346 0.6135231 0.6075650
vn 0.4035912 0.6687876 0.6243695
vn 0.2136064 0.8025097 0.5570911
vn -0.3718364 0.6904447 0.6205029
vn -0.6510372 0.6043175 0.4592939
vn -0.9256538 -0.0826301 0.3692387
vn -0.8112726 0.1509639 0.5648421
vn -0.8189978 -0.0639607 0.5702207
vn -0.8036617 0.0072030 0.5950429
vn -0.6629792 -0.3338751 0.6700642
vn -0.4614273 -0.7406278 0.4884212
vn 0.3203444 -0.8547692 0.4083493
vn 0.2206168 -0.8429963 0.4905971
vn 0.5839626 -0.6677248 0.4616614
vn 0.2825257 -0.7412394 0.6088871
vn 0.4205908 -0.6294535 0.6533695
vn 0.7643624 -0.3640512 0.5321813
vn 0.8576595 0.5075369 0.0826220
vn 0.8913427 0.4255613 0.1562235
vn 0.6097184 0.7779084 0.1519937
vn 0.6976302 0.6706942 0.2519550
vn 0.1954671 0.9398040 0.2802876
vn 0.0000000 0.9911497 0.1327487
vn -0.6931661 0.7096757 0.1260203
vn -0.7172862 0.6895913 0.0998215
vn -0.9697300 0.2255556 0.0935329
vn -0.8729809 0.4167947 0.2533505
vn -0.9581947 -0.0673354 0.2780807
vn -0.9615153 -0.2020076 0.1862288
vn -0.5299923 -0.8268937 0.1880290
vn -0.4188882 -0.9047935 0.0766903
vn 0.1792982 -0.9814648 0.0676683
vn 0.0000000 -0.9769689 0.2133819
vn 0.4114102 -0.8837498 0.2229976
vn 0.4094075 -0.8843153 0.2244369
vn 0.8839767 -0.3937621 0.2520648
vn 0.9743149 -0.2046967 0.0938599
vn 0.8729809 0.4167947 -0.2533505
vn 0.9697300 0.2255556 -0.0935329
vn 0.7172862 0.6895913 -0.0998215
vn 0.6931661 0.7096757 -0.1260203
vn 0.0000000 0.9911497 -0.1327487
vn -0.1954671 0.9398040 -0.2802876
vn -0.6976302 0.6706942 -0.2519550
vn -0.6097184 0.7779084 -0.1519937
vn -0.8913427 0.4255613 -0.1562235
vn -0.8576595 0.5075369 -0.0826220
vn -0.9743149 -0.2046967 -0.0938599
vn -0.8839767 -0.3937621 -0.2520648
vn -0.4094075 -0.8843153 -0.2244369
vn -0.4114102 -0.8837498 -0.2229976
vn 0.0000000 -0.9769689 -0.2133819
vn -0.1792982 -0.9814648 -0.0676683
vn 0.4188882 -0.9047935 -0.0766903
vn 0.5299923 -0.8268937 -0.1880290
vn 0.9615153 -0.2020076 -0.1862288
vn 0.9581947 -0.0673354 -0.2780807
vn 0.8112726 0.1509639 -0.5648421
vn 0.9256538 -0.0826301 -0.3692387
vn 0.6510372 0.6043175 -0.4592939
vn 0.3718364 0.6904447 -0.6205029
vn -0.2136064 0.8025097 -0.5570911
vn -0.4035912 0.6687876 -0.6243695
vn -0.5044346 0.6135231 -0.6075650
vn -0.2757848 0.8834015 -0.3788726
vn -0.7292368 0.5084061 -0.4579706
vn -0.7408413 0.4302318 -0.5158049
vn -0.7643624 -0.3640512 -0.5321813
vn -0.4205908 -0.6294535 -0.6533695
vn -0.2825257 -0.7412394 -0.6088871
vn -0.5839626 -0.6677248 -0.4616614
vn -0.2206168 -0.8429963 -0.4905971
vn -0.3203444 -0.8547692 -0.4083493
vn 0.4614273 -0.7406278 -0.4884212
vn 0.6629792 -0.3338751 -0.6700642
vn 0.8036617 0.0072030 -0.5950429
vn 0.8189978 -0.0639607 -0.5702207
vn 0.4784461 -0.3639017 -0.7991651
vn 0.1683604 0.4286931 -0.8876244
vn -0.4421826 0.2969022 -0.8463590
vn 0.1328448 0.4951512 -0.8585905
vn -0.3509668 0.3447488 -0.8706150
vn -0.1600595 -0.5706860 -0.8054181
vn -0.2699898 -0.1713303 -0.9474975
vn -0.4237904 -0.4026244 -0.8113540
vn 0.5277498 -0.0957039 -0.8439910
vn 0.3387816 0.1352832 -0.9310883
vn 0.2843855 0.2623942 0.9221031
vn -0.1087045 0.3805843 0.9183348
vn 0.3613823 0.2279232 0.9041316
vn -0.1358184 0.3248440 0.9359646
vn -0.3991307 -0.2851518 0.8714259
vn -0.2668240 0.1000827 0.9585345
vn -0.4303861 -0.0733111 0.8996629
vn 0.3522614 -0.3143575 0.8815278
vn 0.2113018 -0.1259505 0.9692719
vn 0.1342578 -0.4496402 0.8830620
vn 0.6858690 0.3741350 0.6241849
vn 0.6896230 0.4516103 0.5660992
vn 0.2744353 0.8257294 0.4928045
vn 0.4572103 0.5223384 0.7198064
vn 0.3648606 0.5679151 0.7378002
vn 0.1997022 0.7047398 0.6807796
vn -0.3371015 0.5879598 0.7352998
vn -0.6189181 0.5396379 0.5707288
vn -0.8842677 -0.0741453 0.4610565
vn -0.7334784 0.1282046 0.6675125
vn -0.7384956 -0.0541737 0.6720785
vn -0.7185672 0.0060495 0.6954312
vn -0.5803557 -0.2745290 0.7666949
vn -0.4390632 -0.6619629 0.6074772
vn 0.3153147 -0.7902887 0.5253765
vn 0.2116141 -0.7595240 0.6150957
vn 0.5571572 -0.5984118 0.5757423
vn 0.2581225 -0.6361161 0.7271376
vn 0.3753127 -0.5276028 0.7620864
vn 0.7021456 -0.3141234 0.6389977
vn 0.8687996 0.4829278 0.1093987
vn 0.8931407 0.4005412 0.2046130
vn 0.6271615 0.7516030 0.2043561
vn 0.7004246 0.6325146 0.3306518
vn 0.2003644 0.9048866 0.3755455
vn 0.0000000 0.9830715 0.1832222
vn -0.7104344 0.6832136 0.1688258
vn -0.7354972 0.6641867 0.1337902
vn -0.9696278 0.2118448 0.1222448
vn -0.8622552 0.3866902 0.3270880
vn -0.9332127 -0.0615999 0.3540051
vn -0.9521494 -0.1878999 0.2410503
vn -0.5453192 -0.7991731 0.2528820
vn -0.4396416 -0.8919901 0.1052090
vn 0.1900692 -0.9772830 0.0937633
vn 0.0000000 -0.9567842 0.2907988
vn 0.4235911 -0.8546948 0.3001122
vn 0.4214535 -0.8550882 0.3019952
vn 0.8723772 -0.3650121 0.3251527
vn 0.9736771 -0.1921482 0.1226048
vn 0.8622552 0.3866902 -0.3270880
vn 0.9696278 0.2118448 -0.1222448
vn 0.7354972 0.6641867 -0.1337902
vn 0.7104344 0.6832136 -0.1688258
vn 0.0000000 0.9830715 -0.1832222
vn -0.2003644 0.9048866 -0.3755455
vn -0.7004246 0.6325146 -0.3306518
vn -0.6271615 0.7516030 -0.2043561
vn -0.8931407 0.4005412 -0.2046130
vn -0.8687996 0.4829278 -0.1093987
vn -0.9736771 -0.1921482 -0.1226048
vn -0.8723772 -0.3650121 -0.3251527
vn -0.4214535 -0.8550882 -0.3019952
vn -0.4235911 -0.8546948 -0.3001122
vn 0.0000000 -0.9567842 -0.2907988
vn -0.1900692 -0.9772830 -0.0937633
vn 0.4396416 -0.8919901 -0.1052090
vn 0.5453192 -0.7991731 -0.2528820
vn 0.9521494 -0.1878999 -0.2410503
vn 0.9332127 -0.0615999 -0.3540051
vn 0.7334784 0.1282046 -0.6675125
vn 0.8842677 -0.0741453 -0.4610565
vn 0.6189181 0.5396379 -0.5707288
vn 0.3371015 0.5879598 -0.7352998
vn -0.1997022 0.7047398 -0.6807796
vn -0.3648606 0.5679151 -0.7378002
vn -0.4572103 0.5223384 -0.7198064
vn -0.2744353 0.8257294 -0.4928045
vn -0.6896230 0.4516103 -0.5660992
vn -0.6858690 0.3741350 -0.6241849
vn -0.7021456 -0.3141234 -0.6389977
vn -0.3753127 -0.5276028 -0.7620864
vn -0.2581225 -0.6361161 -0.7271376
vn -0.5571572 -0.5984118 -0.5757423
vn -0.2116141 -0.7595240 -0.6150957
vn -0.3153147 -0.7902887 -0.5253765
vn 0.4390632 -0.6619629 -0.6074772
vn 0.5803557 -0.2745290 -0.7666949
vn 0.7185672 0.0060495 -0.6954312
vn 0.7384956 -0.0541737 -0.6720785
vn 0.3991307 -0.2851518 -0.8714259
vn 0.1358184 0.3248440 -0.9359646
vn -0.3613823 0.2279232 -0.9041316
vn 0.1087045 0.3805843 -0.9183348
vn -0.2843855 0.2623942 -0.9221031
vn -0.1342578 -0.4496402 -0.8830620
vn -0.2113018 -0.1259505 -0.9692719
vn -0.3522614 -0.3143575 -0.8815278
vn 0.4303861 -0.0733111 -0.8996629
vn 0.2668240 0.1000827 -0.9585345
vn 0.2984539 0.2760172 0.9136409
vn -0.1140125 0.4000994 0.9093523
vn 0.3785335 0.2392975 0.8941192
vn -0.1427439 0.3422047 0.9287196
vn -0.4166029 -0.2983290 0.8587443
vn -0.2812214 0.1057291 0.9538007
vn -0.4506496 -0.0769418 0.8893789
vn 0.3680513 -0.3292148 0.8695722
vn 0.2229786 -0.1332209 0.9656773
vn 0.1402614 -0.4708428 0.8709959
vn 0.7006230 0.3830749 0.6019809
vn 0.7016046 0.4605287 0.5437503
vn 0.2776751 0.8374266 0.4707581
vn 0.4703309 0.5385817 0.6990841
vn 0.3758518 0.5863883 0.7175543
vn 0.2046781 0.7239848 0.6587511
vn -0.3471629 0.6069213 0.7149297
vn -0.6297247 0.5503414 0.5482437
vn -0.8946470 -0.0751906 0.4404011
vn -0.7518727 0.1317264 0.6460151
vn -0.7573053 -0.0556831 0.6506828
vn -0.7382225 0.0062295 0.6745286
vn -0.5997118 -0.2843471 0.7479923
vn -0.4476613 -0.6765008 0.5847615
vn 0.3196710 -0.8030766 0.5028702
vn 0.2157989 -0.7763514 0.5922071
vn 0.5669771 -0.6103796 0.5531490
vn 0.2656053 -0.6560839 0.7064048
vn 0.3874758 -0.5459722 0.7428168
vn 0.7180841 -0.3220035 0.6169837
vn 0.8688911 0.4841056 0.1032961
vn 0.8948420 0.4022406 0.1935468
vn 0.6277574 0.7540726 0.1931196
vn 0.7039563 0.6371872 0.3137483
vn 0.2015262 0.9122570 0.3566151
vn 0.0000000 0.9849379 0.1729084
vn -0.7107598 0.6851215 0.1594645
vn -0.7354544 0.6656978 0.1263064
vn -0.9703139 0.2124894 0.1154952
vn -0.8670040 0.3897271 0.3105105
vn -0.9396226 -0.0621678 0.3365182
vn -0.9550897 -0.1889199 0.2282827
vn -0.5464031 -0.8026301 0.2392250
vn -0.4390898 -0.8929493 0.0992051
vn 0.1897368 -0.9778502 0.0883688
vn 0.0000000 -0.9613799 0.2752249
vn 0.4249472 -0.8594316 0.2842484
vn 0.4228282 -0.8598792 0.2860491
vn 0.8771547 -0.3678674 0.3086637
vn 0.9743890 -0.1927374 0.1158380
vn 0.8670040 0.3897271 -0.3105105
vn 0.9703139 0.2124894 -0.1154952
vn 0.7354544 0.6656978 -0.1263064
vn 0.7107598 0.6851215 -0.1594645
vn 0.0000000 0.9849379 -0.1729084
vn -0.2015262 0.9122570 -0.3566151
vn -0.7039563 0.6371872 -0.3137483
vn -0.6277574 0.7540726 -0.1931196
vn -0.8948420 0.4022406 -0.1935468
vn -0.8688911 0.4841056 -0.1032961
vn -0.9743890 -0.1927374 -0.1158380
vn -0.8771547 -0.3678674 -0.3086637
vn -0.4228282 -0.8598792 -0.2860491
vn -0.4249472 -0.8594316 -0.2842484
vn 0.0000000 -0.9613799 -0.2752249
vn -0.1897368 -0.9778502 -0.0883688
vn 0.4390898 -0.8929493 -0.0992051
vn 0.5464031 -0.8026301 -0.2392250
vn 0.9550897 -0.1889199 -0.2282827
vn 0.9396226 -0.0621678 -0.3365182
vn 0.7518727 0.1317264 -0.6460151
vn 0.8946470 -0.0751906 -0.4404011
vn 0.6297247 0.5503414 -0.5482437
vn 0.3471629 0.6069213 -0.7149297
vn -0.2046781 0.7239848 -0.6587511
vn -0.3758518 0.5863883 -0.7175543
vn -0.4703309 0.5385817 -0.6990841
vn -0.2776751 0.8374266 -0.4707581
vn -0.7016046 0.4605287 -0.5437503
vn -0.7006230 0.3830749 -0.6019809
vn -0.7180841 -0.3220035 -0.6169837
vn -0.3874758 -0.5459722 -0.7428168
vn -0.2656053 -0.6560839 -0.7064048
vn -0.5669771 -0.6103796 -0.5531490
vn -0.2157989 -0.7763514 -0.5922071
vn -0.3196710 -0.8030766 -0.5028702
vn 0.4476613 -0.6765008 -0.5847615
vn 0.5997118 -0.2843471 -0.7479923
vn 0.7382225 0.0062295 -0.6745286
vn 0.7573053 -0.0556831 -0.6506828
vn 0.4166029 -0.2983290 -0.8587443
vn 0.1427439 0.3422047 -0.9287196
vn -0.3785335 0.2392975 -0.8941192
vn 0.1140125 0.4000994 -0.9093523
vn -0.2984539 0.2760172 -0.9136409
vn -0.1402614 -0.4708428 -0.8709959
vn -0.2229786 -0.1332209 -0.9656773
vn -0.3680513 -0.3292148 -0.8695722
vn 0.4506496 -0.0769418 -0.8893789
vn 0.2812214 0.1057291 -0.9538007
vn 0.3617330 0.3131125 0.8781286
vn -0.1389534 0.4563920 0.8788619
vn 0.4536737 0.2684298 0.8497797
vn -0.1749976 0.3926575 0.9028820
vn -0.4925957 -0.3301544 0.8052003
vn -0.3459080 0.1217195 0.9303397
vn -0.5364558 -0.0857257 0.8395632
vn 0.4380601 -0.3667398 0.8207346
vn 0.2762132 -0.1544567 0.9486039
vn 0.1687399 -0.5301626 0.8309359
vn 0.7611401 0.3895088 0.5186026
vn 0.7548217 0.4637265 0.4638987
vn 0.3046428 0.8599121 0.4095656
vn 0.5316451 0.5698011 0.6266420
vn 0.4293663 0.6269746 0.6500365
vn 0.2326573 0.7702436 0.5937974
vn -0.3970184 0.6496255 0.6483542
vn -0.6826765 0.5584055 0.4713131
vn -0.9290492 -0.0730809 0.3626662
vn -0.8189226 0.1342841 0.5579726
vn -0.8250743 -0.0567804 0.5621641
vn -0.8097565 0.0063954 0.5867312
vn -0.6780340 -0.3008922 0.6706219
vn -0.4954667 -0.7007879 0.5132340
vn 0.3516959 -0.8269407 0.4387243
vn 0.2420131 -0.8148945 0.5266656
vn 0.6185342 -0.6232346 0.4785332
vn 0.3043864 -0.7037222 0.6419688
vn 0.4449796 -0.5868396 0.6764706
vn 0.7807771 -0.3276919 0.5319822
vn 0.8836015 0.4607704 0.0833003
vn 0.9104374 0.3830389 0.1561570
vn 0.6560348 0.7375670 0.1600416
vn 0.7366844 0.6241028 0.2603687
vn 0.2186362 0.9263202 0.3068047
vn 0.0000000 0.9891185 0.1471207
vn -0.7360903 0.6640934 0.1309616
vn -0.7589145 0.6429357 0.1033556
vn -0.9754729 0.1999371 0.0920743
vn -0.8916977 0.3751548 0.2532471
vn -0.9602547 -0.0594636 0.2727176
vn -0.9666461 -0.1789594 0.1832179
vn -0.5763182 -0.7923515 0.2000909
vn -0.4634909 -0.8822020 0.0830412
vn 0.2024282 -0.9764391 0.0747636
vn 0.0000000 -0.9718209 0.2357205
vn 0.4534008 -0.8582464 0.2405011
vn 0.4512624 -0.8589264 0.2420903
vn 0.9009575 -0.3536493 0.2514116
vn 0.9790933 -0.1812638 0.0923027
vn 0.8916977 0.3751548 -0.2532471
vn 0.9754729 0.1999371 -0.0920743
vn 0.7589145 0.6429357 -0.1033556
vn 0.7360903 0.6640934 -0.1309616
vn 0.0000000 0.9891185 -0.1471207
vn -0.2186362 0.9263202 -0.3068047
vn -0.7366844 0.6241028 -0.2603687
vn -0.6560348 0.7375670 -0.1600416
vn -0.9104374 0.3830389 -0.1561570
vn -0.8836015 0.4607704 -0.0833003
vn -0.9790933 -0.1812638 -0.0923027
vn -0.9009575 -0.3536493 -0.2514116
vn -0.4512624 -0.8589264 -0.2420903
vn -0.4534008 -0.8582464 -0.2405011
vn 0.0000000 -0.9718209 -0.2357205
vn -0.2024282 -0.9764391 -0.0747636
vn 0.4634909 -0.8822020 -0.0830412
vn 0.5763182 -0.7923515 -0.2000909
vn 0.9666461 -0.1789594 -0.1832179
vn 0.9602547 -0.0594636 -0.2727176
vn 0.8189226 0.1342841 -0.5579726
vn 0.9290492 -0.0730809 -0.3626662
vn 0.6826765 0.5584055 -0.4713131
vn 0.3970184 0.6496255 -0.6483542
vn -0.2326573 0.7702436 -0.5937974
vn -0.4293663 0.6269746 -0.6500365
vn -0.5316451 0.5698011 -0.6266420
vn -0.3046428 0.8599121 -0.4095656
vn -0.7548217 0.4637265 -0.4638987
vn -0.7611401 0.3895088 -0.5186026
vn -0.7807771 -0.3276919 -0.5319822
vn -0.4449796 -0.5868396 -0.6764706
vn -0.3043864 -0.7037222 -0.6419688
vn -0.6185342 -0.6232346 -0.4785332
vn -0.2420131 -0.8148945 -0.5266656
vn -0.3516959 -0.8269407 -0.4387243
vn 0.4954667 -0.7007879 -0.5132340
vn 0.6780340 -0.3008922 -0.6706219
vn 0.8097565 0.0063954 -0.5867312
vn 0.8250743 -0.0567804 -0.5621641
vn 0.4925957 -0.3301544 -0.8052003
vn 0.1749976 0.3926575 -0.9028820
vn -0.4536737 0.2684298 -0.8497797
vn 0.1389534 0.4563920 -0.8788619
vn -0.3617330 0.3131125 -0.8781286
vn -0.1687399 -0.5301626 -0.8309359
vn -0.2762132 -0.1544567 -0.9486039
vn -0.4380601 -0.3667398 -0.8207346
vn 0.5364558 -0.0857257 -0.8395632
vn 0.3459080 0.1217195 -0.9303397
vn 0.2556326 0.2622526 0.9305244
vn -0.0970825 0.3779211 0.9207337
vn 0.3265024 0.2289628 0.9170454
vn -0.1213353 0.3226713 0.9387018
vn -0.3618173 -0.2874135 0.8868380
vn -0.2394662 0.0998700 0.9657546
vn -0.3909424 -0.0740425 0.9174321
vn 0.3181882 -0.3157183 0.8939118
vn 0.1891218 -0.1253416 0.9739211
vn 0.1200472 -0.4470280 0.8864280
vn 0.6439323 0.3905568 0.6578879
vn 0.6482809 0.4720328 0.5974253
vn 0.2480238 0.8297512 0.4999972
vn 0.4174891 0.5303199 0.7378778
vn 0.3306130 0.5721809 0.7505358
vn 0.1794833 0.7042498 0.6868901
vn -0.3048949 0.5912811 0.7466095
vn -0.5762436 0.5586402 0.5965438
vn -0.8602433 -0.0802007 0.5035369
vn -0.6931113 0.1347027 0.7081327
vn -0.6983507 -0.0569601 0.7134857
vn -0.6771997 0.0063391 0.7357719
vn -0.5363498 -0.2820974 0.7954558
vn -0.4008754 -0.6720056 0.6226615
vn 0.2855407 -0.7957314 0.5341142
vn 0.1904357 -0.7599801 0.6214213
vn 0.5148947 -0.6148903 0.5973218
vn 0.2324351 -0.6368969 0.7350757
vn 0.3402171 -0.5317737 0.7755444
vn 0.6606385 -0.3286199 0.6749561
vn 0.8445628 0.5219770 0.1193889
vn 0.8721128 0.4348674 0.2242981
vn 0.5862751 0.7812092 0.2144614
vn 0.6609584 0.6636516 0.3502863
vn 0.1806495 0.9071252 0.3801180
vn 0.0000000 0.9827508 0.1849350
vn -0.6719858 0.7185376 0.1792729
vn -0.6984526 0.7012986 0.1426330
vn -0.9626766 0.2338568 0.1362528
vn -0.8362430 0.4169814 0.3561238
vn -0.9179549 -0.0673717 0.3909217
vn -0.9411699 -0.2065125 0.2674916
vn -0.5046769 -0.8223569 0.2627363
vn -0.4028716 -0.9088345 0.1082332
vn 0.1715228 -0.9805899 0.0949910
vn 0.0000000 -0.9559984 0.2933719
vn 0.3873232 -0.8689496 0.3080704
vn 0.3852954 -0.8691846 0.3099444
vn 0.8477272 -0.3943809 0.3547144
vn 0.9675829 -0.2123081 0.1367792
vn 0.8362430 0.4169814 -0.3561238
vn 0.9626766 0.2338568 -0.1362528
vn 0.6984526 0.7012986 -0.1426330
vn 0.6719858 0.7185376 -0.1792729
vn 0.0000000 0.9827508 -0.1849350
vn -0.1806495 0.9071252 -0.3801180
vn -0.6609584 0.6636516 -0.3502863
vn -0.5862751 0.7812092 -0.2144614
vn -0.8721128 0.4348674 -0.2242981
vn -0.8445628 0.5219770 -0.1193889
vn -0.9675829 -0.2123081 -0.1367792
vn -0.8477272 -0.3943809 -0.3547144
vn -0.3852954 -0.8691846 -0.3099444
vn -0.3873232 -0.8689496 -0.3080704
vn 0.0000000 -0.9559984 -0.2933719
vn -0.1715228 -0.9805899 -0.0949910
vn 0.4028716 -0.9088345 -0.1082332
vn 0.5046769 -0.8223569 -0.2627363
vn 0.9411699 -0.2065125 -0.2674916
vn 0.9179549 -0.0673717 -0.3909217
vn 0.6931113 0.1347027 -0.7081327
vn 0.8602433 -0.0802007 -0.5035369
vn 0.5762436 0.5586402 -0.5965438
vn 0.3048949 0.5912811 -0.7466095
vn -0.1794833 0.7042498 -0.6868901
vn -0.3306130 0.5721809 -0.7505358
vn -0.4174891 0.5303199 -0.7378778
vn -0.2480238 0.8297512 -0.4999972
vn -0.6482809 0.4720328 -0.5974253
vn -0.6439323 0.3905568 -0.6578879
vn -0.6606385 -0.3286199 -0.6749561
vn -0.3402171 -0.5317737 -0.7755444
vn -0.2324351 -0.6368969 -0.7350757
vn -0.5148947 -0.6148903 -0.5973218
vn -0.1904357 -0.7599801 -0.6214213
vn -0.2855407 -0.7957314 -0.5341142
vn 0.4008754 -0.6720056 -0.6226615
vn 0.5363498 -0.2820974 -0.7954558
vn 0.6771997 0.0063391 -0.7357719
vn 0.6983507 -0.0569601 -0.7134857
vn 0.3618173 -0.2874135 -0.8868380
vn 0.1213353 0.3226713 -0.9387018
vn -0.3265024 0.2289628 -0.9170454
vn 0.0970825 0.3779211 -0.9207337
vn -0.2556326 0.2622526 -0.9305244
vn -0.1200472 -0.4470280 -0.8864280
vn -0.1891218 -0.1253416 -0.9739211
vn -0.3181882 -0.3157183 -0.8939118
vn 0.3909424 -0.0740425 -0.9174321
vn 0.2394662 0.0998700 -0.9657546
usemtl bark
f 1//1 2//1 3//1
f 4//2 5//2 6//2
f 7//3 8//3 9//3
f 10//4 11//4 12//4
f 13//5 14//5 15//5
f 16//6 17//6 18//6
f 19//7 20//7 21//7
f 22//8 23//8 24//8
f 25//9 26//9 27//9
f 28//10 29//10 30//10
f 31//11 32//11 33//11
f 34//12 35//12 36//12
f 37//13 38//13 39//13
f 40//14 41//14 42//14
f 43//15 44//15 45//15
f 46//16 47//16 48//16
f 49//17 50//17 51//17
f 52//18 53//18 54//18
f 55//19 56//19 57//19
f 58//20 59//20 60//20
f 61//21 62//21 63//21
f 64//22 65//22 66//22
f 67//23 68//23 69//23
f 70//24 71//24 72//24
usemtl leaf_0
f 73//25 74//25 75//25
f 76//26 77//26 78//26
f 79//27 80//27 81//27
f 82//28 83//28 84//28
f 85//29 86//29 87//29
f 88//30 89//30 90//30
f 91//31 92//31 93//31
f 94//32 95//32 96//32
f 97//33 98//33 99//33
f 100//34 101//34 102//34
f 103//35 104//35 105//35
f 106//36 107//36 108//36
f 109//37 110//37 111//37
f 112//38 113//38 114//38
f 115//39 116//39 117//39
f 118//40 119//40 120//40
f 121//41 122//41 123//41
f 124//42 125//42 126//42
f 127//43 128//43 129//43
f 130//44 131//44 132//44
f 133//45 134//45 135//45
f 136//46 137//46 138//46
f 139//47 140//47 141//47
f 142//48 143//48 144//48
f 145//49 146//49 147//49
f 148//50 149//50 150//50
f 151//51 152//51 153//51
f 154//52 155//52 156//52
f 157//53 158//53 159//53
f 160//54 161//54 162//54
f 163//55 164//55 165//55
f 166//56 167//56 168//56
f 169//57 170//57 171//57
f 172//58 173//58 174//58
f 175//59 176//59 177//59
f 178//60 179//60 180//60
f 181//61 182//61 183//61
f 184//62 185//62 186//62
f 187//63 188//63 189//63
f 190//64 191//64 192//64
f 193//65 194//65 195//65
f 196//66 197//66 198//66
f 199//67 200//67 201//67
f 202//68 203//68 204//68
f 205//69 206//69 207//69
f 208//70 209//70 210//70
f 211//71 212//71 213//71
f 214//72 215//72 216//72
f 217//73 218//73 219//73
f 220//74 221//74 222//74
f 223//75 224//75 225//75
f 226//76 227//76 228//76
f 229//77 230//77 231//77
f 232//78 233//78 234//78
f 235//79 236//79 237//79
f 238//80 239//80 240//80
f 241//81 242//81 243//81
f 244//82 245//82 246//82
f 247//83 248//83 249//83
f 250//84 251//84 252//84
f 253//85 254//85 255//85
f 256//86 257//86 258//86
f 259//87 260//87 261//87
f 262//88 263//88 264//88
f 265//89 266//89 267//89
f 268//90 269//90 270//90
f 271//91 272//91 273//91
f 274//92 275//92 276//92
f 277//93 278//93 279//93
f 280//94 281//94 282//94
f 283//95 284//95 285//95
f 286//96 287//96 288//96
f 289//97 290//97 291//97
f 292//98 293//98 294//98
f 295//99 296//99 297//99
f 298//100 299//100 300//100
f 301//101 302//101 303//101
f 304//102 305//102 306//102
f 307//103 308//103 309//103
f 310//104 311//104 312//104
f 313//105 314//105 315//105
f 316//106 317//106 318//106
f 319//107 320//107 321//107
f 322//108 323//108 324//108
f 325//109 326//109 327//109
f 328//110 329//110 330//110
f 331//111 332//111 333//111
f 334//112 335//112 336//112
f 337//113 338//113 339//113
f 340//114 341//114 342//114
f 343//115 344//115 345//115
f 346//116 347//116 348//116
f 349//117 350//117 351//117
f 352//118 353//118 354//118
f 355//119 356//119 357//119
f 358//120 359//120 360//120
f 361//121 362//121 363//121
f 364//122 365//122 366//122
f 367//123 368//123 369//123
f 370//124 371//124 372//124
usemtl leaf_1
f 373//125 374//125 375//125
f 376//126 377//126 378//126
f 379//127 380//127 381//127
f 382//128 383//128 384//128
f 385//129 386//129 387//129
f 388//130 389//130 390//130
f 391//131 392//131 393//131
f 394//132 395//132 396//132
f 397//133 398//133 399//133
f 400//134 401//134 402//134
f 403//135 404//135 405//135
f 406//136 407//136 408//136
f 409//137 410//137 411//137
f 412//138 413//138 414//138
f 415//139 416//139 417//139
f 418//140 419//140 420//140
f 421//141 422//141 423//141
f 424//142 425//142 426//142
f 427//143 428//143 429//143
f 430//144 431//144 432//144
f 433//145 434//145 435//145
f 436//146 437//146 438//146
f 439//147 440//147 441//147
f 442//148 443//148 444//148
f 445//149 446//149 447//149
f 448//150 449//150 450//150
f 451//151 452//151 453//151
f 454//152 455//152 456//152
f 457//153 458//153 459//153
f 460//154 461//154 462//154
f 463//155 464//155 465//155
f 466//156 467//156 468//156
f 469//157 470//157 471//157
f 472//158 473//158 474//158
f 475//159 476//159 477//159
f 478//160 479//160 480//160
f 481//161 482//161 483//161
f 484//162 485//162 486//162
f 487//163 488//163 489//163
f 490//164 491//164 492//164
f 493//165 494//165 495//165
f 496//166 497//166 498//166
f 499//167 500//167 501//167
f 502//168 503//168 504//168
f 505//169 506//169 507//169
f 508//170 509//170 510//170
f 511//171 512//171 513//171
f 514//172 515//172 516//172
f 517//173 518//173 519//173
f 520//174 521//174 522//174
f 523//175 524//175 525//175
f 526//176 527//176 528//176
f 529//177 530//177 531//177
f 532//178 533//178 534//178
f 535//179 536//179 537//179
f 538//180 539//180 540//180
f 541//181 542//181 543//181
f 544//182 545//182 546//182
f 547//183 548//183 549//183
f 550//184 551//184 552//184
f 553//185 554//185 555//185
f 556//186 557//186 558//186
f 559//187 560//187 561//187
f 562//188 563//188 564//188
f 565//189 566//189 567//189
f 568//190 569//190 570//190
f 571//191 572//191 573//191
f 574//192 575//192 576//192
f 577//193 578//193 579//193
f 580//194 581//194 582//194
f 583//195 584//195 585//195
f 586//196 587//196 588//196
f 589//197 590//197 591//197
f 592//198 593//198 594//198
f 595//199 596//199 597//199
f 598//200 599//200 600//200
f 601//201 602//201 603//201
f 604//202 605//202 606//202
f 607//203 608//203 609//203
f 610//204 611//204 612//204
f 613//205 614//205 615//205
f 616//206 617//206 618//206
f 619//207 620//207 621//207
f 622//208 623//208 624//208
f 625//209 626//209 627//209
f 628//210 629//210 630//210
f 631//211 632//211 633//211
f 634//212 635//212 636//212
f 637//213 638//213 639//213
f 640//214 641//214 642//214
f 643//215 644//215 645//215
f 646//216 647//216 648//216
f 649//217 650//217 651//217
f 652//218 653//218 654//218
f 655//219 656//219 657//219
f 658//220 659//220 660//220
f 661//221 662//221 663//221
f 664//222 665//222 666//222
f 667//223 668//223 669//223
f 670//224 671//224 672//224
usemtl leaf_2
f 673//225 674//225 675//225
f 676//226 677//226 678//226
f 679//227 680//227 681//227
f 682//228 683//228 684//228
f 685//229 686//229 687//229
f 688//230 689//230 690//230
f 691//231 692//231 693//231
f 694//232 695//232 696//232
f 697//233 698//233 699//233
f 700//234 701//234 702//234
f 703//235 704//235 705//235
f 706//236 707//236 708//236
f 709//237 710//237 711//237
f 712//238 713//238 714//238
f 715//239 716//239 717//239
f 718//240 719//240 720//240
f 721//241 722//241 723//241
f 724//242 725//242 726//242
f 727//243 728//243 729//243
f 730//244 731//244 732//244
f 733//245 734//245 735//245
f 736//246 737//246 738//246
f 739//247 740//247 741//247
f 742//248 743//248 744//248
f 745//249 746//249 747//249
f 748//250 749//250 750//250
f 751//251 752//251 753//251
f 754//252 755//252 756//252
f 757//253 758//253 759//253
f 760//254 761//254 762//254
f 763//255 764//255 765//255
f 766//256 767//256 768//256
f 769//257 770//257 771//257
f 772//258 773//258 774//258
f 775//259 776//259 777//259
f 778//260 779//260 780//260
f 781//261 782//261 783//261
f 784//262 785//262 786//262
f 787//263 788//263 789//263
f 790//264 791//264 792//264
f 793//265 794//265 795//265
f 796//266 797//266 798//266
f 799//267 800//267 801//267
f 802//268 803//268 804//268
f 805//269 806//269 807//269
f 808//270 809//270 810//270
f 811//271 812//271 813//271
f 814//272 815//272 816//272
f 817//273 818//273 819//273
f 820//274 821//274 822//274
f 823//275 824//275 825//275
f 826//276 827//276 828//276
f 829//277 830//277 831//277
f 832//278 833//278 834//278
f 835//279 836//279 837//279
f 838//280 839//280 840//280
f 841//281 842//281 843//281
f 844//282 845//282 846//282
f 847//283 848//283 849//283
f 850//284 851//284 852//284
f 853//285 854//285 855//285
f 856//286 857//286 858//286
f 859//287 860//287 861//287
f 862//288 863//288 864//288
f 865//289 866//289 867//289
f 868//290 869//290 870//290
f 871//291 872//291 873//291
f 874//292 875//292 876//292
f 877//293 878//293 879//293
f 880//294 881//294 882//294
f 883//295 884//295 885//295
f 886//296 887//296 888//296
f 889//297 890//297 891//297
f 892//298 893//298 894//298
f 895//299 896//299 897//299
f 898//300 899//300 900//300
f 901//301 902//301 903//301
f 904//302 905//302 906//302
f 907//303 908//303 909//303
f 910//304 911//304 912//304
f 913//305 914//305 915//305
f 916//306 917//306 918//306
f 919//307 920//307 921//307
f 922//308 923//308 924//308
f 925//309 926//309 927//309
f 928//310 929//310 930//310
f 931//311 932//311 933//311
f 934//312 935//312 936//312
f 937//313 938//313 939//313
f 940//314 941//314 942//314
f 943//315 944//315 945//315
f 946//316 947//316 948//316
f 949//317 950//317 951//317
f 952//318 953//318 954//318
f 955//319 956//319 957//319
f 958//320 959//320 960//320
f 961//321 962//321 963//321
f 964//322 965//322 966//322
f 967//323 968//323 969//323
f 970//324 971//324 972//324
usemtl leaf_0
f 973//325 974//325 975//325
f 976//326 977//326 978//326
f 979//327 980//327 981//327
f 982//328 983//328 984//328
f 985//329 986//329 987//329
f 988//330 989//330 990//330
f 991//331 992//331 993//331
f 994//332 995//332 996//332
f 997//333 998//333 999//333
f 1000//334 1001//334 1002//334
f 1003//335 1004//335 1005//335
f 1006//336 1007//336 1008//336
f 1009//337 1010//337 1011//337
f 1012//338 1013//338 1014//338
f 1015//339 1016//339 1017//339
f 1018//340 1019//340 1020//340
f 1021//341 1022//341 1023//341
f 1024//342 1025//342 1026//342
f 1027//343 1028//343 1029//343
f 1030//344 1031//344 1032//344
f 1033//345 1034//345 1035//345
f 1036//346 1037//346 1038//346
f 1039//347 1040//347 1041//347
f 1042//348 1043//348 1044//348
f 1045//349 1046//349 1047//349
f 1048//350 1049//350 1050//350
f 1051//351 1052//351 1053//351
f 1054//352 1055//352 1056//352
f 1057//353 1058//353 1059//353
f 1060//354 1061//354 1062//354
f 1063//355 1064//355 1065//355
f 1066//356 1067//356 1068//356
f 1069//357 1070//357 1071//357
f 1072//358 1073//358 1074//358
f 1075//359 1076//359 1077//359
f 1078//360 1079//360 1080//360
f 1081//361 1082//361 1083//361
f 1084//362 1085//362 1086//362
f 1087//363 1088//363 1089//363
f 1090//364 1091//364 1092//364
f 1093//365 1094//365 1095//365
f 1096//366 1097//366 1098//366
f 1099//367 1100//367 1101//367
f 1102//368 1103//368 1104//368
f 1105//369 1106//369 1107//369
f 1108//370 1109//370 1110//370
f 1111//371 1112//371 1113//371
f 1114//372 1115//372 1116//372
f 1117//373 1118//373 1119//373
f 1120//374 1121//374 1122//374
f 1123//375 1124//375 1125//375
f 1126//376 1127//376 1128//376
f 1129//377 1130//377 1131//377
f 1132//378 1133//378 1134//378
f 1135//379 1136//379 1137//379
f 1138//380 1139//380 1140//380
f 1141//381 1142//381 1143//381
f 1144//382 1145//382 1146//382
f 1147//383 1148//383 1149//383
f 1150//384 1151//384 1152//384
f 1153//385 1154//385 1155//385
f 1156//386 1157//386 1158//386
f 1159//387 1160//387 1161//387
f 1162//388 1163//388 1164//388
f 1165//389 1166//389 1167//389
f 1168//390 1169//390 1170//390
f 1171//391 1172//391 1173//391
f 1174//392 1175//392 1176//392
f 1177//393 1178//393 1179//393
f 1180//394 1181//394 1182//394
f 1183//395 1184//395 1185//395
f 1186//396 1187//396 1188//396
f 1189//397 1190//397 1191//397
f 1192//398 1193//398 1194//398
f 1195//399 1196//399 1197//399
f 1198//400 1199//400 1200//400
f 1201//401 1202//401 1203//401
f 1204//402 1205//402 1206//402
f 1207//403 1208//403 1209//403
f 1210//404 1211//404 1212//404
f 1213//405 1214//405 1215//405
f 1216//406 1217//406 1218//406
f 1219//407 1220//407 1221//407
f 1222//408 1223//408 1224//408
f 1225//409 1226//409 1227//409
f 1228//410 1229//410 1230//410
f 1231//411 1232//411 1233//411
f 1234//412 1235//412 1236//412
f 1237//413 1238//413 1239//413
f 1240//414 1241//414 1242//414
f 1243//415 1244//415 1245//415
f 1246//416 1247//416 1248//416
f 1249//417 1250//417 1251//417
f 1252//418 1253//418 1254//418
f 1255//419 1256//419 1257//419
f 1258//420 1259//420 1260//420
f 1261//421 1262//421 1263//421
f 1264//422 1265//422 1266//422
f 1267//423 1268//423 1269//423
f 1270//424 1271//424 1272//424
usemtl leaf_1
f 1273//425 1274//425 1275//425
f 1276//426 1277//426 1278//426
f 1279//427 1280//427 1281//427
f 1282//428 1283//428 1284//428
f 1285//429 1286//429 1287//429
f 1288//430 1289//430 1290//430
f 1291//431 1292//431 1293//431
f 1294//432 1295//432 1296//432
f 1297//433 1298//433 1299//433
f 1300//434 1301//434 1302//434
f 1303//435 1304//435 1305//435
f 1306//436 1307//436 1308//436
f 1309//437 1310//437 1311//437
f 1312//438 1313//438 1314//438
f 1315//439 1316//439 1317//439
f 1318//440 1319//440 1320//440
f 1321//441 1322//441 1323//441
f 1324//442 1325//442 1326//442
f 1327//443 1328//443 1329//443
f 1330//444 1331//444 1332//444
f 1333//445 1334//445 1335//445
f 1336//446 1337//446 1338//446
f 1339//447 1340//447 1341//447
f 1342//448 1343//448 1344//448
f 1345//449 1346//449 1347//449
f 1348//450 1349//450 1350//450
f 1351//451 1352//451 1353//451
f 1354//452 1355//452 1356//452
f 1357//453 1358//453 1359//453
f 1360//454 1361//454 1362//454
f 1363//455 1364//455 1365//455
f 1366//456 1367//456 1368//456
f 1369//457 1370//457 1371//457
f 1372//458 1373//458 1374//458
f 1375//459 1376//459 1377//459
f 1378//460 1379//460 1380//460
f 1381//461 1382//461 1383//461
f 1384//462 1385//462 1386//462
f 1387//463 1388//463 1389//463
f 1390//464 1391//464 1392//464
f 1393//465 1394//465 1395//465
f 1396//466 1397//466 1398//466
f 1399//467 1400//467 1401//467
f 1402//468 1403//468 1404//468
f 1405//469 1406//469 1407//469
f 1408//470 1409//470 1410//470
f 1411//471 1412//471 1413//471
f 1414//472 1415//472 1416//472
f 1417//473 1418//473 1419//473
f 1420//474 1421//474 1422//474
f 1423//475 1424//475 1425//475
f 1426//476 1427//476 1428//476
f 1429//477 1430//477 1431//477
f 1432//478 1433//478 1434//478
f 1435//479 1436//479 1437//479
f 1438//480 1439//480 1440//480
f 1441//481 1442//481 1443//481
f 1444//482 1445//482 1446//482
f 1447//483 1448//483 1449//483
f 1450//484 1451//484 1452//484
f 1453//485 1454//485 1455//485
f 1456//486 1457//486 1458//486
f 1459//487 1460//487 1461//487
f 1462//488 1463//488 1464//488
f 1465//489 1466//489 1467//489
f 1468//490 1469//490 1470//490
f 1471//491 1472//491 1473//491
f 1474//492 1475//492 1476//492
f 1477//493 1478//493 1479//493
f 1480//494 1481//494 1482//494
f 1483//495 1484//495 1485//495
f 1486//496 1487//496 1488//496
f 1489//497 1490//497 1491//497
f 1492//498 1493//498 1494//498
f 1495//499 1496//499 1497//499
f 1498//500 1499//500 1500//500
f 1501//501 1502//501 1503//501
f 1504//502 1505//502 1506//502
f 1507//503 1508//503 1509//503
f 1510//504 1511//504 1512//504
f 1513//505 1514//505 1515//505
f 1516//506 1517//506 1518//506
f 1519//507 1520//507 1521//507
f 1522//508 1523//508 1524//508
f 1525//509 1526//509 1527//509
f 1528//510 1529//510 1530//510
f 1531//511 1532//511 1533//511
f 1534//512 1535//512 1536//512
f 1537//513 1538//513 1539//513
f 1540//514 1541//514 1542//514
f 1543//515 1544//515 1545//515
f 1546//516 1547//516 1548//516
f 1549//517 1550//517 1551//517
f 1552//518 1553//518 1554//518
f 1555//519 1556//519 1557//519
f 1558//520 1559//520 1560//520
f 1561//521 1562//521 1563//521
f 1564//522 1565//522 1566//522
f 1567//523 1568//523 1569//523
f 1570//524 1571//524 1572//524
usemtl leaf_2
f 1573//525 1574//525 1575//525
f 1576//526 1577//526 1578//526
f 1579//527 1580//527 1581//527
f 1582//528 1583//528 1584//528
f 1585//529 1586//529 1587//529
f 1588//530 1589//530 1590//530
f 1591//531 1592//531 1593//531
f 1594//532 1595//532 1596//532
f 1597//533 1598//533 1599//533
f 1600//534 1601//534 1602//534
f 1603//535 1604//535 1605//535
f 1606//536 1607//536 1608//536
f 1609//537 1610//537 1611//537
f 1612//538 1613//538 1614//538
f 1615//539 1616//539 1617//539
f 1618//540 1619//540 1620//540
f 1621//541 1622//541 1623//541
f 1624//542 1625//542 1626//542
f 1627//543 1628//543 1629//543
f 1630//544 1631//544 1632//544
f 1633//545 1634//545 1635//545
f 1636//546 1637//546 1638//546
f 1639//547 1640//547 1641//547
f 1642//548 1643//548 1644//548
f 1645//549 1646//549 1647//549
f 1648//550 1649//550 1650//550
f 1651//551 1652//551 1653//551
f 1654//552 1655//552 1656//552
f 1657//553 1658//553 1659//553
f 1660//554 1661//554 1662//554
f 1663//555 1664//555 1665//555
f 1666//556 1667//556 1668//556
f 1669//557 1670//557 1671//557
f 1672//558 1673//558 1674//558
f 1675//559 1676//559 1677//559
f 1678//560 1679//560 1680//560
f 1681//561 1682//561 1683//561
f 1684//562 1685//562 1686//562
f 1687//563 1688//563 1689//563
f 1690//564 1691//564 1692//564
f 1693//565 1694//565 1695//565
f 1696//566 1697//566 1698//566
f 1699//567 1700//567 1701//567
f 1702//568 1703//568 1704//568
f 1705//569 1706//569 1707//569
f 1708//570 1709//570 1710//570
f 1711//571 1712//571 1713//571
f 1714//572 1715//572 1716//572
f 1717//573 1718//573 1719//573
f 1720//574 1721//574 1722//574
f 1723//575 1724//575 1725//575
f 1726//576 1727//576 1728//576
f 1729//577 1730//577 1731//577
f 1732//578 1733//578 1734//578
f 1735//579 1736//579 1737//579
f 1738//580 1739//580 1740//580
f 1741//581 1742//581 1743//581
f 1744//582 1745//582 1746//582
f 1747//583 1748//583 1749//583
f 1750//584 1751//584 1752//584
f 1753//585 1754//585 1755//585
f 1756//586 1757//586 1758//586
f 1759//587 1760//587 1761//587
f 1762//588 1763//588 1764//588
f 1765//589 1766//589 1767//589
f 1768//590 1769//590 1770//590
f 1771//591 1772//591 1773//591
f 1774//592 1775//592 1776//592
f 1777//593 1778//593 1779//593
f 1780//594 1781//594 1782//594
f 1783//595 1784//595 1785//595
f 1786//596 1787//596 1788//596
f 1789//597 1790//597 1791//597
f 1792//598 1793//598 1794//598
f 1795//599 1796//599 1797//599
f 1798//600 1799//600 1800//600
f 1801//601 1802//601 1803//601
f 1804//602 1805//602 1806//602
f 1807//603 1808//603 1809//603
f 1810//604 1811//604 1812//604
f 1813//605 1814//605 1815//605
f 1816//606 1817//606 1818//606
f 1819//607 1820//607 1821//607
f 1822//608 1823//608 1824//608
f 1825//609 1826//609 1827//609
f 1828//610 1829//610 1830//610
f 1831//611 1832//611 1833//611
f 1834//612 1835//612 1836//612
f 1837//613 1838//613 1839//613
f 1840//614 1841//614 1842//614
f 1843//615 1844//615 1845//615
f 1846//616 1847//616 1848//616
f 1849//617 1850//617 1851//617
f 1852//618 1853//618 1854//618
f 1855//619 1856//619 1857//619
f 1858//620 1859//620 1860//620
f 1861//621 1862//621 1863//621
f 1864//622 1865//622 1866//622
f 1867//623 1868//623 1869//623
f 1870//624 1871//624 1872//624
usemtl leaf_0
f 1873//625 1874//625 1875//625
f 1876//626 1877//626 1878//626
f 1879//627 1880//627 1881//627
f 1882//628 1883//628 1884//628
f 1885//629 1886//629 1887//629
f 1888//630 1889//630 1890//630
f 1891//631 1892//631 1893//631
f 1894//632 1895//632 1896//632
f 1897//633 1898//633 1899//633
f 1900//634 1901//634 1902//634
f 1903//635 1904//635 1905//635
f 1906//636 1907//636 1908//636
f 1909//637 1910//637 1911//637
f 1912//638 1913//638 1914//638
f 1915//639 1916//639 1917//639
f 1918//640 1919//640 1920//640
f 1921//641 1922//641 1923//641
f 1924//642 1925//642 1926//642
f 1927//643 1928//643 1929//643
f 1930//644 1931//644 1932//644
f 1933//645 1934//645 1935//645
f 1936//646 1937//646 1938//646
f 1939//647 1940//647 1941//647
f 1942//648 1943//648 1944//648
f 1945//649 1946//649 1947//649
f 1948//650 1949//650 1950//650
f 1951//651 1952//651 1953//651
f 1954//652 1955//652 1956//652
f 1957//653 1958//653 1959//653
f 1960//654 1961//654 1962//654
f 1963//655 1964//655 1965//655
f 1966//656 1967//656 1968//656
f 1969//657 1970//657 1971//657
f 1972//658 1973//658 1974//658
f 1975//659 1976//659 1977//659
f 1978//660 1979//660 1980//660
f 1981//661 1982//661 1983//661
f 1984//662 1985//662 1986//662
f 1987//663 1988//663 1989//663
f 1990//664 1991//664 1992//664
f 1993//665 1994//665 1995//665
f 1996//666 1997//666 1998//666
f 1999//667 2000//667 2001//667
f 2002//668 2003//668 2004//668
f 2005//669 2006//669 2007//669
f 2008//670 2009//670 2010//670
f 2011//671 2012//671 2013//671
f 2014//672 2015//672 2016//672
f 2017//673 2018//673 2019//673
f 2020//674 2021//674 2022//674
f 2023//675 2024//675 2025//675
f 2026//676 2027//676 2028//676
f 2029//677 2030//677 2031//677
f 2032//678 2033//678 2034//678
f 2035//679 2036//679 2037//679
f 2038//680 2039//680 2040//680
f 2041//681 2042//681 2043//681
f 2044//682 2045//682 2046//682
f 2047//683 2048//683 2049//683
f 2050//684 2051//684 2052//684
f 2053//685 2054//685 2055//685
f 2056//686 2057//686 2058//686
f 2059//687 2060//687 2061//687
f 2062//688 2063//688 2064//688
f 2065//689 2066//689 2067//689
f 2068//690 2069//690 2070//690
f 2071//691 2072//691 2073//691
f 2074//692 2075//692 2076//692
f 2077//693 2078//693 2079//693
f 2080//694 2081//694 2082//694
f 2083//695 2084//695 2085//695
f 2086//696 2087//696 2088//696
f 2089//697 2090//697 2091//697
f 2092//698 2093//698 2094//698
f 2095//699 2096//699 2097//699
f 2098//700 2099//700 2100//700
f 2101//701 2102//701 2103//701
f 2104//702 2105//702 2106//702
f 2107//703 2108//703 2109//703
f 2110//704 2111//704 2112//704
f 2113//705 2114//705 2115//705
f 2116//706 2117//706 2118//706
f 2119//707 2120//707 2121//707
f 2122//708 2123//708 2124//708
f 2125//709 2126//709 2127//709
f 2128//710 2129//710 2130//710
f 2131//711 2132//711 2133//711
f 2134//712 2135//712 2136//712
f 2137//713 2138//713 2139//713
f 2140//714 2141//714 2142//714
f 2143//715 2144//715 2145//715
f 2146//716 2147//716 2148//716
f 2149//717 2150//717 2151//717
f 2152//718 2153//718 2154//718
f 2155//719 2156//719 2157//719
f 2158//720 2159//720 2160//720
f 2161//721 2162//721 2163//721
f 2164//722 2165//722 2166//722
f 2167//723 2168//723 2169//723
f 2170//724 2171//724 2172//724
usemtl leaf_1
f 2173//725 2174//725 2175//725
f 2176//726 2177//726 2178//726
f 2179//727 2180//727 2181//727
f 2182//728 2183//728 2184//728
f 2185//729 2186//729 2187//729
f 2188//730 2189//730 2190//730
f 2191//731 2192//731 2193//731
f 2194//732 2195//732 2196//732
f 2197//733 2198//733 2199//733
f 2200//734 2201//734 2202//734
f 2203//735 2204//735 2205//735
f 2206//736 2207//736 2208//736
f 2209//737 2210//737 2211//737
f 2212//738 2213//738 2214//738
f 2215//739 2216//739 2217//739
f 2218//740 2219//740 2220//740
f 2221//741 2222//741 2223//741
f 2224//742 2225//742 2226//742
f 2227//743 2228//743 2229//743
f 2230//744 2231//744 2232//744
f 2233//745 2234//745 2235//745
f 2236//746 2237//746 2238//746
f 2239//747 2240//747 2241//747
f 2242//748 2243//748 2244//748
f 2245//749 2246//749 2247//749
f 2248//750 2249//750 2250//750
f 2251//751 2252//751 2253//751
f 2254//752 2255//752 2256//752
f 2257//753 2258//753 2259//753
f 2260//754 2261//754 2262//754
f 2263//755 2264//755 2265//755
f 2266//756 2267//756 2268//756
f 2269//757 2270//757 2271//757
f 2272//758 2273//758 2274//758
f 2275//759 2276//759 2277//759
f 2278//760 2279//760 2280//760
f 2281//761 2282//761 2283//761
f 2284//762 2285//762 2286//762
f 2287//763 2288//763 2289//763
f 2290//764 2291//764 2292//764
f 2293//765 2294//765 2295//765
f 2296//766 2297//766 2298//766
f 2299//767 2300//767 2301//767
f 2302//768 2303//768 2304//768
f 2305//769 2306//769 2307//769
f 2308//770 2309//770 2310//770
f 2311//771 2312//771 2313//771
f 2314//772 2315//772 2316//772
f 2317//773 2318//773 2319//773
f 2320//774 2321//774 2322//774
f 2323//775 2324//775 2325//775
f 2326//776 2327//776 2328//776
f 2329//777 2330//777 2331//777
f 2332//778 2333//778 2334//778
f 2335//779 2336//779 2337//779
f 2338//780 2339//780 2340//780
f 2341//781 2342//781 2343//781
f 2344//782 2345//782 2346//782
f 2347//783 2348//783 2349//783
f 2350//784 2351//784 2352//784
f 2353//785 2354//785 2355//785
f 2356//786 2357//786 2358//786
f 2359//787 2360//787 2361//787
f 2362//788 2363//788 2364//788
f 2365//789 2366//789 2367//789
f 2368//790 2369//790 2370//790
f 2371//791 2372//791 2373//791
f 2374//792 2375//792 2376//792
f 2377//793 2378//793 2379//793
f 2380//794 2381//794 2382//794
f 2383//795 2384//795 2385//795
f 2386//796 2387//796 2388//796
f 2389//797 2390//797 2391//797
f 2392//798 2393//798 2394//798
f 2395//799 2396//799 2397//799
f 2398//800 2399//800 2400//800
f 2401//801 2402//801 2403//801
f 2404//802 2405//802 2406//802
f 2407//803 2408//803 2409//803
f 2410//804 2411//804 2412//804
f 2413//805 2414//805 2415//805
f 2416//806 2417//806 2418//806
f 2419//807 2420//807 2421//807
f 2422//808 2423//808 2424//808
f 2425//809 2426//809 2427//809
f 2428//810 2429//810 2430//810
f 2431//811 2432//811 2433//811
f 2434//812 2435//812 2436//812
f 2437//813 2438//813 2439//813
f 2440//814 2441//814 2442//814
f 2443//815 2444//815 2445//815
f 2446//816 2447//816 2448//816
f 2449//817 2450//817 2451//817
f 2452//818 2453//818 2454//818
f 2455//819 2456//819 2457//819
f 2458//820 2459//820 2460//820
f 2461//821 2462//821 2463//821
f 2464//822 2465//822 2466//822
f 2467//823 2468//823 2469//823
f 2470//824 2471//824 2472//824
