# Batched NOMAD visual-only instances: 157
mtllib ../models/grass_clump.mtl
o grass
s off
v 26.40078628 22.33539449 3.91822121
v 26.39347410 22.26966640 3.91822121
v 26.37577807 22.27163506 3.91822121
v 26.38309026 22.33736315 3.91822121
v 26.12916183 22.33234165 4.22981208
v 26.40030613 22.24607667 3.91822121
v 26.44161241 22.19442941 3.91822121
v 26.42770736 22.18330848 3.91822121
v 26.38640108 22.23495575 3.91822121
v 26.26502424 22.09553984 4.27050966
v 26.46312383 22.18257992 3.91822121
v 26.52885192 22.17526774 3.91822121
v 26.52688325 22.15757172 3.91822121
v 26.46115517 22.16488390 3.91822121
v 26.46617667 21.91095548 4.31120725
v 26.55244164 22.18209977 3.91822121
v 26.60408891 22.22340605 3.91822121
v 26.61520983 22.20950101 3.91822121
v 26.56356257 22.16819473 3.91822121
v 26.70297847 22.04681788 4.22981208
v 26.61593839 22.24491747 3.91822121
v 26.62325057 22.31064556 3.91822121
v 26.64094660 22.30867690 3.91822121
v 26.63363442 22.24294881 3.91822121
v 26.88756284 22.24797031 4.27050966
v 26.61641854 22.33423528 3.91822121
v 26.57511226 22.38588255 3.91822121
v 26.58901731 22.39700348 3.91822121
v 26.63032359 22.34535621 3.91822121
v 26.75170043 22.48477212 4.31120725
v 26.55360084 22.39773204 3.91822121
v 26.48787275 22.40504422 3.91822121
v 26.48984142 22.42274024 3.91822121
v 26.55556951 22.41542806 3.91822121
v 26.55054800 22.66935648 4.22981208
v 26.46428303 22.39821219 3.91822121
v 26.41263576 22.35690591 3.91822121
v 26.40151484 22.37081095 3.91822121
v 26.45316210 22.41211723 3.91822121
v 26.31374620 22.53349408 4.27050966
v 26.50917687 22.32439055 3.91822121
v 26.52484601 22.26014003 3.91822121
v 26.50754780 22.25592141 3.91822121
v 26.49187866 22.32017193 3.91822121
v 26.45276094 22.27659614 4.36335102
v -26.51458352 15.94727513 3.94983388
v -26.55028503 15.98688086 3.94983388
v -26.53962195 15.99649280 3.94983388
v -26.50392044 15.95688708 3.94983388
v -26.37096478 16.11263030 4.20106144
v -26.56816227 15.99539552 3.94983388
v -26.62141252 15.99815622 3.94983388
v -26.62066926 16.01249284 3.94983388
v -26.56741901 16.00973214 3.94983388
v -26.58645222 16.15755068 4.23387484
v -26.64007442 15.99153588 3.94983388
v -26.67968015 15.95583438 3.94983388
v -26.68929209 15.96649746 3.94983388
v -26.64968637 16.00219896 3.94983388
v -26.80542959 16.13515462 4.26668824
v -26.68819481 15.93795713 3.94983388
v -26.69095551 15.88470688 3.94983388
v -26.70529212 15.88545015 3.94983388
v -26.70253142 15.93870040 3.94983388
v -26.85034997 15.91966719 4.20106144
v -26.68433517 15.86604498 3.94983388
v -26.64863366 15.82643926 3.94983388
v -26.65929674 15.81682731 3.94983388
v -26.69499825 15.85643304 3.94983388
v -26.82795391 15.70068982 4.23387484
v -26.63075642 15.81792459 3.94983388
v -26.57750617 15.81516390 3.94983388
v -26.57824943 15.80082728 3.94983388
v -26.63149968 15.80358798 3.94983388
v -26.61246648 15.65576944 4.26668824
v -26.55884427 15.82178423 3.94983388
v -26.51923855 15.85748574 3.94983388
v -26.50962660 15.84682266 3.94983388
v -26.54923232 15.81112115 3.94983388
v -26.39348910 15.67816550 4.20106144
v -26.51072388 15.87536298 3.94983388
v -26.50796318 15.92861324 3.94983388
v -26.49362657 15.92786997 3.94983388
v -26.49638727 15.87461972 3.94983388
v -26.34856872 15.89365293 4.23387484
v -26.57926082 15.88783600 3.94983388
v -26.62637856 15.91279857 3.94983388
v -26.61965787 15.92548412 3.94983388
v -26.57254013 15.90052154 3.94983388
v -26.57785712 15.94743502 4.30873040
v -22.31774993 16.21401117 3.90391361
v -22.34770630 16.26523013 3.90391361
v -22.33391658 16.27329530 3.90391361
v -22.30396021 16.22207634 3.90391361
v -22.12391237 16.36175045 4.18347763
v -22.36526283 16.27854562 3.90391361
v -22.42266245 16.29358054 3.90391361
v -22.41861458 16.30903429 3.90391361
v -22.36121496 16.29399937 3.90391361
v -22.34856874 16.45936578 4.21999212
v -22.44449226 16.29058168 3.90391361
v -22.49571122 16.26062531 3.90391361
v -22.50377639 16.27441503 3.90391361
v -22.45255744 16.30437140 3.90391361
v -22.59223154 16.48441924 4.25650660
v -22.50902671 16.24306878 3.90391361
v -22.52406163 16.18566916 3.90391361
v -22.53951538 16.18971703 3.90391361
v -22.52448046 16.24711665 3.90391361
v -22.68984687 16.25976287 4.18347763
v -22.52106277 16.16383935 3.90391361
v -22.49110640 16.11262039 3.90391361
v -22.50489612 16.10455522 3.90391361
v -22.53485249 16.15577417 3.90391361
v -22.71490034 16.01610007 4.21999212
v -22.47354987 16.09930490 3.90391361
v -22.41615026 16.08426998 3.90391361
v -22.42019812 16.06881623 3.90391361
v -22.47759774 16.08385115 3.90391361
v -22.49024397 15.91848474 4.25650660
v -22.39432044 16.08726884 3.90391361
v -22.34310148 16.11722521 3.90391361
v -22.33503631 16.10343549 3.90391361
v -22.38625527 16.07347912 3.90391361
v -22.24658116 15.89343127 4.18347763
v -22.32978599 16.13478174 3.90391361
v -22.31475107 16.19218135 3.90391361
v -22.29929732 16.18813349 3.90391361
v -22.31433224 16.13073387 3.90391361
v -22.14896583 16.11808764 4.21999212
v -22.40164890 16.16385206 3.90391361
v -22.44735196 16.20169379 3.90391361
v -22.43716380 16.21399846 3.90391361
v -22.39146074 16.17615673 3.90391361
v -22.38665871 16.22847598 4.30329079
v -13.39466204 -6.00447893 0.13922938
v -13.36082853 -5.95479188 0.13922938
v -13.34745125 -5.96390091 0.13922938
v -13.38128476 -6.01358795 0.13922938
v -13.17517503 -6.11757203 0.42245158
v -13.35628176 -5.93293666 0.13922938
v -13.36749190 -5.87387872 0.13922938
v -13.35159167 -5.87086060 0.13922938
v -13.34038153 -5.92991855 0.13922938
v -13.18357725 -5.86956169 0.45944387
v -13.37973081 -5.85520969 0.13922938
v -13.42941786 -5.82137617 0.13922938
v -13.42030883 -5.80799889 0.13922938
v -13.37062179 -5.84183240 0.13922938
v -13.26663771 -5.63572268 0.49643615
v -13.45127308 -5.81682940 0.13922938
v -13.51033103 -5.82803954 0.13922938
v -13.51334914 -5.81213932 0.13922938
v -13.45429120 -5.80092918 0.13922938
v -13.51464805 -5.64412489 0.42245158
v -13.52900006 -5.84027846 0.13922938
v -13.56283357 -5.88996550 0.13922938
v -13.57621085 -5.88085648 0.13922938
v -13.54237734 -5.83116944 0.13922938
v -13.74848706 -5.72718536 0.45944387
v -13.56738034 -5.91182073 0.13922938
v -13.55617020 -5.97087867 0.13922938
v -13.57207042 -5.97389679 0.13922938
v -13.58328056 -5.91483884 0.13922938
v -13.74008485 -5.97519570 0.49643615
v -13.54393128 -5.98954770 0.13922938
v -13.49424424 -6.02338121 0.13922938
v -13.50335326 -6.03675849 0.13922938
v -13.55304030 -6.00292498 0.13922938
v -13.65702438 -6.20903471 0.42245158
v -13.47238902 -6.02792798 0.13922938
v -13.41333107 -6.01671785 0.13922938
v -13.41031295 -6.03261807 0.13922938
v -13.46937090 -6.04382821 0.13922938
v -13.40901405 -6.20063250 0.45944387
v -13.47704826 -5.94953188 0.13922938
v -13.46230355 -5.89125578 0.13922938
v -13.44661383 -5.89522551 0.13922938
v -13.46135854 -5.95350160 0.13922938
v -13.41139982 -5.93513853 0.54383252
v 17.91907262 -13.44342571 -0.01505407
v 17.90464887 -13.48091088 -0.01505407
v 17.89455670 -13.47702756 -0.01505407
v 17.90898046 -13.43954239 -0.01505407
v 17.75903659 -13.40336375 0.17418227
v 17.90502733 -13.49582142 -0.01505407
v 17.92133421 -13.53252657 -0.01505407
v 17.91145205 -13.53691689 -0.01505407
v 17.89514517 -13.50021173 -0.01505407
v 17.80235944 -13.56340823 0.19889885
v 17.93214517 -13.54280230 -0.01505407
v 17.96963034 -13.55722605 -0.01505407
v 17.96574702 -13.56731822 -0.01505407
v 17.92826185 -13.55289446 -0.01505407
v 17.89208320 -13.70283833 0.22361543
v 17.98454087 -13.55684759 -0.01505407
v 18.02124602 -13.54054071 -0.01505407
v 18.02563634 -13.55042287 -0.01505407
v 17.98893119 -13.56672975 -0.01505407
v 18.05212768 -13.65951548 0.17418227
v 18.03152175 -13.52972976 -0.01505407
v 18.04594551 -13.49224459 -0.01505407
v 18.05603767 -13.49612790 -0.01505407
v 18.04161391 -13.53361307 -0.01505407
v 18.19155778 -13.56979172 0.19889885
v 18.04556704 -13.47733405 -0.01505407
v 18.02926016 -13.44062890 -0.01505407
v 18.03914232 -13.43623858 -0.01505407
v 18.05544920 -13.47294373 -0.01505407
v 18.14823493 -13.40974724 0.22361543
v 18.01844921 -13.43035317 -0.01505407
v 17.98096404 -13.41592941 -0.01505407
v 17.98484736 -13.40583725 -0.01505407
v 18.02233253 -13.42026101 -0.01505407
v 18.05851117 -13.27031714 0.17418227
v 17.96605350 -13.41630788 -0.01505407
v 17.92934835 -13.43261476 -0.01505407
v 17.92495803 -13.42273260 -0.01505407
v 17.96166319 -13.40642572 -0.01505407
v 17.89846669 -13.31363999 0.19889885
v 17.98105098 -13.46659217 -0.01505407
v 17.98035527 -13.50675060 -0.01505407
v 17.96954339 -13.50656329 -0.01505407
v 17.97023910 -13.46640487 -0.01505407
v 17.94054471 -13.48597568 0.25528355
v 26.12248047 -18.49051617 -0.00534704
v 26.18502868 -18.48478605 -0.00534704
v 26.18657140 -18.50162595 -0.00534704
v 26.12402320 -18.50735608 -0.00534704
v 26.17711585 -18.74265534 0.29058531
v 26.20567395 -18.47393125 -0.00534704
v 26.24585040 -18.42565118 -0.00534704
v 26.25884888 -18.43646792 -0.00534704
v 26.21867244 -18.48474799 -0.00534704
v 26.37153085 -18.57109319 0.32923770
v 26.25277331 -18.40337727 -0.00534704
v 26.24704319 -18.34082906 -0.00534704
v 26.26388309 -18.33928634 -0.00534704
v 26.26961322 -18.40183454 -0.00534704
v 26.50491248 -18.34874189 0.36789009
v 26.23618839 -18.32018379 -0.00534704
v 26.18790832 -18.28000734 -0.00534704
v 26.19872506 -18.26700886 -0.00534704
v 26.24700513 -18.30718530 -0.00534704
v 26.33335033 -18.15432689 0.29058531
v 26.16563441 -18.27308443 -0.00534704
v 26.10308620 -18.27881455 -0.00534704
v 26.10154348 -18.26197465 -0.00534704
v 26.16409168 -18.25624452 -0.00534704
v 26.11099903 -18.02094526 0.32923770
v 26.08244093 -18.28966935 -0.00534704
v 26.04226448 -18.33794942 -0.00534704
v 26.02926600 -18.32713268 -0.00534704
v 26.06944244 -18.27885261 -0.00534704
v 25.91658403 -18.19250741 0.36789009
v 26.03534157 -18.36022333 -0.00534704
v 26.04107169 -18.42277154 -0.00534704
v 26.02423179 -18.42431426 -0.00534704
v 26.01850166 -18.36176606 -0.00534704
v 25.78320240 -18.41485871 0.29058531
v 26.05192649 -18.44341681 -0.00534704
v 26.10020656 -18.48359326 -0.00534704
v 26.08938982 -18.49659174 -0.00534704
v 26.04110975 -18.45641530 -0.00534704
v 25.95476455 -18.60927371 0.32923770
v 26.11205004 -18.38757051 -0.00534704
v 26.16884128 -18.36074015 -0.00534704
v 26.17606484 -18.37603010 -0.00534704
v 26.11927360 -18.40286045 -0.00534704
v 26.16727602 -18.43094656 0.41741346
v 24.79952808 -7.39845071 0.48179165
v 24.79102354 -7.35512728 0.48179165
v 24.80268754 -7.35283759 0.48179165
v 24.81119208 -7.39616103 0.48179165
v 24.97190212 -7.34211663 0.68980739
v 24.78194894 -7.34147209 0.48179165
v 24.74530103 -7.31685141 0.48179165
v 24.75192968 -7.30698466 0.48179165
v 24.78857759 -7.33160534 0.48179165
v 24.83796048 -7.21851324 0.71697679
v 24.72922864 -7.31361244 0.48179165
v 24.68590521 -7.32211699 0.48179165
v 24.68361553 -7.31045298 0.48179165
v 24.72693896 -7.30194844 0.48179165
v 24.67289456 -7.14123841 0.74414620
v 24.67225002 -7.33119159 0.48179165
v 24.64762935 -7.36783950 0.48179165
v 24.63776260 -7.36121085 0.48179165
v 24.66238327 -7.32456294 0.48179165
v 24.54929118 -7.27518004 0.68980739
v 24.64439038 -7.38391188 0.48179165
v 24.65289492 -7.42723532 0.48179165
v 24.64123092 -7.42952500 0.48179165
v 24.63272638 -7.38620157 0.48179165
v 24.47201634 -7.44024597 0.71697679
v 24.66196952 -7.44089051 0.48179165
v 24.69861743 -7.46551118 0.48179165
v 24.69198878 -7.47537793 0.48179165
v 24.65534087 -7.45075726 0.48179165
v 24.60595798 -7.56384935 0.74414620
v 24.71468982 -7.46875015 0.48179165
v 24.75801325 -7.46024561 0.48179165
v 24.76030294 -7.47190961 0.48179165
v 24.71697950 -7.48041415 0.48179165
v 24.77102390 -7.64112419 0.68980739
v 24.77166844 -7.45117101 0.48179165
v 24.79628911 -7.41452310 0.48179165
v 24.80615586 -7.42115174 0.48179165
v 24.78153519 -7.45779965 0.48179165
v 24.89462729 -7.50718255 0.71697679
v 24.72829559 -7.41314685 0.48179165
v 24.70545115 -7.37536617 0.48179165
v 24.71562287 -7.36921575 0.48179165
v 24.73846731 -7.40699642 0.48179165
v 24.75465403 -7.37141207 0.77895699
v -16.93250742 -15.51258568 0.12582635
v -16.95609902 -15.57219205 0.12582635
v -16.97214689 -15.56584047 0.12582635
v -16.94855529 -15.50623410 0.12582635
v -17.18731382 -15.44620774 0.42786071
v -16.95572225 -15.59599499 0.12582635
v -16.93025596 -15.65482483 0.12582635
v -16.94609477 -15.66168115 0.12582635
v -16.97156106 -15.60285130 0.12582635
v -17.12060999 -15.70229853 0.46731010
v -16.91315833 -15.67138964 0.12582635
v -16.85355195 -15.69498123 0.12582635
v -16.85990354 -15.71102910 0.12582635
v -16.91950991 -15.68743750 0.12582635
v -16.97953627 -15.92619603 0.50675948
v -16.82974902 -15.69460446 0.12582635
v -16.77091917 -15.66913817 0.12582635
v -16.76406286 -15.68497698 0.12582635
v -16.82289271 -15.71044327 0.12582635
v -16.72344548 -15.85949221 0.42786071
v -16.75435437 -15.65204054 0.12582635
v -16.73076277 -15.59243416 0.12582635
v -16.71471490 -15.59878575 0.12582635
v -16.73830650 -15.65839212 0.12582635
v -16.49954797 -15.71841848 0.46731010
v -16.73113955 -15.56863123 0.12582635
v -16.75660584 -15.50980138 0.12582635
v -16.74076703 -15.50294507 0.12582635
v -16.71530073 -15.56177492 0.12582635
v -16.56625180 -15.46232769 0.50675948
v -16.77370347 -15.49323658 0.12582635
v -16.83330984 -15.46964499 0.12582635
v -16.82695826 -15.45359712 0.12582635
v -16.76735189 -15.47718871 0.12582635
v -16.70732553 -15.23843018 0.42786071
v -16.85711278 -15.47002176 0.12582635
v -16.91594262 -15.49548805 0.12582635
v -16.92279894 -15.47964924 0.12582635
v -16.86396909 -15.45418295 0.12582635
v -16.96341631 -15.30513401 0.46731010
v -16.83394325 -15.55050391 0.12582635
v -16.83566567 -15.61458603 0.12582635
v -16.85291855 -15.61412230 0.12582635
v -16.85119613 -15.55004019 0.12582635
v -16.89888657 -15.58082256 0.55730401
v -0.53186552 1.36323279 3.23679823
v -0.54324341 1.41187827 3.23679823
v -0.53014655 1.41494154 3.23679823
v -0.51876866 1.36629607 3.23679823
v -0.33923060 1.43394229 3.47217900
v -0.55406014 1.42695105 3.23679823
v -0.59650307 1.45330321 3.23679823
v -0.58940825 1.46473016 3.23679823
v -0.54696533 1.43837800 3.23679823
v -0.49571834 1.56827212 3.50292262
v -0.61480972 1.45631270 3.23679823
v -0.66345520 1.44493481 3.23679823
v -0.66651847 1.45803167 3.23679823
v -0.61787300 1.46940956 3.23679823
v -0.68551923 1.64894762 3.53366623
v -0.67852798 1.43411808 3.23679823
v -0.70488015 1.39167515 3.23679823
v -0.71630709 1.39876997 3.23679823
v -0.68995493 1.44121289 3.23679823
v -0.81984905 1.49245988 3.47217900
v -0.70788963 1.37336850 3.23679823
v -0.69651175 1.32472302 3.23679823
v -0.70960860 1.32165975 3.23679823
v -0.72098649 1.37030522 3.23679823
v -0.90052455 1.30265900 3.50292262
v -0.68569501 1.30965024 3.23679823
v -0.64325209 1.28329808 3.23679823
v -0.65034690 1.27187113 3.23679823
v -0.69278983 1.29822329 3.23679823
v -0.74403682 1.16832917 3.53366623
v -0.62494543 1.28028859 3.23679823
v -0.57629995 1.29166648 3.23679823
v -0.57323668 1.27856962 3.23679823
v -0.62188215 1.26719173 3.23679823
v -0.55423593 1.08765367 3.47217900
v -0.56122717 1.30248321 3.23679823
v -0.53487501 1.34492614 3.23679823
v -0.52344806 1.33783132 3.23679823
v -0.54980022 1.29538840 3.23679823
v -0.41990610 1.24414141 3.50292262
v -0.61181955 1.34371903 3.23679823
v -0.63918805 1.38551382 3.23679823
v -0.62793560 1.39288226 3.23679823
v -0.60056711 1.35108747 3.23679823
v -0.58370902 1.39198492 3.57305648
v 29.78727234 -0.78636910 2.26409714
v 29.77524457 -0.82609166 2.26409714
v 29.76455004 -0.82285342 2.26409714
v 29.77657780 -0.78313086 2.26409714
v 29.61931264 -0.75719412 2.45964294
v 29.77676304 -0.84142932 2.26409714
v 29.79634622 -0.87802232 2.26409714
v 29.78649425 -0.88329472 2.26409714
v 29.76691107 -0.84670172 2.26409714
v 29.67607191 -0.91885195 2.48518362
v 29.80826529 -0.88779397 2.26409714
v 29.84798785 -0.89982173 2.26409714
v 29.84474961 -0.91051627 2.26409714
v 29.80502705 -0.89848850 2.26409714
v 29.77909031 -1.05575366 2.51072429
v 29.86332551 -0.89830327 2.26409714
v 29.89991851 -0.87872009 2.26409714
v 29.90519090 -0.88857206 2.26409714
v 29.86859790 -0.90815523 2.26409714
v 29.94074814 -0.99899440 2.45964294
v 29.90969016 -0.86680101 2.26409714
v 29.92171792 -0.82707845 2.26409714
v 29.93241245 -0.83031670 2.26409714
v 29.92038469 -0.87003926 2.26409714
v 30.07764985 -0.89597600 2.48518362
v 29.92019945 -0.81174080 2.26409714
v 29.90061628 -0.77514780 2.26409714
v 29.91046824 -0.76987540 2.26409714
v 29.93005142 -0.80646840 2.26409714
v 30.02089058 -0.73431816 2.51072429
v 29.88869720 -0.76537615 2.26409714
v 29.84897464 -0.75334839 2.26409714
v 29.85221289 -0.74265385 2.26409714
v 29.89193544 -0.75468161 2.26409714
v 29.91787218 -0.59741645 2.45964294
v 29.83363698 -0.75486685 2.26409714
v 29.79704398 -0.77445003 2.26409714
v 29.79177159 -0.76459806 2.26409714
v 29.82836459 -0.74501489 2.26409714
v 29.75621435 -0.65417572 2.48518362
v 29.85289841 -0.80555316 2.26409714
v 29.85522063 -0.84699174 2.26409714
v 29.84406408 -0.84761696 2.26409714
v 29.84174186 -0.80617837 2.26409714
v 29.81262094 -0.82859468 2.54344828
v -16.39259648 -21.66842775 0.10796943
v -16.34840964 -21.71610647 0.10796943
v -16.36124622 -21.72800292 0.10796943
v -16.40543306 -21.68032420 0.10796943
v -16.56488553 -21.87241345 0.41424615
v -16.32647390 -21.72618502 0.10796943
v -16.26151515 -21.72865415 0.10796943
v -16.26217991 -21.74614306 0.10796943
v -16.32713867 -21.74367392 0.10796943
v -16.30144941 -21.92354507 0.45424963
v -16.23887763 -21.72026986 0.10796943
v -16.19119891 -21.67608302 0.10796943
v -16.17930245 -21.68891960 0.10796943
v -16.22698117 -21.73310644 0.10796943
v -16.03489192 -21.89255891 0.49425312
v -16.18112035 -21.65414729 0.10796943
v -16.17865122 -21.58918853 0.10796943
v -16.16116232 -21.58985330 0.10796943
v -16.16363145 -21.65481205 0.10796943
v -15.98376030 -21.62912279 0.41424615
v -16.18703551 -21.56655101 0.10796943
v -16.23122235 -21.51887229 0.10796943
v -16.21838577 -21.50697583 0.10796943
v -16.17419893 -21.55465455 0.10796943
v -16.01474646 -21.36256530 0.45424963
v -16.25315809 -21.50879374 0.10796943
v -16.31811684 -21.50632460 0.10796943
v -16.31745208 -21.48883570 0.10796943
v -16.25249332 -21.49130483 0.10796943
v -16.27818259 -21.31143368 0.49425312
v -16.34075437 -21.51470889 0.10796943
v -16.38843309 -21.55889573 0.10796943
v -16.40032954 -21.54605915 0.10796943
v -16.35265082 -21.50187231 0.10796943
v -16.54474007 -21.34241984 0.41424615
v -16.39851164 -21.58083147 0.10796943
v -16.40098077 -21.64579022 0.10796943
v -16.41846967 -21.64512546 0.10796943
v -16.41600054 -21.58016670 0.10796943
v -16.59587169 -21.60585597 0.45424963
v -16.31475489 -21.59488269 0.10796943
v -16.25689804 -21.62451922 0.10796943
v -16.26487711 -21.64009606 0.10796943
v -16.32273395 -21.61045953 0.10796943
v -16.31546298 -21.66755779 0.54550760
v 2.00215930 -14.34862415 -0.16220540
v 1.99772857 -14.41039666 -0.16220540
v 1.98109751 -14.40920377 -0.16220540
v 1.98552824 -14.34743126 -0.16220540
v 1.74810217 -14.36144669 0.12958586
v 2.00498707 -14.43221978 -0.16220540
v 2.04553383 -14.47903253 -0.16220540
v 2.03293039 -14.48994897 -0.16220540
v 1.99238363 -14.44313622 -0.16220540
v 1.88392194 -14.57804620 0.16769737
v 2.06609763 -14.48933128 -0.16220540
v 2.12787014 -14.49376200 -0.16220540
v 2.12667725 -14.51039306 -0.16220540
v 2.06490474 -14.50596234 -0.16220540
v 2.07892017 -14.74338841 0.20580888
v 2.14969326 -14.48650351 -0.16220540
v 2.19650601 -14.44595675 -0.16220540
v 2.20742245 -14.45856019 -0.16220540
v 2.16060970 -14.49910695 -0.16220540
v 2.29551968 -14.60756864 0.12958586
v 2.20680476 -14.42539295 -0.16220540
v 2.21123548 -14.36362044 -0.16220540
v 2.22786654 -14.36481333 -0.16220540
v 2.22343582 -14.42658583 -0.16220540
v 2.46086189 -14.41257041 0.16769737
v 2.20397699 -14.34179732 -0.16220540
v 2.16343023 -14.29498457 -0.16220540
v 2.17603367 -14.28406813 -0.16220540
v 2.21658043 -14.33088088 -0.16220540
v 2.32504212 -14.19597090 0.20580888
v 2.14286643 -14.28468582 -0.16220540
v 2.08109392 -14.28025509 -0.16220540
v 2.08228681 -14.26362403 -0.16220540
v 2.14405932 -14.26805476 -0.16220540
v 2.13004389 -14.03062869 0.12958586
v 2.05927080 -14.28751358 -0.16220540
v 2.01245805 -14.32806035 -0.16220540
v 2.00154161 -14.31545691 -0.16220540
v 2.04835436 -14.27491014 -0.16220540
v 1.91344438 -14.16644846 0.16769737
v 2.10398816 -14.35494410 -0.16220540
v 2.12100771 -14.41449081 -0.16220540
v 2.10497590 -14.41907299 -0.16220540
v 2.08795635 -14.35952629 -0.16220540
v 2.05295124 -14.40173701 0.25463926
v -22.89115147 19.28637700 3.95293755
v -22.85927647 19.30699734 3.95293755
v -22.85372484 19.29841561 3.95293755
v -22.88559984 19.27779527 3.95293755
v -22.79114641 19.16673524 4.13180324
v -22.85127091 19.31860178 3.95293755
v -22.84331267 19.35572159 3.95293755
v -22.83331887 19.35357899 3.95293755
v -22.84127711 19.31645917 3.95293755
v -22.73521850 19.31313391 4.15516528
v -22.84585746 19.36958795 3.95293755
v -22.86647780 19.40146295 3.95293755
v -22.85789607 19.40701458 3.95293755
v -22.83727573 19.37513958 3.95293755
v -22.72621570 19.46959301 4.17852733
v -22.87808224 19.40946851 3.95293755
v -22.91520205 19.41742675 3.95293755
v -22.91305945 19.42742055 3.95293755
v -22.87593963 19.41946231 3.95293755
v -22.87261437 19.52552092 4.13180324
v -22.92906841 19.41488196 3.95293755
v -22.96094341 19.39426162 3.95293755
v -22.96649504 19.40284335 3.95293755
v -22.93462004 19.42346369 3.95293755
v -23.02907347 19.53452372 4.15516528
v -22.96894897 19.38265718 3.95293755
v -22.97690721 19.34553737 3.95293755
v -22.98690101 19.34767998 3.95293755
v -22.97894277 19.38479979 3.95293755
v -23.08500138 19.38812505 4.17852733
v -22.97436242 19.33167101 3.95293755
v -22.95374208 19.29979601 3.95293755
v -22.96232381 19.29424438 3.95293755
v -22.98294415 19.32611938 3.95293755
v -23.09400418 19.23166595 4.13180324
v -22.94213764 19.29179045 3.95293755
v -22.90501783 19.28383221 3.95293755
v -22.90716043 19.27383841 3.95293755
v -22.94428025 19.28179665 3.95293755
v -22.94760551 19.17573804 4.15516528
v -22.92562472 19.33855835 3.95293755
v -22.90275287 19.36885841 3.95293755
v -22.89459516 19.36270061 3.95293755
v -22.91746701 19.33240055 3.95293755
v -22.88388874 19.33083655 4.20845996
v -10.30789857 13.59412184 3.91972170
v -10.34958868 13.63702994 3.91972170
v -10.33803650 13.64825420 3.91972170
v -10.29634639 13.60534610 3.91972170
v -10.15381061 13.78554325 4.20159497
v -10.36998985 13.64582656 3.91972170
v -10.42980981 13.64668781 3.91972170
v -10.42957793 13.66279319 3.91972170
v -10.36975797 13.66193194 3.91972170
v -10.39729952 13.82686746 4.23841107
v -10.45045577 13.63848216 3.91972170
v -10.49336387 13.59679205 3.91972170
v -10.50458813 13.60834423 3.91972170
v -10.46168003 13.65003434 3.91972170
v -10.64187718 13.79257012 4.27522717
v -10.50216049 13.57639088 3.91972170
v -10.50302174 13.51657092 3.91972170
v -10.51912712 13.51680280 3.91972170
v -10.51826587 13.57662276 3.91972170
v -10.68320139 13.54908122 4.20159497
v -10.49481609 13.49592496 3.91972170
v -10.45312598 13.45301687 3.91972170
v -10.46467816 13.44179261 3.91972170
v -10.50636827 13.48470070 3.91972170
v -10.64890405 13.30450356 4.23841107
v -10.43272481 13.44422025 3.91972170
v -10.37290485 13.44335899 3.91972170
v -10.37313673 13.42725361 3.91972170
v -10.43295669 13.42811486 3.91972170
v -10.40541514 13.26317934 4.27522717
v -10.35225889 13.45156464 3.91972170
v -10.30935079 13.49325475 3.91972170
v -10.29812653 13.48170257 3.91972170
v -10.34103463 13.44001246 3.91972170
v -10.16083749 13.29747668 4.20159497
v -10.30055417 13.51365592 3.91972170
v -10.29969292 13.57347588 3.91972170
v -10.28358754 13.57324401 3.91972170
v -10.28444879 13.51342405 3.91972170
v -10.11951327 13.54096559 4.23841107
v -10.37792102 13.52476528 3.91972170
v -10.43179667 13.55077654 3.91972170
v -10.42479364 13.56528153 3.91972170
v -10.37091799 13.53927026 3.91972170
v -10.37884759 13.59164655 4.32239780
v 19.31627506 -13.18883047 0.02975486
v 19.29320555 -13.23326390 0.02975486
v 19.28124270 -13.22705288 0.02975486
v 19.30431221 -13.18261945 0.02975486
v 19.12358863 -13.11699457 0.26563933
v 19.29160518 -13.25178697 0.02975486
v 19.30671176 -13.29951875 0.02975486
v 19.29386089 -13.30358591 0.02975486
v 19.27875431 -13.25585413 0.02975486
v 19.15504520 -13.32126309 0.29644873
v 19.31867791 -13.31374817 0.02975486
v 19.36311134 -13.33681768 0.02975486
v 19.35690032 -13.34878052 0.02975486
v 19.31246689 -13.32571102 0.02975486
v 19.24684202 -13.50643460 0.32725813
v 19.38163441 -13.33841804 0.02975486
v 19.42936619 -13.32331147 0.02975486
v 19.43343335 -13.33616234 0.02975486
v 19.38570157 -13.35126891 0.02975486
v 19.45111053 -13.47497803 0.26563933
v 19.44359561 -13.31134531 0.02975486
v 19.46666512 -13.26691188 0.02975486
v 19.47862797 -13.27312290 0.02975486
v 19.45555846 -13.31755633 0.02975486
v 19.63628204 -13.38318121 0.29644873
v 19.46826549 -13.24838881 0.02975486
v 19.45315891 -13.20065703 0.02975486
v 19.46600978 -13.19658987 0.02975486
v 19.48111636 -13.24432166 0.02975486
v 19.60482547 -13.17891269 0.32725813
v 19.44119276 -13.18642761 0.02975486
v 19.39675933 -13.16335810 0.02975486
v 19.40297035 -13.15139526 0.02975486
v 19.44740378 -13.17446476 0.02975486
v 19.51302865 -12.99374118 0.26563933
v 19.37823626 -13.16175774 0.02975486
v 19.33050448 -13.17686431 0.02975486
v 19.32643732 -13.16401344 0.02975486
v 19.37416910 -13.14890687 0.02975486
v 19.30876014 -13.02519775 0.29644873
v 19.38983637 -13.22612909 0.02975486
v 19.38340162 -13.27577913 0.02975486
v 19.37003430 -13.27404669 0.02975486
v 19.37646905 -13.22439666 0.02975486
v 19.33696896 -13.24451936 0.36673268
v 9.09947651 -22.86805034 -0.12508765
v 9.09759521 -22.91317511 -0.12508765
v 9.08544623 -22.91266860 -0.12508765
v 9.08732753 -22.86754383 -0.12508765
v 8.91456565 -22.88294280 0.08770412
v 9.10336253 -22.92892427 -0.12508765
v 9.13394028 -22.96216257 -0.12508765
v 9.12499150 -22.97039505 -0.12508765
v 9.09441375 -22.93715674 -0.12508765
v 9.01829728 -23.03786470 0.11549733
v 9.14915473 -22.96922080 -0.12508765
v 9.19427950 -22.97110210 -0.12508765
v 9.19377299 -22.98325108 -0.12508765
v 9.14864822 -22.98136978 -0.12508765
v 9.16404720 -23.15413166 0.14329054
v 9.21002866 -22.96533478 -0.12508765
v 9.24326696 -22.93475703 -0.12508765
v 9.25149944 -22.94370581 -0.12508765
v 9.21826113 -22.97428356 -0.12508765
v 9.31896909 -23.05040003 0.08770412
v 9.25032519 -22.91954258 -0.12508765
v 9.25220649 -22.87441782 -0.12508765
v 9.26435547 -22.87492432 -0.12508765
v 9.26247417 -22.92004909 -0.12508765
v 9.43523605 -22.90465012 0.11549733
v 9.24643917 -22.85866866 -0.12508765
v 9.21586142 -22.82543035 -0.12508765
v 9.22481020 -22.81719787 -0.12508765
v 9.25538795 -22.85043618 -0.12508765
v 9.33150442 -22.74972822 0.14329054
v 9.20064697 -22.81837212 -0.12508765
v 9.15552221 -22.81649082 -0.12508765
v 9.15602871 -22.80434184 -0.12508765
v 9.20115348 -22.80622314 -0.12508765
v 9.18575451 -22.63346126 0.08770412
v 9.13977305 -22.82225814 -0.12508765
v 9.10653474 -22.85283589 -0.12508765
v 9.09830226 -22.84388711 -0.12508765
v 9.13154057 -22.81330936 -0.12508765
v 9.03083261 -22.73719289 0.11549733
v 9.17384093 -22.87043439 -0.12508765
v 9.18754687 -22.91346847 -0.12508765
v 9.17596077 -22.91715853 -0.12508765
v 9.16225483 -22.87412445 -0.12508765
v 9.13765983 -22.90565737 0.17890060
v -28.96673064 -1.95624547 3.03686345
v -28.93690393 -1.98459866 3.03686345
v -28.94453748 -1.99262892 3.03686345
v -28.97436419 -1.96427574 3.03686345
v -29.06741105 -2.09202327 3.23075547
v -28.92264139 -1.99008758 3.03686345
v -28.88150199 -1.98904564 3.03686345
v -28.88122147 -2.00012164 3.03686345
v -28.92236087 -2.00116358 3.03686345
v -28.89892584 -2.11377596 3.25608015
v -28.86753559 -1.98284176 3.03686345
v -28.83918240 -1.95301505 3.03686345
v -28.83115213 -1.96064860 3.03686345
v -28.85950532 -1.99047531 3.03686345
v -28.73175779 -2.08352217 3.28140482
v -28.83369348 -1.93875251 3.03686345
v -28.83473541 -1.89761311 3.03686345
v -28.82365942 -1.89733259 3.03686345
v -28.82261748 -1.93847199 3.03686345
v -28.71000510 -1.91503696 3.23075547
v -28.84093929 -1.88364671 3.03686345
v -28.87076601 -1.85529352 3.03686345
v -28.86313246 -1.84726326 3.03686345
v -28.83330574 -1.87561644 3.03686345
v -28.74025888 -1.74786891 3.25608015
v -28.88502855 -1.84980460 3.03686345
v -28.92616795 -1.85084654 3.03686345
v -28.92644847 -1.83977054 3.03686345
v -28.88530907 -1.83872860 3.03686345
v -28.90874410 -1.72611622 3.28140482
v -28.94013435 -1.85705042 3.03686345
v -28.96848753 -1.88687713 3.03686345
v -28.97651780 -1.87924358 3.03686345
v -28.94816461 -1.84941687 3.03686345
v -29.07591215 -1.75637001 3.23075547
v -28.97397646 -1.90113967 3.03686345
v -28.97293452 -1.94227907 3.03686345
v -28.98401052 -1.94255959 3.03686345
v -28.98505246 -1.90142019 3.03686345
v -29.09766484 -1.92485522 3.25608015
v -28.92049670 -1.90666226 3.03686345
v -28.88275605 -1.92306897 3.03686345
v -28.88717324 -1.93322991 3.03686345
v -28.92491389 -1.91682321 3.03686345
v -28.91803307 -1.95260626 3.31385206
v 8.67241221 -4.86790806 1.06937546
v 8.65055356 -4.90878879 1.06937546
v 8.63954721 -4.90290376 1.06937546
v 8.66140586 -4.86202304 1.06937546
v 8.49481530 -4.79923238 1.28779147
v 8.64886375 -4.92592089 1.06937546
v 8.66231439 -4.97028433 1.06937546
v 8.65037038 -4.97390566 1.06937546
v 8.63691974 -4.92954222 1.06937546
v 8.52164560 -4.98871319 1.31631927
v 8.67323373 -4.98359343 1.06937546
v 8.71411446 -5.00545209 1.06937546
v 8.70822944 -5.01645844 1.06937546
v 8.66734871 -4.99459978 1.06937546
v 8.60455805 -5.16119035 1.34484708
v 8.73124656 -5.00714190 1.06937546
v 8.77561000 -4.99369126 1.06937546
v 8.77923133 -5.00563527 1.06937546
v 8.73486789 -5.01908591 1.06937546
v 8.79403886 -5.13436005 1.28779147
v 8.78891911 -4.98277192 1.06937546
v 8.81077776 -4.94189119 1.06937546
v 8.82178411 -4.94777621 1.06937546
v 8.79992546 -4.98865694 1.06937546
v 8.96651602 -5.05144760 1.31631927
v 8.81246757 -4.92475909 1.06937546
v 8.79901693 -4.88039565 1.06937546
v 8.81096094 -4.87677432 1.06937546
v 8.82441158 -4.92113776 1.06937546
v 8.93968572 -4.86196678 1.34484708
v 8.78809759 -4.86708654 1.06937546
v 8.74721686 -4.84522789 1.06937546
v 8.75310188 -4.83422154 1.06937546
v 8.79398261 -4.85608019 1.06937546
v 8.85677327 -4.68948963 1.28779147
v 8.73008476 -4.84353808 1.06937546
v 8.68572132 -4.85698871 1.06937546
v 8.68209999 -4.84504470 1.06937546
v 8.72646343 -4.83159407 1.06937546
v 8.66729246 -4.71631992 1.31631927
v 8.74010193 -4.90326831 1.06937546
v 8.73358642 -4.94916584 1.06937546
v 8.72122939 -4.94741166 1.06937546
v 8.72774490 -4.90151413 1.06937546
v 8.69094665 -4.91970157 1.38139833
v 15.00114702 -1.72546814 1.93416721
v 14.95462472 -1.69592422 1.93416721
v 14.96257886 -1.68339899 1.93416721
v 15.00910115 -1.71294291 1.93416721
v 15.09833415 -1.52102837 2.19382243
v 14.93446490 -1.69239941 1.93416721
v 14.88067797 -1.70440494 1.93416721
v 14.87744571 -1.68992383 1.93416721
v 14.93123264 -1.67791831 1.93416721
v 14.87132398 -1.53600702 2.22773658
v 14.86393040 -1.71616767 1.93416721
v 14.83438648 -1.76268996 1.93416721
v 14.82186125 -1.75473583 1.93416721
v 14.85140517 -1.70821354 1.93416721
v 14.65949063 -1.61898054 2.26165073
v 14.83086168 -1.78284979 1.93416721
v 14.84286720 -1.83663672 1.93416721
v 14.82838609 -1.83986898 1.93416721
v 14.81638057 -1.78608205 1.93416721
v 14.67446928 -1.84599070 2.19382243
v 14.85462993 -1.85338429 1.93416721
v 14.90115222 -1.88292820 1.93416721
v 14.89319809 -1.89545344 1.93416721
v 14.84667580 -1.86590952 1.93416721
v 14.75744280 -2.05782405 2.22773658
v 14.92131205 -1.88645301 1.93416721
v 14.97509898 -1.87444749 1.93416721
v 14.97833124 -1.88892859 1.93416721
v 14.92454431 -1.90093412 1.93416721
v 14.98445296 -2.04284541 2.26165073
v 14.99184655 -1.86268476 1.93416721
v 15.02139046 -1.81616246 1.93416721
v 15.03391570 -1.82411660 1.93416721
v 15.00437178 -1.87063889 1.93416721
v 15.19628631 -1.95987188 2.19382243
v 15.02491527 -1.79600264 1.93416721
v 15.01290975 -1.74221571 1.93416721
v 15.02739085 -1.73898345 1.93416721
v 15.03939638 -1.79277038 1.93416721
v 15.18130767 -1.73286172 2.22773658
v 14.95321612 -1.80257306 1.93416721
v 14.89938380 -1.79077269 1.93416721
v 14.90256082 -1.77627937 1.93416721
v 14.95639314 -1.78807974 1.93416721
v 14.93810032 -1.74284056 2.30510324
v -1.77472777 20.63202175 3.82045934
v -1.73971351 20.65508916 3.82045934
v -1.73350306 20.64566224 3.82045934
v -1.76851731 20.62259483 3.82045934
v -1.66317658 20.50080501 4.01801296
v -1.73097867 20.66797928 3.82045934
v -1.72253097 20.70904922 3.82045934
v -1.71147367 20.70677484 3.82045934
v -1.71992137 20.66570490 3.82045934
v -1.60275519 20.66300870 4.04381588
v -1.72546919 20.72434038 3.82045934
v -1.74853660 20.75935464 3.82045934
v -1.73910969 20.76556510 3.82045934
v -1.71604228 20.73055084 3.82045934
v -1.59425246 20.83589157 4.06961880
v -1.76142673 20.76808948 3.82045934
v -1.80249666 20.77653718 3.82045934
v -1.80022228 20.78759448 3.82045934
v -1.75915234 20.77914678 3.82045934
v -1.75645615 20.89631296 4.01801296
v -1.81778783 20.77359896 3.82045934
v -1.85280208 20.75053155 3.82045934
v -1.85901254 20.75995846 3.82045934
v -1.82399828 20.78302587 3.82045934
v -1.92933901 20.90481569 4.04381588
v -1.86153693 20.73764142 3.82045934
v -1.86998462 20.69657149 3.82045934
v -1.88104192 20.69884587 3.82045934
v -1.87259422 20.73991581 3.82045934
v -1.98976041 20.74261200 4.06961880
v -1.86704640 20.68128033 3.82045934
v -1.84397899 20.64626607 3.82045934
v -1.85340591 20.64005561 3.82045934
v -1.87647332 20.67506987 3.82045934
v -1.99826314 20.56972914 4.01801296
v -1.83108887 20.63753122 3.82045934
v -1.79001893 20.62908353 3.82045934
v -1.79229331 20.61802623 3.82045934
v -1.83336325 20.62647393 3.82045934
v -1.83605945 20.50930774 4.04381588
v -1.81328184 20.68933567 3.82045934
v -1.78830016 20.72301088 3.82045934
v -1.77923375 20.71628504 3.82045934
v -1.80421544 20.68260983 3.82045934
v -1.76711579 20.68119160 4.10267879
v -30.40351927 -2.23029948 2.57763900
v -30.44090495 -2.27695704 2.57763900
v -30.45346660 -2.26689166 2.57763900
v -30.41608092 -2.22023410 2.57763900
v -30.61243140 -2.10120972 2.85933294
v -30.44710096 -2.29827769 2.57763900
v -30.44054475 -2.35770523 2.57763900
v -30.45654448 -2.35947036 2.57763900
v -30.46310069 -2.30004282 2.57763900
v -30.62324833 -2.34778617 2.89612561
v -30.42985002 -2.37716244 2.57763900
v -30.38319246 -2.41454812 2.57763900
v -30.39325783 -2.42710977 2.57763900
v -30.43991539 -2.38972409 2.57763900
v -30.55893978 -2.58607457 2.93291829
v -30.36187181 -2.42074413 2.57763900
v -30.30244427 -2.41418792 2.57763900
v -30.30067914 -2.43018765 2.57763900
v -30.36010668 -2.43674386 2.57763900
v -30.31236333 -2.59689150 2.85933294
v -30.28298706 -2.40349319 2.57763900
v -30.24560138 -2.35683563 2.57763900
v -30.23303972 -2.36690100 2.57763900
v -30.27042540 -2.41355856 2.57763900
v -30.07407493 -2.53258295 2.89612561
v -30.23940537 -2.33551498 2.57763900
v -30.24596158 -2.27608744 2.57763900
v -30.22996185 -2.27432230 2.57763900
v -30.22340564 -2.33374985 2.57763900
v -30.06325800 -2.28600650 2.93291829
v -30.25665631 -2.25663022 2.57763900
v -30.30331387 -2.21924454 2.57763900
v -30.29324849 -2.20668289 2.57763900
v -30.24659093 -2.24406857 2.57763900
v -30.12756655 -2.04771810 2.85933294
v -30.32463452 -2.21304854 2.57763900
v -30.38406206 -2.21960475 2.57763900
v -30.38582719 -2.20360502 2.57763900
v -30.32639965 -2.19704881 2.57763900
v -30.37414300 -2.03690117 2.89612561
v -30.32606727 -2.29114607 2.57763900
v -30.34518759 -2.34779438 2.57763900
v -30.36043906 -2.34264660 2.57763900
v -30.34131874 -2.28599829 2.57763900
v -30.39227573 -2.30034991 2.98005891
v 32.52022621 1.49824857 2.60958694
v 32.48152509 1.52281051 2.60958694
v 32.48813792 1.53323005 2.60958694
v 32.52683904 1.50866811 2.60958694
v 32.60101279 1.66831104 2.82555154
v 32.46475661 1.52573754 2.60958694
v 32.42002288 1.51573963 2.60958694
v 32.41733113 1.52778334 2.60958694
v 32.46206487 1.53778125 2.60958694
v 32.41220374 1.65580007 2.85375916
v 32.40609605 1.50595226 2.60958694
v 32.38153411 1.46725113 2.60958694
v 32.37111458 1.47386396 2.60958694
v 32.39567652 1.51256509 2.60958694
v 32.23603358 1.58673883 2.88196678
v 32.37860708 1.45048266 2.60958694
v 32.38860499 1.40574892 2.60958694
v 32.37656129 1.40305717 2.60958694
v 32.36656338 1.44779091 2.60958694
v 32.24854455 1.39792979 2.82555154
v 32.39839237 1.39182209 2.60958694
v 32.43709349 1.36726015 2.60958694
v 32.43048066 1.35684062 2.60958694
v 32.39177954 1.38140256 2.60958694
v 32.31760579 1.22175962 2.85375916
v 32.45386196 1.36433313 2.60958694
v 32.49859570 1.37433104 2.60958694
v 32.50128745 1.36228733 2.60958694
v 32.45655371 1.35228942 2.60958694
v 32.50641484 1.23427059 2.88196678
v 32.51252253 1.38411841 2.60958694
v 32.53708447 1.42281954 2.60958694
v 32.54750400 1.41620671 2.60958694
v 32.52294206 1.37750558 2.60958694
v 32.68258500 1.30333183 2.82555154
v 32.54001150 1.43958801 2.60958694
v 32.53001359 1.48432175 2.60958694
v 32.54205729 1.48701349 2.60958694
v 32.55205520 1.44227976 2.60958694
v 32.67007403 1.49214088 2.85375916
v 32.48037826 1.43410651 2.60958694
v 32.43560124 1.44390880 2.60958694
v 32.43824032 1.45596416 2.60958694
v 32.48301734 1.44616186 2.60958694
v 32.46779204 1.48378467 2.91810780
v 29.56775306 -6.06766391 0.55463867
v 29.51890265 -6.06413129 0.55463867
v 29.51985374 -6.05097926 0.55463867
v 29.56870415 -6.05451188 0.55463867
v 29.55773006 -5.86673824 0.78540028
v 29.50164059 -6.06986153 0.55463867
v 29.46460020 -6.10190604 0.55463867
v 29.45597282 -6.09193362 0.55463867
v 29.49301321 -6.05988911 0.55463867
v 29.38637059 -5.97405029 0.81554058
v 29.45644596 -6.11816405 0.55463867
v 29.45291334 -6.16701446 0.55463867
v 29.43976131 -6.16606337 0.55463867
v 29.44329393 -6.11721296 0.55463867
v 29.25552029 -6.12818705 0.84568087
v 29.45864358 -6.18427652 0.55463867
v 29.49068810 -6.22131691 0.55463867
v 29.48071568 -6.22994428 0.55463867
v 29.44867116 -6.19290389 0.55463867
v 29.36283234 -6.29954651 0.78540028
v 29.50694610 -6.22947114 0.55463867
v 29.55579651 -6.23300376 0.55463867
v 29.55484542 -6.24615579 0.55463867
v 29.50599501 -6.24262318 0.55463867
v 29.51696910 -6.43039682 0.81554058
v 29.57305857 -6.22727353 0.55463867
v 29.61009896 -6.19522901 0.55463867
v 29.61872633 -6.20520143 0.55463867
v 29.58168594 -6.23724594 0.55463867
v 29.68832856 -6.32308476 0.84568087
v 29.61825319 -6.17897101 0.55463867
v 29.62178581 -6.13012060 0.55463867
v 29.63493785 -6.13107168 0.55463867
v 29.63140523 -6.17992209 0.55463867
v 29.81917887 -6.16894801 0.78540028
v 29.61605558 -6.11285854 0.55463867
v 29.58401106 -6.07581815 0.55463867
v 29.59398348 -6.06719077 0.55463867
v 29.62602800 -6.10423116 0.55463867
v 29.71186682 -5.99758854 0.81554058
v 29.56270780 -6.14819180 0.55463867
v 29.51560773 -6.16162405 0.55463867
v 29.51199135 -6.14894326 0.55463867
v 29.55909143 -6.13551101 0.55463867
v 29.52572551 -6.10780785 0.88429812
v 4.19118611 10.08384024 4.08095280
v 4.18755603 10.14843942 4.08095280
v 4.20494812 10.14941675 4.08095280
v 4.20857820 10.08481757 4.08095280
v 4.45273696 10.13093940 4.38579449
v 4.17713026 10.17008680 4.08095280
v 4.12888489 10.21319846 4.08095280
v 4.14049188 10.22618760 4.08095280
v 4.18873725 10.18307595 4.08095280
v 4.28317163 10.33730655 4.42561054
v 4.10620575 10.22113334 4.08095280
v 4.04160657 10.21750326 4.08095280
v 4.04062924 10.23489534 4.08095280
v 4.10522842 10.23852543 4.08095280
v 4.05910659 10.48268418 4.46542660
v 4.01995920 10.20707749 4.08095280
v 3.97684754 10.15883212 4.08095280
v 3.96385839 10.17043911 4.08095280
v 4.00697005 10.21868448 4.08095280
v 3.85273945 10.31311886 4.38579449
v 3.96891265 10.13615298 4.08095280
v 3.97254274 10.07155380 4.08095280
v 3.95515065 10.07057647 4.08095280
v 3.95152057 10.13517565 4.08095280
v 3.70736181 10.08905382 4.42561054
v 3.98296851 10.04990642 4.08095280
v 4.03121388 10.00679477 4.08095280
v 4.01960689 9.99380562 4.08095280
v 3.97136151 10.03691728 4.08095280
v 3.87692714 9.88268667 4.46542660
v 4.05389301 9.99885988 4.08095280
v 4.11849219 10.00248996 4.08095280
v 4.11946952 9.98509788 4.08095280
v 4.05487034 9.98146779 4.08095280
v 4.10099218 9.73730904 4.38579449
v 4.14013957 10.01291573 4.08095280
v 4.18325123 10.06116110 4.08095280
v 4.19624038 10.04955411 4.08095280
v 4.15312872 10.00130874 4.08095280
v 4.30735932 9.90687437 4.42561054
v 4.08482858 10.07683673 4.08095280
v 4.05926766 10.13627470 4.08095280
v 4.07527019 10.14315649 4.08095280
v 4.10083111 10.08371852 4.08095280
v 4.13148608 10.13211664 4.51644092
v -10.34803756 -4.26864410 1.04431117
v -10.33320468 -4.23114603 1.04431117
v -10.32310904 -4.23513950 1.04431117
v -10.33794193 -4.27263757 1.04431117
v -10.18774435 -4.31036759 1.23430480
v -10.33344461 -4.21617292 1.04431117
v -10.34947132 -4.17916935 1.04431117
v -10.33950882 -4.17485446 1.04431117
v -10.32348211 -4.21185804 1.04431117
v -10.22973563 -4.14928280 1.25912030
v -10.36022856 -4.16875142 1.04431117
v -10.39772664 -4.15391854 1.04431117
v -10.39373317 -4.14382290 1.04431117
v -10.35623509 -4.15865579 1.04431117
v -10.31850508 -4.00845821 1.28393579
v -10.41269974 -4.15415847 1.04431117
v -10.44970331 -4.17018518 1.04431117
v -10.45401820 -4.16022268 1.04431117
v -10.41701463 -4.14419597 1.04431117
v -10.47958987 -4.05044949 1.23430480
v -10.46012124 -4.18094242 1.04431117
v -10.47495412 -4.21844050 1.04431117
v -10.48504976 -4.21444703 1.04431117
v -10.47021688 -4.17694895 1.04431117
v -10.62041445 -4.13921893 1.25912030
v -10.47471419 -4.23341360 1.04431117
v -10.45868748 -4.27041717 1.04431117
v -10.46864999 -4.27473206 1.04431117
v -10.48467670 -4.23772849 1.04431117
v -10.57842317 -4.30030372 1.28393579
v -10.44793024 -4.28083510 1.04431117
v -10.41043217 -4.29566798 1.04431117
v -10.41442564 -4.30576362 1.04431117
v -10.45192371 -4.29093074 1.04431117
v -10.48965373 -4.44112831 1.23430480
v -10.39545906 -4.29542805 1.04431117
v -10.35845549 -4.27940134 1.04431117
v -10.35414060 -4.28936385 1.04431117
v -10.39114418 -4.30539056 1.04431117
v -10.32856894 -4.39913703 1.25912030
v -10.41004366 -4.24480389 1.04431117
v -10.40896806 -4.20449305 1.04431117
v -10.39811514 -4.20478264 1.04431117
v -10.39919075 -4.24509347 1.04431117
v -10.36919503 -4.22572407 1.31573064
v -26.86854111 7.76864424 4.15141458
v -26.91585730 7.80057578 4.15141458
v -26.90726035 7.81331475 4.15141458
v -26.85994416 7.78138322 4.15141458
v -26.76201681 7.97751446 4.42036231
v -26.93662881 7.80480692 4.15141458
v -26.99266541 7.79392833 4.15141458
v -26.99559426 7.80901512 4.15141458
v -26.93955767 7.81989371 4.15141458
v -26.99749209 7.96855505 4.45549018
v -27.01034496 7.78223253 4.15141458
v -27.04227649 7.73491635 4.15141458
v -27.05501547 7.74351330 4.15141458
v -27.02308394 7.79082948 4.15141458
v -27.21921518 7.88875684 4.49061804
v -27.04650764 7.71414483 4.15141458
v -27.03562905 7.65810824 4.15141458
v -27.05071583 7.65517939 4.15141458
v -27.06159443 7.71121598 4.15141458
v -27.21025577 7.65328155 4.42036231
v -27.02393325 7.64042868 4.15141458
v -26.97661706 7.60849715 4.15141458
v -26.98521402 7.59575818 4.15141458
v -27.03253020 7.62768971 4.15141458
v -27.13045755 7.43155847 4.45549018
v -26.95584555 7.60426600 4.15141458
v -26.89980896 7.61514460 4.15141458
v -26.89688010 7.60005781 4.15141458
v -26.95291670 7.58917922 4.15141458
v -26.89498227 7.44051788 4.49061804
v -26.88212940 7.62684040 4.15141458
v -26.85019787 7.67415658 4.15141458
v -26.83745890 7.66555963 4.15141458
v -26.86939043 7.61824345 4.15141458
v -26.67325919 7.52031609 4.42036231
v -26.84596672 7.69492810 4.15141458
v -26.85684532 7.75096469 4.15141458
v -26.84175853 7.75389354 4.15141458
v -26.83087994 7.69785695 4.15141458
v -26.68221860 7.75579138 4.45549018
v -26.92039257 7.69019370 4.15141458
v -26.97578937 7.70396471 4.15141458
v -26.97208179 7.71887923 4.15141458
v -26.91668500 7.70510822 4.15141458
v -26.93431998 7.75247599 4.53562562
v -31.75720984 -8.06628842 0.06852577
v -31.69976481 -8.08583139 0.06852577
v -31.70502638 -8.10129736 0.06852577
v -31.76247141 -8.08175439 0.06852577
v -31.80816250 -8.31025887 0.35441403
v -31.67727877 -8.08437273 0.06852577
v -31.62284003 -8.05757192 0.06852577
v -31.61562443 -8.07222851 0.06852577
v -31.67006316 -8.09902932 0.06852577
v -31.56914158 -8.23533543 0.39175454
v -31.60797143 -8.04064047 0.06852577
v -31.58842846 -7.98319544 0.06852577
v -31.57296249 -7.98845700 0.06852577
v -31.59250546 -8.04590203 0.06852577
v -31.36400097 -8.09159313 0.42909505
v -31.58988712 -7.96070940 0.06852577
v -31.61668792 -7.90627066 0.06852577
v -31.60203133 -7.89905506 0.06852577
v -31.57523053 -7.95349379 0.06852577
v -31.43892441 -7.85257221 0.35441403
v -31.63361938 -7.89140205 0.06852577
v -31.69106441 -7.87185909 0.06852577
v -31.68580284 -7.85639312 0.06852577
v -31.62835781 -7.87593609 0.06852577
v -31.58266672 -7.64743160 0.39175454
v -31.71355045 -7.87331775 0.06852577
v -31.76798918 -7.90011855 0.06852577
v -31.77520479 -7.88546196 0.06852577
v -31.72076605 -7.85866116 0.06852577
v -31.82168763 -7.72235504 0.42909505
v -31.78285779 -7.91705001 0.06852577
v -31.80240076 -7.97449504 0.06852577
v -31.81786673 -7.96923347 0.06852577
v -31.79832376 -7.91178844 0.06852577
v -32.02682824 -7.86609735 0.35441403
v -31.80094210 -7.99698108 0.06852577
v -31.77414129 -8.05141981 0.06852577
v -31.78879788 -8.05863542 0.06852577
v -31.81559869 -8.00419668 0.06852577
v -31.95190480 -8.10511826 0.39175454
v -31.72592672 -7.97134881 0.06852577
v -31.66526317 -7.97000917 0.06852577
v -31.66490250 -7.98634167 0.06852577
v -31.72556604 -7.98768130 0.06852577
v -31.69425530 -8.03134252 0.47693757
v 23.85296440 -11.60316631 -0.27181563
v 23.81779644 -11.58320899 -0.27181563
v 23.82316957 -11.57374069 -0.27181563
v 23.85833752 -11.59369801 -0.27181563
v 23.91674489 -11.44981060 -0.08129930
v 23.80289453 -11.58135964 -0.27181563
v 23.76391508 -11.59211519 -0.27181563
v 23.76101935 -11.58162071 -0.27181563
v 23.79999881 -11.57086517 -0.27181563
v 23.75093134 -11.46904944 -0.05641553
v 23.75207015 -11.60134474 -0.27181563
v 23.73211283 -11.63651270 -0.27181563
v 23.72264453 -11.63113957 -0.27181563
v 23.74260186 -11.59597162 -0.27181563
v 23.59871444 -11.53756425 -0.03153177
v 23.73026349 -11.65141461 -0.27181563
v 23.74101903 -11.69039406 -0.27181563
v 23.73052456 -11.69328979 -0.27181563
v 23.71976901 -11.65431033 -0.27181563
v 23.61795328 -11.70337780 -0.08129930
v 23.75024859 -11.70223899 -0.27181563
v 23.78541654 -11.72219631 -0.27181563
v 23.78004342 -11.73166461 -0.27181563
v 23.74487546 -11.71170728 -0.27181563
v 23.68646810 -11.85559470 -0.05641553
v 23.80031845 -11.72404565 -0.27181563
v 23.83929791 -11.71329011 -0.27181563
v 23.84219363 -11.72378458 -0.27181563
v 23.80321418 -11.73454013 -0.27181563
v 23.85228164 -11.83635586 -0.03153177
v 23.85114283 -11.70406055 -0.27181563
v 23.87110015 -11.66889260 -0.27181563
v 23.88056845 -11.67426572 -0.27181563
v 23.86061113 -11.70943368 -0.27181563
v 24.00449854 -11.76784104 -0.08129930
v 23.87294950 -11.65399069 -0.27181563
v 23.86219395 -11.61501123 -0.27181563
v 23.87268843 -11.61211551 -0.27181563
v 23.88344397 -11.65109496 -0.27181563
v 23.98525970 -11.60202750 -0.05641553
v 23.82064571 -11.66141517 -0.27181563
v 23.78076657 -11.65472682 -0.27181563
v 23.78256728 -11.64399012 -0.27181563
v 23.82244642 -11.65067848 -0.27181563
v 23.80739449 -11.61819186 0.00035056
v -14.84769799 -16.72297630 -0.08982071
v -14.79151578 -16.71096523 -0.08982071
v -14.78828203 -16.72609121 -0.08982071
v -14.84446424 -16.73810228 -0.08982071
v -14.77063868 -16.94602134 0.18086556
v -14.77394720 -16.69886020 -0.08982071
v -14.74271349 -16.65064026 -0.08982071
v -14.72973119 -16.65904935 -0.08982071
v -14.76096491 -16.70726928 -0.08982071
v -14.61274324 -16.76905203 0.21622050
v -14.73885018 -16.62965786 -0.08982071
v -14.75086125 -16.57347564 -0.08982071
v -14.73573527 -16.57024189 -0.08982071
v -14.72372420 -16.62642411 -0.08982071
v -14.51580515 -16.55259854 0.25157545
v -14.76296629 -16.55590707 -0.08982071
v -14.81118622 -16.52467335 -0.08982071
v -14.80277714 -16.51169106 -0.08982071
v -14.75455721 -16.54292477 -0.08982071
v -14.69277446 -16.39470310 0.18086556
v -14.83216863 -16.52081004 -0.08982071
v -14.88835084 -16.53282111 -0.08982071
v -14.89158459 -16.51769513 -0.08982071
v -14.83540238 -16.50568406 -0.08982071
v -14.90922794 -16.29776501 0.21622050
v -14.90591942 -16.54492615 -0.08982071
v -14.93715313 -16.59314608 -0.08982071
v -14.95013543 -16.58473700 -0.08982071
v -14.91890171 -16.53651707 -0.08982071
v -15.06712338 -16.47473432 0.25157545
v -14.94101644 -16.61412849 -0.08982071
v -14.92900537 -16.67031071 -0.08982071
v -14.94413135 -16.67354446 -0.08982071
v -14.95614242 -16.61736224 -0.08982071
v -15.16406147 -16.69118781 0.18086556
v -14.91690033 -16.68787928 -0.08982071
v -14.86868040 -16.71911299 -0.08982071
v -14.87708948 -16.73209529 -0.08982071
v -14.92530941 -16.70086158 -0.08982071
v -14.98709216 -16.84908324 0.21622050
v -14.86837423 -16.63061694 -0.08982071
v -14.81971675 -16.60006932 -0.08982071
v -14.81149239 -16.61316941 -0.08982071
v -14.86014987 -16.64371703 -0.08982071
v -14.81349786 -16.66400060 0.29687397
v 27.18439754 -13.68632334 0.18798558
v 27.16916687 -13.63006517 0.18798558
v 27.18431330 -13.62596461 0.18798558
v 27.19954397 -13.68222278 0.18798558
v 27.40614244 -13.59609999 0.46259008
v 27.15594643 -13.61292808 0.18798558
v 27.10539619 -13.58391726 0.18798558
v 27.11320680 -13.57030757 0.18798558
v 27.16375704 -13.59931840 0.18798558
v 27.21826168 -13.44579982 0.49845679
v 27.08393018 -13.58114777 0.18798558
v 27.02767201 -13.59637844 0.18798558
v 27.02357144 -13.58123201 0.18798558
v 27.07982961 -13.56600134 0.18798558
v 26.99370682 -13.35940287 0.53432349
v 27.01053492 -13.60959888 0.18798558
v 26.98152410 -13.66014912 0.18798558
v 26.96791441 -13.65233851 0.18798558
v 26.99692523 -13.60178827 0.18798558
v 26.84340666 -13.54728362 0.46259008
v 26.97875460 -13.68161513 0.18798558
v 26.99398527 -13.73787330 0.18798558
v 26.97883884 -13.74197386 0.18798558
v 26.96360817 -13.68571569 0.18798558
v 26.75700971 -13.77183848 0.49845679
v 27.00720571 -13.75501039 0.18798558
v 27.05775595 -13.78402121 0.18798558
v 27.04994534 -13.79763090 0.18798558
v 26.99939510 -13.76862008 0.18798558
v 26.94489046 -13.92213865 0.53432349
v 27.07922197 -13.78679070 0.18798558
v 27.13548014 -13.77156003 0.18798558
v 27.13958070 -13.78670646 0.18798558
v 27.08332253 -13.80193713 0.18798558
v 27.16944532 -14.00853560 0.46259008
v 27.15261722 -13.75833959 0.18798558
v 27.18162805 -13.70778935 0.18798558
v 27.19523773 -13.71559996 0.18798558
v 27.16622691 -13.76615020 0.18798558
v 27.31974549 -13.82065485 0.49845679
v 27.09196407 -13.71230447 0.18798558
v 27.05836600 -13.66467964 0.18798558
v 27.07118807 -13.65563400 0.18798558
v 27.10478614 -13.70325884 0.18798558
v 27.12278986 -13.65489398 0.58027772
v 29.86797565 4.96730874 3.45000308
v 29.92386178 4.96910262 3.45000308
v 29.92434475 4.95405635 3.45000308
v 29.86845861 4.95226247 3.45000308
v 29.90323222 4.74036220 3.71344837
v 29.94278076 4.97766017 3.45000308
v 29.98102976 5.01844610 3.45000308
v 29.99201059 5.00814828 3.45000308
v 29.95376159 4.96736236 3.45000308
v 30.08504739 4.88257057 3.74785755
v 29.98835640 5.03787494 3.45000308
v 29.98656252 5.09376107 3.45000308
v 30.00160878 5.09424404 3.45000308
v 30.00340266 5.03835791 3.45000308
v 30.21530293 5.07313151 3.78226673
v 29.97800496 5.11268005 3.45000308
v 29.93721903 5.15092905 3.45000308
v 29.94751685 5.16190988 3.45000308
v 29.98830277 5.12366089 3.45000308
v 30.07309456 5.25494668 3.71344837
v 29.91779019 5.15825569 3.45000308
v 29.86190406 5.15646181 3.45000308
v 29.86142109 5.17150808 3.45000308
v 29.91730723 5.17330196 3.45000308
v 29.88253362 5.38520222 3.74785755
v 29.84298508 5.14790425 3.45000308
v 29.80473608 5.10711833 3.45000308
v 29.79375525 5.11741614 3.45000308
v 29.83200425 5.15820207 3.45000308
v 29.70071845 5.24299385 3.78226673
v 29.79740944 5.08768949 3.45000308
v 29.79920332 5.03180335 3.45000308
v 29.78415706 5.03132038 3.45000308
v 29.78236318 5.08720652 3.45000308
v 29.57046291 5.05243291 3.71344837
v 29.80776088 5.01288437 3.45000308
v 29.84854681 4.97463537 3.45000308
v 29.83824899 4.96365454 3.45000308
v 29.79746307 5.00190354 3.45000308
v 29.71267128 4.87061774 3.74785755
v 29.86413501 5.05934226 3.45000308
v 29.91601781 5.08019061 3.45000308
v 29.92163083 5.06622216 3.45000308
v 29.86974803 5.04537382 3.45000308
v 29.91092476 5.01788364 3.82635349
v -11.78561643 21.82092518 4.02047899
v -11.75155600 21.86760529 4.02047899
v -11.73898828 21.85843518 4.02047899
v -11.77304871 21.81175507 4.02047899
v -11.57827498 21.70540347 4.29273687
v -11.74650405 21.88846112 4.02047899
v -11.75542751 21.94555331 4.02047899
v -11.74005653 21.94795578 4.02047899
v -11.73113307 21.89086359 4.02047899
v -11.57859129 21.94394920 4.32829708
v -11.76660254 21.96387287 4.02047899
v -11.81328265 21.99793330 4.02047899
v -11.80411254 22.01050103 4.02047899
v -11.75743242 21.97644059 4.02047899
v -11.65108083 22.17121432 4.36385729
v -11.83413848 22.00298525 4.02047899
v -11.89123066 21.99406179 4.02047899
v -11.89363313 22.00943277 4.02047899
v -11.83654095 22.01835623 4.02047899
v -11.88962656 22.17089801 4.29273687
v -11.90955023 21.98288676 4.02047899
v -11.94361066 21.93620665 4.02047899
v -11.95617838 21.94537677 4.02047899
v -11.92211795 21.99205688 4.02047899
v -12.11689167 22.09840847 4.32829708
v -11.94866261 21.91535082 4.02047899
v -11.93973915 21.85825864 4.02047899
v -11.95511013 21.85585617 4.02047899
v -11.96403359 21.91294835 4.02047899
v -12.11657537 21.85986274 4.36385729
v -11.92856412 21.83993907 4.02047899
v -11.88188401 21.80587864 4.02047899
v -11.89105412 21.79331092 4.02047899
v -11.93773424 21.82737135 4.02047899
v -12.04408583 21.63259763 4.29273687
v -11.86102818 21.80082670 4.02047899
v -11.80393600 21.80975016 4.02047899
v -11.80153352 21.79437917 4.02047899
v -11.85862571 21.78545571 4.02047899
v -11.80554010 21.63291393 4.32829708
v -11.86305290 21.87629369 4.02047899
v -11.84706395 21.93182297 4.02047899
v -11.83211376 21.92751825 4.02047899
v -11.84810271 21.87198898 4.02047899
v -11.79952915 21.88806940 4.40941881
v -31.51377775 -4.51126366 1.00282636
v -31.55295259 -4.55049151 1.00282636
v -31.56351394 -4.53994444 1.00282636
v -31.52433909 -4.50071658 1.00282636
v -31.69329413 -4.37116475 1.26402979
v -31.56081829 -4.56951737 1.00282636
v -31.56078081 -4.62495645 1.00282636
v -31.57570672 -4.62496655 1.00282636
v -31.57574421 -4.56952747 1.00282636
v -31.72818294 -4.59735009 1.29814616
v -31.55288939 -4.64397166 1.00282636
v -31.51366153 -4.68314651 1.00282636
v -31.52420860 -4.69370785 1.00282636
v -31.56343646 -4.65453301 1.00282636
v -31.69298829 -4.82348804 1.33226252
v -31.49463567 -4.69101221 1.00282636
v -31.43919659 -4.69097472 1.00282636
v -31.43918650 -4.70590063 1.00282636
v -31.49462558 -4.70593812 1.00282636
v -31.46680295 -4.85837685 1.26402979
v -31.42018138 -4.68308330 1.00282636
v -31.38100654 -4.64385544 1.00282636
v -31.37044519 -4.65440252 1.00282636
v -31.40962004 -4.69363037 1.00282636
v -31.24066500 -4.82318220 1.29814616
v -31.37314084 -4.62482958 1.00282636
v -31.37317832 -4.56939050 1.00282636
v -31.35825241 -4.56938041 1.00282636
v -31.35821492 -4.62481949 1.00282636
v -31.20577619 -4.59699686 1.33226252
v -31.38106974 -4.55037529 1.00282636
v -31.42029760 -4.51120045 1.00282636
v -31.40975053 -4.50063910 1.00282636
v -31.37052267 -4.53981395 1.00282636
v -31.24097084 -4.37085891 1.26402979
v -31.43932346 -4.50333475 1.00282636
v -31.49476254 -4.50337224 1.00282636
v -31.49477263 -4.48844632 1.00282636
v -31.43933355 -4.48840884 1.00282636
v -31.46715618 -4.33597011 1.29814616
v -31.44853644 -4.57517529 1.00282636
v -31.47188508 -4.62545784 1.00282636
v -31.48542269 -4.61917167 1.00282636
v -31.46207405 -4.56888912 1.00282636
v -31.51049331 -4.57696793 1.37597412
v -3.72911153 20.12966594 4.01832125
v -3.76599764 20.10142930 4.01832125
v -3.77359982 20.11136018 4.01832125
v -3.73671371 20.13959682 4.01832125
v -3.86267321 20.26592946 4.23718695
v -3.77464009 20.08649966 4.01832125
v -3.78075618 20.04045092 4.01832125
v -3.79315393 20.04209756 4.01832125
v -3.78703783 20.08814630 4.01832125
v -3.91672991 20.08194120 4.26577350
v -3.77631047 20.02378294 4.01832125
v -3.74807382 19.98689683 4.01832125
v -3.75800470 19.97929466 4.01832125
v -3.78624134 20.01618077 4.01832125
v -3.91257398 19.89022126 4.29436004
v -3.73314418 19.97825439 4.01832125
v -3.68709545 19.97213829 4.01832125
v -3.68874209 19.95974054 4.01832125
v -3.73479083 19.96585664 4.01832125
v -3.72858572 19.83616456 4.23718695
v -3.67042746 19.97658400 4.01832125
v -3.63354135 20.00482065 4.01832125
v -3.62593918 19.99488977 4.01832125
v -3.66282529 19.96665313 4.01832125
v -3.53686578 19.84032049 4.26577350
v -3.62489891 20.01975029 4.01832125
v -3.61878281 20.06579903 4.01832125
v -3.60638507 20.06415238 4.01832125
v -3.61250117 20.01810365 4.01832125
v -3.48280908 20.02430875 4.29436004
v -3.62322853 20.08246701 4.01832125
v -3.65146517 20.11935312 4.01832125
v -3.64153430 20.12695529 4.01832125
v -3.61329765 20.09006918 4.01832125
v -3.48696501 20.21602869 4.23718695
v -3.66639481 20.12799556 4.01832125
v -3.71244355 20.13411166 4.01832125
v -3.71079691 20.14650940 4.01832125
v -3.66474817 20.14039331 4.01832125
v -3.67095327 20.27008539 4.26577350
v -3.68201246 20.06935041 4.01832125
v -3.70697999 20.03017751 4.01832125
v -3.71752654 20.03689954 4.01832125
v -3.69255901 20.07607244 4.01832125
v -3.73366912 20.07473148 4.33098654
v 8.68895217 -7.73941719 0.35753268
v 8.75378454 -7.74177885 0.35753268
v 8.75314870 -7.75923372 0.35753268
v 8.68831634 -7.75687206 0.35753268
v 8.71174006 -8.00491457 0.66319544
v 8.77636342 -7.73337565 0.35753268
v 8.82387676 -7.68920219 0.35753268
v 8.83576962 -7.70199425 0.35753268
v 8.78825628 -7.74616771 0.35753268
v 8.93348995 -7.85474268 0.70311874
v 8.83390048 -7.66729455 0.35753268
v 8.83626214 -7.60246219 0.35753268
v 8.85371701 -7.60309802 0.35753268
v 8.85135535 -7.66793038 0.35753268
v 9.09939786 -7.64450667 0.74304204
v 8.82785894 -7.57988331 0.35753268
v 8.78368548 -7.53236997 0.35753268
v 8.79647754 -7.52047711 0.35753268
v 8.84065100 -7.56799045 0.35753268
v 8.94922597 -7.42275678 0.66319544
v 8.76177784 -7.52234625 0.35753268
v 8.69694548 -7.51998459 0.35753268
v 8.69758131 -7.50252972 0.35753268
v 8.76241367 -7.50489138 0.35753268
v 8.73898996 -7.25684887 0.70311874
v 8.67436660 -7.52838779 0.35753268
v 8.62685326 -7.57256125 0.35753268
v 8.61496040 -7.55976919 0.35753268
v 8.66247374 -7.51559573 0.35753268
v 8.51724006 -7.40702076 0.74304204
v 8.61682953 -7.59446889 0.35753268
v 8.61446787 -7.65930125 0.35753268
v 8.59701301 -7.65866542 0.35753268
v 8.59937467 -7.59383306 0.35753268
v 8.35133215 -7.61725677 0.66319544
v 8.62287108 -7.68188013 0.35753268
v 8.66704453 -7.72939347 0.35753268
v 8.65425247 -7.74128633 0.35753268
v 8.61007902 -7.69377299 0.35753268
v 8.50150405 -7.83900666 0.70311874
v 8.69181525 -7.63258059 0.35753268
v 8.75352682 -7.61256820 0.35753268
v 8.75891477 -7.62918285 0.35753268
v 8.69720320 -7.64919524 0.35753268
v 8.74268343 -7.68428595 0.79419377
v 27.87979763 15.83617492 3.84868618
v 27.87165519 15.77708960 3.84868618
v 27.85574761 15.77928179 3.84868618
v 27.86389005 15.83836712 3.84868618
v 27.63484008 15.83982836 4.12969993
v 27.87725835 15.75566094 3.84868618
v 27.91328041 15.70812373 3.84868618
v 27.90048192 15.69842548 3.84868618
v 27.86445987 15.74596269 3.84868618
v 27.75174357 15.62313342 4.16640377
v 27.93239479 15.69693341 3.84868618
v 27.99148012 15.68879097 3.84868618
v 27.98928792 15.67288338 3.84868618
v 27.93020259 15.68102582 3.84868618
v 27.92874135 15.45197586 4.20310761
v 28.01290877 15.69439413 3.84868618
v 28.06044598 15.73041619 3.84868618
v 28.07014423 15.71761770 3.84868618
v 28.02260702 15.68159565 3.84868618
v 28.14543629 15.56887935 4.12969993
v 28.07163630 15.74953057 3.84868618
v 28.07977874 15.80861589 3.84868618
v 28.09568633 15.80642370 3.84868618
v 28.08754389 15.74733837 3.84868618
v 28.31659385 15.74587713 4.16640377
v 28.07417558 15.83004455 3.84868618
v 28.03815352 15.87758176 3.84868618
v 28.05095201 15.88728001 3.84868618
v 28.08697407 15.83974280 3.84868618
v 28.19969036 15.96257207 4.20310761
v 28.01903915 15.88877208 3.84868618
v 27.95995382 15.89691452 3.84868618
v 27.96214601 15.91282211 3.84868618
v 28.02123134 15.90467967 3.84868618
v 28.02269259 16.13372963 4.12969993
v 27.93852516 15.89131136 3.84868618
v 27.89098796 15.85528930 3.84868618
v 27.88128970 15.86808779 3.84868618
v 27.92882691 15.90410984 3.84868618
v 27.80599765 16.01682614 4.16640377
v 27.97725868 15.82369803 3.84868618
v 27.98987011 15.76540285 3.84868618
v 27.97417526 15.76200746 3.84868618
v 27.96156382 15.82030264 3.84868618
v 27.92526923 15.78193900 4.25013440
v 17.55002479 12.04359485 4.08656594
v 17.55617996 12.09386070 4.08656594
v 17.56971308 12.09220354 4.08656594
v 17.56355790 12.04193769 4.08656594
v 17.75803239 12.04363360 4.32516441
v 17.55114835 12.11198108 4.08656594
v 17.51995739 12.15187677 4.08656594
v 17.53069855 12.16027434 4.08656594
v 17.56188950 12.12037865 4.08656594
v 17.65600717 12.22610163 4.35632829
v 17.50358646 12.16113193 4.08656594
v 17.45332061 12.16728711 4.08656594
v 17.45497777 12.18082022 4.08656594
v 17.50524363 12.17466505 4.08656594
v 17.50354772 12.36913953 4.38749217
v 17.43520023 12.16225549 4.08656594
v 17.39530454 12.13106454 4.08656594
v 17.38690697 12.14180569 4.08656594
v 17.42680266 12.17299665 4.08656594
v 17.32107969 12.26711432 4.32516441
v 17.38604938 12.11469361 4.08656594
v 17.37989421 12.06442776 4.08656594
v 17.36636109 12.06608492 4.08656594
v 17.37251627 12.11635077 4.08656594
v 17.17804178 12.11465486 4.35632829
v 17.38492582 12.04630738 4.08656594
v 17.41611678 12.00641169 4.08656594
v 17.40537562 11.99801412 4.08656594
v 17.37418467 12.03790981 4.08656594
v 17.28006700 11.93218683 4.38749217
v 17.43248771 11.99715653 4.08656594
v 17.48275356 11.99100135 4.08656594
v 17.48109640 11.97746824 4.08656594
v 17.43083054 11.98362342 4.08656594
v 17.43252645 11.78914893 4.32516441
v 17.50087394 11.99603297 4.08656594
v 17.54076963 12.02722392 4.08656594
v 17.54916720 12.01648277 4.08656594
v 17.50927151 11.98529181 4.08656594
v 17.61499448 11.89117414 4.35632829
v 17.46712367 12.05293785 4.08656594
v 17.45566963 12.10226683 4.08656594
v 17.46895050 12.10535061 4.08656594
v 17.48040454 12.05602163 4.08656594
v 17.51072561 12.08905638 4.42742090
v -17.14821968 6.58332001 3.89222568
v -17.10512552 6.59418870 3.89222568
v -17.10219933 6.58258642 3.89222568
v -17.14529350 6.57171773 3.89222568
v -17.08236177 6.41306276 4.10162352
v -17.09188496 6.60404183 3.89222568
v -17.06909812 6.64219933 3.89222568
v -17.05882494 6.63606441 3.89222568
v -17.08161178 6.59790691 3.89222568
v -16.96528523 6.55432182 4.12897344
v -17.06670284 6.65852903 3.89222568
v -17.07757153 6.70162320 3.89222568
v -17.06596926 6.70454938 3.89222568
v -17.05510056 6.66145522 3.89222568
v -16.89644559 6.72438694 4.15632336
v -17.08742466 6.71486375 3.89222568
v -17.12558216 6.73765060 3.89222568
v -17.11944724 6.74792378 3.89222568
v -17.08128974 6.72513693 3.89222568
v -17.03770466 6.84146348 4.10162352
v -17.14191186 6.74004587 3.89222568
v -17.18500603 6.72917718 3.89222568
v -17.18793222 6.74077946 3.89222568
v -17.14483805 6.75164815 3.89222568
v -17.20776977 6.91030312 4.12897344
v -17.19824658 6.71932405 3.89222568
v -17.22103343 6.68116655 3.89222568
v -17.23130661 6.68730147 3.89222568
v -17.20851976 6.72545897 3.89222568
v -17.32484632 6.76904406 4.15632336
v -17.22342871 6.66483685 3.89222568
v -17.21256001 6.62174268 3.89222568
v -17.22416229 6.61881650 3.89222568
v -17.23503098 6.66191066 3.89222568
v -17.39368596 6.59897894 4.10162352
v -17.20270688 6.60850213 3.89222568
v -17.16454938 6.58571528 3.89222568
v -17.17068431 6.57544210 3.89222568
v -17.20884181 6.59822895 3.89222568
v -17.25242689 6.48190240 4.12897344
v -17.16680668 6.65413736 3.89222568
v -17.13005204 6.67912400 3.89222568
v -17.12332487 6.66922852 3.89222568
v -17.16007951 6.64424188 3.89222568
v -17.12344271 6.62987605 4.19136545
v 5.62275571 -4.23748610 1.03932933
v 5.68343609 -4.24951393 1.03932933
v 5.68019783 -4.26585095 1.03932933
v 5.61951745 -4.25382312 1.03932933
v 5.60405937 -4.49088924 1.33078957
v 5.70596415 -4.24501712 1.03932933
v 5.75737661 -4.21061458 1.03932933
v 5.76663884 -4.22445640 1.03932933
v 5.71522638 -4.25885895 1.03932933
v 5.83553961 -4.38304195 1.36885784
v 5.77012665 -4.19150512 1.03932933
v 5.78215447 -4.13082474 1.03932933
v 5.79849150 -4.13406300 1.03932933
v 5.78646367 -4.19474338 1.03932933
v 6.02352979 -4.21020146 1.40692612
v 5.77765767 -4.10829668 1.03932933
v 5.74325513 -4.05688422 1.03932933
v 5.75709695 -4.04762199 1.03932933
v 5.79149950 -4.09903445 1.03932933
v 5.91568250 -3.97872122 1.33078957
v 5.72414567 -4.04413419 1.03932933
v 5.66346529 -4.03210636 1.03932933
v 5.66670355 -4.01576933 1.03932933
v 5.72738393 -4.02779716 1.03932933
v 5.74284201 -3.79073104 1.36885784
v 5.64093723 -4.03660316 1.03932933
v 5.58952477 -4.07100571 1.03932933
v 5.58026254 -4.05716388 1.03932933
v 5.63167500 -4.02276134 1.03932933
v 5.51136177 -3.89857834 1.40692612
v 5.57677474 -4.09011517 1.03932933
v 5.56474691 -4.15079554 1.03932933
v 5.54840988 -4.14755728 1.03932933
v 5.56043771 -4.08687690 1.03932933
v 5.32337159 -4.07141882 1.33078957
v 5.56924371 -4.17332360 1.03932933
v 5.60364625 -4.22473607 1.03932933
v 5.58980443 -4.23399830 1.03932933
v 5.55540188 -4.18258583 1.03932933
v 5.43121888 -4.30289906 1.36885784
v 5.64160778 -4.13733594 1.03932933
v 5.70273360 -4.12782739 1.03932933
v 5.70529360 -4.14428434 1.03932933
v 5.64416778 -4.15379289 1.03932933
v 5.68167925 -4.19370747 1.45570110
v 23.71724988 -15.26614583 0.02748367
v 23.71946064 -15.31298094 0.02748367
v 23.70685119 -15.31357614 0.02748367
v 23.70464043 -15.26674104 0.02748367
v 23.52741214 -15.29857649 0.24839478
v 23.72687497 -15.32873536 0.02748367
v 23.76155563 -15.36028954 0.02748367
v 23.75306027 -15.36962665 0.02748367
v 23.71837961 -15.33807247 0.02748367
v 23.64894596 -15.44922139 0.27724847
v 23.77793841 -15.36618689 0.02748367
v 23.82477352 -15.36397613 0.02748367
v 23.82536872 -15.37658558 0.02748367
v 23.77853361 -15.37879634 0.02748367
v 23.81036907 -15.55602463 0.30610217
v 23.84052794 -15.35656180 0.02748367
v 23.87208212 -15.32188114 0.02748367
v 23.88141922 -15.33037650 0.02748367
v 23.84986505 -15.36505716 0.02748367
v 23.96101396 -15.43449081 0.24839478
v 23.87797947 -15.30549836 0.02748367
v 23.87576870 -15.25866325 0.02748367
v 23.88837816 -15.25806805 0.02748367
v 23.89058892 -15.30490315 0.02748367
v 24.06781721 -15.27306770 0.27724847
v 23.86835438 -15.24290883 0.02748367
v 23.83367372 -15.21135465 0.02748367
v 23.84216908 -15.20201754 0.02748367
v 23.87684974 -15.23357172 0.02748367
v 23.94628339 -15.12242280 0.30610217
v 23.81729094 -15.20545730 0.02748367
v 23.77045583 -15.20766806 0.02748367
v 23.76986063 -15.19505861 0.02748367
v 23.81669573 -15.19284785 0.02748367
v 23.78486028 -15.01561956 0.24839478
v 23.75470140 -15.21508239 0.02748367
v 23.72314723 -15.24976305 0.02748367
v 23.71381012 -15.24126769 0.02748367
v 23.74536430 -15.20658703 0.02748367
v 23.63421538 -15.13715338 0.27724847
v 23.79436692 -15.26176188 0.02748367
v 23.81250330 -15.30499944 0.02748367
v 23.80086242 -15.30988231 0.02748367
v 23.78272604 -15.26664475 0.02748367
v 23.76019756 -15.30151704 0.34307097
v -23.94783626 12.58296766 3.84541093
v -23.91555550 12.54667727 3.84541093
v -23.92532599 12.53798630 3.84541093
v -23.95760675 12.57427669 3.84541093
v -24.07964902 12.43321627 4.07425013
v -23.89932302 12.53881393 3.84541093
v -23.85083590 12.53597870 3.84541093
v -23.85159923 12.52292446 3.84541093
v -23.90008636 12.52575970 3.84541093
v -23.88363969 12.39100248 4.10413933
v -23.83379758 12.54189656 3.84541093
v -23.79750719 12.57417733 3.84541093
v -23.78881621 12.56440684 3.84541093
v -23.82510661 12.53212607 3.84541093
v -23.68404619 12.41008381 4.13402853
v -23.78964385 12.59040980 3.84541093
v -23.78680861 12.63889693 3.84541093
v -23.77375438 12.63813360 3.84541093
v -23.77658961 12.58964647 3.84541093
v -23.64183240 12.60609314 4.07425013
v -23.79272648 12.65593525 3.84541093
v -23.82500725 12.69222564 3.84541093
v -23.81523676 12.70091661 3.84541093
v -23.78295599 12.66462622 3.84541093
v -23.66091373 12.80568664 4.10413933
v -23.84123972 12.70008898 3.84541093
v -23.88972685 12.70292421 3.84541093
v -23.88896351 12.71597845 3.84541093
v -23.84047639 12.71314321 3.84541093
v -23.85692306 12.84790043 4.13402853
v -23.90676516 12.69700635 3.84541093
v -23.94305556 12.66472558 3.84541093
v -23.95174653 12.67449607 3.84541093
v -23.91545614 12.70677684 3.84541093
v -24.05651656 12.82881910 4.07425013
v -23.95091890 12.64849311 3.84541093
v -23.95375413 12.60000598 3.84541093
v -23.96680836 12.60076931 3.84541093
v -23.96397313 12.64925644 3.84541093
v -24.09873035 12.63280977 4.10413933
v -23.88856615 12.63671923 3.84541093
v -23.84579858 12.61369802 3.84541093
v -23.85199660 12.60218368 3.84541093
v -23.89476416 12.62520489 3.84541093
v -23.89020356 12.58244106 4.17232407
v 32.84018794 -14.19585477 -0.06418897
v 32.88102162 -14.22399576 -0.06418897
v 32.87344519 -14.23498944 -0.06418897
v 32.83261152 -14.20684846 -0.06418897
v 32.74587613 -14.37640101 0.16946267
v 32.89903037 -14.22784766 -0.06418897
v 32.94780281 -14.21887258 -0.06418897
v 32.95021918 -14.23200363 -0.06418897
v 32.90144674 -14.24097871 -0.06418897
v 32.95051444 -14.37061541 0.19998044
v 32.96326063 -14.20886218 -0.06418897
v 32.99140162 -14.16802851 -0.06418897
v 33.00239530 -14.17560493 -0.06418897
v 32.97425431 -14.21643860 -0.06418897
v 33.14380687 -14.30317399 0.23049821
v 32.99525352 -14.15001975 -0.06418897
v 32.98627844 -14.10124731 -0.06418897
v 32.99940949 -14.09883094 -0.06418897
v 33.00838457 -14.14760338 -0.06418897
v 33.13802126 -14.09853569 0.16946267
v 32.97626804 -14.08578949 -0.06418897
v 32.93543437 -14.05764850 -0.06418897
v 32.94301079 -14.04665482 -0.06418897
v 32.98384446 -14.07479581 -0.06418897
v 33.07057985 -13.90524325 0.19998044
v 32.91742561 -14.05379660 -0.06418897
v 32.86865317 -14.06277168 -0.06418897
v 32.86623680 -14.04964063 -0.06418897
v 32.91500924 -14.04066555 -0.06418897
v 32.86594155 -13.91102886 0.23049821
v 32.85319535 -14.07278208 -0.06418897
v 32.82505436 -14.11361576 -0.06418897
v 32.81406068 -14.10603934 -0.06418897
v 32.84220167 -14.06520566 -0.06418897
v 32.67264911 -13.97847027 0.16946267
v 32.82120246 -14.13162451 -0.06418897
v 32.83017754 -14.18039696 -0.06418897
v 32.81704649 -14.18281332 -0.06418897
v 32.80807141 -14.13404088 -0.06418897
v 32.67843472 -14.18310858 0.19998044
v 32.88589792 -14.12814302 -0.06418897
v 32.93390544 -14.14057613 -0.06418897
v 32.93055807 -14.15350124 -0.06418897
v 32.88255054 -14.14106813 -0.06418897
v 32.89746858 -14.18236710 0.26959910
v 7.83563754 19.94042966 4.01228342
v 7.83100060 19.90213660 4.01228342
v 7.82069092 19.90338501 4.01228342
v 7.82532787 19.94167807 4.01228342
v 7.67720119 19.94018760 4.19402059
v 7.83485162 19.88833971 4.01228342
v 7.85865009 19.85798361 4.01228342
v 7.85047729 19.85157633 4.01228342
v 7.82667882 19.88193242 4.01228342
v 7.75509878 19.80130859 4.21775769
v 7.87112904 19.85095082 4.01228342
v 7.90942211 19.84631387 4.01228342
v 7.90817370 19.83600420 4.01228342
v 7.86988064 19.84064115 4.01228342
v 7.87137111 19.69251447 4.24149479
v 7.92321900 19.85016490 4.01228342
v 7.95357509 19.87396336 4.01228342
v 7.95998238 19.86579056 4.01228342
v 7.92962628 19.84199210 4.01228342
v 8.01025012 19.77041206 4.19402059
v 7.96060789 19.88644232 4.01228342
v 7.96524483 19.92473538 4.01228342
v 7.97555450 19.92348698 4.01228342
v 7.97091756 19.88519391 4.01228342
v 8.11904423 19.88668438 4.21775769
v 7.96139381 19.93853227 4.01228342
v 7.93759534 19.96888837 4.01228342
v 7.94576814 19.97529566 4.01228342
v 7.96956661 19.94493956 4.01228342
v 8.04114665 20.02556339 4.24149479
v 7.92511638 19.97592116 4.01228342
v 7.88682332 19.98055811 4.01228342
v 7.88807173 19.99086778 4.01228342
v 7.92636479 19.98623084 4.01228342
v 7.92487432 20.13435751 4.19402059
v 7.87302643 19.97670709 4.01228342
v 7.84267033 19.95290862 4.01228342
v 7.83626305 19.96108142 4.01228342
v 7.86661915 19.98487989 4.01228342
v 7.78599531 20.05645992 4.21775769
v 7.89879167 19.93339794 4.01228342
v 7.90756646 19.89583648 4.01228342
v 7.89745375 19.89347404 4.01228342
v 7.88867897 19.93103550 4.01228342
v 7.86561761 19.90584243 4.27190795
v -23.90989612 13.26239847 3.80411896
v -23.84642591 13.27067288 3.80411896
v -23.84419819 13.25358474 3.80411896
v -23.90766840 13.24531034 3.80411896
v -23.84442691 13.00777251 4.10569177
v -23.82582588 13.28253162 3.80411896
v -23.78679656 13.33326272 3.80411896
v -23.77313818 13.32275482 3.80411896
v -23.81216750 13.27202372 3.80411896
v -23.65314231 13.19005862 4.14508087
v -23.78061553 13.35621453 3.80411896
v -23.78888993 13.41968474 3.80411896
v -23.77180180 13.42191247 3.80411896
v -23.76352740 13.35844226 3.80411896
v -23.52598957 13.42168375 4.18446998
v -23.80074868 13.44028477 3.80411896
v -23.85147977 13.47931410 3.80411896
v -23.84097187 13.49297248 3.80411896
v -23.79024077 13.45394315 3.80411896
v -23.70827568 13.61296834 4.10569177
v -23.87443159 13.48549513 3.80411896
v -23.93790180 13.47722072 3.80411896
v -23.94012952 13.49430885 3.80411896
v -23.87665931 13.50258326 3.80411896
v -23.93990080 13.74012108 4.14508087
v -23.95850183 13.46536198 3.80411896
v -23.99753115 13.41463088 3.80411896
v -24.01118953 13.42513878 3.80411896
v -23.97216021 13.47586988 3.80411896
v -24.13118540 13.55783498 4.18446998
v -24.00371218 13.39167907 3.80411896
v -23.99543778 13.32820886 3.80411896
v -24.01252591 13.32598113 3.80411896
v -24.02080031 13.38945134 3.80411896
v -24.25833814 13.32620985 4.10569177
v -23.98357903 13.30760883 3.80411896
v -23.93284794 13.26857950 3.80411896
v -23.94335584 13.25492112 3.80411896
v -23.99408694 13.29395045 3.80411896
v -24.07605203 13.13492526 4.14508087
v -23.92453239 13.36682265 3.80411896
v -23.86774747 13.39635919 3.80411896
v -23.85979532 13.38107095 3.80411896
v -23.91658024 13.35153441 3.80411896
v -23.86660338 13.32480602 4.23493726
v 10.77096680 -17.78316571 0.05038176
v 10.73457294 -17.80393327 0.05038176
v 10.72898167 -17.79413493 0.05038176
v 10.76537553 -17.77336736 0.05038176
v 10.66810211 -17.64517455 0.24780615
v 10.72503794 -17.81623040 0.05038176
v 10.71398848 -17.85664962 0.05038176
v 10.70310638 -17.85367477 0.05038176
v 10.71415583 -17.81325555 0.05038176
v 10.59747824 -17.80307916 0.27359219
v 10.71594160 -17.87208727 0.05038176
v 10.73670916 -17.90848113 0.05038176
v 10.72691081 -17.91407239 0.05038176
v 10.70614325 -17.87767854 0.05038176
v 10.57795043 -17.97495196 0.29937823
v 10.74900629 -17.91801613 0.05038176
v 10.78942551 -17.92906558 0.05038176
v 10.78645066 -17.93994769 0.05038176
v 10.74603143 -17.92889823 0.05038176
v 10.73585504 -18.04557583 0.24780615
v 10.80486316 -17.92711247 0.05038176
v 10.84125701 -17.90634491 0.05038176
v 10.84684828 -17.91614325 0.05038176
v 10.81045443 -17.93691082 0.05038176
v 10.90772785 -18.06510363 0.27359219
v 10.85079202 -17.89404778 0.05038176
v 10.86184147 -17.85362856 0.05038176
v 10.87272358 -17.85660341 0.05038176
v 10.86167412 -17.89702264 0.05038176
v 10.97835172 -17.90719903 0.29937823
v 10.85988836 -17.83819091 0.05038176
v 10.83912079 -17.80179705 0.05038176
v 10.84891914 -17.79620579 0.05038176
v 10.86968670 -17.83259964 0.05038176
v 10.99787952 -17.73532622 0.24780615
v 10.82682367 -17.79226205 0.05038176
v 10.78640444 -17.78121260 0.05038176
v 10.78937930 -17.77033049 0.05038176
v 10.82979852 -17.78137995 0.05038176
v 10.83997491 -17.66470235 0.27359219
v 10.80575416 -17.84278870 0.05038176
v 10.77868791 -17.87477655 0.05038176
v 10.77007579 -17.86748949 0.05038176
v 10.79714204 -17.83550163 0.05038176
v 10.76023318 -17.83171638 0.33241660
v -4.95133654 2.37207384 4.05824490
v -4.95161482 2.42988146 4.05824490
v -4.93605123 2.42995638 4.05824490
v -4.93577295 2.37214876 4.05824490
v -4.71579849 2.40211217 4.33061085
v -4.95992546 2.44967506 4.05824490
v -5.00099839 2.49035443 4.05824490
v -4.99004624 2.50141254 4.05824490
v -4.94897331 2.46073316 4.05824490
v -4.85764148 2.59402340 4.36618517
v -5.02087108 2.49847412 4.05824490
v -5.07867869 2.49819584 4.05824490
v -5.07875361 2.51375943 4.05824490
v -5.02094600 2.51403771 4.05824490
v -5.05090941 2.73401217 4.40175950
v -5.09847229 2.48988521 4.05824490
v -5.13915167 2.44881228 4.05824490
v -5.15020977 2.45976443 4.05824490
v -5.10953039 2.50083735 4.05824490
v -5.24282063 2.59216918 4.33061085
v -5.14727136 2.42893959 4.05824490
v -5.14699308 2.37113197 4.05824490
v -5.16255667 2.37105705 4.05824490
v -5.16283495 2.42886466 4.05824490
v -5.38280941 2.39890125 4.36618517
v -5.13868244 2.35133837 4.05824490
v -5.09760952 2.31065899 4.05824490
v -5.10856166 2.29960089 4.05824490
v -5.14963459 2.34028027 4.05824490
v -5.24096642 2.20699003 4.40175950
v -5.07773682 2.30253931 4.05824490
v -5.01992921 2.30281759 4.05824490
v -5.01985429 2.28725400 4.05824490
v -5.07766190 2.28697572 4.05824490
v -5.04769849 2.06700125 4.33061085
v -5.00013561 2.31112822 4.05824490
v -4.95945623 2.35220115 4.05824490
v -4.94839813 2.34124900 4.05824490
v -4.98907751 2.30017608 4.05824490
v -4.85578727 2.20884424 4.36618517
v -5.04655936 2.37069942 4.05824490
v -5.06664286 2.42490691 4.05824490
v -5.05204854 2.43031401 4.05824490
v -5.03196504 2.37610652 4.05824490
v -5.00239364 2.41788667 4.44733911
v 9.98855140 22.66051164 3.98521931
v 9.98836066 22.60799845 3.98521931
v 9.97422249 22.60804981 3.98521931
v 9.97441324 22.66056300 3.98521931
v 9.77436381 22.63503269 4.23263884
v 9.99575798 22.58995466 3.98521931
v 10.03275553 22.55268736 3.98521931
v 10.02272202 22.54272647 3.98521931
v 9.98572447 22.57999377 3.98521931
v 9.90173816 22.45961685 4.26495486
v 10.05074511 22.54515916 3.98521931
v 10.10325830 22.54496841 3.98521931
v 10.10320695 22.53083025 3.98521931
v 10.05069376 22.53102099 3.98521931
v 10.07622407 22.33097156 4.29727088
v 10.12130210 22.55236573 3.98521931
v 10.15856940 22.58936328 3.98521931
v 10.16853028 22.57932977 3.98521931
v 10.13126298 22.54233222 3.98521931
v 10.25163991 22.45834591 4.23263884
v 10.16609760 22.60735287 3.98521931
v 10.16628834 22.65986605 3.98521931
v 10.18042651 22.65981470 3.98521931
v 10.18023577 22.60730151 3.98521931
v 10.38028520 22.63283182 4.26495486
v 10.15889102 22.67790985 3.98521931
v 10.12189347 22.71517715 3.98521931
v 10.13192698 22.72513804 3.98521931
v 10.16892453 22.68787073 3.98521931
v 10.25291084 22.80824766 4.29727088
v 10.10390389 22.72270535 3.98521931
v 10.05139070 22.72289610 3.98521931
v 10.05144206 22.73703426 3.98521931
v 10.10395524 22.73684352 3.98521931
v 10.07842494 22.93689295 4.23263884
v 10.03334691 22.71549878 3.98521931
v 9.99607960 22.67850122 3.98521931
v 9.98611872 22.68853473 3.98521931
v 10.02338602 22.72553229 3.98521931
v 9.90300910 22.80951860 4.26495486
v 10.07506007 22.66102954 3.98521931
v 10.09288755 22.61163467 3.98521931
v 10.07958893 22.60683497 3.98521931
v 10.06176146 22.65622984 3.98521931
v 10.03457895 22.61850463 4.33867578
v -26.79104206 10.51516436 4.19530370
v -26.79781109 10.46932972 4.19530370
v -26.81015119 10.47115215 4.19530370
v -26.80338216 10.51698679 4.19530370
v -26.98129088 10.51984386 4.41359768
v -26.79361981 10.45264240 4.19530370
v -26.76599626 10.41544599 4.19530370
v -26.77601068 10.40800888 4.19530370
v -26.80363424 10.44520529 4.19530370
v -26.89211260 10.35064230 4.44210955
v -26.75123287 10.40660995 4.19530370
v -26.70539823 10.39984092 4.19530370
v -26.70722066 10.38750082 4.19530370
v -26.75305530 10.39426986 4.19530370
v -26.75591237 10.21636113 4.47062142
v -26.68871091 10.40403220 4.19530370
v -26.65151450 10.43165575 4.19530370
v -26.64407738 10.42164133 4.19530370
v -26.68127380 10.39401777 4.19530370
v -26.58671081 10.30553942 4.41359768
v -26.64267846 10.44641915 4.19530370
v -26.63590943 10.49225379 4.19530370
v -26.62356933 10.49043136 4.19530370
v -26.63033837 10.44459671 4.19530370
v -26.45242964 10.44173964 4.44210955
v -26.64010071 10.50894110 4.19530370
v -26.66772426 10.54613751 4.19530370
v -26.65770984 10.55357463 4.19530370
v -26.63008628 10.51637822 4.19530370
v -26.54160792 10.61094120 4.47062142
v -26.68248765 10.55497355 4.19530370
v -26.72832230 10.56174258 4.19530370
v -26.72649986 10.57408268 4.19530370
v -26.68066522 10.56731365 4.19530370
v -26.67780815 10.74522238 4.41359768
v -26.74500961 10.55755131 4.19530370
v -26.78220602 10.52992775 4.19530370
v -26.78964314 10.53994218 4.19530370
v -26.75244673 10.56756573 4.19530370
v -26.84700971 10.65604409 4.44210955
v -26.71543080 10.50473993 4.19530370
v -26.70607286 10.45936302 4.19530370
v -26.71828972 10.45684358 4.19530370
v -26.72764766 10.50222048 4.19530370
v -26.75612873 10.47269352 4.50715225
v -29.56823342 7.82354958 4.01938079
v -29.51967090 7.86041264 4.01938079
v -29.50974623 7.84733811 4.01938079
v -29.55830875 7.81047505 4.01938079
v -29.39366431 7.64399545 4.30663798
v -29.50824833 7.87996126 4.01938079
v -29.49997556 7.94036627 4.01938079
v -29.48371267 7.93813898 4.01938079
v -29.49198544 7.87773398 4.01938079
v -29.32173529 7.88518636 4.34415728
v -29.50572154 7.96226621 4.01938079
v -29.54258460 8.01082873 4.01938079
v -29.52951008 8.02075340 4.01938079
v -29.49264702 7.97219088 4.01938079
v -29.32616741 8.13683532 4.38167659
v -29.56213323 8.02225130 4.01938079
v -29.62253823 8.03052407 4.01938079
v -29.62031094 8.04678697 4.01938079
v -29.55990594 8.03851420 4.01938079
v -29.56735833 8.20876434 4.30663798
v -29.64443817 8.02477809 4.01938079
v -29.69300070 7.98791504 4.01938079
v -29.70292536 8.00098956 4.01938079
v -29.65436284 8.03785262 4.01938079
v -29.81900728 8.20433223 4.34415728
v -29.70442327 7.96836641 4.01938079
v -29.71269604 7.90796141 4.01938079
v -29.72895893 7.91018869 4.01938079
v -29.72068616 7.97059369 4.01938079
v -29.89093631 7.96314131 4.38167659
v -29.70695006 7.88606146 4.01938079
v -29.67008700 7.83749894 4.01938079
v -29.68316152 7.82757427 4.01938079
v -29.72002458 7.87613679 4.01938079
v -29.88650419 7.71149235 4.30663798
v -29.65053837 7.82607637 4.01938079
v -29.59013337 7.81780360 4.01938079
v -29.59236066 7.80154070 4.01938079
v -29.65276566 7.80981347 4.01938079
v -29.64531327 7.63956333 4.34415728
v -29.62972792 7.90296312 4.01938079
v -29.59674987 7.95424326 4.01938079
v -29.58294367 7.94536455 4.01938079
v -29.61592173 7.89408442 4.01938079
v -29.56195876 7.89562514 4.42974820
v -0.66887713 18.01426682 4.13933028
v -0.61871337 17.97480195 4.13933028
v -0.62933853 17.96129632 4.13933028
v -0.67950229 18.00076120 4.13933028
v -0.80469052 17.79002061 4.44005339
v -0.59589431 17.96839087 4.13933028
v -0.53251730 17.97595612 4.13933028
v -0.53048050 17.95889307 4.13933028
v -0.59385751 17.95132782 4.13933028
v -0.54136457 17.78082366 4.47933151
v -0.51184846 17.98755831 4.13933028
v -0.47238359 18.03772206 4.13933028
v -0.45887796 18.02709690 4.13933028
v -0.49834284 17.97693315 4.13933028
v -0.28760225 17.85174492 4.51860963
v -0.46597251 18.06054113 4.13933028
v -0.47353776 18.12391814 4.13933028
v -0.45647471 18.12595494 4.13933028
v -0.44890946 18.06257793 4.13933028
v -0.27840530 18.11507087 4.44005339
v -0.48513995 18.14458697 4.13933028
v -0.53530370 18.18405185 4.13933028
v -0.52467854 18.19755748 4.13933028
v -0.47451479 18.15809260 4.13933028
v -0.34932656 18.36883319 4.47933151
v -0.55812277 18.19046293 4.13933028
v -0.62149978 18.18289768 4.13933028
v -0.62353658 18.19996073 4.13933028
v -0.56015956 18.20752598 4.13933028
v -0.61265251 18.37803014 4.51860963
v -0.64216861 18.17129549 4.13933028
v -0.68163349 18.12113173 4.13933028
v -0.69513912 18.13175689 4.13933028
v -0.65567424 18.18192065 4.13933028
v -0.86641483 18.30710888 4.44005339
v -0.68804457 18.09831267 4.13933028
v -0.68047932 18.03493566 4.13933028
v -0.69754237 18.03289886 4.13933028
v -0.70510762 18.09627587 4.13933028
v -0.87561178 18.04378293 4.47933151
v -0.60466101 18.09752758 4.13933028
v -0.54400613 18.07765638 4.13933028
v -0.54935606 18.06132622 4.13933028
v -0.61001095 18.08119742 4.13933028
v -0.59420476 18.02693710 4.56893473
v 2.16924359 -19.89700957 0.06053682
v 2.18110588 -19.93143956 0.06053682
v 2.17183627 -19.93463325 0.06053682
v 2.15997397 -19.90020326 0.06053682
v 2.03480629 -19.96258622 0.23211307
v 2.19006862 -19.94156633 0.06053682
v 2.22280221 -19.95752410 0.06053682
v 2.21850588 -19.96633700 0.06053682
v 2.18577229 -19.95037923 0.06053682
v 2.15825521 -20.04837548 0.25452303
v 2.23630053 -19.95834720 0.06053682
v 2.27073052 -19.94648491 0.06053682
v 2.27392422 -19.95575452 0.06053682
v 2.23949422 -19.96761682 0.06053682
v 2.30187719 -20.09278449 0.27693299
v 2.28085730 -19.93752217 0.06053682
v 2.29681507 -19.90478858 0.06053682
v 2.30562796 -19.90908491 0.06053682
v 2.28967019 -19.94181849 0.06053682
v 2.38766645 -19.96933558 0.23211307
v 2.29763817 -19.89129026 0.06053682
v 2.28577587 -19.85686026 0.06053682
v 2.29504549 -19.85366657 0.06053682
v 2.30690778 -19.88809656 0.06053682
v 2.43207546 -19.82571360 0.25452303
v 2.27681313 -19.84673349 0.06053682
v 2.24407954 -19.83077572 0.06053682
v 2.24837587 -19.82196282 0.06053682
v 2.28110946 -19.83792060 0.06053682
v 2.30862654 -19.73992434 0.27693299
v 2.23058122 -19.82995262 0.06053682
v 2.19615123 -19.84181491 0.06053682
v 2.19295753 -19.83254530 0.06053682
v 2.22738753 -19.82068301 0.06053682
v 2.16500457 -19.69551533 0.23211307
v 2.18602446 -19.85077765 0.06053682
v 2.17006668 -19.88351124 0.06053682
v 2.16125379 -19.87921492 0.06053682
v 2.17721156 -19.84648133 0.06053682
v 2.07921531 -19.81896425 0.25452303
v 2.22577259 -19.87692309 0.06053682
v 2.24872167 -19.90519814 0.06053682
v 2.24110916 -19.91137674 0.06053682
v 2.21816008 -19.88310169 0.06053682
v 2.20897209 -19.91400969 0.30564575
v -4.30300969 12.63954157 4.01985531
v -4.29068622 12.58414532 4.01985531
v -4.30560060 12.58082746 4.01985531
v -4.31792406 12.63622371 4.01985531
v -4.52269420 12.56160162 4.28723717
v -4.27858570 12.56689080 4.01985531
v -4.23070064 12.53643374 4.01985531
v -4.23890062 12.52354160 4.01985531
v -4.28678568 12.55399866 4.01985531
v -4.34660005 12.40708620 4.32216052
v -4.20994349 12.53278931 4.01985531
v -4.15454724 12.54511278 4.01985531
v -4.15122938 12.53019840 4.01985531
v -4.20662563 12.51787493 4.01985531
v -4.13200354 12.31310480 4.35708387
v -4.13729272 12.55721330 4.01985531
v -4.10683566 12.60509836 4.01985531
v -4.09394352 12.59689838 4.01985531
v -4.12440058 12.54901332 4.01985531
v -3.97748812 12.48919895 4.28723717
v -4.10319123 12.62585551 4.01985531
v -4.11551470 12.68125176 4.01985531
v -4.10060032 12.68456962 4.01985531
v -4.08827686 12.62917337 4.01985531
v -3.88350672 12.70379546 4.32216052
v -4.12761522 12.69850628 4.01985531
v -4.17550028 12.72896334 4.01985531
v -4.16730030 12.74185548 4.01985531
v -4.11941524 12.71139842 4.01985531
v -4.05960087 12.85831088 4.35708387
v -4.19625743 12.73260777 4.01985531
v -4.25165368 12.72028430 4.01985531
v -4.25497154 12.73519868 4.01985531
v -4.19957529 12.74752214 4.01985531
v -4.27419738 12.95229228 4.28723717
v -4.26890820 12.70818378 4.01985531
v -4.29936526 12.66029872 4.01985531
v -4.31225740 12.66849870 4.01985531
v -4.28180034 12.71638376 4.01985531
v -4.42871280 12.77619813 4.32216052
v -4.21195001 12.66071997 4.01985531
v -4.18137844 12.61290792 4.01985531
v -4.19425091 12.60467711 4.01985531
v -4.22482248 12.65248916 4.01985531
v -4.24447626 12.60624237 4.40182940
v 21.23656937 -15.33821845 0.12761713
v 21.28700277 -15.37640115 0.12761713
v 21.27672281 -15.38997938 0.12761713
v 21.22628941 -15.35179667 0.12761713
v 21.10611813 -15.56292290 0.42565487
v 21.30973213 -15.38233401 0.12761713
v 21.37239318 -15.37367146 0.12761713
v 21.37472540 -15.39054175 0.12761713
v 21.31206436 -15.39920430 0.12761713
v 21.36721690 -15.56719090 0.46458225
v 21.39266043 -15.36179455 0.12761713
v 21.43084314 -15.31136114 0.12761713
v 21.44442136 -15.32164110 0.12761713
v 21.40623866 -15.37207451 0.12761713
v 21.61736489 -15.49224579 0.50350963
v 21.43677600 -15.28863178 0.12761713
v 21.42811344 -15.22597074 0.12761713
v 21.44498374 -15.22363851 0.12761713
v 21.45364629 -15.28629956 0.12761713
v 21.62163289 -15.23114701 0.42565487
v 21.41623653 -15.20570348 0.12761713
v 21.36580313 -15.16752078 0.12761713
v 21.37608309 -15.15394256 0.12761713
v 21.42651649 -15.19212526 0.12761713
v 21.54668777 -14.98099903 0.46458225
v 21.34307377 -15.16158792 0.12761713
v 21.28041272 -15.17025047 0.12761713
v 21.27808050 -15.15338018 0.12761713
v 21.34074154 -15.14471763 0.12761713
v 21.28558900 -14.97673103 0.50350963
v 21.26014547 -15.18212738 0.12761713
v 21.22196276 -15.23256079 0.12761713
v 21.20838454 -15.22228083 0.12761713
v 21.24656724 -15.17184743 0.12761713
v 21.03544101 -15.05167614 0.42565487
v 21.21602990 -15.25529015 0.12761713
v 21.22469245 -15.31795119 0.12761713
v 21.20782216 -15.32028342 0.12761713
v 21.19915961 -15.25762238 0.12761713
v 21.03117301 -15.31277492 0.46458225
v 21.29866907 -15.25453382 0.12761713
v 21.35913760 -15.27310812 0.12761713
v 21.35413683 -15.28938811 0.12761713
v 21.29366830 -15.27081381 0.12761713
v 21.31032905 -15.32428950 0.55338533
v 21.31603280 1.85990739 2.72411147
v 21.28039487 1.84335578 2.72411147
v 21.27593867 1.85295060 2.72411147
v 21.31157659 1.86950222 2.72411147
v 21.23073417 1.99692466 2.90924662
v 21.27052008 1.83261252 2.72411147
v 21.25702402 1.79570895 2.72411147
v 21.24708844 1.79934250 2.72411147
v 21.26058450 1.83624608 2.72411147
v 21.15235164 1.85490845 2.93342753
v 21.25763812 1.78112979 2.72411147
v 21.27418973 1.74549186 2.72411147
v 21.26459490 1.74103566 2.72411147
v 21.24804329 1.77667358 2.72411147
v 21.12062084 1.69583117 2.95760845
v 21.28493298 1.73561707 2.72411147
v 21.32183656 1.72212101 2.72411147
v 21.31820300 1.71218543 2.72411147
v 21.28129943 1.72568149 2.72411147
v 21.26263705 1.61744863 2.90924662
v 21.33641572 1.72273511 2.72411147
v 21.37205364 1.73928672 2.72411147
v 21.37650985 1.72969189 2.72411147
v 21.34087192 1.71314028 2.72411147
v 21.42171434 1.58571784 2.93342753
v 21.38192843 1.75002998 2.72411147
v 21.39542449 1.78693355 2.72411147
v 21.40536007 1.78329999 2.72411147
v 21.39186402 1.74639642 2.72411147
v 21.50009688 1.72773404 2.95760845
v 21.39481040 1.80151271 2.72411147
v 21.37825878 1.83715063 2.72411147
v 21.38785361 1.84160684 2.72411147
v 21.40440522 1.80596891 2.72411147
v 21.53182767 1.88681133 2.90924662
v 21.36751553 1.84702542 2.72411147
v 21.33061195 1.86052148 2.72411147
v 21.33424551 1.87045707 2.72411147
v 21.37114909 1.85696101 2.72411147
v 21.38981146 1.96519387 2.93342753
v 21.34386319 1.80146285 2.72411147
v 21.31606140 1.77369455 2.72411147
v 21.30858532 1.78117965 2.72411147
v 21.33638711 1.80894795 2.72411147
v 21.30219400 1.81538048 2.98859025
v -6.98938092 10.83607449 4.15486288
v -6.92957388 10.83887683 4.15486288
v -6.92881940 10.82277493 4.15486288
v -6.98862645 10.81997259 4.15486288
v -6.94805249 10.59364694 4.43695523
v -6.90945299 10.84833758 4.15486288
v -6.86914458 10.89260910 4.15486288
v -6.85722532 10.88175683 4.15486288
v -6.89753373 10.83748531 4.15486288
v -6.75563286 10.74877293 4.47379995
v -6.86160673 10.91352647 4.15486288
v -6.86440906 10.97333352 4.15486288
v -6.84830717 10.97408799 4.15486288
v -6.84550483 10.91428095 4.15486288
v -6.61917917 10.95485490 4.51064466
v -6.87386982 10.99345440 4.15486288
v -6.91814133 11.03376282 4.15486288
v -6.90728906 11.04568208 4.15486288
v -6.86301755 11.00537366 4.15486288
v -6.77430517 11.14727454 4.43695523
v -6.93905871 11.04130067 4.15486288
v -6.99886575 11.03849833 4.15486288
v -6.99962023 11.05460023 4.15486288
v -6.93981318 11.05740257 4.15486288
v -6.98038714 11.28372822 4.47379995
v -7.01898664 11.02903758 4.15486288
v -7.05929505 10.98476606 4.15486288
v -7.07121431 10.99561834 4.15486288
v -7.03090590 11.03988985 4.15486288
v -7.17280677 11.12860223 4.51064466
v -7.06683291 10.96384869 4.15486288
v -7.06403057 10.90404164 4.15486288
v -7.08013247 10.90328717 4.15486288
v -7.08293480 10.96309421 4.15486288
v -7.30926046 10.92252026 4.43695523
v -7.05456981 10.88392076 4.15486288
v -7.01029830 10.84361235 4.15486288
v -7.02115057 10.83169309 4.15486288
v -7.06542209 10.87200150 4.15486288
v -7.15413447 10.73010062 4.47379995
v -6.99494494 10.93455100 4.15486288
v -6.93972473 10.95769114 4.15486288
v -6.93349470 10.94282416 4.15486288
v -6.98871490 10.91968402 4.15486288
v -6.94419469 10.89090088 4.55785195
v 0.34955693 11.47104897 3.90769743
v 0.36009536 11.51775339 3.90769743
v 0.37266963 11.51491612 3.90769743
v 0.36213120 11.46821170 3.90769743
v 0.54523650 11.45143682 4.13327937
v 0.35707371 11.53527480 3.90769743
v 0.33150050 11.57575161 3.90769743
v 0.34239810 11.58263671 3.90769743
v 0.36797132 11.54215990 3.90769743
v 0.46649594 11.63272466 4.16274313
v 0.31697437 11.58600449 3.90769743
v 0.27026994 11.59654292 3.90769743
v 0.27310721 11.60911719 3.90769743
v 0.31981164 11.59857876 3.90769743
v 0.33658652 11.78168405 4.19220689
v 0.25274854 11.59352127 3.90769743
v 0.21227173 11.56794805 3.90769743
v 0.20538663 11.57884566 3.90769743
v 0.24586343 11.60441888 3.90769743
v 0.15529867 11.70294349 4.13327937
v 0.20201885 11.55342192 3.90769743
v 0.19148042 11.50671750 3.90769743
v 0.17890615 11.50955477 3.90769743
v 0.18944458 11.55625919 3.90769743
v 0.00633928 11.57303407 4.16274313
v 0.19450206 11.48919609 3.90769743
v 0.22007528 11.44871928 3.90769743
v 0.20917768 11.44183418 3.90769743
v 0.18360446 11.48231099 3.90769743
v 0.08507984 11.39174623 4.19220689
v 0.23460141 11.43846640 3.90769743
v 0.28130584 11.42792797 3.90769743
v 0.27846857 11.41535370 3.90769743
v 0.23176414 11.42589213 3.90769743
v 0.21498926 11.24278684 4.13327937
v 0.29882724 11.43094962 3.90769743
v 0.33930405 11.45652284 3.90769743
v 0.34618915 11.44562523 3.90769743
v 0.30571235 11.42005201 3.90769743
v 0.39627710 11.32152740 4.16274313
v 0.27245314 11.48766899 3.90769743
v 0.26633782 11.53515546 3.90769743
v 0.27912264 11.53680190 3.90769743
v 0.28523796 11.48931543 3.90769743
v 0.31688195 11.51752756 4.22995734
v 16.52680820 -17.54862872 -0.23285050
v 16.54835939 -17.58456172 -0.23285050
v 16.53868511 -17.59036396 -0.23285050
v 16.51713393 -17.55443096 -0.23285050
v 16.39108769 -17.65445773 -0.03543567
v 16.56085987 -17.59382725 -0.23285050
v 16.60150733 -17.60399674 -0.23285050
v 16.59876939 -17.61494029 -0.23285050
v 16.55812193 -17.60477081 -0.23285050
v 16.55047957 -17.72163605 -0.00965088
v 16.61689822 -17.60170928 -0.23285050
v 16.65283123 -17.58015810 -0.23285050
v 16.65863347 -17.58983237 -0.23285050
v 16.62270047 -17.61138355 -0.23285050
v 16.72272724 -17.73742980 0.01613392
v 16.66209676 -17.56765762 -0.23285050
v 16.67226625 -17.52701016 -0.23285050
v 16.68320980 -17.52974810 -0.23285050
v 16.67304031 -17.57039556 -0.23285050
v 16.78990556 -17.57803791 -0.03543567
v 16.66997879 -17.51161926 -0.23285050
v 16.64842761 -17.47568626 -0.23285050
v 16.65810188 -17.46988402 -0.23285050
v 16.67965306 -17.50581702 -0.23285050
v 16.80569930 -17.40579025 -0.00965088
v 16.63592712 -17.46642073 -0.23285050
v 16.59527967 -17.45625124 -0.23285050
v 16.59801761 -17.44530769 -0.23285050
v 16.63866506 -17.45547718 -0.23285050
v 16.64630742 -17.33861193 0.01613392
v 16.57988877 -17.45853870 -0.23285050
v 16.54395576 -17.48008988 -0.23285050
v 16.53815352 -17.47041561 -0.23285050
v 16.57408653 -17.44886443 -0.23285050
v 16.47405976 -17.32281819 -0.03543567
v 16.53469024 -17.49259036 -0.23285050
v 16.52452075 -17.53323782 -0.23285050
v 16.51357720 -17.53049988 -0.23285050
v 16.52374668 -17.48985242 -0.23285050
v 16.40688143 -17.48221007 -0.00965088
v 16.58565961 -17.51255779 -0.23285050
v 16.61822555 -17.53892243 -0.23285050
v 16.61112738 -17.54769019 -0.23285050
v 16.57856144 -17.52132555 -0.23285050
v 16.57557795 -17.55830605 0.04917069
v -21.35565504 14.76810801 4.11975853
v -21.31558789 14.82218138 4.11975853
v -21.30102967 14.81139407 4.11975853
v -21.34109683 14.75732070 4.11975853
v -21.11516849 14.63179399 4.43684563
v -21.30952577 14.84642738 4.11975853
v -21.31942966 14.91299478 4.11975853
v -21.30150766 14.91566121 4.11975853
v -21.29160377 14.84909381 4.11975853
v -21.11349537 14.90961321 4.47826109
v -21.33228761 14.93442585 4.11975853
v -21.38636098 14.97449301 4.11975853
v -21.37557367 14.98905122 4.11975853
v -21.32150030 14.94898407 4.11975853
v -21.19597359 15.17491240 4.51967655
v -21.41060698 14.98055512 4.11975853
v -21.47717437 14.97065123 4.11975853
v -21.47984081 14.98857323 4.11975853
v -21.41327341 14.99847712 4.11975853
v -21.47379281 15.17658552 4.43684563
v -21.49860545 14.95779329 4.11975853
v -21.53867260 14.90371992 4.11975853
v -21.55323082 14.91450723 4.11975853
v -21.51316366 14.96858060 4.11975853
v -21.73909199 15.09410730 4.47826109
v -21.54473471 14.87947392 4.11975853
v -21.53483082 14.81290652 4.11975853
v -21.55275283 14.81024009 4.11975853
v -21.56265672 14.87680748 4.11975853
v -21.74076512 14.81628809 4.51967655
v -21.52197288 14.79147545 4.11975853
v -21.46789951 14.75140829 4.11975853
v -21.47868682 14.73685008 4.11975853
v -21.53276019 14.77691723 4.11975853
v -21.65828690 14.55098890 4.43684563
v -21.44365351 14.74534618 4.11975853
v -21.37708612 14.75525007 4.11975853
v -21.37441968 14.73732807 4.11975853
v -21.44098708 14.72742418 4.11975853
v -21.38046768 14.54931577 4.47826109
v -21.44536569 14.83325432 4.11975853
v -21.42626933 14.89778831 4.11975853
v -21.40889479 14.89264698 4.11975853
v -21.42799116 14.82811299 4.11975853
v -21.37128353 14.84642496 4.57274011
v -23.87364954 7.01368329 3.95713797
v -23.85824413 7.05983929 3.95713797
v -23.84581751 7.05569168 3.95713797
v -23.86122293 7.00953568 3.95713797
v -23.67777238 6.97395461 4.18639694
v -23.85951803 7.07786419 3.95713797
v -23.88126198 7.12139468 3.95713797
v -23.86954223 7.12724882 3.95713797
v -23.84779828 7.08371833 3.95713797
v -23.73896141 7.16527943 4.21634097
v -23.89490829 7.13323943 3.95713797
v -23.94106429 7.14864484 3.95713797
v -23.93691668 7.16107145 3.95713797
v -23.89076068 7.14566604 3.95713797
v -23.85517962 7.32911659 4.24628500
v -23.95908919 7.14737094 3.95713797
v -24.00261968 7.12562699 3.95713797
v -24.00847382 7.13734674 3.95713797
v -23.96494334 7.15909069 3.95713797
v -24.04650444 7.26792756 4.18639694
v -24.01446443 7.11198068 3.95713797
v -24.02986984 7.06582468 3.95713797
v -24.04229646 7.06997229 3.95713797
v -24.02689105 7.11612829 3.95713797
v -24.21034159 7.15170935 4.21634097
v -24.02859594 7.04779977 3.95713797
v -24.00685199 7.00426929 3.95713797
v -24.01857175 6.99841514 3.95713797
v -24.04031569 7.04194563 3.95713797
v -24.14915256 6.96038453 4.24628500
v -23.99320568 6.99242454 3.95713797
v -23.94704968 6.97701913 3.95713797
v -23.95119729 6.96459251 3.95713797
v -23.99735329 6.97999792 3.95713797
v -24.03293436 6.79654738 4.18639694
v -23.92902478 6.97829303 3.95713797
v -23.88549429 7.00003697 3.95713797
v -23.87964015 6.98831722 3.95713797
v -23.92317064 6.96657327 3.95713797
v -23.84160953 6.85773641 4.21634097
v -23.94992702 7.03832944 3.95713797
v -23.95128238 7.08696962 3.95713797
v -23.93818695 7.08733452 3.95713797
v -23.93683159 7.03869435 3.95713797
v -23.90196454 7.06400490 4.28465079
v 24.72069777 21.94360259 4.00547866
v 24.69031600 21.91402744 4.00547866
v 24.68235346 21.92220715 4.00547866
v 24.71273523 21.95178230 4.00547866
v 24.58493128 22.05267916 4.20524686
v 24.68409534 21.89956292 4.00547866
v 24.68352497 21.85716698 4.00547866
v 24.67211067 21.85732054 4.00547866
v 24.67268104 21.89971648 4.00547866
v 24.55580702 21.88008702 4.23133904
v 24.68935426 21.84254034 4.00547866
v 24.71892941 21.81215857 4.00547866
v 24.71074970 21.80419603 4.00547866
v 24.68117455 21.83457780 4.00547866
v 24.58027769 21.70677385 4.25743121
v 24.73339393 21.80593791 4.00547866
v 24.77578987 21.80536754 4.00547866
v 24.77563631 21.79395324 4.00547866
v 24.73324037 21.79452361 4.00547866
v 24.75286983 21.67764959 4.20524686
v 24.79041650 21.81119683 4.00547866
v 24.82079827 21.84077198 4.00547866
v 24.82876081 21.83259227 4.00547866
v 24.79837904 21.80301712 4.00547866
v 24.92618300 21.70212026 4.23133904
v 24.82701893 21.85523650 4.00547866
v 24.82758930 21.89763244 4.00547866
v 24.83900360 21.89747888 4.00547866
v 24.83843323 21.85508294 4.00547866
v 24.95530726 21.87471240 4.25743121
v 24.82176002 21.91225907 4.00547866
v 24.79218487 21.94264085 4.00547866
v 24.80036458 21.95060339 4.00547866
v 24.82993972 21.92022161 4.00547866
v 24.93083659 22.04802557 4.20524686
v 24.77772035 21.94886151 4.00547866
v 24.73532441 21.94943187 4.00547866
v 24.73547797 21.96084617 4.00547866
v 24.77787391 21.96027580 4.00547866
v 24.75824445 22.07714983 4.23133904
v 24.76989872 21.89402295 4.00547866
v 24.75150016 21.85582301 4.00547866
v 24.74121556 21.86077647 4.00547866
v 24.75961412 21.89897640 4.00547866
v 24.72249951 21.89332153 4.29086180
v -18.43170251 7.07480583 3.84448823
v -18.37415884 7.08922787 3.84448823
v -18.37027598 7.07373534 3.84448823
v -18.42781965 7.05931331 3.84448823
v -18.34413313 6.84741575 4.12399282
v -18.35646580 7.10235356 3.84448823
v -18.32597420 7.15324100 3.84448823
v -18.31227373 7.14503172 3.84448823
v -18.34276533 7.09414428 3.84448823
v -18.18757908 7.03573612 4.16049954
v -18.32274459 7.17503313 3.84448823
v -18.33716663 7.23257680 3.84448823
v -18.32167411 7.23645965 3.84448823
v -18.30725207 7.17891599 3.84448823
v -18.09535451 7.26260251 4.19700627
v -18.35029232 7.25026984 3.84448823
v -18.40117976 7.28076143 3.84448823
v -18.39297048 7.29446191 3.84448823
v -18.34208304 7.26397031 3.84448823
v -18.28367488 7.41915656 4.12399282
v -18.42297189 7.28399105 3.84448823
v -18.48051556 7.26956901 3.84448823
v -18.48439842 7.28506153 3.84448823
v -18.42685475 7.29948357 3.84448823
v -18.51054127 7.51138112 4.16049954
v -18.49820860 7.25644331 3.84448823
v -18.52870020 7.20555588 3.84448823
v -18.54240067 7.21376516 3.84448823
v -18.51190907 7.26465259 3.84448823
v -18.66709532 7.32306076 4.19700627
v -18.53192981 7.18376374 3.84448823
v -18.51750777 7.12622008 3.84448823
v -18.53300029 7.12233722 3.84448823
v -18.54742233 7.17988089 3.84448823
v -18.75931989 7.09619437 4.12399282
v -18.50438208 7.10852704 3.84448823
v -18.45349464 7.07803544 3.84448823
v -18.46170392 7.06433497 3.84448823
v -18.51259136 7.09482656 3.84448823
v -18.57099952 6.93964032 4.16049954
v -18.45637194 7.16936972 3.84448823
v -18.40726226 7.20264899 3.84448823
v -18.39830246 7.18942715 3.84448823
v -18.44741214 7.15614789 3.84448823
v -18.39853784 7.13689969 4.24378050
v -31.16041017 -20.69360501 -0.04298492
v -31.19112885 -20.65218346 -0.04298492
v -31.17997690 -20.64391305 -0.04298492
v -31.14925822 -20.68533459 -0.04298492
v -31.00689706 -20.54765654 0.19998531
v -31.20755459 -20.64233769 -0.04298492
v -31.25856543 -20.63476962 -0.04298492
v -31.25652787 -20.62103592 -0.04298492
v -31.20551703 -20.62860399 -0.04298492
v -31.21021026 -20.48454015 0.23172020
v -31.27714219 -20.63942235 -0.04298492
v -31.31856374 -20.67014103 -0.04298492
v -31.32683415 -20.65898908 -0.04298492
v -31.28541261 -20.62827040 -0.04298492
v -31.42309066 -20.48590924 0.26345509
v -31.32840951 -20.68656677 -0.04298492
v -31.33597758 -20.73757761 -0.04298492
v -31.34971128 -20.73554005 -0.04298492
v -31.34214321 -20.68452921 -0.04298492
v -31.48620705 -20.68922244 0.19998531
v -31.33132485 -20.75615438 -0.04298492
v -31.30060617 -20.79757592 -0.04298492
v -31.31175812 -20.80584633 -0.04298492
v -31.34247680 -20.76442479 -0.04298492
v -31.48483796 -20.90210284 0.23172020
v -31.28418043 -20.80742169 -0.04298492
v -31.23316959 -20.81498976 -0.04298492
v -31.23520715 -20.82872346 -0.04298492
v -31.28621799 -20.82115539 -0.04298492
v -31.28152476 -20.96521923 0.26345509
v -31.21459283 -20.81033703 -0.04298492
v -31.17317128 -20.77961835 -0.04298492
v -31.16490087 -20.79077031 -0.04298492
v -31.20632241 -20.82148898 -0.04298492
v -31.06864436 -20.96385014 0.19998531
v -31.16332551 -20.76319261 -0.04298492
v -31.15575744 -20.71218177 -0.04298492
v -31.14202374 -20.71421933 -0.04298492
v -31.14959181 -20.76523017 -0.04298492
v -31.00552797 -20.76053694 0.23172020
v -31.22815766 -20.74486464 -0.04298492
v -31.27121730 -20.71648773 -0.04298492
v -31.26357737 -20.70489474 -0.04298492
v -31.22051772 -20.73327166 -0.04298492
v -31.22131058 -20.68761654 0.30411541
v 4.02616448 -5.36482428 0.62179005
v 4.07840350 -5.35799248 0.62179005
v 4.08024283 -5.37205683 0.62179005
v 4.02800381 -5.37888863 0.62179005
v 4.08013671 -5.57438284 0.87001206
v 4.09535524 -5.34822477 0.62179005
v 4.12746299 -5.30645539 0.62179005
v 4.13870860 -5.31509979 0.62179005
v 4.10660085 -5.35686916 0.62179005
v 4.23752050 -5.42428080 0.90243290
v 4.13254288 -5.28756188 0.62179005
v 4.12571108 -5.23532286 0.62179005
v 4.13977543 -5.23348353 0.62179005
v 4.14660723 -5.28572255 0.62179005
v 4.34210144 -5.23358966 0.93485373
v 4.11594337 -5.21837112 0.62179005
v 4.07417399 -5.18626337 0.62179005
v 4.08281839 -5.17501776 0.62179005
v 4.12458777 -5.20712551 0.62179005
v 4.19199940 -5.07620586 0.87001206
v 4.05528048 -5.18118349 0.62179005
v 4.00304146 -5.18801528 0.62179005
v 4.00120213 -5.17395093 0.62179005
v 4.05344115 -5.16711913 0.62179005
v 4.00130826 -4.97162492 0.90243290
v 3.98608972 -5.19778300 0.62179005
v 3.95398197 -5.23955237 0.62179005
v 3.94273636 -5.23090797 0.62179005
v 3.97484411 -5.18913860 0.62179005
v 3.84392446 -5.12172696 0.93485373
v 3.94890209 -5.25844588 0.62179005
v 3.95573388 -5.31068490 0.62179005
v 3.94166953 -5.31252423 0.62179005
v 3.93483773 -5.26028521 0.62179005
v 3.73934352 -5.31241811 0.87001206
v 3.96550160 -5.32763664 0.62179005
v 4.00727097 -5.35974439 0.62179005
v 3.99862657 -5.37099000 0.62179005
v 3.95685720 -5.33888225 0.62179005
v 3.88944556 -5.46980190 0.90243290
v 4.01408260 -5.27887852 0.62179005
v 4.06081191 -5.25454827 0.62179005
v 4.06736236 -5.26712924 0.62179005
v 4.02063305 -5.29145949 0.62179005
v 4.06177750 -5.31344270 0.97639293
v 11.58610637 -19.93933359 -0.05688271
v 11.58639493 -19.98235566 -0.05688271
v 11.57481206 -19.98243335 -0.05688271
v 11.57452350 -19.93941127 -0.05688271
v 11.41085294 -19.96202105 0.14582203
v 11.59260789 -19.99707505 -0.05688271
v 11.62323313 -20.02729221 -0.05688271
v 11.61509774 -20.03553748 -0.05688271
v 11.58447249 -20.00532031 -0.05688271
v 11.51668792 -20.10464831 0.17229775
v 11.63803453 -20.03330717 -0.05688271
v 11.68105661 -20.03301861 -0.05688271
v 11.68113430 -20.04460148 -0.05688271
v 11.63811222 -20.04489004 -0.05688271
v 11.66072200 -20.20856060 0.19877347
v 11.69577600 -20.02680566 -0.05688271
v 11.72599316 -19.99618041 -0.05688271
v 11.73423842 -20.00431581 -0.05688271
v 11.70402126 -20.03494105 -0.05688271
v 11.80334926 -20.10272562 0.14582203
v 11.73200812 -19.98137901 -0.05688271
v 11.73171956 -19.93835693 -0.05688271
v 11.74330243 -19.93827924 -0.05688271
v 11.74359099 -19.98130132 -0.05688271
v 11.90726155 -19.95869155 0.17229775
v 11.72550660 -19.92363754 -0.05688271
v 11.69488136 -19.89342038 -0.05688271
v 11.70301676 -19.88517512 -0.05688271
v 11.73364200 -19.91539228 -0.05688271
v 11.80142657 -19.81606428 0.19877347
v 11.68007996 -19.88740542 -0.05688271
v 11.63705788 -19.88769398 -0.05688271
v 11.63698019 -19.87611111 -0.05688271
v 11.68000227 -19.87582256 -0.05688271
v 11.65739249 -19.71215200 0.14582203
v 11.62233849 -19.89390694 -0.05688271
v 11.59212133 -19.92453218 -0.05688271
v 11.58387607 -19.91639679 -0.05688271
v 11.61409323 -19.88577155 -0.05688271
v 11.51476523 -19.81798697 0.17229775
v 11.65697262 -19.93817652 -0.05688271
v 11.67199586 -19.97849135 -0.05688271
v 11.66114187 -19.98253607 -0.05688271
v 11.64611863 -19.94222124 -0.05688271
v 11.62416942 -19.97335718 0.23269549
v 25.95830644 6.64867684 3.70855693
v 26.01492104 6.61845473 3.70855693
v 26.00678432 6.60321233 3.70855693
v 25.95016972 6.63343444 3.70855693
v 25.86340052 6.40275240 4.01092573
v 26.03863981 6.61613148 3.70855693
v 26.10004263 6.63479379 3.70855693
v 26.10506710 6.61826225 3.70855693
v 26.04366428 6.59959994 3.70855693
v 26.12568704 6.44007332 4.05041880
v 26.11845712 6.64992270 3.70855693
v 26.14867923 6.70653730 3.70855693
v 26.16392163 6.69840058 3.70855693
v 26.13369951 6.64178597 3.70855693
v 26.36438156 6.55501678 4.08991187
v 26.15100248 6.73025607 3.70855693
v 26.13234017 6.79165889 3.70855693
v 26.14887171 6.79668336 3.70855693
v 26.16753402 6.73528054 3.70855693
v 26.32706064 6.81730330 4.01092573
v 26.11721126 6.81007338 3.70855693
v 26.06059666 6.84029549 3.70855693
v 26.06873338 6.85553788 3.70855693
v 26.12534798 6.82531577 3.70855693
v 26.21211718 7.05599782 4.05041880
v 26.03687789 6.84261874 3.70855693
v 25.97547507 6.82395643 3.70855693
v 25.97045060 6.84048797 3.70855693
v 26.03185342 6.85915028 3.70855693
v 25.94983066 7.01867690 4.08991187
v 25.95706058 6.80882752 3.70855693
v 25.92683847 6.75221292 3.70855693
v 25.91159607 6.76034964 3.70855693
v 25.94181818 6.81696424 3.70855693
v 25.71113614 6.90373344 4.01092573
v 25.92451522 6.72849415 3.70855693
v 25.94317753 6.66709133 3.70855693
v 25.92664599 6.66206686 3.70855693
v 25.90798368 6.72346968 3.70855693
v 25.74845706 6.64144692 4.05041880
v 26.00719461 6.74241769 3.70855693
v 26.07073992 6.73344088 3.70855693
v 26.06832309 6.71633252 3.70855693
v 26.00477778 6.72530934 3.70855693
v 26.02999046 6.67438398 4.14051236
v -2.03487458 -1.05668938 2.56795151
v -2.04994823 -1.09185052 2.56795151
v -2.05941469 -1.08779223 2.56795151
v -2.04434105 -1.05263109 2.56795151
v -2.18576066 -1.01281587 2.74819606
v -2.05012300 -1.10605606 2.56795151
v -2.03591900 -1.14157741 2.56795151
v -2.04548245 -1.14540157 2.56795151
v -2.05968645 -1.10988022 2.56795151
v -2.15026817 -1.16670191 2.77173820
v -2.02599775 -1.15174584 2.56795151
v -1.99083661 -1.16681948 2.56795151
v -1.99489490 -1.17628594 2.56795151
v -2.03005604 -1.16121230 2.56795151
v -2.06987127 -1.30263192 2.79528034
v -1.97663107 -1.16699425 2.56795151
v -1.94110972 -1.15279025 2.56795151
v -1.93728556 -1.16235370 2.56795151
v -1.97280691 -1.17655770 2.56795151
v -1.91598523 -1.26713942 2.74819606
v -1.93094130 -1.14286900 2.56795151
v -1.91586765 -1.10770787 2.56795151
v -1.90640119 -1.11176615 2.56795151
v -1.92147484 -1.14692729 2.56795151
v -1.78005522 -1.18674252 2.77173820
v -1.91569288 -1.09350232 2.56795151
v -1.92989688 -1.05798097 2.56795151
v -1.92033344 -1.05415681 2.56795151
v -1.90612943 -1.08967817 2.56795151
v -1.81554771 -1.03285648 2.79528034
v -1.93981813 -1.04781255 2.56795151
v -1.97497927 -1.03273891 2.56795151
v -1.97092098 -1.02327245 2.56795151
v -1.93575984 -1.03834609 2.56795151
v -1.89594462 -0.89692647 2.74819606
v -1.98918481 -1.03256413 2.56795151
v -2.02470616 -1.04676813 2.56795151
v -2.02853032 -1.03720469 2.56795151
v -1.99300897 -1.02300068 2.56795151
v -2.04983065 -0.93241897 2.77173820
v -1.97671433 -1.08096323 2.56795151
v -1.97881743 -1.11916137 2.56795151
v -1.98910155 -1.11859515 2.56795151
v -1.98699845 -1.08039702 2.56795151
v -2.01596402 -1.09795921 2.82544372
v -18.85810085 3.86333729 4.09901702
v -18.80384556 3.84399133 4.09901702
v -18.80905409 3.82938413 4.09901702
v -18.86330938 3.84873010 4.09901702
v -18.90984522 3.63246966 4.37040749
v -18.78248187 3.84506427 4.09901702
v -18.73043793 3.86974889 4.09901702
v -18.72379207 3.85573705 4.09901702
v -18.77583601 3.83105243 4.09901702
v -18.68193133 3.70027389 4.40585441
v -18.71609021 3.88561398 4.09901702
v -18.69674424 3.93986928 4.09901702
v -18.68213705 3.93466075 4.09901702
v -18.70148302 3.88040545 4.09901702
v -18.48522257 3.83386961 4.44130133
v -18.69781719 3.96123296 4.09901702
v -18.72250181 4.01327690 4.09901702
v -18.70848997 4.01992277 4.09901702
v -18.68380535 3.96787882 4.09901702
v -18.55302681 4.06178350 4.37040749
v -18.73836690 4.02762462 4.09901702
v -18.79262219 4.04697059 4.09901702
v -18.78741366 4.06157778 4.09901702
v -18.73315837 4.04223182 4.09901702
v -18.68662253 4.25849226 4.40585441
v -18.81398587 4.04589764 4.09901702
v -18.86602982 4.02121302 4.09901702
v -18.87267568 4.03522486 4.09901702
v -18.82063174 4.05990948 4.09901702
v -18.91453641 4.19068802 4.44130133
v -18.88037754 4.00534793 4.09901702
v -18.89972351 3.95109264 4.09901702
v -18.91433070 3.95630117 4.09901702
v -18.89498473 4.01055646 4.09901702
v -19.11124518 4.05709230 4.37040749
v -18.89865056 3.92972896 4.09901702
v -18.87396594 3.87768501 4.09901702
v -18.88797778 3.87103915 4.09901702
v -18.91266240 3.92308309 4.09901702
v -19.04344094 3.82917842 4.40585441
v -18.82709171 3.95301929 4.09901702
v -18.76949207 3.95345022 4.09901702
v -18.76937604 3.93794263 4.09901702
v -18.82697568 3.93751169 4.09901702
v -18.79786094 3.89563513 4.48671769
v -18.91620953 -18.51303333 0.10109583
v -18.86842038 -18.52627327 0.10109583
v -18.87198498 -18.53913958 0.10109583
v -18.91977413 -18.52589964 0.10109583
v -18.94629317 -18.71448599 0.33473773
v -18.85014290 -18.52402433 0.10109583
v -18.80698882 -18.49959435 0.10109583
v -18.80041151 -18.51121276 0.10109583
v -18.84356559 -18.53564274 0.10109583
v -18.75480611 -18.64210147 0.36525423
v -18.79565493 -18.48507998 0.10109583
v -18.78241499 -18.43729083 0.10109583
v -18.76954868 -18.44085543 0.10109583
v -18.78278862 -18.48864458 0.10109583
v -18.59420227 -18.51516362 0.39577072
v -18.78466393 -18.41901335 0.10109583
v -18.80909391 -18.37585927 0.10109583
v -18.79747550 -18.36928196 0.10109583
v -18.77304552 -18.41243604 0.10109583
v -18.66658678 -18.32367656 0.33473773
v -18.82360828 -18.36452538 0.10109583
v -18.87139743 -18.35128544 0.10109583
v -18.86783283 -18.33841913 0.10109583
v -18.82004368 -18.35165907 0.10109583
v -18.79352464 -18.16307272 0.36525423
v -18.88967491 -18.35353438 0.10109583
v -18.93282899 -18.37796436 0.10109583
v -18.93940629 -18.36634594 0.10109583
v -18.89625221 -18.34191597 0.10109583
v -18.98501170 -18.23545723 0.39577072
v -18.94416288 -18.39247873 0.10109583
v -18.95740282 -18.44026788 0.10109583
v -18.97026913 -18.43670328 0.10109583
v -18.95702919 -18.38891413 0.10109583
v -19.14561554 -18.36239509 0.33473773
v -18.95515388 -18.45854536 0.10109583
v -18.93072390 -18.50169944 0.10109583
v -18.94234231 -18.50827674 0.10109583
v -18.96677229 -18.46512266 0.10109583
v -19.07323102 -18.55388215 0.36525423
v -18.89515646 -18.43409985 0.10109583
v -18.84572469 -18.43015030 0.10109583
v -18.84466134 -18.44345886 0.10109583
v -18.89409312 -18.44740840 0.10109583
v -18.86649102 -18.48155684 0.43486998
v -21.40717963 -16.72893850 0.13670742
v -21.44287623 -16.75857595 0.13670742
v -21.45085554 -16.74896532 0.13670742
v -21.41515894 -16.71932788 0.13670742
v -21.54585751 -16.59822494 0.35530581
v -21.45091149 -16.77381714 0.13670742
v -21.45519596 -16.82001528 0.13670742
v -21.46763393 -16.81886177 0.13670742
v -21.46334946 -16.77266363 0.13670742
v -21.59253659 -16.78398041 0.38385743
v -21.45010061 -16.83647423 0.13670742
v -21.42046316 -16.87217083 0.13670742
v -21.43007378 -16.88015014 0.13670742
v -21.45971123 -16.84445354 0.13670742
v -21.58081417 -16.97515211 0.41240906
v -21.40522197 -16.88020609 0.13670742
v -21.35902382 -16.88449056 0.13670742
v -21.36017734 -16.89692853 0.13670742
v -21.40637548 -16.89264406 0.13670742
v -21.39505870 -17.02183119 0.35530581
v -21.34256488 -16.87939520 0.13670742
v -21.30686828 -16.84975776 0.13670742
v -21.29888897 -16.85936838 0.13670742
v -21.33458557 -16.88900583 0.13670742
v -21.20388700 -17.01010877 0.38385743
v -21.29883302 -16.83451656 0.13670742
v -21.29454855 -16.78831842 0.13670742
v -21.28211058 -16.78947193 0.13670742
v -21.28639505 -16.83567008 0.13670742
v -21.15720792 -16.82435330 0.41240906
v -21.29964390 -16.77185948 0.13670742
v -21.32928135 -16.73616288 0.13670742
v -21.31967072 -16.72818357 0.13670742
v -21.29003328 -16.76388017 0.13670742
v -21.16893034 -16.63318160 0.35530581
v -21.34452254 -16.72812761 0.13670742
v -21.39072068 -16.72384315 0.13670742
v -21.38956717 -16.71140518 0.13670742
v -21.34336903 -16.71568965 0.13670742
v -21.35468581 -16.58650252 0.38385743
v -21.35779185 -16.78727234 0.13670742
v -21.38116165 -16.82735323 0.13670742
v -21.39195266 -16.82106137 0.13670742
v -21.36858286 -16.78098047 0.13670742
v -21.40955764 -16.78394299 0.44899083
v -9.16015727 -20.53053421 0.20152864
v -9.12527883 -20.50263820 0.20152864
v -9.11776837 -20.51202854 0.20152864
v -9.15264680 -20.53992456 0.20152864
v -9.02898814 -20.65878290 0.41195529
v -9.11727679 -20.48811074 0.20152864
v -9.11233948 -20.44372250 0.20152864
v -9.10038879 -20.44505178 0.20152864
v -9.10532611 -20.48944002 0.20152864
v -8.98078980 -20.48082352 0.43943959
v -9.11695364 -20.42779174 0.20152864
v -9.14484966 -20.39291331 0.20152864
v -9.13545931 -20.38540284 0.20152864
v -9.10756329 -20.42028127 0.20152864
v -8.98870496 -20.29662261 0.46692389
v -9.15937712 -20.38491127 0.20152864
v -9.20376535 -20.37997395 0.20152864
v -9.20243607 -20.36802326 0.20152864
v -9.15804784 -20.37296058 0.20152864
v -9.16666434 -20.24842427 0.41195529
v -9.21969611 -20.38458811 0.20152864
v -9.25457455 -20.41248413 0.20152864
v -9.26208501 -20.40309378 0.20152864
v -9.22720658 -20.37519777 0.20152864
v -9.35086524 -20.25633943 0.43943959
v -9.26257659 -20.42701159 0.20152864
v -9.26751390 -20.47139982 0.20152864
v -9.27946459 -20.47007055 0.20152864
v -9.27452727 -20.42568231 0.20152864
v -9.39906358 -20.43429881 0.46692389
v -9.26289974 -20.48733059 0.20152864
v -9.23500372 -20.52220902 0.20152864
v -9.24439407 -20.52971949 0.20152864
v -9.27229009 -20.49484105 0.20152864
v -9.39114842 -20.61849971 0.41195529
v -9.22047626 -20.53021106 0.20152864
v -9.17608803 -20.53514838 0.20152864
v -9.17741731 -20.54709906 0.20152864
v -9.22180554 -20.54216175 0.20152864
v -9.21318904 -20.66669805 0.43943959
v -9.20666341 -20.47352055 0.20152864
v -9.18346503 -20.43535606 0.20152864
v -9.17318997 -20.44160177 0.20152864
v -9.19638835 -20.47976627 0.20152864
v -9.15689973 -20.47763667 0.50213814
v 25.56598924 19.74127352 3.89324069
v 25.58932012 19.70908953 3.89324069
v 25.58065520 19.70280814 3.89324069
v 25.55732431 19.73499213 3.89324069
v 25.44644300 19.63006330 4.08052893
v 25.60189842 19.70136316 3.89324069
v 25.64115337 19.69510307 3.89324069
v 25.63946796 19.68453442 3.89324069
v 25.60021301 19.69079451 3.89324069
v 25.60262523 19.57971336 4.10499106
v 25.65551094 19.69853390 3.89324069
v 25.68769494 19.72186478 3.89324069
v 25.69397633 19.71319986 3.89324069
v 25.66179233 19.68986897 3.89324069
v 25.76672116 19.57898766 4.12945320
v 25.69542131 19.73444308 3.89324069
v 25.70168140 19.77369803 3.89324069
v 25.71225004 19.77201262 3.89324069
v 25.70598995 19.73275767 3.89324069
v 25.81707110 19.73516989 4.08052893
v 25.69825057 19.78805560 3.89324069
v 25.67491968 19.82023960 3.89324069
v 25.68358461 19.82652099 3.89324069
v 25.70691549 19.79433699 3.89324069
v 25.81779680 19.89926582 4.10499106
v 25.66234138 19.82796597 3.89324069
v 25.62308644 19.83422606 3.89324069
v 25.62477185 19.84479470 3.89324069
v 25.66402679 19.83853461 3.89324069
v 25.66161458 19.94961576 4.12945320
v 25.60872886 19.83079523 3.89324069
v 25.57654487 19.80746434 3.89324069
v 25.57026348 19.81612927 3.89324069
v 25.60244747 19.83946015 3.89324069
v 25.49751864 19.95034146 4.08052893
v 25.56881850 19.79488604 3.89324069
v 25.56255841 19.75563110 3.89324069
v 25.55198976 19.75731651 3.89324069
v 25.55824985 19.79657145 3.89324069
v 25.44716870 19.79415924 4.10499106
v 25.61863665 19.78021677 3.89324069
v 25.65158887 19.75798411 3.89324069
v 25.64560315 19.74911235 3.89324069
v 25.61265093 19.77134502 3.89324069
v 25.61288010 19.73614822 4.16079531
v -25.48710230 5.44894526 3.80952430
v -25.44341493 5.40356136 3.80952430
v -25.45563367 5.39179937 3.80952430
v -25.49932104 5.43718328 3.80952430
v -25.65028530 5.24814324 4.10632450
v -25.42197667 5.39419915 3.80952430
v -25.35899377 5.39299953 3.80952430
v -25.35931675 5.37604258 3.80952430
v -25.42229965 5.37724221 3.80952430
v -25.39410717 5.20343941 4.14509024
v -25.33721456 5.40153857 3.80952430
v -25.29183065 5.44522595 3.80952430
v -25.28006867 5.43300721 3.80952430
v -25.32545257 5.38931983 3.80952430
v -25.13641254 5.23835558 4.18385598
v -25.28246845 5.46666420 3.80952430
v -25.28126882 5.52964710 3.80952430
v -25.26431188 5.52932413 3.80952430
v -25.26551150 5.46634123 3.80952430
v -25.09170871 5.49453370 4.10632450
v -25.28980787 5.55142632 3.80952430
v -25.33349524 5.59681022 3.80952430
v -25.32127650 5.60857221 3.80952430
v -25.27758913 5.56318830 3.80952430
v -25.12662487 5.75222834 4.14509024
v -25.35493350 5.60617243 3.80952430
v -25.41791640 5.60737205 3.80952430
v -25.41759342 5.62432900 3.80952430
v -25.35461052 5.62312937 3.80952430
v -25.38280300 5.79693217 4.18385598
v -25.43969561 5.59883301 3.80952430
v -25.48507952 5.55514563 3.80952430
v -25.49684150 5.56736437 3.80952430
v -25.45145760 5.61105175 3.80952430
v -25.64049763 5.76201600 4.10632450
v -25.49444172 5.53370738 3.80952430
v -25.49564135 5.47072448 3.80952430
v -25.51259829 5.47104745 3.80952430
v -25.51139867 5.53403035 3.80952430
v -25.68520146 5.50583788 4.14509024
v -25.41303307 5.52163118 3.80952430
v -25.35643230 5.49397907 3.80952430
v -25.36387710 5.47874040 3.80952430
v -25.42047787 5.50639251 3.80952430
v -25.41238478 5.45120436 4.23352458
v 1.63367428 22.84799089 4.00478664
v 1.64707872 22.80094372 4.00478664
v 1.63441217 22.79733484 4.00478664
v 1.62100774 22.84438200 4.00478664
v 1.44856884 22.76981846 4.23527259
v 1.65836360 22.78670730 4.00478664
v 1.70110933 22.76291830 4.00478664
v 1.69470460 22.75140983 4.00478664
v 1.65195887 22.77519883 4.00478664
v 1.60791198 22.64575357 4.26537688
v 1.71915562 22.76083124 4.00478664
v 1.76620278 22.77423567 4.00478664
v 1.76981167 22.76156913 4.00478664
v 1.72276450 22.74816470 4.00478664
v 1.79732804 22.57572580 4.29548117
v 1.78043920 22.78552056 4.00478664
v 1.80422820 22.82826628 4.00478664
v 1.81573668 22.82186155 4.00478664
v 1.79194768 22.77911582 4.00478664
v 1.92139293 22.73506893 4.23527259
v 1.80631526 22.84631257 4.00478664
v 1.79291083 22.89335974 4.00478664
v 1.80557738 22.89696862 4.00478664
v 1.81898181 22.84992146 4.00478664
v 1.99142071 22.92448500 4.26537688
v 1.78162595 22.90759616 4.00478664
v 1.73888022 22.93138516 4.00478664
v 1.74528495 22.94289363 4.00478664
v 1.78803068 22.91910463 4.00478664
v 1.83207757 23.04854989 4.29548117
v 1.72083393 22.93347222 4.00478664
v 1.67378677 22.92006779 4.00478664
v 1.67017788 22.93273433 4.00478664
v 1.71722504 22.94613876 4.00478664
v 1.64266151 23.11857766 4.23527259
v 1.65955034 22.90878290 4.00478664
v 1.63576134 22.86603717 4.00478664
v 1.62425287 22.87244191 4.00478664
v 1.64804187 22.91518764 4.00478664
v 1.51859661 22.95923453 4.26537688
v 1.71096328 22.87081768 4.00478664
v 1.73968740 22.83121920 4.00478664
v 1.72902627 22.82348578 4.00478664
v 1.70030215 22.86308426 4.00478664
v 1.68572687 22.82229431 4.33405229
v -11.51363382 20.65880881 4.13382197
v -11.54221772 20.71332259 4.13382197
v -11.52754094 20.72101826 4.13382197
v -11.49895703 20.66650448 4.13382197
v -11.30567730 20.80260008 4.42383204
v -11.55977161 20.72796354 4.13382197
v -11.61853054 20.74629872 4.13382197
v -11.61359414 20.76211845 4.13382197
v -11.55483521 20.74378326 4.13382197
v -11.53379291 20.91453791 4.46171091
v -11.64129572 20.74423897 4.13382197
v -11.69580950 20.71565507 4.13382197
v -11.70350517 20.73033186 4.13382197
v -11.64899139 20.75891576 4.13382197
v -11.78508699 20.95219549 4.49958977
v -11.71045045 20.69810118 4.13382197
v -11.72878563 20.63934225 4.13382197
v -11.74460535 20.64427865 4.13382197
v -11.72627017 20.70303758 4.13382197
v -11.89702482 20.72407988 4.42383204
v -11.72672588 20.61657707 4.13382197
v -11.69814198 20.56206329 4.13382197
v -11.71281876 20.55436763 4.13382197
v -11.74140267 20.60888140 4.13382197
v -11.93468240 20.47278580 4.46171091
v -11.68058809 20.54742234 4.13382197
v -11.62182916 20.52908716 4.13382197
v -11.62676556 20.51326744 4.13382197
v -11.68552449 20.53160262 4.13382197
v -11.70656679 20.36084797 4.49958977
v -11.59906398 20.53114691 4.13382197
v -11.54455020 20.55973081 4.13382197
v -11.53685453 20.54505403 4.13382197
v -11.59136831 20.51647012 4.13382197
v -11.45527271 20.32319039 4.42383204
v -11.52990925 20.57728470 4.13382197
v -11.51157407 20.63604363 4.13382197
v -11.49575435 20.63110723 4.13382197
v -11.51408953 20.57234830 4.13382197
v -11.34333488 20.55130600 4.46171091
v -11.60298213 20.61085837 4.13382197
v -11.64852572 20.65226578 4.13382197
v -11.63737757 20.66452751 4.13382197
v -11.59183398 20.62312011 4.13382197
v -11.58434653 20.67710566 4.54812207
v -21.67003994 21.99052092 3.98187086
v -21.66959713 22.04232160 3.98187086
v -21.65565080 22.04220238 3.98187086
v -21.65609360 21.99040171 3.98187086
v -21.45863116 22.01461599 4.22594065
v -21.67680672 22.06015676 3.98187086
v -21.71312222 22.09709848 3.98187086
v -21.70317636 22.10687573 3.98187086
v -21.66686087 22.06993402 3.98187086
v -21.58342890 22.18827250 4.25781916
v -21.73083152 22.10461190 3.98187086
v -21.78263220 22.10505470 3.98187086
v -21.78251298 22.11900104 3.98187086
v -21.73071231 22.11855824 3.98187086
v -21.75492659 22.31602067 4.28969766
v -21.80046736 22.09784512 3.98187086
v -21.83740908 22.06152962 3.98187086
v -21.84718633 22.07147547 3.98187086
v -21.81024462 22.10779097 3.98187086
v -21.92858310 22.19122294 4.22594065
v -21.84492250 22.04382031 3.98187086
v -21.84536530 21.99201964 3.98187086
v -21.85931164 21.99213885 3.98187086
v -21.85886884 22.04393953 3.98187086
v -22.05633127 22.01972525 4.25781916
v -21.83815572 21.97418448 3.98187086
v -21.80184022 21.93724276 3.98187086
v -21.81178607 21.92746551 3.98187086
v -21.84810157 21.96440722 3.98187086
v -21.93153354 21.84606874 4.28969766
v -21.78413091 21.92972934 3.98187086
v -21.73233024 21.92928654 3.98187086
v -21.73244945 21.91534020 3.98187086
v -21.78425013 21.91578300 3.98187086
v -21.76003584 21.71832056 4.22594065
v -21.71449508 21.93649612 3.98187086
v -21.67755336 21.97281162 3.98187086
v -21.66777611 21.96286577 3.98187086
v -21.70471782 21.92655027 3.98187086
v -21.58637934 21.84311830 4.25781916
v -21.75537887 21.99042954 3.98187086
v -21.77272525 22.03924152 3.98187086
v -21.75958356 22.04391170 3.98187086
v -21.74223719 21.99509972 3.98187086
v -21.71524009 22.03218191 4.33054200
v 31.13595028 -5.56367526 0.69601543
v 31.16875294 -5.51997190 0.69601543
v 31.18051923 -5.52880339 0.69601543
v 31.14771656 -5.57250674 0.69601543
v 31.33052682 -5.67555751 0.95347407
v 31.17379639 -5.50031612 0.69601543
v 31.16608844 -5.44621820 0.69601543
v 31.18065327 -5.44414298 0.69601543
v 31.18836122 -5.49824090 0.69601543
v 31.33327653 -5.44999507 0.98710133
v 31.15575596 -5.42875319 0.69601543
v 31.11205260 -5.39595053 0.69601543
v 31.12088409 -5.38418424 0.69601543
v 31.16458744 -5.41698691 0.69601543
v 31.26763821 -5.23417665 1.02072858
v 31.09239682 -5.39090708 0.69601543
v 31.03829890 -5.39861503 0.69601543
v 31.03622368 -5.38405020 0.69601543
v 31.09032160 -5.37634225 0.69601543
v 31.04207577 -5.23142694 0.95347407
v 31.02083389 -5.40894751 0.69601543
v 30.98803123 -5.45265086 0.69601543
v 30.97626494 -5.44381938 0.69601543
v 31.00906761 -5.40011602 0.69601543
v 30.82625735 -5.29706526 0.98710133
v 30.98298778 -5.47230665 0.69601543
v 30.99069573 -5.52640457 0.69601543
v 30.97613090 -5.52847979 0.69601543
v 30.96842295 -5.47438187 0.69601543
v 30.82350764 -5.52262770 1.02072858
v 31.00102821 -5.54386958 0.69601543
v 31.04473156 -5.57667224 0.69601543
v 31.03590008 -5.58843853 0.69601543
v 30.99219672 -5.55563586 0.69601543
v 30.88914596 -5.73844612 0.95347407
v 31.06438735 -5.58171569 0.69601543
v 31.11848527 -5.57400774 0.69601543
v 31.12056049 -5.58857257 0.69601543
v 31.06646257 -5.59628052 0.69601543
v 31.11470840 -5.74119583 0.98710133
v 31.06343739 -5.51033152 0.69601543
v 31.07926555 -5.45802982 0.69601543
v 31.09334677 -5.46229124 0.69601543
v 31.07751862 -5.51459295 0.69601543
v 31.12365317 -5.50000881 1.06381350
v -24.59051326 -8.28597050 -0.07603211
v -24.55338672 -8.29981094 -0.07603211
v -24.55711299 -8.30980655 -0.07603211
v -24.59423954 -8.29596611 -0.07603211
v -24.62837641 -8.44425278 0.11065056
v -24.53868212 -8.29928331 -0.07603211
v -24.50264302 -8.28281755 -0.07603211
v -24.49820993 -8.29252039 -0.07603211
v -24.53424903 -8.30898615 -0.07603211
v -24.47094864 -8.39986080 0.13503361
v -24.49261839 -8.27204674 -0.07603211
v -24.47877795 -8.23492020 -0.07603211
v -24.46878234 -8.23864647 -0.07603211
v -24.48262278 -8.27577302 -0.07603211
v -24.33433610 -8.30990989 0.15941665
v -24.47930558 -8.22021560 -0.07603211
v -24.49577134 -8.18417650 -0.07603211
v -24.48606850 -8.17974341 -0.07603211
v -24.46960274 -8.21578251 -0.07603211
v -24.37872809 -8.15248212 0.11065056
v -24.50654214 -8.17415187 -0.07603211
v -24.54366869 -8.16031143 -0.07603211
v -24.53994242 -8.15031582 -0.07603211
v -24.50281587 -8.16415626 -0.07603211
v -24.46867900 -8.01586959 0.13503361
v -24.55837329 -8.16083906 -0.07603211
v -24.59441239 -8.17730482 -0.07603211
v -24.59884548 -8.16760198 -0.07603211
v -24.56280638 -8.15113622 -0.07603211
v -24.62610677 -8.06026157 0.15941665
v -24.60443702 -8.18807563 -0.07603211
v -24.61827746 -8.22520217 -0.07603211
v -24.62827307 -8.22147590 -0.07603211
v -24.61443263 -8.18434935 -0.07603211
v -24.76271930 -8.15021248 0.11065056
v -24.61774983 -8.23990677 -0.07603211
v -24.60128407 -8.27594587 -0.07603211
v -24.61098691 -8.28037896 -0.07603211
v -24.62745267 -8.24433986 -0.07603211
v -24.71832732 -8.30764025 0.13503361
v -24.56830202 -8.22459215 -0.07603211
v -24.52868050 -8.22486288 -0.07603211
v -24.52875339 -8.23553022 -0.07603211
v -24.56837491 -8.23525949 -0.07603211
v -24.54876198 -8.26434904 0.19065742
v 24.19896170 4.02919779 3.45860714
v 24.23709274 4.06021059 3.45860714
v 24.24544234 4.04994454 3.45860714
v 24.20731130 4.01893174 3.45860714
v 24.34446403 3.88924687 3.69018154
v 24.24576778 4.07626962 3.45860714
v 24.25080114 4.12516169 3.45860714
v 24.26396439 4.12380656 3.45860714
v 24.25893104 4.07491448 3.45860714
v 24.39590093 4.08551880 3.72042799
v 24.24557987 4.14265132 3.45860714
v 24.21456707 4.18078236 3.45860714
v 24.22483312 4.18913197 3.45860714
v 24.25584592 4.15100092 3.45860714
v 24.38553079 4.28815365 3.75067444
v 24.19850804 4.18945740 3.45860714
v 24.14961597 4.19449076 3.45860714
v 24.15097110 4.20765402 3.45860714
v 24.19986318 4.20262066 3.45860714
v 24.18925886 4.33959055 3.69018154
v 24.13212634 4.18926950 3.45860714
v 24.09399529 4.15825669 3.45860714
v 24.08564569 4.16852274 3.45860714
v 24.12377674 4.19953555 3.45860714
v 23.98662401 4.32922042 3.72042799
v 24.08532025 4.14219767 3.45860714
v 24.08028690 4.09330559 3.45860714
v 24.06712364 4.09466072 3.45860714
v 24.07215700 4.14355280 3.45860714
v 23.93518711 4.13294849 3.75067444
v 24.08550816 4.07581596 3.45860714
v 24.11652096 4.03768492 3.45860714
v 24.10625492 4.02933532 3.45860714
v 24.07524211 4.06746636 3.45860714
v 23.94555724 3.93031363 3.69018154
v 24.13257999 4.02900988 3.45860714
v 24.18147207 4.02397652 3.45860714
v 24.18011694 4.01081326 3.45860714
v 24.13122486 4.01584662 3.45860714
v 24.14182917 3.87887673 3.72042799
v 24.14726970 4.09152012 3.45860714
v 24.17245474 4.13372775 3.45860714
v 24.18381834 4.12694716 3.45860714
v 24.15863329 4.08473953 3.45860714
v 24.20206985 4.08743890 3.78942771
v 28.21340213 19.83996852 4.05355353
v 28.24281419 19.87620799 4.05355353
v 28.25257097 19.86828935 4.05355353
v 28.22315891 19.83204989 4.05355353
v 28.37585367 19.73817756 4.27345511
v 28.24775507 19.89282115 4.05355353
v 28.24292737 19.93924378 4.05355353
v 28.25542578 19.94054355 4.05355353
v 28.26025348 19.89412092 4.05355353
v 28.38550187 19.93060842 4.30217695
v 28.23467382 19.95448480 4.05355353
v 28.19843436 19.98389686 4.05355353
v 28.20635299 19.99365364 4.05355353
v 28.24259245 19.96424158 4.05355353
v 28.33646478 20.11693634 4.33089879
v 28.18182119 19.98883774 4.05355353
v 28.13539856 19.98401003 4.05355353
v 28.13409879 19.99650844 4.05355353
v 28.18052142 20.00133615 4.05355353
v 28.14403392 20.12658454 4.27345511
v 28.12015754 19.97575649 4.05355353
v 28.09074549 19.93951702 4.05355353
v 28.08098871 19.94743565 4.05355353
v 28.11040076 19.98367512 4.05355353
v 27.95770601 20.07754745 4.30217695
v 28.08580460 19.92290386 4.05355353
v 28.09063231 19.87648122 4.05355353
v 28.07813390 19.87518146 4.05355353
v 28.07330620 19.92160409 4.05355353
v 27.94805780 19.88511658 4.33089879
v 28.09888586 19.86124021 4.05355353
v 28.13512532 19.83182815 4.05355353
v 28.12720669 19.82207137 4.05355353
v 28.09096722 19.85148343 4.05355353
v 27.99709489 19.69878867 4.27345511
v 28.15173849 19.82688727 4.05355353
v 28.19816112 19.83171497 4.05355353
v 28.19946089 19.81921657 4.05355353
v 28.15303825 19.81438886 4.05355353
v 28.18952576 19.68914047 4.30217695
v 28.15323834 19.88784514 4.05355353
v 28.16844080 19.93197284 4.05355353
v 28.18032134 19.92787987 4.05355353
v 28.16511888 19.88375217 4.05355353
v 28.20496726 19.89470654 4.36769864
v -3.14407547 3.07441218 3.84510212
v -3.13054282 3.12973418 3.84510212
v -3.11564843 3.12609078 3.84510212
v -3.12918109 3.07076878 3.84510212
v -2.91176561 3.04690159 4.11343887
v -3.13376184 3.15063770 3.84510212
v -3.16331137 3.19932529 3.84510212
v -3.15020316 3.20728093 3.84510212
v -3.12065363 3.15859334 3.84510212
v -3.00153752 3.26419834 4.14848694
v -3.18036857 3.21183012 3.84510212
v -3.23569057 3.22536277 3.84510212
v -3.23204716 3.24025716 3.84510212
v -3.17672516 3.22672450 3.84510212
v -3.15285798 3.44413998 4.18353500
v -3.25659409 3.22214375 3.84510212
v -3.30528168 3.19259422 3.84510212
v -3.31323732 3.20570243 3.84510212
v -3.26454973 3.23525195 3.84510212
v -3.37015473 3.35436806 4.11343887
v -3.31778650 3.17553702 3.84510212
v -3.33131916 3.12021502 3.84510212
v -3.34621354 3.12385842 3.84510212
v -3.33268089 3.17918042 3.84510212
v -3.55009637 3.20304761 4.14848694
v -3.32810014 3.09931150 3.84510212
v -3.29855061 3.05062391 3.84510212
v -3.31165881 3.04266827 3.84510212
v -3.34120834 3.09135586 3.84510212
v -3.46032445 2.98575086 4.18353500
v -3.28149340 3.03811908 3.84510212
v -3.22617140 3.02458643 3.84510212
v -3.22981481 3.00969204 3.84510212
v -3.28513681 3.02322470 3.84510212
v -3.30900400 2.80580922 4.11343887
v -3.20526789 3.02780545 3.84510212
v -3.15658030 3.05735498 3.84510212
v -3.14862465 3.04424677 3.84510212
v -3.19731224 3.01469725 3.84510212
v -3.09170725 2.89558114 4.14848694
v -3.23542255 3.09582808 3.84510212
v -3.24168012 3.15243638 3.84510212
v -3.22643943 3.15412112 3.84510212
v -3.22018185 3.09751282 3.84510212
v -3.18194304 3.13038982 4.22844034
v 3.61662992 -8.32799583 0.24908589
v 3.65638035 -8.30071380 0.24908589
v 3.66372551 -8.31141584 0.24908589
v 3.62397508 -8.33869787 0.24908589
v 3.74773187 -8.47641428 0.47623903
v 3.66614117 -8.28570462 0.24908589
v 3.67495766 -8.23830552 0.24908589
v 3.68771897 -8.24067919 0.24908589
v 3.67890248 -8.28807830 0.24908589
v 3.81365827 -8.28862410 0.50590801
v 3.67124652 -8.22079048 0.24908589
v 3.64396449 -8.18104005 0.24908589
v 3.65466653 -8.17369488 0.24908589
v 3.68194856 -8.21344532 0.24908589
v 3.81966497 -8.08968853 0.53557699
v 3.62895531 -8.17127922 0.24908589
v 3.58155621 -8.16246273 0.24908589
v 3.58392988 -8.14970143 0.24908589
v 3.63132899 -8.15851792 0.24908589
v 3.63187479 -8.02376213 0.47623903
v 3.56404117 -8.16617387 0.24908589
v 3.52429074 -8.19345590 0.24908589
v 3.51694558 -8.18275386 0.24908589
v 3.55669601 -8.15547183 0.24908589
v 3.43293922 -8.01775543 0.50590801
v 3.51452991 -8.20846508 0.24908589
v 3.50571342 -8.25586419 0.24908589
v 3.49295212 -8.25349051 0.24908589
v 3.50176861 -8.20609141 0.24908589
v 3.36701282 -8.20554561 0.53557699
v 3.50942456 -8.27337922 0.24908589
v 3.53670659 -8.31312966 0.24908589
v 3.52600455 -8.32047482 0.24908589
v 3.49872252 -8.28072439 0.24908589
v 3.36100612 -8.40448118 0.47623903
v 3.55171577 -8.32289048 0.24908589
v 3.59911488 -8.33170697 0.24908589
v 3.59674121 -8.34446828 0.24908589
v 3.54934210 -8.33565179 0.24908589
v 3.54879630 -8.47040758 0.50590801
v 3.57105800 -8.26294673 0.24908589
v 3.59904353 -8.22368840 0.24908589
v 3.60961309 -8.23122297 0.24908589
v 3.58162755 -8.27048130 0.24908589
v 3.62430910 -8.27130309 0.57359038
v -18.82084208 2.95885033 4.11937702
v -18.86524674 2.95730416 4.11937702
v -18.86566302 2.96925926 4.11937702
v -18.82125835 2.97080543 4.11937702
v -18.84934803 3.13911166 4.32871811
v -18.88026176 2.95046324 4.11937702
v -18.91056729 2.91797110 4.11937702
v -18.91931518 2.92613028 4.11937702
v -18.88900965 2.95862243 4.11937702
v -18.99351582 3.02571657 4.35606062
v -18.91634726 2.90251662 4.11937702
v -18.91480108 2.85811195 4.11937702
v -18.92675619 2.85769568 4.11937702
v -18.92830236 2.90210034 4.11937702
v -19.09660858 2.87401066 4.38340313
v -18.90796017 2.84309694 4.11937702
v -18.87546802 2.81279141 4.11937702
v -18.88362721 2.80404352 4.11937702
v -18.91611935 2.83434905 4.11937702
v -18.98321349 2.72984287 4.32871811
v -18.86001355 2.80701144 4.11937702
v -18.81560888 2.80855761 4.11937702
v -18.81519260 2.79660251 4.11937702
v -18.85959727 2.79505634 4.11937702
v -18.83150759 2.62675012 4.35606062
v -18.80059386 2.81539853 4.11937702
v -18.77028833 2.84789068 4.11937702
v -18.76154044 2.83973149 4.11937702
v -18.79184597 2.80723934 4.11937702
v -18.68733980 2.74014521 4.38340313
v -18.76450837 2.86334515 4.11937702
v -18.76605454 2.90774982 4.11937702
v -18.75409943 2.90816610 4.11937702
v -18.75255326 2.86376143 4.11937702
v -18.58424704 2.89185111 4.32871811
v -18.77289545 2.92276483 4.11937702
v -18.80538760 2.95307037 4.11937702
v -18.79722841 2.96181826 4.11937702
v -18.76473627 2.93151273 4.11937702
v -18.69764213 3.03601890 4.35606062
v -18.81759142 2.88572645 4.11937702
v -18.85877378 2.86904776 4.11937702
v -18.86326420 2.88013532 4.11937702
v -18.82208184 2.89681401 4.11937702
v -18.85486130 2.91856946 4.41843572
v 21.66391463 19.69746164 3.85844185
v 21.63101447 19.74433984 3.85844185
v 21.64363552 19.75319758 3.85844185
v 21.67653568 19.70631938 3.85844185
v 21.83858337 19.85503218 4.12827716
v 21.61306483 19.75574772 3.85844185
v 21.55665301 19.76563168 3.85844185
v 21.55931408 19.78081949 3.85844185
v 21.61572590 19.77093553 3.85844185
v 21.61470089 19.93101001 4.16352095
v 21.53589411 19.76100597 3.85844185
v 21.48901591 19.72810580 3.85844185
v 21.48015817 19.74072686 3.85844185
v 21.52703637 19.77362702 3.85844185
v 21.37832357 19.93567471 4.19876475
v 21.47760803 19.71015616 3.85844185
v 21.46772406 19.65374434 3.85844185
v 21.45253626 19.65640541 3.85844185
v 21.46242022 19.71281723 3.85844185
v 21.30234574 19.71179223 4.12827716
v 21.47234978 19.63298544 3.85844185
v 21.50524995 19.58610724 3.85844185
v 21.49262889 19.57724951 3.85844185
v 21.45972873 19.62412771 3.85844185
v 21.29768104 19.47541491 4.16352095
v 21.52319959 19.57469937 3.85844185
v 21.57961141 19.56481540 3.85844185
v 21.57695034 19.54962759 3.85844185
v 21.52053852 19.55951156 3.85844185
v 21.52156352 19.39943707 4.19876475
v 21.60037031 19.56944112 3.85844185
v 21.64724851 19.60234128 3.85844185
v 21.65610624 19.58972023 3.85844185
v 21.60922804 19.55682006 3.85844185
v 21.75794084 19.39477238 4.12827716
v 21.65865638 19.62029092 3.85844185
v 21.66854035 19.67670274 3.85844185
v 21.68372816 19.67404167 3.85844185
v 21.67384419 19.61762985 3.85844185
v 21.83391868 19.61865486 4.16352095
v 21.58721289 19.64252196 3.85844185
v 21.54023294 19.67527668 3.85844185
v 21.54905152 19.68792513 3.85844185
v 21.59603147 19.65517041 3.85844185
v 21.59647763 19.70587926 4.24392086
v -29.46423922 20.39944113 3.81962217
v -29.42345245 20.45034133 3.81962217
v -29.40974855 20.43936027 3.81962217
v -29.45053532 20.38846007 3.81962217
v -29.23632963 20.25860671 4.12693553
v -29.41669250 20.47360091 3.81962217
v -29.42384378 20.53843339 3.81962217
v -29.40638887 20.54035873 3.81962217
v -29.39923760 20.47552626 3.81962217
v -29.22452393 20.52760851 4.16707441
v -29.43551078 20.55966041 3.81962217
v -29.48641098 20.60044717 3.81962217
v -29.47542993 20.61415107 3.81962217
v -29.42452972 20.57336431 3.81962217
v -29.29467636 20.78757000 4.20721330
v -29.50967056 20.60720712 3.81962217
v -29.57450304 20.60005585 3.81962217
v -29.57642838 20.61751075 3.81962217
v -29.51159591 20.62466203 3.81962217
v -29.56367816 20.79937570 4.12693553
v -29.59573006 20.58838885 3.81962217
v -29.63651683 20.53748865 3.81962217
v -29.65022073 20.54846970 3.81962217
v -29.60943396 20.59936990 3.81962217
v -29.82363965 20.72922326 4.16707441
v -29.64327678 20.51422906 3.81962217
v -29.63612550 20.44939659 3.81962217
v -29.65358040 20.44747124 3.81962217
v -29.66073168 20.51230372 3.81962217
v -29.83544535 20.46022147 4.20721330
v -29.62445850 20.42816957 3.81962217
v -29.57355830 20.38738280 3.81962217
v -29.58453935 20.37367890 3.81962217
v -29.63543955 20.41446567 3.81962217
v -29.76529291 20.20025998 4.12693553
v -29.55029871 20.38062285 3.81962217
v -29.48546624 20.38777413 3.81962217
v -29.48354089 20.37031922 3.81962217
v -29.54837337 20.36316794 3.81962217
v -29.49629112 20.18845428 4.16707441
v -29.54873408 20.46582314 3.81962217
v -29.52787365 20.52762310 3.81962217
v -29.51123520 20.52200683 3.81962217
v -29.53209562 20.46020688 3.81962217
v -29.47650391 20.47586271 4.25864125
v 5.11092635 -22.78294890 0.07724986
v 5.12474618 -22.83889639 0.07724986
v 5.10968339 -22.84261712 0.07724986
v 5.09586357 -22.78666962 0.07724986
v 4.88974265 -22.86726501 0.34877143
v 5.13743842 -22.85612739 0.07724986
v 5.18677136 -22.88591615 0.07724986
v 5.17875130 -22.89919810 0.07724986
v 5.12941837 -22.86940934 0.07724986
v 5.07216575 -23.01996931 0.38423547
v 5.20793028 -22.88912554 0.07724986
v 5.26387777 -22.87530571 0.07724986
v 5.26759850 -22.89036850 0.07724986
v 5.21165101 -22.90418832 0.07724986
v 5.29224639 -23.11030924 0.41969951
v 5.28110877 -22.86261347 0.07724986
v 5.31089753 -22.81328053 0.07724986
v 5.32417948 -22.82130058 0.07724986
v 5.29439072 -22.87063352 0.07724986
v 5.44495069 -22.92788614 0.34877143
v 5.31410692 -22.79212160 0.07724986
v 5.30028709 -22.73617411 0.07724986
v 5.31534988 -22.73245339 0.07724986
v 5.32916970 -22.78840088 0.07724986
v 5.53529062 -22.70780550 0.38423547
v 5.28759485 -22.71894312 0.07724986
v 5.23826191 -22.68915436 0.07724986
v 5.24628196 -22.67587241 0.07724986
v 5.29561490 -22.70566116 0.07724986
v 5.35286752 -22.55510120 0.41969951
v 5.21710298 -22.68594497 0.07724986
v 5.16115549 -22.69976480 0.07724986
v 5.15743477 -22.68470201 0.07724986
v 5.21338226 -22.67088218 0.07724986
v 5.13278688 -22.46476126 0.34877143
v 5.14392450 -22.71245704 0.07724986
v 5.11413574 -22.76178998 0.07724986
v 5.10085379 -22.75376992 0.07724986
v 5.13064254 -22.70443698 0.07724986
v 4.98008258 -22.64718437 0.38423547
v 5.20287039 -22.75929680 0.07724986
v 5.23503662 -22.80711357 0.07724986
v 5.22216288 -22.81577371 0.07724986
v 5.18999664 -22.76795694 0.07724986
v 5.17113675 -22.81537142 0.46513781
v 4.17193472 -21.67429837 0.22102414
v 4.10900096 -21.67171082 0.22102414
v 4.10969761 -21.65476712 0.22102414
v 4.17263137 -21.65735467 0.22102414
v 4.15101708 -21.41642849 0.51778951
v 4.08704136 -21.67976671 0.22102414
v 4.04071080 -21.72243793 0.22102414
v 4.02922239 -21.70996431 0.22102414
v 4.07555295 -21.66729310 0.22102414
v 3.93504183 -21.56121966 0.55655070
v 4.03087940 -21.74366208 0.22102414
v 4.02829185 -21.80659584 0.22102414
v 4.01134814 -21.80589919 0.22102414
v 4.01393569 -21.74296543 0.22102414
v 3.77300951 -21.76457973 0.59531189
v 4.03634774 -21.82855544 0.22102414
v 4.07901895 -21.87488600 0.22102414
v 4.06654533 -21.88637441 0.22102414
v 4.02387412 -21.84004385 0.22102414
v 3.91780068 -21.98055497 0.51778951
v 4.10024310 -21.88471741 0.22102414
v 4.16317687 -21.88730495 0.22102414
v 4.16248022 -21.90424866 0.22102414
v 4.09954646 -21.90166111 0.22102414
v 4.12116075 -22.14258729 0.55655070
v 4.18513646 -21.87924906 0.22102414
v 4.23146702 -21.83657785 0.22102414
v 4.24295543 -21.84905147 0.22102414
v 4.19662487 -21.89172268 0.22102414
v 4.33713599 -21.99779612 0.59531189
v 4.24129843 -21.81535370 0.22102414
v 4.24388598 -21.75241993 0.22102414
v 4.26082968 -21.75311658 0.22102414
v 4.25824214 -21.81605035 0.22102414
v 4.49916831 -21.79443605 0.51778951
v 4.23583009 -21.73046034 0.22102414
v 4.19315887 -21.68412978 0.22102414
v 4.20563249 -21.67264137 0.22102414
v 4.24830371 -21.71897193 0.22102414
v 4.35437714 -21.57846081 0.55655070
v 4.16866945 -21.77801097 0.22102414
v 4.10866392 -21.79716014 0.22102414
v 4.10350837 -21.78100481 0.22102414
v 4.16351391 -21.76185564 0.22102414
v 4.11951751 -21.72758003 0.64497466
v -32.61421314 13.07598403 4.06290203
v -32.55842839 13.10697961 4.06290203
v -32.55008343 13.09196064 4.06290203
v -32.60586817 13.06096506 4.06290203
v -32.45995418 12.86405170 4.36358028
v -32.54369411 13.12554153 4.06290203
v -32.52616552 13.18690448 4.06290203
v -32.50964472 13.18218525 4.06290203
v -32.52717331 13.12082230 4.06290203
v -32.34966090 13.10330015 4.40285254
v -32.52887207 13.21044846 4.06290203
v -32.55986765 13.26623320 4.06290203
v -32.54484868 13.27457817 4.06290203
v -32.51385310 13.21879342 4.06290203
v -32.31693974 13.36470741 4.44212480
v -32.57842958 13.28096748 4.06290203
v -32.63979253 13.29849607 4.06290203
v -32.63507329 13.31501687 4.06290203
v -32.57371034 13.29748828 4.06290203
v -32.55618819 13.47500070 4.36358028
v -32.66333650 13.29578952 4.06290203
v -32.71912124 13.26479394 4.06290203
v -32.72746621 13.27981291 4.06290203
v -32.67168146 13.31080849 4.06290203
v -32.81759546 13.50772185 4.40285254
v -32.73385552 13.24623202 4.06290203
v -32.75138411 13.18486906 4.06290203
v -32.76790491 13.18958830 4.06290203
v -32.75037633 13.25095125 4.06290203
v -32.92788874 13.26847340 4.44212480
v -32.74867756 13.16132509 4.06290203
v -32.71768198 13.10554035 4.06290203
v -32.73270095 13.09719538 4.06290203
v -32.76369653 13.15298013 4.06290203
v -32.96060989 13.00706614 4.36358028
v -32.69912006 13.09080607 4.06290203
v -32.63775711 13.07327748 4.06290203
v -32.64247635 13.05675668 4.06290203
v -32.70383930 13.07428527 4.06290203
v -32.72136144 12.89677285 4.40285254
v -32.66615650 13.16738781 4.06290203
v -32.62438214 13.21563268 4.06290203
v -32.61139313 13.20438574 4.06290203
v -32.65316750 13.15614087 4.06290203
v -32.59702445 13.14973589 4.49244239
v -8.38960499 2.92143729 4.18684922
v -8.34853241 2.92671560 4.18684922
v -8.34711132 2.91565760 4.18684922
v -8.38818390 2.91037929 4.18684922
v -8.34754943 2.75662669 4.38195570
v -8.33519097 2.93436344 4.18684922
v -8.30988060 2.96713847 4.18684922
v -8.30105655 2.96032413 4.18684922
v -8.32636692 2.92754910 4.18684922
v -8.22358041 2.87433310 4.40743900
v -8.30585462 2.98198012 4.18684922
v -8.31113293 3.02305270 4.18684922
v -8.30007493 3.02447379 4.18684922
v -8.29479662 2.98340121 4.18684922
v -8.14104402 3.02403568 4.43292229
v -8.31878077 3.03639414 4.18684922
v -8.35155580 3.06170451 4.18684922
v -8.34474146 3.07052856 4.18684922
v -8.31196644 3.04521819 4.18684922
v -8.25875043 3.14800470 4.38195570
v -8.36639745 3.06573049 4.18684922
v -8.40747004 3.06045218 4.18684922
v -8.40889112 3.07151018 4.18684922
v -8.36781854 3.07678849 4.18684922
v -8.40845301 3.23054109 4.40743900
v -8.42081147 3.05280434 4.18684922
v -8.44612184 3.02002931 4.18684922
v -8.45494589 3.02684365 4.18684922
v -8.42963552 3.05961867 4.18684922
v -8.53242203 3.11283468 4.43292229
v -8.45014782 3.00518766 4.18684922
v -8.44486951 2.96411507 4.18684922
v -8.45592752 2.96269399 4.18684922
v -8.46120583 3.00376657 4.18684922
v -8.61495842 2.96313210 4.38195570
v -8.43722167 2.95077364 4.18684922
v -8.40444664 2.92546327 4.18684922
v -8.41126098 2.91663922 4.18684922
v -8.44403601 2.94194959 4.18684922
v -8.49725201 2.83916308 4.40743900
v -8.39895084 2.98901304 4.18684922
v -8.36217829 3.00805504 4.18684922
v -8.35705160 2.99815474 4.18684922
v -8.39382415 2.97911274 4.18684922
v -8.36152257 2.96176150 4.46557276
v 2.31136502 21.46408121 4.11779553
v 2.29705218 21.40262999 4.11779553
v 2.28050762 21.40648345 4.11779553
v 2.29482047 21.46793466 4.11779553
v 2.05367672 21.49170797 4.41507493
v 2.30087456 21.37951273 4.11779553
v 2.33420642 21.32593946 4.11779553
v 2.31978284 21.31696549 4.11779553
v 2.28645098 21.37053877 4.11779553
v 2.15579039 21.25208951 4.45390325
v 2.35325562 21.31229592 4.11779553
v 2.41470684 21.29798307 4.11779553
v 2.41085338 21.28143851 4.11779553
v 2.34940216 21.29575136 4.11779553
v 2.32562886 21.05460761 4.49273158
v 2.43782409 21.30180546 4.11779553
v 2.49139737 21.33513732 4.11779553
v 2.50037134 21.32071373 4.11779553
v 2.44679806 21.28738187 4.11779553
v 2.56524732 21.15672129 4.41507493
v 2.50504091 21.35418651 4.11779553
v 2.51935376 21.41563773 4.11779553
v 2.53589831 21.41178427 4.11779553
v 2.52158547 21.35033306 4.11779553
v 2.76272922 21.32655975 4.45390325
v 2.51553137 21.43875499 4.11779553
v 2.48219951 21.49232826 4.11779553
v 2.49662310 21.50130223 4.11779553
v 2.52995495 21.44772895 4.11779553
v 2.66061554 21.56617821 4.49273158
v 2.46315031 21.50597180 4.11779553
v 2.40169910 21.52028465 4.11779553
v 2.40555256 21.53682921 4.11779553
v 2.46700377 21.52251636 4.11779553
v 2.49077707 21.76366011 4.41507493
v 2.37858184 21.51646226 4.11779553
v 2.32500856 21.48313040 4.11779553
v 2.31603460 21.49755399 4.11779553
v 2.36960787 21.53088585 4.11779553
v 2.25115862 21.66154644 4.45390325
v 2.41282120 21.44147721 4.11779553
v 2.42044758 21.37884377 4.11779553
v 2.40358473 21.37679051 4.11779553
v 2.39595835 21.43942395 4.11779553
v 2.35400096 21.40253410 4.54248038
v -20.65979119 4.41026622 4.25567599
v -20.69311222 4.37560052 4.25567599
v -20.70244529 4.38457156 4.25567599
v -20.66912426 4.41923726 4.25567599
v -20.81778108 4.52878063 4.48222218
v -20.69961787 4.35897178 4.25567599
v -20.69866705 4.31089791 4.25567599
v -20.71161002 4.31064192 4.25567599
v -20.71256085 4.35871579 4.25567599
v -20.84428858 4.33206409 4.51181189
v -20.69150895 4.29453943 4.25567599
v -20.65684326 4.26121840 4.25567599
v -20.66581430 4.25188533 4.25567599
v -20.70048000 4.28520635 4.25567599
v -20.81002337 4.13654953 4.54140160
v -20.64021452 4.25471274 4.25567599
v -20.59214065 4.25566357 4.25567599
v -20.59188466 4.24272060 4.25567599
v -20.63995853 4.24176977 4.25567599
v -20.61330683 4.11004204 4.48222218
v -20.57578217 4.26282166 4.25567599
v -20.54246114 4.29748736 4.25567599
v -20.53312807 4.28851631 4.25567599
v -20.56644909 4.25385062 4.25567599
v -20.41779227 4.14430725 4.51181189
v -20.53595548 4.31411609 4.25567599
v -20.53690631 4.36218996 4.25567599
v -20.52396334 4.36244595 4.25567599
v -20.52301251 4.31437208 4.25567599
v -20.39128478 4.34102379 4.54140160
v -20.54406440 4.37854845 4.25567599
v -20.57873010 4.41186948 4.25567599
v -20.56975905 4.42120255 4.25567599
v -20.53509335 4.38788152 4.25567599
v -20.42554999 4.53653834 4.48222218
v -20.59535883 4.41837513 4.25567599
v -20.64343270 4.41742431 4.25567599
v -20.64368869 4.43036728 4.25567599
v -20.59561482 4.43131811 4.25567599
v -20.62226653 4.56304584 4.51181189
v -20.60215794 4.35592536 4.25567599
v -20.62157202 4.31193565 4.25567599
v -20.63341541 4.31716251 4.25567599
v -20.61400133 4.36115223 4.25567599
v -20.65585470 4.35334458 4.57931341
v -26.23927996 14.26701608 3.86230423
v -26.23310497 14.32067097 3.86230423
v -26.21865943 14.31900848 3.86230423
v -26.22483441 14.26535359 3.86230423
v -26.01744561 14.26866859 4.11676995
v -26.23861141 14.33995691 3.86230423
v -26.27218477 14.38226301 3.86230423
v -26.26079466 14.39130200 3.86230423
v -26.22722130 14.34899589 3.86230423
v -26.12766618 14.46247569 4.15000629
v -26.28971563 14.39200659 3.86230423
v -26.34337052 14.39818158 3.86230423
v -26.34170802 14.41262713 3.86230423
v -26.28805313 14.40645214 3.86230423
v -26.29136813 14.61384094 4.18324263
v -26.36265645 14.39267514 3.86230423
v -26.40496256 14.35910178 3.86230423
v -26.41400155 14.37049189 3.86230423
v -26.37169544 14.40406525 3.86230423
v -26.48517524 14.50362037 4.11676995
v -26.41470614 14.34157092 3.86230423
v -26.42088112 14.28791603 3.86230423
v -26.43532667 14.28957853 3.86230423
v -26.42915169 14.34323342 3.86230423
v -26.63654049 14.33991842 4.15000629
v -26.41537468 14.26863010 3.86230423
v -26.38180132 14.22632399 3.86230423
v -26.39319144 14.21728500 3.86230423
v -26.42676480 14.25959111 3.86230423
v -26.52631991 14.14611132 4.18324263
v -26.36427047 14.21658041 3.86230423
v -26.31061558 14.21040543 3.86230423
v -26.31227807 14.19595988 3.86230423
v -26.36593296 14.20213487 3.86230423
v -26.36261796 13.99474606 4.11676995
v -26.29132964 14.21591187 3.86230423
v -26.24902354 14.24948523 3.86230423
v -26.23998455 14.23809512 3.86230423
v -26.28229066 14.20452176 3.86230423
v -26.16881086 14.10496664 4.15000629
v -26.32776420 14.27633801 3.86230423
v -26.34036172 14.32885735 3.86230423
v -26.32622190 14.33224899 3.86230423
v -26.31362438 14.27972966 3.86230423
v -26.28154363 14.31519521 4.22582669
v 31.88292504 4.87352426 3.33691749
v 31.90469647 4.91623942 3.33691749
v 31.91619671 4.91037788 3.33691749
v 31.89442528 4.86766272 3.33691749
v 32.06795719 4.80612139 3.56280519
v 31.90609566 4.93398850 3.33691749
v 31.89128621 4.97958741 3.33691749
v 31.90356285 4.98357457 3.33691749
v 31.91837230 4.93797567 3.33691749
v 32.03636457 5.00150111 3.59230889
v 31.87972510 4.99312729 3.33691749
v 31.83700994 5.01489872 3.33691749
v 31.84287148 5.02639895 3.33691749
v 31.88558664 5.00462752 3.33691749
v 31.94712797 5.17815943 3.62181259
v 31.81926086 5.01629791 3.33691749
v 31.77366195 5.00148846 3.33691749
v 31.76967479 5.01376509 3.33691749
v 31.81527369 5.02857455 3.33691749
v 31.75174825 5.14656681 3.56280519
v 31.76012207 4.98992735 3.33691749
v 31.73835064 4.94721218 3.33691749
v 31.72685041 4.95307372 3.33691749
v 31.74862184 4.99578889 3.33691749
v 31.57508993 5.05733022 3.59230889
v 31.73695145 4.92946310 3.33691749
v 31.75176090 4.88386420 3.33691749
v 31.73948427 4.87987704 3.33691749
v 31.72467481 4.92547594 3.33691749
v 31.60668255 4.86195049 3.62181259
v 31.76332201 4.87032432 3.33691749
v 31.80603718 4.84855289 3.33691749
v 31.80017564 4.83705265 3.33691749
v 31.75746047 4.85882408 3.33691749
v 31.69591914 4.68529217 3.56280519
v 31.82378626 4.84715370 3.33691749
v 31.86938516 4.86196315 3.33691749
v 31.87337232 4.84968651 3.33691749
v 31.82777342 4.83487706 3.33691749
v 31.89129887 4.71688479 3.59230889
v 31.81221482 4.90871177 3.33691749
v 31.81801938 4.95630260 3.33691749
v 31.83083230 4.95473984 3.33691749
v 31.82502774 4.90714900 3.33691749
v 31.86270793 4.92670263 3.65961420
v -5.43645293 -17.44329022 -0.04146756
v -5.49653387 -17.46064328 -0.04146756
v -5.50120584 -17.44446764 -0.04146756
v -5.44112491 -17.42711458 -0.04146756
v -5.53724049 -17.20702141 0.25317682
v -5.51468088 -17.47513515 -0.04146756
v -5.54489405 -17.52988924 -0.04146756
v -5.55963555 -17.52175493 -0.04146756
v -5.52942238 -17.46700083 -0.04146756
v -5.69510273 -17.41129167 0.29166098
v -5.54747864 -17.55296842 -0.04146756
v -5.53012558 -17.61304935 -0.04146756
v -5.54630122 -17.61772133 -0.04146756
v -5.56365427 -17.55764040 -0.04146756
v -5.78374745 -17.65375597 0.33014515
v -5.51563371 -17.63119637 -0.04146756
v -5.46087961 -17.66140954 -0.04146756
v -5.46901393 -17.67615104 -0.04146756
v -5.52376803 -17.64593787 -0.04146756
v -5.57947719 -17.81161822 0.25317682
v -5.43780044 -17.66399413 -0.04146756
v -5.37771950 -17.64664107 -0.04146756
v -5.37304753 -17.66281670 -0.04146756
v -5.43312846 -17.68016976 -0.04146756
v -5.33701288 -17.90026294 0.29166098
v -5.35957249 -17.63214920 -0.04146756
v -5.32935932 -17.57739510 -0.04146756
v -5.31461782 -17.58552942 -0.04146756
v -5.34483099 -17.64028352 -0.04146756
v -5.17915064 -17.69599268 0.33014515
v -5.32677473 -17.55431593 -0.04146756
v -5.34412779 -17.49423499 -0.04146756
v -5.32795215 -17.48956302 -0.04146756
v -5.31059910 -17.54964395 -0.04146756
v -5.09050592 -17.45352837 0.25317682
v -5.35861966 -17.47608797 -0.04146756
v -5.41337376 -17.44587481 -0.04146756
v -5.40523944 -17.43113331 -0.04146756
v -5.35048534 -17.46134648 -0.04146756
v -5.29477618 -17.29566613 0.29166098
v -5.40691499 -17.54198734 -0.04146756
v -5.45740306 -17.57888995 -0.04146756
v -5.46733838 -17.56529701 -0.04146756
v -5.41685031 -17.52839440 -0.04146756
v -5.46906163 -17.50995058 0.37945298
v -14.26086692 -8.96763858 -0.10451933
v -14.28724408 -8.99379598 -0.10451933
v -14.29428646 -8.98669444 -0.10451933
v -14.26790930 -8.96053703 -0.10451933
v -14.38069724 -8.87317962 0.07050431
v -14.29257651 -9.00651881 -0.10451933
v -14.29273190 -9.04366636 -0.10451933
v -14.30273316 -9.04362453 -0.10451933
v -14.30257778 -9.00647698 -0.10451933
v -14.40481123 -9.02462343 0.09336454
v -14.28750609 -9.05643336 -0.10451933
v -14.26134869 -9.08281052 -0.10451933
v -14.26845023 -9.08985290 -0.10451933
v -14.29460764 -9.06347573 -0.10451933
v -14.38196505 -9.17626368 0.11622477
v -14.24862586 -9.08814294 -0.10451933
v -14.21147831 -9.08829833 -0.10451933
v -14.21152015 -9.09829960 -0.10451933
v -14.24866769 -9.09814421 -0.10451933
v -14.23052124 -9.20037766 0.07050431
v -14.19871132 -9.08307253 -0.10451933
v -14.17233415 -9.05691512 -0.10451933
v -14.16529178 -9.06401666 -0.10451933
v -14.19166894 -9.09017407 -0.10451933
v -14.07888099 -9.17753148 0.09336454
v -14.16700173 -9.04419229 -0.10451933
v -14.16684634 -9.00704475 -0.10451933
v -14.15684507 -9.00708658 -0.10451933
v -14.15700046 -9.04423413 -0.10451933
v -14.05476701 -9.02608767 0.11622477
v -14.17207214 -8.99427775 -0.10451933
v -14.19822955 -8.96790059 -0.10451933
v -14.19112801 -8.96085821 -0.10451933
v -14.16497060 -8.98723537 -0.10451933
v -14.07761319 -8.87444743 0.07050431
v -14.21095238 -8.96256816 -0.10451933
v -14.24809993 -8.96241278 -0.10451933
v -14.24805809 -8.95241151 -0.10451933
v -14.21091054 -8.95256690 -0.10451933
v -14.22905700 -8.85033344 0.09336454
v -14.21735952 -9.01067553 -0.10451933
v -14.23316819 -9.04429176 -0.10451933
v -14.24221872 -9.04003558 -0.10451933
v -14.22641004 -9.00641935 -0.10451933
v -14.25888008 -9.01167498 0.14551444
v 12.60934853 -15.42480573 0.16926455
v 12.56739639 -15.40116602 0.16926455
v 12.57376093 -15.38987121 0.16926455
v 12.61571306 -15.41351093 0.16926455
v 12.68474975 -15.24195026 0.39614445
v 12.54964359 -15.39901740 0.16926455
v 12.50326316 -15.41196624 0.16926455
v 12.49977693 -15.39947919 0.16926455
v 12.54615737 -15.38653036 0.16926455
v 12.48735785 -15.26545858 0.42577775
v 12.48919073 -15.42300006 0.16926455
v 12.46555102 -15.46495219 0.16926455
v 12.45425621 -15.45858765 0.16926455
v 12.47789593 -15.41663552 0.16926455
v 12.30633526 -15.34759884 0.45541104
v 12.46340240 -15.48270499 0.16926455
v 12.47635124 -15.52908543 0.16926455
v 12.46386419 -15.53257165 0.16926455
v 12.45091536 -15.48619122 0.16926455
v 12.32984357 -15.54499073 0.39614445
v 12.48738506 -15.54315785 0.16926455
v 12.52933719 -15.56679757 0.16926455
v 12.52297265 -15.57809237 0.16926455
v 12.48102052 -15.55445266 0.16926455
v 12.41198384 -15.72601333 0.42577775
v 12.54708999 -15.56894618 0.16926455
v 12.59347043 -15.55599735 0.16926455
v 12.59695665 -15.56848439 0.16926455
v 12.55057622 -15.58143323 0.16926455
v 12.60937573 -15.70250501 0.45541104
v 12.60754285 -15.54496353 0.16926455
v 12.63118257 -15.50301139 0.16926455
v 12.64247737 -15.50937593 0.16926455
v 12.61883766 -15.55132806 0.16926455
v 12.79039833 -15.62036475 0.39614445
v 12.63333118 -15.48525860 0.16926455
v 12.62038234 -15.43887816 0.16926455
v 12.63286939 -15.43539193 0.16926455
v 12.64581823 -15.48177237 0.16926455
v 12.76689001 -15.42297285 0.42577775
v 12.57107129 -15.49428861 0.16926455
v 12.52355659 -15.48646740 0.16926455
v 12.52566230 -15.47367498 0.16926455
v 12.57317700 -15.48149619 0.16926455
v 12.55513514 -15.44286331 0.49337870
v 7.91550926 -21.20245677 -0.14201517
v 7.92805913 -21.15127882 -0.14201517
v 7.94183781 -21.15465763 -0.14201517
v 7.92928794 -21.20583558 -0.14201517
v 8.13043275 -21.22803266 0.10625571
v 7.92509185 -21.13193675 -0.14201517
v 7.89777767 -21.08687438 -0.14201517
v 7.90990986 -21.07952056 -0.14201517
v 7.93722403 -21.12458293 -0.14201517
v 8.04748847 -21.02693777 0.13868293
v 7.88200258 -21.07529565 -0.14201517
v 7.83082463 -21.06274577 -0.14201517
v 7.83420344 -21.04896710 -0.14201517
v 7.88538139 -21.06151697 -0.14201517
v 7.90757847 -20.86037215 0.17111014
v 7.81148256 -21.06571306 -0.14201517
v 7.76642019 -21.09302723 -0.14201517
v 7.75906637 -21.08089505 -0.14201517
v 7.80412874 -21.05358088 -0.14201517
v 7.70648358 -20.94331644 0.10625571
v 7.75484146 -21.10880233 -0.14201517
v 7.74229159 -21.15998027 -0.14201517
v 7.72851291 -21.15660146 -0.14201517
v 7.74106278 -21.10542351 -0.14201517
v 7.53991797 -21.08322643 0.13868293
v 7.74525887 -21.17932235 -0.14201517
v 7.77257304 -21.22438472 -0.14201517
v 7.76044086 -21.23173854 -0.14201517
v 7.73312669 -21.18667616 -0.14201517
v 7.62286225 -21.28432132 0.17111014
v 7.78834814 -21.23596344 -0.14201517
v 7.83952609 -21.24851332 -0.14201517
v 7.83614727 -21.26229200 -0.14201517
v 7.78496933 -21.24974212 -0.14201517
v 7.76277225 -21.45088694 0.10625571
v 7.85886816 -21.24554603 -0.14201517
v 7.90393053 -21.21823186 -0.14201517
v 7.91128435 -21.23036404 -0.14201517
v 7.86622198 -21.25767822 -0.14201517
v 7.96386714 -21.36794265 0.13868293
v 7.83100430 -21.18259415 -0.14201517
v 7.82524451 -21.13021565 -0.14201517
v 7.83934642 -21.12866494 -0.14201517
v 7.84510621 -21.18104344 -0.14201517
v 7.88050290 -21.15064511 0.21265752
v -18.90636194 -16.64231003 0.04890179
v -18.86270323 -16.66008172 0.04890179
v -18.86748792 -16.67183599 0.04890179
v -18.91114663 -16.65406429 0.04890179
v -18.95698642 -16.82918906 0.27099053
v -18.84519884 -16.65997456 0.04890179
v -18.80176099 -16.64166968 0.04890179
v -18.79683275 -16.65336449 0.04890179
v -18.84027060 -16.67166937 0.04890179
v -18.76821326 -16.78197102 0.29999804
v -18.78945929 -16.62921644 0.04890179
v -18.77168760 -16.58555773 0.04890179
v -18.75993333 -16.59034242 0.04890179
v -18.77770503 -16.63400112 0.04890179
v -18.60258026 -16.67984091 0.32900555
v -18.77179476 -16.56805334 0.04890179
v -18.79009964 -16.52461549 0.04890179
v -18.77840483 -16.51968725 0.04890179
v -18.76009995 -16.56312510 0.04890179
v -18.64979830 -16.49106775 0.27099053
v -18.80255288 -16.51231379 0.04890179
v -18.84621159 -16.49454210 0.04890179
v -18.84142690 -16.48278783 0.04890179
v -18.79776820 -16.50055952 0.04890179
v -18.75192841 -16.32543475 0.29999804
v -18.86371598 -16.49464926 0.04890179
v -18.90715383 -16.51295414 0.04890179
v -18.91208207 -16.50125932 0.04890179
v -18.86864422 -16.48295444 0.04890179
v -18.94070157 -16.37265279 0.32900555
v -18.91945553 -16.52540738 0.04890179
v -18.93722722 -16.56906609 0.04890179
v -18.94898149 -16.56428140 0.04890179
v -18.93120980 -16.52062269 0.04890179
v -19.10633457 -16.47478290 0.27099053
v -18.93712006 -16.58657047 0.04890179
v -18.91881518 -16.63000832 0.04890179
v -18.93050999 -16.63493656 0.04890179
v -18.94881488 -16.59149871 0.04890179
v -19.05911652 -16.66355606 0.29999804
v -18.87777820 -16.57010887 0.04890179
v -18.83067253 -16.57183265 0.04890179
v -18.83113662 -16.58451495 0.04890179
v -18.87824230 -16.58279117 0.04890179
v -18.85594914 -16.61807643 0.36617142
v -26.54158090 20.49258453 4.26112943
v -26.50693227 20.54356436 4.26112943
v -26.49320693 20.53423588 4.26112943
v -26.52785557 20.48325605 4.26112943
v -26.31641574 20.37681461 4.55154796
v -26.50228956 20.56597896 4.26112943
v -26.51383745 20.62652743 4.26112943
v -26.49753593 20.62963648 4.26112943
v -26.48598804 20.56908802 4.26112943
v -26.32525370 20.63111896 4.58948017
v -26.52640407 20.64565984 4.26112943
v -26.57738390 20.68030848 4.26112943
v -26.56805542 20.69403382 4.26112943
v -26.51707559 20.65938518 4.26112943
v -26.41063416 20.87082501 4.62741239
v -26.59979851 20.68495119 4.26112943
v -26.66034697 20.67340330 4.26112943
v -26.66345602 20.68970482 4.26112943
v -26.60290756 20.70125271 4.26112943
v -26.66493851 20.86198705 4.55154796
v -26.67947939 20.66083668 4.26112943
v -26.71412803 20.60985685 4.26112943
v -26.72785336 20.61918532 4.26112943
v -26.69320473 20.67016516 4.26112943
v -26.90464456 20.77660659 4.58948017
v -26.71877073 20.58744224 4.26112943
v -26.70722284 20.52689378 4.26112943
v -26.72352436 20.52378472 4.26112943
v -26.73507225 20.58433319 4.26112943
v -26.89580659 20.52230224 4.62741239
v -26.69465622 20.50776136 4.26112943
v -26.64367639 20.47311272 4.26112943
v -26.65300487 20.45938739 4.26112943
v -26.70398470 20.49403602 4.26112943
v -26.81042614 20.28259619 4.55154796
v -26.62126178 20.46847001 4.26112943
v -26.56071332 20.48001791 4.26112943
v -26.55760427 20.46371639 4.26112943
v -26.61815273 20.45216849 4.26112943
v -26.55612178 20.29143415 4.58948017
v -26.62610967 20.54885386 4.26112943
v -26.61104255 20.60862387 4.26112943
v -26.59495062 20.60456734 4.26112943
v -26.61001774 20.54479733 4.26112943
v -26.55880611 20.56367176 4.67601304
v 31.39978174 -19.21687699 -0.07445899
v 31.34794878 -19.18004260 -0.07445899
v 31.35786573 -19.16608757 -0.07445899
v 31.40969870 -19.20292196 -0.07445899
v 31.52403627 -18.98714078 0.22513815
v 31.32493085 -19.17477122 -0.07445899
v 31.26223356 -19.18537680 -0.07445899
v 31.25937821 -19.16849676 -0.07445899
v 31.32207550 -19.15789117 -0.07445899
v 31.26156149 -18.99077641 0.26426920
v 31.24223000 -19.19792550 -0.07445899
v 31.20539560 -19.24975847 -0.07445899
v 31.19144057 -19.23984151 -0.07445899
v 31.22827497 -19.18800855 -0.07445899
v 31.01249379 -19.07367098 0.30340025
v 31.20012422 -19.27277639 -0.07445899
v 31.21072981 -19.33547368 -0.07445899
v 31.19384976 -19.33832904 -0.07445899
v 31.18324417 -19.27563175 -0.07445899
v 31.01612942 -19.33614576 0.22513815
v 31.22327851 -19.35547725 -0.07445899
v 31.27511147 -19.39231164 -0.07445899
v 31.26519452 -19.40626667 -0.07445899
v 31.21336155 -19.36943228 -0.07445899
v 31.09902398 -19.58521346 0.26426920
v 31.29812940 -19.39758302 -0.07445899
v 31.36082669 -19.38697743 -0.07445899
v 31.36368204 -19.40385748 -0.07445899
v 31.30098475 -19.41446307 -0.07445899
v 31.36149876 -19.58157783 0.30340025
v 31.38083025 -19.37442874 -0.07445899
v 31.41766465 -19.32259577 -0.07445899
v 31.43161968 -19.33251273 -0.07445899
v 31.39478528 -19.38434569 -0.07445899
v 31.61056646 -19.49868326 0.22513815
v 31.42293603 -19.29957785 -0.07445899
v 31.41233044 -19.23688056 -0.07445899
v 31.42921049 -19.23402520 -0.07445899
v 31.43981608 -19.29672249 -0.07445899
v 31.60693083 -19.23620848 0.26426920
v 31.33992530 -19.30284577 -0.07445899
v 31.27860439 -19.28601794 -0.07445899
v 31.28313495 -19.26950847 -0.07445899
v 31.34445586 -19.28633630 -0.07445899
v 31.32609266 -19.23311095 0.35353692
v 8.90923393 -3.30847251 1.42106112
v 8.92497922 -3.27441610 1.42106112
v 8.93414826 -3.27865522 1.42106112
v 8.91840296 -3.31271163 1.42106112
v 9.05595196 -3.35563668 1.59783825
v 8.92554143 -3.26049413 1.42106112
v 8.91259352 -3.22527900 1.42106112
v 8.92207452 -3.22179302 1.42106112
v 8.93502243 -3.25700815 1.42106112
v 9.02539007 -3.20379382 1.62092751
v 8.90314674 -3.21503713 1.42106112
v 8.86909032 -3.19929184 1.42106112
v 8.87332944 -3.19012280 1.42106112
v 8.90738586 -3.20586810 1.42106112
v 8.95031090 -3.06831910 1.64401677
v 8.85516835 -3.19872963 1.42106112
v 8.81995322 -3.21167754 1.42106112
v 8.81646724 -3.20219654 1.42106112
v 8.85168237 -3.18924863 1.42106112
v 8.79846804 -3.09888098 1.59783825
v 8.80971136 -3.22112432 1.42106112
v 8.79396606 -3.25518074 1.42106112
v 8.78479703 -3.25094162 1.42106112
v 8.80054232 -3.21688520 1.42106112
v 8.66299333 -3.17396016 1.62092751
v 8.79340385 -3.26910271 1.42106112
v 8.80635177 -3.30431784 1.42106112
v 8.79687077 -3.30780381 1.42106112
v 8.78392285 -3.27258869 1.42106112
v 8.69355521 -3.32580302 1.64401677
v 8.81579855 -3.31455970 1.42106112
v 8.84985496 -3.33030500 1.42106112
v 8.84561584 -3.33947403 1.42106112
v 8.81155943 -3.32372874 1.42106112
v 8.76863438 -3.46127773 1.59783825
v 8.86377693 -3.33086721 1.42106112
v 8.89899206 -3.31791929 1.42106112
v 8.90247804 -3.32740029 1.42106112
v 8.86726291 -3.34034821 1.42106112
v 8.92047724 -3.43071585 1.62092751
v 8.85288286 -3.28307473 1.42106112
v 8.85599570 -3.24568403 1.42106112
v 8.86606243 -3.24652210 1.42106112
v 8.86294959 -3.28391280 1.42106112
v 8.89182997 -3.26749222 1.67359988
v 2.22688039 22.73752841 4.08272868
v 2.21721870 22.70112839 4.08272868
v 2.20741869 22.70372962 4.08272868
v 2.21708038 22.74012964 4.08272868
v 2.07364945 22.75871837 4.26016737
v 2.21907677 22.68726691 4.08272868
v 2.23798362 22.65469636 4.08272868
v 2.22921463 22.64960605 4.08272868
v 2.21030777 22.68217660 4.08272868
v 2.13019219 22.61389747 4.28334303
v 2.24909902 22.64620866 4.08272868
v 2.28549905 22.63654697 4.08272868
v 2.28289782 22.62674696 4.08272868
v 2.24649780 22.63640865 4.08272868
v 2.22790907 22.49297772 4.30651870
v 2.29936053 22.63840503 4.08272868
v 2.33193108 22.65731189 4.08272868
v 2.33702139 22.64854289 4.08272868
v 2.30445084 22.62963604 4.08272868
v 2.37272997 22.54952046 4.26016737
v 2.34041878 22.66842729 4.08272868
v 2.35008047 22.70482731 4.08272868
v 2.35988048 22.70222609 4.08272868
v 2.35021879 22.66582607 4.08272868
v 2.49364972 22.64723734 4.28334303
v 2.34822240 22.71868880 4.08272868
v 2.32931555 22.75125935 4.08272868
v 2.33808455 22.75634966 4.08272868
v 2.35699140 22.72377911 4.08272868
v 2.43710698 22.79205824 4.30651870
v 2.31820015 22.75974705 4.08272868
v 2.28180012 22.76940874 4.08272868
v 2.28440135 22.77920874 4.08272868
v 2.32080137 22.76954705 4.08272868
v 2.33939010 22.91297799 4.26016737
v 2.26793864 22.76755067 4.08272868
v 2.23536809 22.74864381 4.08272868
v 2.23027778 22.75741281 4.08272868
v 2.26284833 22.77631967 4.08272868
v 2.19456920 22.85643525 4.28334303
v 2.28699571 22.72218938 4.08272868
v 2.29040127 22.68468321 4.08272868
v 2.28030346 22.68376633 4.08272868
v 2.27689790 22.72127249 4.08272868
v 2.25119233 22.70003073 4.33621252
v 26.51219806 -20.85446901 0.15189389
v 26.48768026 -20.91199103 0.15189389
v 26.47219356 -20.90539008 0.15189389
v 26.49671137 -20.84786806 0.15189389
v 26.26542629 -20.78327280 0.44650282
v 26.48744305 -20.93521048 0.15189389
v 26.51078055 -20.99322139 0.15189389
v 26.49516222 -20.99950457 0.15189389
v 26.47182471 -20.94149365 0.15189389
v 26.32396343 -21.03467725 0.48498235
v 26.52703144 -21.00980776 0.15189389
v 26.58455346 -21.03432557 0.15189389
v 26.57795251 -21.04981227 0.15189389
v 26.52043049 -21.02529446 0.15189389
v 26.45583523 -21.25657953 0.52346189
v 26.60777290 -21.03456278 0.15189389
v 26.66578382 -21.01122527 0.15189389
v 26.67206700 -21.02684361 0.15189389
v 26.61405608 -21.05018111 0.15189389
v 26.70723967 -21.19804239 0.44650282
v 26.68237018 -20.99497439 0.15189389
v 26.70688799 -20.93745236 0.15189389
v 26.72237469 -20.94405331 0.15189389
v 26.69785688 -21.00157534 0.15189389
v 26.92914196 -21.06617060 0.48498235
v 26.70712520 -20.91423292 0.15189389
v 26.68378770 -20.85622200 0.15189389
v 26.69940603 -20.84993882 0.15189389
v 26.72274354 -20.90794974 0.15189389
v 26.87060482 -20.81476615 0.52346189
v 26.66753681 -20.83963564 0.15189389
v 26.61001479 -20.81511783 0.15189389
v 26.61661574 -20.79963113 0.15189389
v 26.67413776 -20.82414894 0.15189389
v 26.73873302 -20.59286386 0.44650282
v 26.58679535 -20.81488062 0.15189389
v 26.52878443 -20.83821812 0.15189389
v 26.52250125 -20.82259979 0.15189389
v 26.58051217 -20.79926228 0.15189389
v 26.48732858 -20.65140101 0.48498235
v 26.60734334 -20.89394603 0.15189389
v 26.60403614 -20.95638776 0.15189389
v 26.58722491 -20.95549736 0.15189389
v 26.59053210 -20.89305563 0.15189389
v 26.54324802 -20.92185971 0.57276379
v -25.26236742 -20.17744604 0.09846115
v -25.29791984 -20.19838364 0.09846115
v -25.30355689 -20.18881184 0.09846115
v -25.26800446 -20.16787424 0.09846115
v -25.36550461 -20.04297035 0.29285753
v -25.30714199 -20.21061953 0.09846115
v -25.31747624 -20.25056400 0.09846115
v -25.32823052 -20.24778171 0.09846115
v -25.31789628 -20.20783723 0.09846115
v -25.43291071 -20.19939030 0.31824807
v -25.31534521 -20.26573713 0.09846115
v -25.29440761 -20.30128955 0.09846115
v -25.30397942 -20.30692660 0.09846115
v -25.32491702 -20.27137418 0.09846115
v -25.44982091 -20.36887432 0.34363862
v -25.28217173 -20.31051171 0.09846115
v -25.24222725 -20.32084595 0.09846115
v -25.24500955 -20.33160024 0.09846115
v -25.28495402 -20.32126599 0.09846115
v -25.29340095 -20.43628042 0.29285753
v -25.22705413 -20.31871492 0.09846115
v -25.19150170 -20.29777732 0.09846115
v -25.18586466 -20.30734913 0.09846115
v -25.22141708 -20.32828673 0.09846115
v -25.12391694 -20.45319062 0.31824807
v -25.18227955 -20.28554144 0.09846115
v -25.17194531 -20.24559696 0.09846115
v -25.16119102 -20.24837926 0.09846115
v -25.17152526 -20.28832374 0.09846115
v -25.05651083 -20.29677066 0.34363862
v -25.17407633 -20.23042384 0.09846115
v -25.19501393 -20.19487141 0.09846115
v -25.18544212 -20.18923437 0.09846115
v -25.16450453 -20.22478679 0.09846115
v -25.03960063 -20.12728665 0.29285753
v -25.20724982 -20.18564926 0.09846115
v -25.24719429 -20.17531502 0.09846115
v -25.24441199 -20.16456073 0.09846115
v -25.20446752 -20.17489497 0.09846115
v -25.19602059 -20.05988054 0.31824807
v -25.22731329 -20.23568024 0.09846115
v -25.25353082 -20.26753929 0.09846115
v -25.26210826 -20.26048073 0.09846115
v -25.23589073 -20.22862167 0.09846115
v -25.27228111 -20.22539225 0.37617026
v 2.38857971 19.13598065 4.09730884
v 2.36851491 19.18045791 4.09730884
v 2.38048956 19.18585997 4.09730884
v 2.40055436 19.14138271 4.09730884
v 2.55987769 19.24002193 4.32720213
v 2.35531014 19.19286611 4.09730884
v 2.30967202 19.21012833 4.09730884
v 2.31431954 19.22241552 4.09730884
v 2.35995767 19.20515331 4.09730884
v 2.38460970 19.33928927 4.35722901
v 2.29156091 19.20956508 4.09730884
v 2.24708365 19.18950028 4.09730884
v 2.24168159 19.20147492 4.09730884
v 2.28615885 19.22153972 4.09730884
v 2.18751963 19.38086305 4.38725589
v 2.23467545 19.17629551 4.09730884
v 2.21741323 19.13065738 4.09730884
v 2.20512604 19.13530490 4.09730884
v 2.22238825 19.18094303 4.09730884
v 2.08825229 19.20559506 4.32720213
v 2.21797648 19.11254628 4.09730884
v 2.23804128 19.06806901 4.09730884
v 2.22606664 19.06266695 4.09730884
v 2.20600183 19.10714422 4.09730884
v 2.04667850 19.00850500 4.35722901
v 2.25124605 19.05566081 4.09730884
v 2.29688418 19.03839860 4.09730884
v 2.29223665 19.02611140 4.09730884
v 2.24659853 19.04337362 4.09730884
v 2.22194650 18.90923766 4.38725589
v 2.31499528 19.03896185 4.09730884
v 2.35947254 19.05902665 4.09730884
v 2.36487461 19.04705200 4.09730884
v 2.32039734 19.02698720 4.09730884
v 2.41903656 18.86766387 4.32720213
v 2.37188075 19.07223142 4.09730884
v 2.38914296 19.11786954 4.09730884
v 2.40143016 19.11322202 4.09730884
v 2.38416794 19.06758389 4.09730884
v 2.51830390 19.04293186 4.35722901
v 2.31562968 19.10222287 4.09730884
v 2.28153020 19.13712343 4.09730884
v 2.29092651 19.14630406 4.09730884
v 2.32502599 19.11140350 4.09730884
v 2.33348049 19.15377263 4.42572783
v -3.70094858 -20.05879028 -0.11335143
v -3.70994011 -20.10399717 -0.11335143
v -3.72211119 -20.10157637 -0.11335143
v -3.71311967 -20.05636948 -0.11335143
v -3.88974935 -20.04473597 0.10381473
v -3.70660055 -20.12078495 -0.11335143
v -3.68099242 -20.15910901 -0.11335143
v -3.69131045 -20.16600351 -0.11335143
v -3.71691858 -20.12767945 -0.11335143
v -3.80950569 -20.21726384 0.13217929
v -3.66676025 -20.16861835 -0.11335143
v -3.62155336 -20.17760988 -0.11335143
v -3.62397416 -20.18978096 -0.11335143
v -3.66918104 -20.18078944 -0.11335143
v -3.68081456 -20.35741912 0.16054385
v -3.60476558 -20.17427032 -0.11335143
v -3.56644151 -20.14866219 -0.11335143
v -3.55954701 -20.15898021 -0.11335143
v -3.59787108 -20.18458834 -0.11335143
v -3.50828669 -20.27717545 0.10381473
v -3.55693218 -20.13443002 -0.11335143
v -3.54794065 -20.08922313 -0.11335143
v -3.53576957 -20.09164392 -0.11335143
v -3.54476109 -20.13685081 -0.11335143
v -3.36813140 -20.14848432 0.13217929
v -3.55128021 -20.07243534 -0.11335143
v -3.57688834 -20.03411128 -0.11335143
v -3.56657031 -20.02721678 -0.11335143
v -3.54096218 -20.06554084 -0.11335143
v -3.44837507 -19.97595646 0.16054385
v -3.59112051 -20.02460194 -0.11335143
v -3.63632740 -20.01561042 -0.11335143
v -3.63390660 -20.00343933 -0.11335143
v -3.58869972 -20.01243086 -0.11335143
v -3.57706620 -19.83580117 0.10381473
v -3.65311518 -20.01894997 -0.11335143
v -3.69143925 -20.04455810 -0.11335143
v -3.69833375 -20.03424008 -0.11335143
v -3.66000968 -20.00863195 -0.11335143
v -3.74959407 -19.91604484 0.13217929
v -3.62633622 -20.07288579 -0.11335143
v -3.61928127 -20.11843509 -0.11335143
v -3.63154454 -20.12033450 -0.11335143
v -3.63859949 -20.07478520 -0.11335143
v -3.66835803 -20.10271539 0.19688595
v 30.60376356 -18.56990110 -0.18938113
v 30.56045776 -18.60920849 -0.18938113
v 30.54987500 -18.59754924 -0.18938113
v 30.59318080 -18.55824185 -0.18938113
v 30.42185744 -18.41300037 0.08617192
v 30.55118608 -18.62884870 -0.18938113
v 30.54835878 -18.68726505 -0.18938113
v 30.53263129 -18.68650385 -0.18938113
v 30.53545859 -18.62808750 -0.18938113
v 30.37339999 -18.64952060 0.12216252
v 30.55569042 -18.70770884 -0.18938113
v 30.59499782 -18.75101464 -0.18938113
v 30.58333856 -18.76159740 -0.18938113
v 30.54403117 -18.71829160 -0.18938113
v 30.39878970 -18.88961496 0.15815313
v 30.61463802 -18.76028632 -0.18938113
v 30.67305437 -18.76311363 -0.18938113
v 30.67229317 -18.77884111 -0.18938113
v 30.61387683 -18.77601381 -0.18938113
v 30.63530992 -18.93807242 0.08617192
v 30.69349816 -18.75578198 -0.18938113
v 30.73680397 -18.71647458 -0.18938113
v 30.74738673 -18.72813384 -0.18938113
v 30.70408092 -18.76744123 -0.18938113
v 30.87540428 -18.91268270 0.12216252
v 30.74607565 -18.69683438 -0.18938113
v 30.74890295 -18.63841803 -0.18938113
v 30.76463044 -18.63917923 -0.18938113
v 30.76180313 -18.69759557 -0.18938113
v 30.92386174 -18.67616248 0.15815313
v 30.74157130 -18.61797424 -0.18938113
v 30.70226391 -18.57466844 -0.18938113
v 30.71392316 -18.56408568 -0.18938113
v 30.75323056 -18.60739148 -0.18938113
v 30.89847203 -18.43606812 0.08617192
v 30.68262370 -18.56539675 -0.18938113
v 30.62420736 -18.56256945 -0.18938113
v 30.62496855 -18.54684197 -0.18938113
v 30.68338490 -18.54966927 -0.18938113
v 30.66195181 -18.38761066 0.12216252
v 30.66920135 -18.64061645 -0.18938113
v 30.64199947 -18.69239021 -0.18938113
v 30.62806038 -18.68506663 -0.18938113
v 30.65526226 -18.63329287 -0.18938113
v 30.60382665 -18.63930146 0.20426609
v 21.74785229 22.00254947 3.89226493
v 21.69274984 21.96652484 3.89226493
v 21.68305090 21.98136011 3.89226493
v 21.73815335 22.01738474 3.89226493
v 21.57343142 22.20918559 4.20244214
v 21.67896434 21.94633446 3.89226493
v 21.66547429 21.88189789 3.89226493
v 21.64812597 21.88552983 3.89226493
v 21.66161603 21.94996640 3.89226493
v 21.47767043 21.95484576 4.24295508
v 21.67000322 21.85787332 3.89226493
v 21.70602785 21.80277088 3.89226493
v 21.69119257 21.79307194 3.89226493
v 21.65516794 21.84817438 3.89226493
v 21.46336709 21.68345245 4.28346802
v 21.72621822 21.78898538 3.89226493
v 21.79065479 21.77549532 3.89226493
v 21.78702285 21.75814701 3.89226493
v 21.72258628 21.77163706 3.89226493
v 21.71770692 21.58769146 4.20244214
v 21.81467936 21.78002425 3.89226493
v 21.86978181 21.81604888 3.89226493
v 21.87948074 21.80121360 3.89226493
v 21.82437830 21.76518897 3.89226493
v 21.98910023 21.57338813 4.24295508
v 21.88356730 21.83623925 3.89226493
v 21.89705736 21.90067582 3.89226493
v 21.91440567 21.89704388 3.89226493
v 21.90091562 21.83260731 3.89226493
v 22.08486122 21.82772795 4.28346802
v 21.89252843 21.92470039 3.89226493
v 21.85650380 21.97980284 3.89226493
v 21.87133908 21.98950178 3.89226493
v 21.90736371 21.93439933 3.89226493
v 22.09916456 22.09912126 4.20244214
v 21.83631343 21.99358834 3.89226493
v 21.77187686 22.00707839 3.89226493
v 21.77550880 22.02442671 3.89226493
v 21.83994537 22.01093665 3.89226493
v 21.84482473 22.19488225 4.24295508
v 21.80806927 21.91234933 3.89226493
v 21.76866029 21.85961427 3.89226493
v 21.75446238 21.87022438 3.89226493
v 21.79387136 21.92295944 3.89226493
v 21.73562972 21.92539077 4.33537522
v -24.52811779 13.60624645 3.77298183
v -24.54322133 13.65742124 3.77298183
v -24.52944351 13.66148758 3.77298183
v -24.51433996 13.61031279 3.77298183
v -24.32703388 13.69340983 4.02437568
v -24.55567575 13.67283234 3.77298183
v -24.60254161 13.69833856 3.77298183
v -24.59567454 13.71095630 3.77298183
v -24.54880869 13.68545008 3.77298183
v -24.50209951 13.82708429 4.05721080
v -24.62224550 13.70042926 3.77298183
v -24.67342029 13.68532572 3.77298183
v -24.67748663 13.69910354 3.77298183
v -24.62631184 13.71420709 3.77298183
v -24.70940889 13.90151317 4.09004591
v -24.68883139 13.67287130 3.77298183
v -24.71433761 13.62600544 3.77298183
v -24.72695535 13.63287251 3.77298183
v -24.70144913 13.67973836 3.77298183
v -24.84308335 13.72644754 4.02437568
v -24.71642831 13.60630155 3.77298183
v -24.70132477 13.55512676 3.77298183
v -24.71510260 13.55106042 3.77298183
v -24.73020614 13.60223521 3.77298183
v -24.91751222 13.51913816 4.05721080
v -24.68887035 13.53971566 3.77298183
v -24.64200450 13.51420944 3.77298183
v -24.64887156 13.50159170 3.77298183
v -24.69573742 13.52709792 3.77298183
v -24.74244660 13.38546370 4.09004591
v -24.62230060 13.51211874 3.77298183
v -24.57112581 13.52722228 3.77298183
v -24.56705947 13.51344445 3.77298183
v -24.61823426 13.49834091 3.77298183
v -24.53513722 13.31103483 4.02437568
v -24.55571471 13.53967670 3.77298183
v -24.53020849 13.58654255 3.77298183
v -24.51759075 13.57967549 3.77298183
v -24.54309697 13.53280963 3.77298183
v -24.40146275 13.48610045 4.05721080
v -24.61217935 13.58055528 3.77298183
v -24.64391493 13.62344852 3.77298183
v -24.63236675 13.63199272 3.77298183
v -24.60063117 13.58909948 3.77298183
v -24.58515391 13.63373748 4.13211590
v 26.37791362 21.77938708 3.90165368
v 26.32850414 21.79379630 3.90165368
v 26.33238355 21.80709885 3.90165368
v 26.38179302 21.79268963 3.90165368
v 26.41195418 21.98803031 4.14414562
v 26.30950458 21.79171826 3.90165368
v 26.26437795 21.76696935 3.90165368
v 26.25771477 21.77911883 3.90165368
v 26.30284140 21.80386775 3.90165368
v 26.21221858 21.91559153 4.17581804
v 26.25241262 21.75206524 3.90165368
v 26.23800339 21.70265576 3.90165368
v 26.22470084 21.70653517 3.90165368
v 26.23911007 21.75594464 3.90165368
v 26.04376938 21.78610580 4.20749046
v 26.24008143 21.68365620 3.90165368
v 26.26483035 21.63852957 3.90165368
v 26.25268086 21.63186639 3.90165368
v 26.22793195 21.67699302 3.90165368
v 26.11620817 21.58637020 4.14414562
v 26.27973446 21.62656424 3.90165368
v 26.32914393 21.61215501 3.90165368
v 26.32526453 21.59885246 3.90165368
v 26.27585505 21.61326169 3.90165368
v 26.24569390 21.41792100 4.17581804
v 26.34814350 21.61423305 3.90165368
v 26.39327013 21.63898197 3.90165368
v 26.39993330 21.62683248 3.90165368
v 26.35480667 21.60208357 3.90165368
v 26.44542950 21.49035979 4.20749046
v 26.40523546 21.65388608 3.90165368
v 26.41964468 21.70329555 3.90165368
v 26.43294723 21.69941615 3.90165368
v 26.41853801 21.65000667 3.90165368
v 26.61387869 21.61984552 4.14414562
v 26.41756664 21.72229512 3.90165368
v 26.39281773 21.76742175 3.90165368
v 26.40496721 21.77408492 3.90165368
v 26.42971613 21.72895829 3.90165368
v 26.54143991 21.81958112 4.17581804
v 26.35496005 21.69776589 3.90165368
v 26.30360524 21.69435913 3.90165368
v 26.30268803 21.70818543 3.90165368
v 26.35404284 21.71159219 3.90165368
v 26.32587587 21.74741731 4.24807074
v -9.20035520 -5.00939415 0.60071380
v -9.17960739 -5.04219980 0.60071380
v -9.18843968 -5.04778575 0.60071380
v -9.20918749 -5.01498010 0.60071380
v -9.32372739 -5.11038423 0.78359691
v -9.16782696 -5.05050653 0.60071380
v -9.12995895 -5.05903270 0.60071380
v -9.13225446 -5.06922794 0.60071380
v -9.17012247 -5.06070177 0.60071380
v -9.17463544 -5.16910190 0.80748368
v -9.11575518 -5.05657644 0.60071380
v -9.08294954 -5.03582862 0.60071380
v -9.07736358 -5.04466091 0.60071380
v -9.11016923 -5.06540873 0.60071380
v -9.01476510 -5.17994862 0.83137045
v -9.07464280 -5.02404820 0.60071380
v -9.06611663 -4.98618018 0.60071380
v -9.05592139 -4.98847569 0.60071380
v -9.06444756 -5.02634371 0.60071380
v -8.95604743 -5.03085667 0.78359691
v -9.06857289 -4.97197642 0.60071380
v -9.08932071 -4.93917077 0.60071380
v -9.08048842 -4.93358482 0.60071380
v -9.05974060 -4.96639046 0.60071380
v -8.94520071 -4.87098634 0.80748368
v -9.10110113 -4.93086403 0.60071380
v -9.13896915 -4.92233786 0.60071380
v -9.13667364 -4.91214262 0.60071380
v -9.09880562 -4.92066879 0.60071380
v -9.09429266 -4.81226867 0.83137045
v -9.15317292 -4.92479413 0.60071380
v -9.18597856 -4.94554194 0.60071380
v -9.19156451 -4.93670965 0.60071380
v -9.15875887 -4.91596184 0.60071380
v -9.25416299 -4.80142194 0.78359691
v -9.19428530 -4.95732237 0.60071380
v -9.20281147 -4.99519038 0.60071380
v -9.21300671 -4.99289487 0.60071380
v -9.20448054 -4.95502686 0.60071380
v -9.31288066 -4.95051389 0.80748368
v -9.14664281 -4.97469617 0.60071380
v -9.11590389 -4.99839853 0.60071380
v -9.12228529 -5.00667439 0.60071380
v -9.15302421 -4.98297204 0.60071380
v -9.15497569 -5.01728627 0.86197538
v 28.35243120 5.16699386 3.44673935
v 28.36148830 5.12668411 3.44673935
v 28.35063568 5.12424566 3.44673935
v 28.34157857 5.16455541 3.44673935
v 28.19262002 5.10991386 3.64139528
v 28.37032420 5.11414141 3.44673935
v 28.40523183 5.09204246 3.44673935
v 28.39928211 5.08264425 3.44673935
v 28.36437448 5.10474320 3.44673935
v 28.32105618 4.99769773 3.66681973
v 28.42034878 5.08942135 3.44673935
v 28.46065853 5.09847846 3.44673935
v 28.46309698 5.08762583 3.44673935
v 28.42278723 5.07856873 3.44673935
v 28.47742878 4.92961017 3.69224418
v 28.47320123 5.10731435 3.44673935
v 28.49530018 5.14222198 3.44673935
v 28.50469839 5.13627226 3.44673935
v 28.48259944 5.10136463 3.44673935
v 28.58964491 5.05804633 3.64139528
v 28.49792129 5.15733893 3.44673935
v 28.48886418 5.19764868 3.44673935
v 28.49971681 5.20008713 3.44673935
v 28.50877391 5.15977738 3.44673935
v 28.65773247 5.21441893 3.66681973
v 28.48002829 5.21019138 3.44673935
v 28.44512066 5.23229033 3.44673935
v 28.45107038 5.24168854 3.44673935
v 28.48597801 5.21958959 3.44673935
v 28.52929631 5.32663506 3.69224418
v 28.43000371 5.23491144 3.44673935
v 28.38969396 5.22585434 3.44673935
v 28.38725551 5.23670696 3.44673935
v 28.42756526 5.24576406 3.44673935
v 28.37292371 5.39472262 3.64139528
v 28.37715126 5.21701844 3.44673935
v 28.35505231 5.18211081 3.44673935
v 28.34565410 5.18806053 3.44673935
v 28.36775305 5.22296816 3.44673935
v 28.26070758 5.26628646 3.66681973
v 28.41869044 5.18255248 3.44673935
v 28.44102056 5.14779226 3.44673935
v 28.43166204 5.14178031 3.44673935
v 28.40933192 5.17654053 3.44673935
v 28.39509529 5.14284225 3.72481925
v -19.45898897 21.80186479 4.09033371
v -19.40750895 21.79160939 4.09033371
v -19.41027002 21.77774938 4.09033371
v -19.46175004 21.78800479 4.09033371
v -19.47505946 21.58685701 4.33764979
v -19.38838932 21.79540681 4.09033371
v -19.34473578 21.82455701 4.09033371
v -19.33688765 21.81280413 4.09033371
v -19.38054118 21.78365393 4.09033371
v -19.27855136 21.67818181 4.36995230
v -19.33390133 21.84076181 4.09033371
v -19.32364593 21.89224183 4.09033371
v -19.30978592 21.88948076 4.09033371
v -19.32004133 21.83800074 4.09033371
v -19.11889355 21.82469132 4.40225481
v -19.32744335 21.91136147 4.09033371
v -19.35659355 21.95501500 4.09033371
v -19.34484067 21.96286314 4.09033371
v -19.31569046 21.91920960 4.09033371
v -19.21021835 22.02119943 4.33764979
v -19.37279835 21.96584945 4.09033371
v -19.42427837 21.97610486 4.09033371
v -19.42151730 21.98996486 4.09033371
v -19.37003728 21.97970946 4.09033371
v -19.35672786 22.18085723 4.36995230
v -19.44339801 21.97230744 4.09033371
v -19.48705154 21.94315724 4.09033371
v -19.49489968 21.95491012 4.09033371
v -19.45124614 21.98406032 4.09033371
v -19.55323597 22.08953244 4.40225481
v -19.49788599 21.92695243 4.09033371
v -19.50814140 21.87547241 4.09033371
v -19.52200140 21.87823348 4.09033371
v -19.51174600 21.92971350 4.09033371
v -19.71289377 21.94302292 4.33764979
v -19.50434398 21.85635278 4.09033371
v -19.47519377 21.81269924 4.09033371
v -19.48694666 21.80485111 4.09033371
v -19.51609686 21.84850464 4.09033371
v -19.62156898 21.74651482 4.36995230
v -19.44291085 21.88683100 4.09033371
v -19.39103536 21.89484973 4.09033371
v -19.38887647 21.88088325 4.09033371
v -19.44075196 21.87286452 4.09033371
v -19.40895437 21.83896488 4.44364240
v 28.76328622 21.88853117 3.96954169
v 28.80107948 21.88528434 3.96954169
v 28.80020533 21.87510923 3.96954169
v 28.76241207 21.87835606 3.96954169
v 28.76894577 21.73282755 4.14826199
v 28.81450734 21.88954127 3.96954169
v 28.84352706 21.91396928 3.96954169
v 28.85010384 21.90615627 3.96954169
v 28.82108412 21.88172826 3.96954169
v 28.90277101 21.81413802 4.17160505
v 28.85001189 21.92647431 3.96954169
v 28.85325873 21.96426757 3.96954169
v 28.86343383 21.96339342 3.96954169
v 28.86018700 21.92560016 3.96954169
v 29.00571552 21.93213386 4.19494810
v 28.84900180 21.97769543 3.96954169
v 28.82457379 22.00671515 3.96954169
v 28.83238679 22.01329193 3.96954169
v 28.85681481 21.98427220 3.96954169
v 28.92440504 22.06595910 4.14826199
v 28.81206876 22.01319998 3.96954169
v 28.77427550 22.01644681 3.96954169
v 28.77514964 22.02662192 3.96954169
v 28.81294290 22.02337509 3.96954169
v 28.80640921 22.16890361 4.17160505
v 28.76084764 22.01218989 3.96954169
v 28.73182791 21.98776187 3.96954169
v 28.72525114 21.99557488 3.96954169
v 28.75427086 22.02000289 3.96954169
v 28.67258397 22.08759313 4.19494810
v 28.72534308 21.97525684 3.96954169
v 28.72209625 21.93746358 3.96954169
v 28.71192114 21.93833773 3.96954169
v 28.71516797 21.97613099 3.96954169
v 28.56963946 21.96959730 4.14826199
v 28.72635318 21.92403573 3.96954169
v 28.75078119 21.89501600 3.96954169
v 28.74296818 21.88843923 3.96954169
v 28.71854017 21.91745895 3.96954169
v 28.65094993 21.83577205 4.17160505
v 28.76803591 21.95083994 3.96954169
v 28.80465120 21.96074918 3.96954169
v 28.80731907 21.95089121 3.96954169
v 28.77070378 21.94098198 3.96954169
v 28.79625279 21.91917927 4.22485640
v -22.91872358 -20.16396848 0.07849751
v -22.86777058 -20.18226777 0.07849751
v -22.87269731 -20.19598589 0.07849751
v -22.92365031 -20.17768660 0.07849751
v -22.96785188 -20.38084958 0.33357726
v -22.84768863 -20.18130502 0.07849751
v -22.79871987 -20.15821536 0.07849751
v -22.79250342 -20.17139927 0.07849751
v -22.84147218 -20.19448892 0.07849751
v -22.75349124 -20.31760818 0.36689380
v -22.78520055 -20.14333451 0.07849751
v -22.76690126 -20.09238151 0.07849751
v -22.75318314 -20.09730824 0.07849751
v -22.77148243 -20.14826124 0.07849751
v -22.56831945 -20.19246280 0.40021034
v -22.76786401 -20.07229955 0.07849751
v -22.79095367 -20.02333080 0.07849751
v -22.77776977 -20.01711435 0.07849751
v -22.75468011 -20.06608310 0.07849751
v -22.63156085 -19.97810217 0.33357726
v -22.80583453 -20.00981148 0.07849751
v -22.85678752 -19.99151219 0.07849751
v -22.85186079 -19.97779407 0.07849751
v -22.80090779 -19.99609336 0.07849751
v -22.75670623 -19.79293038 0.36689380
v -22.87686948 -19.99247494 0.07849751
v -22.92583824 -20.01556460 0.07849751
v -22.93205469 -20.00238069 0.07849751
v -22.88308593 -19.97929104 0.07849751
v -22.97106686 -19.85617178 0.40021034
v -22.93935756 -20.03044545 0.07849751
v -22.95765685 -20.08139845 0.07849751
v -22.97137496 -20.07647172 0.07849751
v -22.95307567 -20.02551872 0.07849751
v -23.15623865 -19.98131716 0.33357726
v -22.95669409 -20.10148041 0.07849751
v -22.93360443 -20.15044916 0.07849751
v -22.94678834 -20.15666561 0.07849751
v -22.96987799 -20.10769686 0.07849751
v -23.09299725 -20.19567779 0.36689380
v -22.88938631 -20.07974299 0.07849751
v -22.83524767 -20.07946118 0.07849751
v -22.83517179 -20.09403697 0.07849751
v -22.88931044 -20.09431878 0.07849751
v -22.86203517 -20.13374072 0.44289715
v 27.28758611 1.74847792 2.66124856
v 27.25720674 1.77848185 2.66124856
v 27.26528472 1.78666091 2.66124856
v 27.29566409 1.75665698 2.66124856
v 27.39472011 1.88733422 2.86242305
v 27.24252000 1.78445858 2.66124856
v 27.19982257 1.78419310 2.66124856
v 27.19975110 1.79568857 2.66124856
v 27.24244853 1.79595405 2.66124856
v 27.22036975 1.91323925 2.88869890
v 27.18521128 1.77803420 2.66124856
v 27.15520736 1.74765484 2.66124856
v 27.14702830 1.75573282 2.66124856
v 27.17703222 1.78611218 2.66124856
v 27.04635499 1.88516821 2.91497475
v 27.14923062 1.73296810 2.66124856
v 27.14949610 1.69027067 2.66124856
v 27.13800063 1.69019919 2.66124856
v 27.13773516 1.73289662 2.66124856
v 27.02044996 1.71081784 2.86242305
v 27.15565500 1.67565938 2.66124856
v 27.18603437 1.64565545 2.66124856
v 27.17795639 1.63747639 2.66124856
v 27.14757702 1.66748032 2.66124856
v 27.04852100 1.53680308 2.88869890
v 27.20072111 1.63967872 2.66124856
v 27.24341854 1.63994420 2.66124856
v 27.24349002 1.62844873 2.66124856
v 27.20079259 1.62818325 2.66124856
v 27.22287136 1.51089805 2.91497475
v 27.25802983 1.64610310 2.66124856
v 27.28803375 1.67648246 2.66124856
v 27.29621281 1.66840448 2.66124856
v 27.26620889 1.63802512 2.66124856
v 27.39688613 1.53896909 2.86242305
v 27.29401049 1.69116920 2.66124856
v 27.29374501 1.73386663 2.66124856
v 27.30524048 1.73393811 2.66124856
v 27.30550596 1.69124068 2.66124856
v 27.42279115 1.71331946 2.88869890
v 27.23864164 1.69795817 2.66124856
v 27.19981582 1.71572602 2.66124856
v 27.20459947 1.72617913 2.66124856
v 27.24342530 1.70841128 2.66124856
v 27.23699658 1.74566792 2.94864068
v 24.05531975 20.58125036 3.90865360
v 24.08735565 20.60388630 3.90865360
v 24.09344994 20.59526125 3.90865360
v 24.06141404 20.57262531 3.90865360
v 24.16362267 20.46196044 4.09346872
v 24.09512996 20.61620512 3.90865360
v 24.10177674 20.65486395 3.90865360
v 24.11218489 20.65307443 3.90865360
v 24.10553811 20.61441561 3.90865360
v 24.21517326 20.61546639 4.11760783
v 24.09856329 20.66907194 3.90865360
v 24.07592735 20.70110784 3.90865360
v 24.08455240 20.70720213 3.90865360
v 24.10718834 20.67516624 3.90865360
v 24.21785321 20.77737487 4.14174695
v 24.06360853 20.70888216 3.90865360
v 24.02494970 20.71552893 3.90865360
v 24.02673922 20.72593708 3.90865360
v 24.06539804 20.71929031 3.90865360
v 24.06434726 20.82892546 4.09346872
v 24.01074170 20.71231548 3.90865360
v 23.97870581 20.68967955 3.90865360
v 23.97261152 20.69830460 3.90865360
v 24.00464741 20.72094053 3.90865360
v 23.90243878 20.83160540 4.11760783
v 23.97093149 20.67736072 3.90865360
v 23.96428472 20.63870190 3.90865360
v 23.95387657 20.64049142 3.90865360
v 23.96052334 20.67915024 3.90865360
v 23.85088819 20.67809946 4.14174695
v 23.96749816 20.62449390 3.90865360
v 23.99013410 20.59245800 3.90865360
v 23.98150905 20.58636371 3.90865360
v 23.95887312 20.61839961 3.90865360
v 23.84820825 20.51619098 4.09346872
v 24.00245293 20.58468369 3.90865360
v 24.04111175 20.57803691 3.90865360
v 24.03932223 20.56762876 3.90865360
v 24.00066341 20.57427554 3.90865360
v 24.00171419 20.46464039 4.11760783
v 24.01752364 20.63366482 3.90865360
v 24.03985549 20.66591344 3.90865360
v 24.04853781 20.65990102 3.90865360
v 24.02620597 20.62765240 3.90865360
v 24.06093818 20.62745730 4.17267520
v 29.43045443 -5.50491157 0.71627502
v 29.37764461 -5.51184383 0.71627502
v 29.37577823 -5.49762580 0.71627502
v 29.42858805 -5.49069354 0.71627502
v 29.37578726 -5.29307611 0.96722509
v 29.36051130 -5.52172712 0.71627502
v 29.32807096 -5.56397114 0.71627502
v 29.31669756 -5.55523720 0.71627502
v 29.34913790 -5.51299318 0.71627502
v 29.21674666 -5.44490425 1.00000225
v 29.32294442 -5.58307476 0.71627502
v 29.32987668 -5.63588459 0.71627502
v 29.31565865 -5.63775096 0.71627502
v 29.30872639 -5.58494114 0.71627502
v 29.11110896 -5.63774193 1.03277940
v 29.33975997 -5.65301789 0.71627502
v 29.38200399 -5.68545823 0.71627502
v 29.37327005 -5.69683163 0.71627502
v 29.33102603 -5.66439129 0.71627502
v 29.26293710 -5.79678253 0.96722509
v 29.40110761 -5.69058477 0.71627502
v 29.45391744 -5.68365252 0.71627502
v 29.45578381 -5.69787055 0.71627502
v 29.40297399 -5.70480280 0.71627502
v 29.45577478 -5.90242023 1.00000225
v 29.47105074 -5.67376922 0.71627502
v 29.50349108 -5.63152520 0.71627502
v 29.51486448 -5.64025914 0.71627502
v 29.48242414 -5.68250316 0.71627502
v 29.61481538 -5.75059209 1.03277940
v 29.50861762 -5.61242158 0.71627502
v 29.50168537 -5.55961176 0.71627502
v 29.51590340 -5.55774538 0.71627502
v 29.52283565 -5.61055520 0.71627502
v 29.72045308 -5.55775441 0.96722509
v 29.49180207 -5.54247845 0.71627502
v 29.44955805 -5.51003811 0.71627502
v 29.45829199 -5.49866471 0.71627502
v 29.50053601 -5.53110505 0.71627502
v 29.56862494 -5.39871381 1.00000225
v 29.44271083 -5.59179603 0.71627502
v 29.39547977 -5.61641637 0.71627502
v 29.38885121 -5.60370031 0.71627502
v 29.43608227 -5.57907998 0.71627502
v 29.39447496 -5.55687515 1.07477512
v 14.58810240 -15.18464540 -0.10417372
v 14.57172573 -15.22360604 -0.10417372
v 14.56123632 -15.21919693 -0.10417372
v 14.57761300 -15.18023629 -0.10417372
v 14.42107454 -15.13735928 0.09494810
v 14.57164385 -15.23930032 -0.10417372
v 14.58761312 -15.27842970 -0.10417372
v 14.57707828 -15.28272913 -0.10417372
v 14.56110901 -15.24359974 -0.10417372
v 14.46148784 -15.30707994 0.12095585
v 14.59865276 -15.28958514 -0.10417372
v 14.63761340 -15.30596181 -0.10417372
v 14.63320429 -15.31645121 -0.10417372
v 14.59424366 -15.30007454 -0.10417372
v 14.55136665 -15.45661299 0.14696360
v 14.65330768 -15.30604368 -0.10417372
v 14.69243707 -15.29007441 -0.10417372
v 14.69673649 -15.30060925 -0.10417372
v 14.65760710 -15.31657852 -0.10417372
v 14.72108730 -15.41619970 0.09494810
v 14.70359250 -15.27903477 -0.10417372
v 14.71996917 -15.24007414 -0.10417372
v 14.73045857 -15.24448324 -0.10417372
v 14.71408190 -15.28344388 -0.10417372
v 14.87062035 -15.32632089 0.12095585
v 14.72005105 -15.22437985 -0.10417372
v 14.70408177 -15.18525047 -0.10417372
v 14.71461661 -15.18095105 -0.10417372
v 14.73058589 -15.22008043 -0.10417372
v 14.83020706 -15.15660023 0.14696360
v 14.69304214 -15.17409504 -0.10417372
v 14.65408150 -15.15771836 -0.10417372
v 14.65849060 -15.14722896 -0.10417372
v 14.69745124 -15.16360563 -0.10417372
v 14.74032825 -15.00706718 0.09494810
v 14.63838721 -15.15763649 -0.10417372
v 14.59925783 -15.17360576 -0.10417372
v 14.59495841 -15.16307092 -0.10417372
v 14.63408779 -15.14710165 -0.10417372
v 14.57060760 -15.04748048 0.12095585
v 14.65254226 -15.21100554 -0.10417372
v 14.65051797 -15.25321963 -0.10417372
v 14.63915264 -15.25267463 -0.10417372
v 14.64117693 -15.21046054 -0.10417372
v 14.60931603 -15.23008830 0.18028603
v -25.82641646 -0.12330143 3.92576267
v -25.83281908 -0.07143953 3.92576267
v -25.81885626 -0.06971575 3.92576267
v -25.81245364 -0.12157764 3.92576267
v -25.61818082 -0.07126747 4.17196703
v -25.84238595 -0.05455619 3.92576267
v -25.88358519 -0.02241163 3.92576267
v -25.87493088 -0.01131952 3.92576267
v -25.83373165 -0.04346408 3.92576267
v -25.76593373 0.08590609 4.20412434
v -25.90228832 -0.01723810 3.92576267
v -25.95415021 -0.02364072 3.92576267
v -25.95587399 -0.00967790 3.92576267
v -25.90401210 -0.00327528 3.92576267
v -25.95432227 0.19099755 4.23628164
v -25.97103356 -0.03320759 3.92576267
v -26.00317811 -0.07440683 3.92576267
v -26.01427022 -0.06575252 3.92576267
v -25.98212567 -0.02455328 3.92576267
v -26.11149584 0.04324463 4.17196703
v -26.00835165 -0.09310995 3.92576267
v -26.00194902 -0.14497185 3.92576267
v -26.01591184 -0.14669563 3.92576267
v -26.02231447 -0.09483374 3.92576267
v -26.21658729 -0.14514391 4.20412434
v -25.99238215 -0.16185520 3.92576267
v -25.95118292 -0.19399975 3.92576267
v -25.95983723 -0.20509186 3.92576267
v -26.00103646 -0.17294730 3.92576267
v -26.06883437 -0.30231748 4.23628164
v -25.93247979 -0.19917329 3.92576267
v -25.88061790 -0.19277066 3.92576267
v -25.87889411 -0.20673348 3.92576267
v -25.93075601 -0.21313610 3.92576267
v -25.88044583 -0.40740893 4.17196703
v -25.86373455 -0.18320379 3.92576267
v -25.83158999 -0.14200456 3.92576267
v -25.82049788 -0.15065886 3.92576267
v -25.85264244 -0.19185810 3.92576267
v -25.72327227 -0.25965601 4.20412434
v -25.91174777 -0.13467035 3.92576267
v -25.93554555 -0.08814813 3.92576267
v -25.92302034 -0.08174104 3.92576267
v -25.89922256 -0.12826325 3.92576267
v -25.87712446 -0.08761146 4.27748319
v -4.09564139 22.72844828 4.10847941
v -4.09122370 22.77956969 4.10847941
v -4.07746025 22.77838031 4.10847941
v -4.08187794 22.72725890 4.10847941
v -3.88501449 22.73599841 4.35023756
v -4.09697302 22.79773668 4.10847941
v -4.12999753 22.83700875 4.10847941
v -4.11942428 22.84589997 4.10847941
v -4.08639976 22.80662790 4.10847941
v -3.99491383 22.91708136 4.38181413
v -4.14690891 22.84578938 4.10847941
v -4.19803032 22.85020707 4.10847941
v -4.19684094 22.86397053 4.10847941
v -4.14571954 22.85955284 4.10847941
v -4.15445905 23.05641628 4.41339071
v -4.21619731 22.84445776 4.10847941
v -4.25546938 22.81143324 4.10847941
v -4.26436061 22.82200650 4.10847941
v -4.22508854 22.85503101 4.10847941
v -4.33554199 22.94651695 4.35023756
v -4.26425001 22.79452186 4.10847941
v -4.26866770 22.74340045 4.10847941
v -4.28243116 22.74458983 4.10847941
v -4.27801347 22.79571124 4.10847941
v -4.47487691 22.78697173 4.38181413
v -4.26291839 22.72523346 4.10847941
v -4.22989387 22.68596139 4.10847941
v -4.24046713 22.67707017 4.10847941
v -4.27349165 22.71634224 4.10847941
v -4.36497758 22.60588878 4.41339071
v -4.21298249 22.67718076 4.10847941
v -4.16186109 22.67276307 4.10847941
v -4.16305046 22.65899961 4.10847941
v -4.21417187 22.66341730 4.10847941
v -4.20543236 22.46655386 4.35023756
v -4.14369409 22.67851238 4.10847941
v -4.10442202 22.71153690 4.10847941
v -4.09553080 22.70096364 4.10847941
v -4.13480287 22.66793913 4.10847941
v -4.02434941 22.57645319 4.38181413
v -4.17992435 22.73491553 4.10847941
v -4.19330391 22.78445242 4.10847941
v -4.17996706 22.78805461 4.10847941
v -4.16658750 22.73851773 4.10847941
v -4.13707726 22.77306354 4.45384819
v -5.09001319 -19.90356037 -0.08739153
v -5.11400684 -19.86726091 -0.08739153
v -5.10423391 -19.86080108 -0.08739153
v -5.08024026 -19.89710054 -0.08739153
v -4.95401992 -19.78759037 0.11761974
v -5.12739739 -19.85821676 -0.08739153
v -5.17003105 -19.84951525 -0.08739153
v -5.16768833 -19.83803695 -0.08739153
v -5.12505467 -19.84673846 -0.08739153
v -5.12244233 -19.72514513 0.14439672
v -5.18589478 -19.85258861 -0.08739153
v -5.22219423 -19.87658226 -0.08739153
v -5.22865406 -19.86680933 -0.08739153
v -5.19235461 -19.84281568 -0.08739153
v -5.30186478 -19.71659534 0.17117370
v -5.23123838 -19.88997281 -0.08739153
v -5.23993990 -19.93260647 -0.08739153
v -5.25141820 -19.93026375 -0.08739153
v -5.24271668 -19.88763009 -0.08739153
v -5.36431002 -19.88501775 0.11761974
v -5.23686654 -19.94847020 -0.08739153
v -5.21287288 -19.98476965 -0.08739153
v -5.22264581 -19.99122948 -0.08739153
v -5.24663947 -19.95493003 -0.08739153
v -5.37285980 -20.06444020 0.14439672
v -5.19948234 -19.99381380 -0.08739153
v -5.15684867 -20.00251532 -0.08739153
v -5.15919139 -20.01399362 -0.08739153
v -5.20182505 -20.00529210 -0.08739153
v -5.20443739 -20.12688544 0.17117370
v -5.14098495 -19.99944196 -0.08739153
v -5.10468549 -19.97544831 -0.08739153
v -5.09822566 -19.98522124 -0.08739153
v -5.13452512 -20.00921489 -0.08739153
v -5.02501494 -20.13543522 0.11761974
v -5.09564134 -19.96205776 -0.08739153
v -5.08693982 -19.91942410 -0.08739153
v -5.07546152 -19.92176681 -0.08739153
v -5.08416304 -19.96440048 -0.08739153
v -4.96256971 -19.96701282 0.14439672
v -5.14942955 -19.94366061 -0.08739153
v -5.18441554 -19.91778926 -0.08739153
v -5.17745017 -19.90836995 -0.08739153
v -5.14246419 -19.93424131 -0.08739153
v -5.14105120 -19.89573895 0.20548170
v 8.99939646 -20.62624151 -0.25060952
v 8.99344184 -20.67692588 -0.25060952
v 8.97979604 -20.67532271 -0.25060952
v 8.98575067 -20.62463835 -0.25060952
v 8.78978287 -20.62730716 -0.01016578
v 8.99860173 -20.69516135 -0.25060952
v 9.03023044 -20.73521116 -0.25060952
v 9.01944779 -20.74372659 -0.25060952
v 8.98781909 -20.70367677 -0.25060952
v 8.89349645 -20.81068062 0.02123912
v 9.04677346 -20.74445699 -0.25060952
v 9.09745783 -20.75041161 -0.25060952
v 9.09585466 -20.76405740 -0.25060952
v 9.04517029 -20.75810278 -0.25060952
v 9.04783911 -20.95407058 0.05264402
v 9.11569329 -20.74525171 -0.25060952
v 9.15574311 -20.71362301 -0.25060952
v 9.16425853 -20.72440565 -0.25060952
v 9.12420872 -20.75603436 -0.25060952
v 9.23121257 -20.85035699 -0.01016578
v 9.16498893 -20.69707999 -0.25060952
v 9.17094355 -20.64639562 -0.25060952
v 9.18458935 -20.64799879 -0.25060952
v 9.17863472 -20.69868316 -0.25060952
v 9.37460252 -20.69601434 0.02123912
v 9.16578366 -20.62816015 -0.25060952
v 9.13415495 -20.58811034 -0.25060952
v 9.14493760 -20.57959491 -0.25060952
v 9.17656630 -20.61964473 -0.25060952
v 9.27088894 -20.51264088 0.05264402
v 9.11761193 -20.57886451 -0.25060952
v 9.06692756 -20.57290989 -0.25060952
v 9.06853073 -20.55926410 -0.25060952
v 9.11921510 -20.56521872 -0.25060952
v 9.11654628 -20.36925093 -0.01016578
v 9.04869210 -20.57806979 -0.25060952
v 9.00864229 -20.60969849 -0.25060952
v 9.00012686 -20.59891585 -0.25060952
v 9.04017667 -20.56728714 -0.25060952
v 8.93317282 -20.47296451 0.02123912
v 9.08298383 -20.63524751 -0.25060952
v 9.09476977 -20.68490085 -0.25060952
v 9.08140156 -20.68807400 -0.25060952
v 9.06961562 -20.63842065 -0.25060952
v 9.03922346 -20.67186013 0.09288154
v 26.07681502 -1.13422278 1.91781986
v 26.09977815 -1.19187065 1.91781986
v 26.08425757 -1.19805303 1.91781986
v 26.06129444 -1.14040516 1.91781986
v 25.85327065 -1.25666564 2.21018526
v 26.11584901 -1.20838565 1.91781986
v 26.17284959 -1.23291147 1.91781986
v 26.16624649 -1.24825779 1.91781986
v 26.10924590 -1.22373197 1.91781986
v 26.07030021 -1.39274649 2.24837176
v 26.19589127 -1.23322553 1.91781986
v 26.25353915 -1.21026240 1.91781986
v 26.25972153 -1.22578298 1.91781986
v 26.20207366 -1.24874612 1.91781986
v 26.31833413 -1.45676991 2.28655826
v 26.27005415 -1.19419155 1.91781986
v 26.29457996 -1.13719096 1.91781986
v 26.30992628 -1.14379407 1.91781986
v 26.28540047 -1.20079465 1.91781986
v 26.45441498 -1.23974035 2.21018526
v 26.29489403 -1.11414928 1.91781986
v 26.27193090 -1.05650141 1.91781986
v 26.28745148 -1.05031903 1.91781986
v 26.31041461 -1.10796690 1.91781986
v 26.51843840 -0.99170642 2.24837176
v 26.25586004 -1.03998641 1.91781986
v 26.19885946 -1.01546059 1.91781986
v 26.20546256 -1.00011427 1.91781986
v 26.26246315 -1.02464009 1.91781986
v 26.30140884 -0.85562557 2.28655826
v 26.17581778 -1.01514653 1.91781986
v 26.11816990 -1.03810966 1.91781986
v 26.11198752 -1.02258908 1.91781986
v 26.16963539 -0.99962595 1.91781986
v 26.05337492 -0.79160215 2.21018526
v 26.10165490 -1.05418052 1.91781986
v 26.07712909 -1.11118110 1.91781986
v 26.06178277 -1.10457799 1.91781986
v 26.08630858 -1.04757741 1.91781986
v 25.91729407 -1.00863171 2.24837176
v 26.17141524 -1.09548184 1.91781986
v 26.21275350 -1.14176068 1.91781986
v 26.20029381 -1.15289022 1.91781986
v 26.15895555 -1.10661138 1.91781986
v 26.14580554 -1.15995953 2.33548471
v 23.54340697 5.93361933 3.80813957
v 23.59006370 5.96648633 3.80813957
v 23.59891250 5.95392490 3.80813957
v 23.55225577 5.92105790 3.80813957
v 23.70073157 5.75983693 4.07703142
v 23.60140030 5.98439312 3.80813957
v 23.61115111 6.04062488 3.80813957
v 23.62629044 6.03799966 3.80813957
v 23.61653963 5.98176790 3.80813957
v 23.77605240 5.98306905 4.11215199
v 23.60650530 6.06130309 3.80813957
v 23.57363829 6.10795982 3.80813957
v 23.58619972 6.11680863 3.80813957
v 23.61906672 6.07015190 3.80813957
v 23.78028769 6.21862769 4.14727256
v 23.55573150 6.11929642 3.80813957
v 23.49949974 6.12904723 3.80813957
v 23.50212496 6.14418656 3.80813957
v 23.55835672 6.13443575 3.80813957
v 23.55705557 6.29394852 4.07703142
v 23.47882154 6.12440142 3.80813957
v 23.43216481 6.09153441 3.80813957
v 23.42331600 6.10409584 3.80813957
v 23.46997273 6.13696284 3.80813957
v 23.32149693 6.29818382 4.11215199
v 23.42082820 6.07362763 3.80813957
v 23.41107739 6.01739586 3.80813957
v 23.39593806 6.02002108 3.80813957
v 23.40568887 6.07625285 3.80813957
v 23.24617610 6.07495169 4.14727256
v 23.41572321 5.99671766 3.80813957
v 23.44859021 5.95006093 3.80813957
v 23.43602878 5.94121212 3.80813957
v 23.40316178 5.98786885 3.80813957
v 23.24194081 5.83939305 4.07703142
v 23.46649700 5.93872432 3.80813957
v 23.52272876 5.92897351 3.80813957
v 23.52010354 5.91383418 3.80813957
v 23.46387178 5.92358499 3.80813957
v 23.46517293 5.76407223 4.11215199
v 23.48852542 6.00995676 3.80813957
v 23.52108347 6.05682961 3.80813957
v 23.53370308 6.04806399 3.80813957
v 23.50114503 6.00119113 3.80813957
v 23.55167730 6.00083515 4.19227079
v 11.38225550 21.10896374 3.80733428
v 11.41826247 21.14316706 3.80733428
v 11.42747106 21.13347288 3.80733428
v 11.39146409 21.09926956 3.80733428
v 11.53970329 20.97926775 4.04132130
v 11.42575536 21.16001886 3.80733428
v 11.42703073 21.20966503 3.80733428
v 11.44039702 21.20932166 3.80733428
v 11.43912164 21.15967549 3.80733428
v 11.57628630 21.18099130 4.07188287
v 11.42041298 21.22687933 3.80733428
v 11.38620966 21.26288630 3.80733428
v 11.39590385 21.27209489 3.80733428
v 11.43010717 21.23608791 3.80733428
v 11.55010897 21.38432711 4.10244444
v 11.36935786 21.27037918 3.80733428
v 11.31971169 21.27165456 3.80733428
v 11.32005506 21.28502084 3.80733428
v 11.36970123 21.28374547 3.80733428
v 11.34838543 21.42091012 4.04132130
v 11.30249739 21.26503681 3.80733428
v 11.26649042 21.23083349 3.80733428
v 11.25728184 21.24052767 3.80733428
v 11.29328881 21.27473099 3.80733428
v 11.14504961 21.39473280 4.07188287
v 11.25899754 21.21398169 3.80733428
v 11.25772216 21.16433552 3.80733428
v 11.24435588 21.16467889 3.80733428
v 11.24563126 21.21432506 3.80733428
v 11.10846660 21.19300925 4.10244444
v 11.26433991 21.14712122 3.80733428
v 11.29854323 21.11111425 3.80733428
v 11.28884905 21.10190566 3.80733428
v 11.25464573 21.13791264 3.80733428
v 11.13464392 20.98967344 4.04132130
v 11.31539504 21.10362137 3.80733428
v 11.36504121 21.10234599 3.80733428
v 11.36469784 21.08897971 3.80733428
v 11.31505167 21.09025508 3.80733428
v 11.33636747 20.95309043 4.07188287
v 11.32534138 21.16773651 3.80733428
v 11.34743711 21.21221289 3.80733428
v 11.35941152 21.20626404 3.80733428
v 11.33731579 21.16178766 3.80733428
v 11.38086562 21.16787898 4.14160145
v -18.84191459 11.24093848 4.02330518
v -18.81065276 11.21200578 4.02330518
v -18.81844233 11.20358914 4.02330518
v -18.84970416 11.23252184 4.02330518
v -18.94424006 11.09902006 4.22399698
v -18.79581548 11.20652198 4.02330518
v -18.75325153 11.20816893 4.02330518
v -18.75280812 11.19670939 4.02330518
v -18.79537208 11.19506245 4.02330518
v -18.76956101 11.07883504 4.25020978
v -18.73888236 11.21478282 4.02330518
v -18.70994966 11.24604465 4.02330518
v -18.70153301 11.23825508 4.02330518
v -18.73046571 11.20699325 4.02330518
v -18.59696394 11.11245735 4.27642259
v -18.70446586 11.26088192 4.02330518
v -18.70611280 11.30344588 4.02330518
v -18.69465326 11.30388929 4.02330518
v -18.69300632 11.26132533 4.02330518
v -18.57677891 11.28713640 4.22399698
v -18.71272670 11.31781505 4.02330518
v -18.74398852 11.34674775 4.02330518
v -18.73619895 11.35516440 4.02330518
v -18.70493712 11.32623170 4.02330518
v -18.61040122 11.45973347 4.25020978
v -18.75882580 11.35223155 4.02330518
v -18.80138975 11.35058461 4.02330518
v -18.80183316 11.36204414 4.02330518
v -18.75926920 11.36369109 4.02330518
v -18.78508027 11.47991850 4.27642259
v -18.81575892 11.34397071 4.02330518
v -18.84469162 11.31270888 4.02330518
v -18.85310827 11.32049846 4.02330518
v -18.82417557 11.35176029 4.02330518
v -18.95767734 11.44629619 4.22399698
v -18.85017543 11.29787161 4.02330518
v -18.84852848 11.25530766 4.02330518
v -18.85998802 11.25486425 4.02330518
v -18.86163496 11.29742820 4.02330518
v -18.97786237 11.27161713 4.25020978
v -18.79474874 11.29289496 4.02330518
v -18.75546127 11.27643597 4.02330518
v -18.75989254 11.26585858 4.02330518
v -18.79918001 11.28231756 4.02330518
v -18.79156398 11.24537800 4.31000775
v 25.94214422 -10.50743667 0.04226053
v 25.98459174 -10.55827409 0.04226053
v 25.97090474 -10.56970226 0.04226053
v 25.92845722 -10.51886484 0.04226053
v 25.75610773 -10.70591063 0.35429939
v 26.00637962 -10.56968353 0.04226053
v 26.07234202 -10.57561609 0.04226053
v 26.07074480 -10.59337521 0.04226053
v 26.00478239 -10.58744265 0.04226053
v 26.02144906 -10.77180555 0.39505549
v 26.09581608 -10.56827743 0.04226053
v 26.14665350 -10.52582992 0.04226053
v 26.15808168 -10.53951691 0.04226053
v 26.10724426 -10.58196443 0.04226053
v 26.29429005 -10.75431392 0.43581158
v 26.15806295 -10.50404203 0.04226053
v 26.16399550 -10.43807963 0.04226053
v 26.18175462 -10.43967686 0.04226053
v 26.17582207 -10.50563926 0.04226053
v 26.36018497 -10.48897259 0.35429939
v 26.15665685 -10.41460557 0.04226053
v 26.11420933 -10.36376815 0.04226053
v 26.12789633 -10.35233997 0.04226053
v 26.17034385 -10.40317739 0.04226053
v 26.34269334 -10.21613160 0.39505549
v 26.09242145 -10.35235871 0.04226053
v 26.02645904 -10.34642615 0.04226053
v 26.02805627 -10.32866703 0.04226053
v 26.09401868 -10.33459959 0.04226053
v 26.07735201 -10.15023669 0.43581158
v 26.00298499 -10.35376480 0.04226053
v 25.95214757 -10.39621232 0.04226053
v 25.94071939 -10.38252532 0.04226053
v 25.99155681 -10.34007781 0.04226053
v 25.80451102 -10.16772831 0.35429939
v 25.94073812 -10.41800020 0.04226053
v 25.93480556 -10.48396261 0.04226053
v 25.91704644 -10.48236538 0.04226053
v 25.92297900 -10.41640298 0.04226053
v 25.73861610 -10.43306965 0.39505549
v 26.02521674 -10.43670677 0.04226053
v 26.08252282 -10.46990691 0.04226053
v 26.07358432 -10.48533547 0.04226053
v 26.01627825 -10.45213533 0.04226053
v 26.02066966 -10.51061291 0.48803033
v 25.30511369 12.04809201 3.95912512
v 25.26468659 12.05897229 3.95912512
v 25.26761589 12.06985651 3.95912512
v 25.30804300 12.05897623 3.95912512
v 25.32925820 12.21835034 4.15637666
v 25.24927028 12.05696001 3.95912512
v 25.21299048 12.03606725 3.95912512
v 25.20736551 12.04583489 3.95912512
v 25.24364530 12.06672765 3.95912512
v 25.16805032 12.15605072 4.18214013
v 25.20351240 12.02374338 3.95912512
v 25.19263212 11.98331627 3.95912512
v 25.18174790 11.98624558 3.95912512
v 25.19262818 12.02667269 3.95912512
v 25.03325406 12.04788789 4.20790360
v 25.19464440 11.96789997 3.95912512
v 25.21553716 11.93162017 3.95912512
v 25.20576951 11.92599519 3.95912512
v 25.18487675 11.96227499 3.95912512
v 25.09555369 11.88668000 4.15637666
v 25.22786102 11.92214209 3.95912512
v 25.26828813 11.91126181 3.95912512
v 25.26535882 11.90037758 3.95912512
v 25.22493172 11.91125786 3.95912512
v 25.20371651 11.75188375 4.18214013
v 25.28370444 11.91327408 3.95912512
v 25.31998423 11.93416684 3.95912512
v 25.32560921 11.92439920 3.95912512
v 25.28932941 11.90350644 3.95912512
v 25.36492440 11.81418338 4.20790360
v 25.32946232 11.94649071 3.95912512
v 25.34034260 11.98691782 3.95912512
v 25.35122682 11.98398851 3.95912512
v 25.34034654 11.94356141 3.95912512
v 25.49972065 11.92234620 4.15637666
v 25.33833032 12.00233412 3.95912512
v 25.31743756 12.03861392 3.95912512
v 25.32720520 12.04423890 3.95912512
v 25.34809796 12.00795910 3.95912512
v 25.43742103 12.08355409 4.18214013
v 25.28783107 11.98132351 3.95912512
v 25.24612412 11.97768179 3.95912512
v 25.24514365 11.98891058 3.95912512
v 25.28685060 11.99255230 3.95912512
v 25.26333586 12.02120959 4.24091304
v -9.45658785 -1.04066075 3.41687829
v -9.42066977 -1.06765495 3.41687829
v -9.42793744 -1.07732520 3.41687829
v -9.46385552 -1.05033100 3.41687829
v -9.54868208 -1.20059310 3.62857245
v -9.40451047 -1.07181196 3.41687829
v -9.36002478 -1.06550182 3.41687829
v -9.35832589 -1.07747875 3.41687829
v -9.40281159 -1.08378888 3.41687829
v -9.36321586 -1.20296949 3.65622230
v -9.34565897 -1.05701493 3.41687829
v -9.31866477 -1.02109685 3.41687829
v -9.30899452 -1.02836452 3.41687829
v -9.33598872 -1.06428260 3.41687829
v -9.18572662 -1.14910916 3.68387215
v -9.31450776 -1.00493755 3.41687829
v -9.32081790 -0.96045186 3.41687829
v -9.30884097 -0.95875297 3.41687829
v -9.30253083 -1.00323867 3.41687829
v -9.18335023 -0.96364294 3.62857245
v -9.32930479 -0.94608605 3.41687829
v -9.36522287 -0.91909185 3.41687829
v -9.35795520 -0.90942160 3.41687829
v -9.32203712 -0.93641580 3.41687829
v -9.23721056 -0.78615370 3.65622230
v -9.38138217 -0.91493484 3.41687829
v -9.42586786 -0.92124498 3.41687829
v -9.42756675 -0.90926805 3.41687829
v -9.38308105 -0.90295792 3.41687829
v -9.42267678 -0.78377731 3.68387215
v -9.44023367 -0.92973187 3.41687829
v -9.46722786 -0.96564995 3.41687829
v -9.47689812 -0.95838228 3.41687829
v -9.44990392 -0.92246420 3.41687829
v -9.60016602 -0.83763764 3.62857245
v -9.47138488 -0.98180925 3.41687829
v -9.46507474 -1.02629494 3.41687829
v -9.47705167 -1.02799383 3.41687829
v -9.48336180 -0.98350813 3.41687829
v -9.60254241 -1.02310386 3.65622230
v -9.41268911 -0.98106468 3.41687829
v -9.36969239 -0.99410608 3.41687829
v -9.37320353 -1.00568212 3.41687829
v -9.41620025 -0.99264072 3.41687829
v -9.40423213 -1.03058210 3.71929852
v -12.54700139 -17.14237035 -0.19683044
v -12.56513064 -17.08685886 -0.19683044
v -12.55018524 -17.08197791 -0.19683044
v -12.53205599 -17.13748940 -0.19683044
v -12.32974993 -17.04070305 0.07830871
v -12.57923944 -17.07038987 -0.19683044
v -12.63131130 -17.04395664 -0.19683044
v -12.62419466 -17.02993728 -0.19683044
v -12.57212279 -17.05637052 -0.19683044
v -12.52546733 -16.89995626 0.11424525
v -12.65293306 -17.04228773 -0.19683044
v -12.70844456 -17.06041698 -0.19683044
v -12.71332551 -17.04547157 -0.19683044
v -12.65781402 -17.02734232 -0.19683044
v -12.75460037 -16.82503626 0.15018179
v -12.72491354 -17.07452578 -0.19683044
v -12.75134678 -17.12659764 -0.19683044
v -12.76536614 -17.11948100 -0.19683044
v -12.73893290 -17.06740913 -0.19683044
v -12.89534715 -17.02075367 0.07830871
v -12.75301569 -17.14821940 -0.19683044
v -12.73488644 -17.20373089 -0.19683044
v -12.74983184 -17.20861185 -0.19683044
v -12.76796109 -17.15310035 -0.19683044
v -12.97026715 -17.24988671 0.11424525
v -12.72077764 -17.22019988 -0.19683044
v -12.66870578 -17.24663312 -0.19683044
v -12.67582242 -17.26065247 -0.19683044
v -12.72789429 -17.23421924 -0.19683044
v -12.77454975 -17.39063349 0.15018179
v -12.64708402 -17.24830203 -0.19683044
v -12.59157252 -17.23017278 -0.19683044
v -12.58669157 -17.24511818 -0.19683044
v -12.64220306 -17.26324743 -0.19683044
v -12.54541671 -17.46555349 0.07830871
v -12.57510353 -17.21606398 -0.19683044
v -12.54867030 -17.16399211 -0.19683044
v -12.53465094 -17.17110876 -0.19683044
v -12.56108418 -17.22318062 -0.19683044
v -12.40466993 -17.26983609 0.11424525
v -12.63815891 -17.17311452 -0.19683044
v -12.67422380 -17.12718501 -0.19683044
v -12.66185817 -17.11747523 -0.19683044
v -12.62579328 -17.16340474 -0.19683044
v -12.61026186 -17.11408488 0.19622548
v -28.37557421 -0.76330295 3.71005393
v -28.43409221 -0.77531075 3.71005393
v -28.43732508 -0.75955590 3.71005393
v -28.37880707 -0.74754810 3.71005393
v -28.45378807 -0.53073344 3.99150848
v -28.45246263 -0.78774661 3.71005393
v -28.48535031 -0.83761587 3.71005393
v -28.49877666 -0.82876149 3.71005393
v -28.46588898 -0.77889222 3.71005393
v -28.61947331 -0.71338573 4.02826989
v -28.48954669 -0.85939920 3.71005393
v -28.47753889 -0.91791721 3.71005393
v -28.49329374 -0.92115008 3.71005393
v -28.50530154 -0.86263207 3.71005393
v -28.72211620 -0.93761307 4.06503130
v -28.46510304 -0.93628763 3.71005393
v -28.41523377 -0.96917531 3.71005393
v -28.42408815 -0.98260166 3.71005393
v -28.47395742 -0.94971398 3.71005393
v -28.53946391 -1.10329831 3.99150848
v -28.39345044 -0.97337169 3.71005393
v -28.33493243 -0.96136389 3.71005393
v -28.33169957 -0.97711874 3.71005393
v -28.39021757 -0.98912653 3.71005393
v -28.31523658 -1.20594119 4.02826989
v -28.31656201 -0.94892803 3.71005393
v -28.28367433 -0.89905876 3.71005393
v -28.27024798 -0.90791314 3.71005393
v -28.30313566 -0.95778241 3.71005393
v -28.14955133 -1.02328891 4.06503130
v -28.27947795 -0.87727544 3.71005393
v -28.29148575 -0.81875743 3.71005393
v -28.27573090 -0.81552456 3.71005393
v -28.26372311 -0.87404257 3.71005393
v -28.04690845 -0.79906157 3.99150848
v -28.30392161 -0.80038701 3.71005393
v -28.35379088 -0.76749933 3.71005393
v -28.34493650 -0.75407298 3.71005393
v -28.29506723 -0.78696066 3.71005393
v -28.22956074 -0.63337633 4.02826989
v -28.35486635 -0.85951014 3.71005393
v -28.40571913 -0.89085563 3.71005393
v -28.41415830 -0.87716450 3.71005393
v -28.36330552 -0.84581901 3.71005393
v -28.41163823 -0.82433012 4.11213186
v 21.18617096 -11.99320293 -0.06529582
v 21.21832079 -11.96632931 -0.06529582
v 21.22555599 -11.97498504 -0.06529582
v 21.19340616 -12.00185865 -0.06529582
v 21.31180752 -12.11083848 0.13212845
v 21.22553197 -11.95254040 -0.06529582
v 21.22926281 -11.91080453 -0.06529582
v 21.24049940 -11.91180899 -0.06529582
v 21.23676855 -11.95354486 -0.06529582
v 21.35340762 -11.94293675 0.15791448
v 21.22461166 -11.89595522 -0.06529582
v 21.19773804 -11.86380539 -0.06529582
v 21.20639377 -11.85657019 -0.06529582
v 21.23326738 -11.88872001 -0.06529582
v 21.34224721 -11.77031866 0.18370050
v 21.18394913 -11.85659421 -0.06529582
v 21.14221326 -11.85286337 -0.06529582
v 21.14321772 -11.84162678 -0.06529582
v 21.18495359 -11.84535763 -0.06529582
v 21.17434548 -11.72871856 0.13212845
v 21.12736395 -11.85751452 -0.06529582
v 21.09521412 -11.88438813 -0.06529582
v 21.08797892 -11.87573241 -0.06529582
v 21.12012874 -11.84885880 -0.06529582
v 21.00172739 -11.73987896 0.15791448
v 21.08800294 -11.89817705 -0.06529582
v 21.08427210 -11.93991292 -0.06529582
v 21.07303551 -11.93890846 -0.06529582
v 21.07676636 -11.89717259 -0.06529582
v 20.96012729 -11.90778070 0.18370050
v 21.08892325 -11.95476223 -0.06529582
v 21.11579686 -11.98691206 -0.06529582
v 21.10714114 -11.99414726 -0.06529582
v 21.08026753 -11.96199743 -0.06529582
v 20.97128769 -12.08039879 0.13212845
v 21.12958578 -11.99412324 -0.06529582
v 21.17132165 -11.99785408 -0.06529582
v 21.17031719 -12.00909067 -0.06529582
v 21.12858132 -12.00535982 -0.06529582
v 21.13918943 -12.12199889 0.15791448
v 21.14139228 -11.94066794 -0.06529582
v 21.16237805 -11.90439950 -0.06529582
v 21.17214263 -11.91004951 -0.06529582
v 21.15115686 -11.94631795 -0.06529582
v 21.18815360 -11.94351948 0.21673885
v -17.08980462 11.50317397 3.91070634
v -17.04845873 11.52071134 3.91070634
v -17.04373713 11.50957976 3.91070634
v -17.08508302 11.49204238 3.91070634
v -16.99763313 11.34337863 4.12230858
v -17.03676569 11.53260397 3.91070634
v -17.01993053 11.57424073 3.91070634
v -17.00872063 11.56970819 3.91070634
v -17.02555579 11.52807143 3.91070634
v -16.90263712 11.50259312 4.14994642
v -17.02007166 11.59091832 3.91070634
v -17.03760904 11.63226421 3.91070634
v -17.02647745 11.63698581 3.91070634
v -17.00894007 11.59563992 3.91070634
v -16.86027633 11.68308981 4.17758426
v -17.04950167 11.64395725 3.91070634
v -17.09113842 11.66079241 3.91070634
v -17.08660588 11.67200231 3.91070634
v -17.04496912 11.65516715 3.91070634
v -17.01949081 11.77808582 4.12230858
v -17.10781601 11.66065128 3.91070634
v -17.14916190 11.64311391 3.91070634
v -17.15388350 11.65424549 3.91070634
v -17.11253761 11.67178287 3.91070634
v -17.19998750 11.82044661 4.14994642
v -17.16085494 11.63122127 3.91070634
v -17.17769010 11.58958452 3.91070634
v -17.18890001 11.59411706 3.91070634
v -17.17206485 11.63575382 3.91070634
v -17.29498351 11.66123213 4.17758426
v -17.17754898 11.57290693 3.91070634
v -17.16001160 11.53156104 3.91070634
v -17.17114318 11.52683944 3.91070634
v -17.18868056 11.56818533 3.91070634
v -17.33734431 11.48073544 4.12230858
v -17.14811897 11.51986800 3.91070634
v -17.10648221 11.50303284 3.91070634
v -17.11101476 11.49182294 3.91070634
v -17.15265151 11.50865810 3.91070634
v -17.17812982 11.38573943 4.14994642
v -17.11934933 11.57100569 3.91070634
v -17.08652365 11.60165724 3.91070634
v -17.07827130 11.59281956 3.91070634
v -17.11109699 11.56216801 3.91070634
v -17.07228494 11.55350579 4.21299525
v -24.35739143 -2.89867738 2.24430060
v -24.31209929 -2.88302254 2.24430060
v -24.30788453 -2.89521658 2.24430060
v -24.35317667 -2.91087142 2.24430060
v -24.27092179 -3.07550254 2.47008371
v -24.29878480 -2.87121498 2.24430060
v -24.27782806 -2.82811896 2.24430060
v -24.26622528 -2.83376116 2.24430060
v -24.28718202 -2.87685718 2.24430060
v -24.15818959 -2.91294020 2.49957374
v -24.27676250 -2.81035499 2.24430060
v -24.29241734 -2.76506284 2.24430060
v -24.28022330 -2.76084808 2.24430060
v -24.26456846 -2.80614022 2.24430060
v -24.09993734 -2.72388534 2.52906378
v -24.30422490 -2.75174836 2.24430060
v -24.34732092 -2.73079162 2.24430060
v -24.34167872 -2.71918884 2.24430060
v -24.29858270 -2.74014557 2.24430060
v -24.26249968 -2.61115314 2.47008371
v -24.36508489 -2.72972606 2.24430060
v -24.41037704 -2.74538089 2.24430060
v -24.41459180 -2.73318685 2.24430060
v -24.36929966 -2.71753202 2.24430060
v -24.45155454 -2.55290089 2.49957374
v -24.42369153 -2.75718846 2.24430060
v -24.44464826 -2.80028448 2.24430060
v -24.45625105 -2.79464227 2.24430060
v -24.43529431 -2.75154625 2.24430060
v -24.56428674 -2.71546323 2.52906378
v -24.44571383 -2.81804845 2.24430060
v -24.43005899 -2.86334059 2.24430060
v -24.44225303 -2.86755536 2.24430060
v -24.45790786 -2.82226321 2.24430060
v -24.62253899 -2.90451809 2.47008371
v -24.41825142 -2.87665508 2.24430060
v -24.37515540 -2.89761182 2.24430060
v -24.38079761 -2.90921460 2.24430060
v -24.42389363 -2.88825786 2.24430060
v -24.45997665 -3.01725029 2.49957374
v -24.38389754 -2.82431511 2.24430060
v -24.34671933 -2.79407881 2.24430060
v -24.33857879 -2.80408832 2.24430060
v -24.37575699 -2.83432463 2.24430060
v -24.33507213 -2.84637515 2.56684789
v -17.49265140 12.16606949 3.97278758
v -17.51476346 12.11907640 3.97278758
v -17.52741544 12.12502965 3.97278758
v -17.50530338 12.17202273 3.97278758
v -17.69529463 12.23272211 4.21748356
v -17.51567157 12.09981120 3.97278758
v -17.49807803 12.05094649 3.97278758
v -17.51123393 12.04620976 3.97278758
v -17.52882747 12.09507448 3.97278758
v -17.65440867 12.02225988 4.24944385
v -17.48509762 12.03668180 3.97278758
v -17.43810453 12.01456974 3.97278758
v -17.44405778 12.00191775 3.97278758
v -17.49105087 12.02402982 3.97278758
v -17.55175025 11.83403857 4.28140414
v -17.41883934 12.01366162 3.97278758
v -17.36997462 12.03125517 3.97278758
v -17.36523790 12.01809927 3.97278758
v -17.41410261 12.00050573 3.97278758
v -17.34128802 11.87492453 4.21748356
v -17.35570994 12.04423558 3.97278758
v -17.33359787 12.09122866 3.97278758
v -17.32094589 12.08527542 3.97278758
v -17.34305795 12.03828233 3.97278758
v -17.15306670 11.97758295 4.24944385
v -17.33268976 12.11049386 3.97278758
v -17.35028330 12.15935858 3.97278758
v -17.33712741 12.16409530 3.97278758
v -17.31953387 12.11523059 3.97278758
v -17.19395267 12.18804518 4.28140414
v -17.36326371 12.17362326 3.97278758
v -17.41025680 12.19573532 3.97278758
v -17.40430355 12.20838731 3.97278758
v -17.35731047 12.18627525 3.97278758
v -17.29661108 12.37626649 4.21748356
v -17.42952200 12.19664344 3.97278758
v -17.47838671 12.17904990 3.97278758
v -17.48312344 12.19220579 3.97278758
v -17.43425872 12.20979933 3.97278758
v -17.50707332 12.33538053 4.24944385
v -17.41488870 12.13038864 3.97278758
v -17.41954635 12.07866244 3.97278758
v -17.43347264 12.07991642 3.97278758
v -17.42881499 12.13164262 3.97278758
v -17.46894372 12.10918318 4.32235327
v 9.34410903 16.91838602 4.18469734
v 9.34370060 16.86284580 4.18469734
v 9.32874746 16.86295577 4.18469734
v 9.32915589 16.91849598 4.18469734
v 9.11747164 16.89228104 4.44638426
v 9.35145341 16.84373253 4.18469734
v 9.39043746 16.80417087 4.18469734
v 9.37978624 16.79367516 4.18469734
v 9.34080218 16.83323682 4.18469734
v 9.25149964 16.70624983 4.48056378
v 9.40943465 16.79613781 4.18469734
v 9.46497486 16.79572938 4.18469734
v 9.46486490 16.78077625 4.18469734
v 9.40932469 16.78118467 4.18469734
v 9.43553962 16.56950042 4.51474330
v 9.48408813 16.80348219 4.18469734
v 9.52364979 16.84246625 4.18469734
v 9.53414550 16.83181502 4.18469734
v 9.49458384 16.79283097 4.18469734
v 9.62157083 16.70352843 4.44638426
v 9.53168286 16.86146343 4.18469734
v 9.53209128 16.91700364 4.18469734
v 9.54704442 16.91689368 4.18469734
v 9.54663599 16.86135347 4.18469734
v 9.75832024 16.88756841 4.48056378
v 9.52433847 16.93611691 4.18469734
v 9.48535442 16.97567857 4.18469734
v 9.49600564 16.98617429 4.18469734
v 9.53498970 16.94661263 4.18469734
v 9.62429224 17.07359961 4.51474330
v 9.46635723 16.98371164 4.18469734
v 9.41081702 16.98412007 4.18469734
v 9.41092698 16.99907320 4.18469734
v 9.46646719 16.99866477 4.18469734
v 9.44025226 17.21034903 4.44638426
v 9.39170375 16.97636726 4.18469734
v 9.35214209 16.93738320 4.18469734
v 9.34164638 16.94803442 4.18469734
v 9.38120804 16.98701848 4.18469734
v 9.25422105 17.07632102 4.48056378
v 9.43560761 16.91859328 4.18469734
v 9.45426855 16.86628027 4.18469734
v 9.44018428 16.86125616 4.18469734
v 9.42152333 16.91356918 4.18469734
v 9.39262507 16.87377583 4.55853580
v 25.72784909 18.88555666 3.90736439
v 25.67878063 18.87247989 3.90736439
v 25.67525996 18.88569063 3.90736439
v 25.72432842 18.89876740 3.90736439
v 25.65000185 19.07906662 4.14662130
v 25.66380416 18.86102017 3.90736439
v 25.63835420 18.81707685 3.90736439
v 25.62652330 18.82392877 3.90736439
v 25.65197326 18.86787209 3.90736439
v 25.51840416 18.91588783 4.17787118
v 25.63586747 18.79838364 3.90736439
v 25.64894424 18.74931518 3.90736439
v 25.63573351 18.74579451 3.90736439
v 25.62265673 18.79486297 3.90736439
v 25.44235751 18.72053640 4.20912107
v 25.66040396 18.73433871 3.90736439
v 25.70434728 18.70888875 3.90736439
v 25.69749536 18.69705785 3.90736439
v 25.65355205 18.72250781 3.90736439
v 25.60553631 18.58893871 4.14662130
v 25.72304049 18.70640202 3.90736439
v 25.77210895 18.71947879 3.90736439
v 25.77562962 18.70626806 3.90736439
v 25.72656116 18.69319128 3.90736439
v 25.80088773 18.51289206 4.17787118
v 25.78708543 18.73093851 3.90736439
v 25.81253539 18.77488183 3.90736439
v 25.82436629 18.76802991 3.90736439
v 25.79891632 18.72408660 3.90736439
v 25.93248543 18.67607086 4.20912107
v 25.81502211 18.79357504 3.90736439
v 25.80194534 18.84264350 3.90736439
v 25.81515608 18.84616417 3.90736439
v 25.82823285 18.79709571 3.90736439
v 26.00853207 18.87142228 4.14662130
v 25.79048562 18.85761997 3.90736439
v 25.74654230 18.88306994 3.90736439
v 25.75339422 18.89490084 3.90736439
v 25.79733754 18.86945087 3.90736439
v 25.84535328 19.00301998 4.17787118
v 25.75016816 18.80493277 3.90736439
v 25.70855858 18.77582334 3.90736439
v 25.70072142 18.78702592 3.90736439
v 25.74233101 18.81613535 3.90736439
v 25.70025394 18.83198763 4.24915998
v -27.56073367 -22.31111065 0.10655867
v -27.55333530 -22.25981886 0.10655867
v -27.53952598 -22.26181073 0.10655867
v -27.54692434 -22.31310251 0.10655867
v -27.34792181 -22.31562731 0.35072291
v -27.55808619 -22.24116982 0.10655867
v -27.58912353 -22.19966962 0.10655867
v -27.57795039 -22.19131341 0.10655867
v -27.54691306 -22.23281361 0.10655867
v -27.44830617 -22.12671083 0.38261374
v -27.60566977 -22.18984214 0.10655867
v -27.65696156 -22.18244378 0.10655867
v -27.65496969 -22.16863445 0.10655867
v -27.60367791 -22.17603282 0.10655867
v -27.60115312 -21.97703029 0.41450458
v -27.67561060 -22.18719467 0.10655867
v -27.71711080 -22.21823201 0.10655867
v -27.72546701 -22.20705887 0.10655867
v -27.68396681 -22.17602153 0.10655867
v -27.79006959 -22.07741465 0.35072291
v -27.72693828 -22.23477825 0.10655867
v -27.73433664 -22.28607004 0.10655867
v -27.74814597 -22.28407817 0.10655867
v -27.74074761 -22.23278638 0.10655867
v -27.93975013 -22.23026159 0.38261374
v -27.72958575 -22.30471908 0.10655867
v -27.69854841 -22.34621928 0.10655867
v -27.70972155 -22.35457549 0.10655867
v -27.74075889 -22.31307529 0.10655867
v -27.83936577 -22.41917807 0.41450458
v -27.68200217 -22.35604676 0.10655867
v -27.63071038 -22.36344512 0.10655867
v -27.63270225 -22.37725445 0.10655867
v -27.68399404 -22.36985608 0.10655867
v -27.68651883 -22.56885861 0.35072291
v -27.61206135 -22.35869423 0.10655867
v -27.57056115 -22.32765689 0.10655867
v -27.56220493 -22.33883003 0.10655867
v -27.60370513 -22.36986737 0.10655867
v -27.49760236 -22.46847425 0.38261374
v -27.64534452 -22.29973599 0.10655867
v -27.65598254 -22.24901699 0.10655867
v -27.64232742 -22.24615291 0.10655867
v -27.63168941 -22.29687191 0.10655867
v -27.59994454 -22.26373847 0.45536472
v -6.00387946 3.14016012 4.20283343
v -6.02399968 3.19933543 4.20283343
v -6.00806787 3.20475241 4.20283343
v -5.98794764 3.14557710 4.20283343
v -5.77268638 3.25177640 4.49731554
v -6.03931224 3.21677849 4.20283343
v -6.09538264 3.24439460 4.20283343
v -6.08794753 3.25949049 4.20283343
v -6.03187713 3.23187438 4.20283343
v -5.98396802 3.39987606 4.53577851
v -6.11854436 3.24590111 4.20283343
v -6.17771967 3.22578088 4.20283343
v -6.18313666 3.24171269 4.20283343
v -6.12396135 3.26183292 4.20283343
v -6.23016064 3.47709418 4.57424148
v -6.19516273 3.21046832 4.20283343
v -6.22277884 3.15439792 4.20283343
v -6.23787473 3.16183303 4.20283343
v -6.21025862 3.21790344 4.20283343
v -6.37826030 3.26581254 4.49731554
v -6.22428535 3.13123620 4.20283343
v -6.20416512 3.07206089 4.20283343
v -6.22009693 3.06664390 4.20283343
v -6.24021716 3.12581921 4.20283343
v -6.45547842 3.01961992 4.53577851
v -6.18885257 3.05461783 4.20283343
v -6.13278216 3.02700172 4.20283343
v -6.14021727 3.01190583 4.20283343
v -6.19628768 3.03952194 4.20283343
v -6.24419678 2.87152026 4.57424148
v -6.10962044 3.02549521 4.20283343
v -6.05044513 3.04561544 4.20283343
v -6.04502815 3.02968363 4.20283343
v -6.10420346 3.00956340 4.20283343
v -5.99800417 2.79430214 4.49731554
v -6.03300207 3.06092800 4.20283343
v -6.00538596 3.11699840 4.20283343
v -5.99029007 3.10956329 4.20283343
v -6.01790618 3.05349288 4.20283343
v -5.84990450 3.00558378 4.53577851
v -6.10104089 3.10607813 4.20283343
v -6.14023236 3.15476663 4.20283343
v -6.12712392 3.16531819 4.20283343
v -6.08793244 3.11662968 4.20283343
v -6.07194813 3.16961386 4.62352217
v 32.61291570 17.22162844 3.98086216
v 32.58343925 17.18604353 3.98086216
v 32.57385870 17.19397950 3.98086216
v 32.60333515 17.22956441 3.98086216
v 32.45310052 17.32400922 4.19857131
v 32.57838325 17.16964578 3.98086216
v 32.58270259 17.12364045 3.98086216
v 32.57031653 17.12247755 3.98086216
v 32.56599720 17.16848288 3.98086216
v 32.44164220 17.13360205 4.22700679
v 32.59072241 17.10847036 3.98086216
v 32.62630732 17.07899390 3.98086216
v 32.61837136 17.06941335 3.98086216
v 32.58278644 17.09888981 3.98086216
v 32.48834163 16.94865518 4.25544227
v 32.64270507 17.07393791 3.98086216
v 32.68871040 17.07825724 3.98086216
v 32.68987330 17.06587118 3.98086216
v 32.64386797 17.06155185 3.98086216
v 32.67874880 16.93719685 4.19857131
v 32.70388049 17.08627707 3.98086216
v 32.73335695 17.12186198 3.98086216
v 32.74293750 17.11392601 3.98086216
v 32.71346105 17.07834110 3.98086216
v 32.86369568 16.98389628 4.22700679
v 32.73841294 17.13825973 3.98086216
v 32.73409361 17.18426506 3.98086216
v 32.74647967 17.18542796 3.98086216
v 32.75079900 17.13942263 3.98086216
v 32.87515400 17.17430345 4.25544227
v 32.72607379 17.19943515 3.98086216
v 32.69048887 17.22891160 3.98086216
v 32.69842484 17.23849216 3.98086216
v 32.73400976 17.20901570 3.98086216
v 32.82845457 17.35925033 4.19857131
v 32.67409113 17.23396760 3.98086216
v 32.62808579 17.22964827 3.98086216
v 32.62692290 17.24203433 3.98086216
v 32.67292823 17.24635366 3.98086216
v 32.63804740 17.37070866 4.22700679
v 32.67200227 17.17363537 3.98086216
v 32.65651487 17.13010046 3.98086216
v 32.64479393 17.13427014 3.98086216
v 32.66028133 17.17780505 3.98086216
v 32.62072366 17.16735530 4.29187523
v 7.04447174 20.09459494 4.00659583
v 7.08901895 20.12472248 4.00659583
v 7.09713021 20.11272900 4.00659583
v 7.05258300 20.08260146 4.00659583
v 7.18957300 19.92804317 4.25997509
v 7.10002111 20.14138960 4.00659583
v 7.11021736 20.19419261 4.00659583
v 7.12443356 20.19144747 4.00659583
v 7.11423732 20.13864445 4.00659583
v 7.26454373 20.13700628 4.29306952
v 7.10621163 20.21375775 4.00659583
v 7.07608410 20.25830496 4.00659583
v 7.08807757 20.26641622 4.00659583
v 7.11820511 20.22186901 4.00659583
v 7.27276341 20.35885901 4.32616396
v 7.05941698 20.26930712 4.00659583
v 7.00661396 20.27950337 4.00659583
v 7.00935910 20.29371957 4.00659583
v 7.06216212 20.28352333 4.00659583
v 7.06380029 20.43382975 4.25997509
v 6.98704882 20.27549765 4.00659583
v 6.94250161 20.24537011 4.00659583
v 6.93439035 20.25736359 4.00659583
v 6.97893756 20.28749112 4.00659583
v 6.84194756 20.44204942 4.29306952
v 6.93149945 20.22870299 4.00659583
v 6.92130320 20.17589997 4.00659583
v 6.90708700 20.17864512 4.00659583
v 6.91728325 20.23144813 4.00659583
v 6.76697683 20.23308630 4.32616396
v 6.92530893 20.15633483 4.00659583
v 6.95543647 20.11178763 4.00659583
v 6.94344299 20.10367637 4.00659583
v 6.91331545 20.14822357 4.00659583
v 6.75875716 20.01123358 4.25997509
v 6.97210359 20.10078546 4.00659583
v 7.02490660 20.09058922 4.00659583
v 7.02216146 20.07637301 4.00659583
v 6.96935844 20.08656926 4.00659583
v 6.96772027 19.93626284 4.29306952
v 6.99413637 20.16750074 4.00659583
v 7.02565215 20.21107686 4.00659583
v 7.03738419 20.20259185 4.00659583
v 7.00586841 20.15901572 4.00659583
v 7.05347039 20.15777304 4.36856620
v -20.18878703 -20.28530295 -0.07642912
v -20.20412613 -20.33180841 -0.07642912
v -20.21664683 -20.32767865 -0.07642912
v -20.20130773 -20.28117319 -0.07642912
v -20.38605575 -20.24601935 0.15429418
v -20.20277981 -20.34994378 -0.07642912
v -20.18074187 -20.39367448 -0.07642912
v -20.19251553 -20.39960778 -0.07642912
v -20.21455347 -20.35587708 -0.07642912
v -20.32379393 -20.43834677 0.18442947
v -20.16696624 -20.40554615 -0.07642912
v -20.12046078 -20.42088525 -0.07642912
v -20.12459053 -20.43340595 -0.07642912
v -20.17109599 -20.41806685 -0.07642912
v -20.20624983 -20.60281487 0.21456475
v -20.10232540 -20.41953893 -0.07642912
v -20.05859470 -20.39750099 -0.07642912
v -20.05266140 -20.40927464 -0.07642912
v -20.09639211 -20.43131259 -0.07642912
v -20.01392241 -20.54055305 0.15429418
v -20.04672304 -20.38372536 -0.07642912
v -20.03138394 -20.33721990 -0.07642912
v -20.01886324 -20.34134965 -0.07642912
v -20.03420234 -20.38785511 -0.07642912
v -19.84945431 -20.42300895 0.18442947
v -20.03273025 -20.31908452 -0.07642912
v -20.05476820 -20.27535382 -0.07642912
v -20.04299454 -20.26942052 -0.07642912
v -20.02095660 -20.31315123 -0.07642912
v -19.91171613 -20.23068153 0.21456475
v -20.06854383 -20.26348216 -0.07642912
v -20.11504929 -20.24814306 -0.07642912
v -20.11091953 -20.23562236 -0.07642912
v -20.06441407 -20.25096146 -0.07642912
v -20.02926023 -20.06621343 0.15429418
v -20.13318466 -20.24948937 -0.07642912
v -20.17691536 -20.27152732 -0.07642912
v -20.18284866 -20.25975366 -0.07642912
v -20.13911796 -20.23771571 -0.07642912
v -20.22158765 -20.12847525 0.18442947
v -20.11193493 -20.30983433 -0.07642912
v -20.11039745 -20.35878004 -0.07642912
v -20.12357514 -20.35919397 -0.07642912
v -20.12511262 -20.31024827 -0.07642912
v -20.16011189 -20.33584467 0.25317559
v -20.34124350 -14.85034143 -0.10550886
v -20.38255779 -14.86729892 -0.10550886
v -20.38712327 -14.85617585 -0.10550886
v -20.34580898 -14.83921835 -0.10550886
v -20.43103504 -14.69038501 0.10490376
v -20.39432239 -14.87898811 -0.10550886
v -20.41154524 -14.92019248 -0.10550886
v -20.42263873 -14.91555555 -0.10550886
v -20.40541588 -14.87435119 -0.10550886
v -20.52733932 -14.84759053 0.13238622
v -20.41159858 -14.93677681 -0.10550886
v -20.39464108 -14.97809110 -0.10550886
v -20.40576416 -14.98265658 -0.10550886
v -20.42272165 -14.94134229 -0.10550886
v -20.57155499 -15.02656835 0.15986869
v -20.38295189 -14.98985570 -0.10550886
v -20.34174753 -15.00707855 -0.10550886
v -20.34638445 -15.01817204 -0.10550886
v -20.38758882 -15.00094919 -0.10550886
v -20.41434948 -15.12287263 0.10490376
v -20.32516319 -15.00713189 -0.10550886
v -20.28384891 -14.99017439 -0.10550886
v -20.27928343 -15.00129747 -0.10550886
v -20.32059771 -15.01825496 -0.10550886
v -20.23537165 -15.16708830 0.13238622
v -20.27208430 -14.97848521 -0.10550886
v -20.25486145 -14.93728084 -0.10550886
v -20.24376796 -14.94191776 -0.10550886
v -20.26099081 -14.98312213 -0.10550886
v -20.13906737 -15.00988279 0.15986869
v -20.25480812 -14.92069650 -0.10550886
v -20.27176561 -14.87938222 -0.10550886
v -20.26064253 -14.87481674 -0.10550886
v -20.24368504 -14.91613102 -0.10550886
v -20.09485170 -14.83090496 0.10490376
v -20.28345480 -14.86761761 -0.10550886
v -20.32465917 -14.85039476 -0.10550886
v -20.32002224 -14.83930127 -0.10550886
v -20.27881787 -14.85652412 -0.10550886
v -20.25205722 -14.73460068 0.13238622
v -20.31265455 -14.91813028 -0.10550886
v -20.34564938 -14.94822626 -0.10550886
v -20.35375215 -14.93934304 -0.10550886
v -20.32075731 -14.90924705 -0.10550886
v -20.35924795 -14.90018344 0.19508060
v 27.35049050 -16.47701395 -0.05561262
v 27.29494640 -16.44989339 -0.05561262
v 27.30224809 -16.43493921 -0.05561262
v 27.35779219 -16.46205977 -0.05561262
v 27.43328687 -16.23700463 0.23561504
v 27.27203567 -16.44848212 -0.05561262
v 27.21358294 -16.46858060 -0.05561262
v 27.20817180 -16.45284332 -0.05561262
v 27.26662454 -16.43274484 -0.05561262
v 27.18212734 -16.28204905 0.27365293
v 27.19638469 -16.48378301 -0.05561262
v 27.16926413 -16.53932711 -0.05561262
v 27.15430995 -16.53202542 -0.05561262
v 27.18143051 -16.47648132 -0.05561262
v 26.95637537 -16.40098664 0.31169083
v 27.16785286 -16.56223783 -0.05561262
v 27.18795134 -16.62069057 -0.05561262
v 27.17221406 -16.62610170 -0.05561262
v 27.15211558 -16.56764897 -0.05561262
v 27.00141979 -16.65214616 0.23561504
v 27.20315375 -16.63788882 -0.05561262
v 27.25869785 -16.66500938 -0.05561262
v 27.25139616 -16.67996356 -0.05561262
v 27.19585206 -16.65284300 -0.05561262
v 27.12035738 -16.87789814 0.27365293
v 27.28160857 -16.66642065 -0.05561262
v 27.34006131 -16.64632216 -0.05561262
v 27.34547244 -16.66205945 -0.05561262
v 27.28701971 -16.68215793 -0.05561262
v 27.37151690 -16.83285372 0.31169083
v 27.35725956 -16.63111976 -0.05561262
v 27.38438012 -16.57557566 -0.05561262
v 27.39933430 -16.58287734 -0.05561262
v 27.37221374 -16.63842145 -0.05561262
v 27.59726888 -16.71391613 0.23561504
v 27.38579139 -16.55266493 -0.05561262
v 27.36569290 -16.49421220 -0.05561262
v 27.38143019 -16.48880106 -0.05561262
v 27.40152867 -16.54725380 -0.05561262
v 27.55222446 -16.46275660 0.27365293
v 27.30669460 -16.56894221 -0.05561262
v 27.24521840 -16.56251184 -0.05561262
v 27.24694965 -16.54596056 -0.05561262
v 27.30842585 -16.55239093 -0.05561262
v 27.28238686 -16.50425083 0.36042689
v 30.72400939 -10.88705229 0.04343208
v 30.74526561 -10.84191215 0.04343208
v 30.75741873 -10.84763498 0.04343208
v 30.73616251 -10.89277512 0.04343208
v 30.91867041 -10.95114220 0.27851187
v 30.74614342 -10.82340430 0.04343208
v 30.72925494 -10.77645498 0.04343208
v 30.74189515 -10.77190808 0.04343208
v 30.75878363 -10.81885740 0.04343208
v 30.87945002 -10.74893941 0.30921617
v 30.71678863 -10.76274725 0.04343208
v 30.67164848 -10.74149103 0.04343208
v 30.67737131 -10.72933791 0.04343208
v 30.72251145 -10.75059413 0.04343208
v 30.78087853 -10.56808623 0.33992047
v 30.65314063 -10.74061322 0.04343208
v 30.60619131 -10.75750170 0.04343208
v 30.60164441 -10.74486149 0.04343208
v 30.64859373 -10.72797301 0.04343208
v 30.57867574 -10.60730662 0.27851187
v 30.59248358 -10.76996801 0.04343208
v 30.57122736 -10.81510816 0.04343208
v 30.55907424 -10.80938533 0.04343208
v 30.58033046 -10.76424518 0.04343208
v 30.39782256 -10.70587811 0.30921617
v 30.57034955 -10.83361601 0.04343208
v 30.58723803 -10.88056533 0.04343208
v 30.57459782 -10.88511223 0.04343208
v 30.55770934 -10.83816291 0.04343208
v 30.43704295 -10.90808090 0.33992047
v 30.59970434 -10.89427306 0.04343208
v 30.64484449 -10.91552928 0.04343208
v 30.63912166 -10.92768240 0.04343208
v 30.59398152 -10.90642618 0.04343208
v 30.53561444 -11.08893408 0.27851187
v 30.66335234 -10.91640709 0.04343208
v 30.71030166 -10.89951861 0.04343208
v 30.71484856 -10.91215882 0.04343208
v 30.66789924 -10.92904730 0.04343208
v 30.73781723 -11.04971369 0.30921617
v 30.64931263 -10.85275193 0.04343208
v 30.65380169 -10.80305979 0.04343208
v 30.66718034 -10.80426838 0.04343208
v 30.66269128 -10.85396052 0.04343208
v 30.70124929 -10.83239492 0.37926035
v -16.28699529 12.77049605 3.88753707
v -16.33474528 12.76389927 3.88753707
v -16.33652134 12.77675504 3.88753707
v -16.28877134 12.78335182 3.88753707
v -16.33776485 12.96187072 4.11464982
v -16.35019029 12.75485014 3.88753707
v -16.37929001 12.71642117 3.88753707
v -16.38963627 12.72425571 3.88753707
v -16.36053656 12.76268468 3.88753707
v -16.48076609 12.82349441 4.14431352
v -16.38381258 12.69910119 3.88753707
v -16.37721580 12.65135120 3.88753707
v -16.39007157 12.64957514 3.88753707
v -16.39666835 12.69732514 3.88753707
v -16.57518725 12.64833163 4.17397723
v -16.36816666 12.63590619 3.88753707
v -16.32973769 12.60680647 3.88753707
v -16.33757224 12.59646021 3.88753707
v -16.37600121 12.62555992 3.88753707
v -16.43681094 12.50533039 4.11464982
v -16.31241772 12.60228390 3.88753707
v -16.26466773 12.60888068 3.88753707
v -16.26289167 12.59602491 3.88753707
v -16.31064166 12.58942813 3.88753707
v -16.26164816 12.41090924 4.14431352
v -16.24922272 12.61792982 3.88753707
v -16.22012300 12.65635879 3.88753707
v -16.20977673 12.64852424 3.88753707
v -16.23887645 12.61009527 3.88753707
v -16.11864692 12.54928554 4.17397723
v -16.21560043 12.67367876 3.88753707
v -16.22219721 12.72142876 3.88753707
v -16.20934144 12.72320481 3.88753707
v -16.20274466 12.67545482 3.88753707
v -16.02422576 12.72444832 4.11464982
v -16.23124635 12.73687376 3.88753707
v -16.26967532 12.76597348 3.88753707
v -16.26184077 12.77631975 3.88753707
v -16.22341180 12.74722003 3.88753707
v -16.16260207 12.86744956 4.14431352
v -16.27537169 12.69194140 3.88753707
v -16.31796472 12.66937120 3.88753707
v -16.32404132 12.68083855 3.88753707
v -16.28144829 12.70340875 3.88753707
v -16.31923841 12.72324932 4.21198385
v 22.02584480 -13.17393483 -0.10218846
v 22.02731150 -13.22813541 -0.10218846
v 22.01271904 -13.22853030 -0.10218846
v 22.01125234 -13.17432972 -0.10218846
v 21.80560655 -13.20701475 0.15327314
v 22.03551727 -13.24652259 -0.10218846
v 22.07487998 -13.28381108 -0.10218846
v 22.06484077 -13.29440873 -0.10218846
v 22.02547806 -13.25712025 -0.10218846
v 21.94261608 -13.38401194 0.18663955
v 22.09368403 -13.29101043 -0.10218846
v 22.14788461 -13.28954373 -0.10218846
v 22.14827949 -13.30413619 -0.10218846
v 22.09407891 -13.30560289 -0.10218846
v 22.12676394 -13.51124867 0.22000596
v 22.16627179 -13.28133796 -0.10218846
v 22.20356027 -13.24197525 -0.10218846
v 22.21415793 -13.25201446 -0.10218846
v 22.17686945 -13.29137717 -0.10218846
v 22.30376114 -13.37423915 0.15327314
v 22.21075962 -13.22317120 -0.10218846
v 22.20929292 -13.16897062 -0.10218846
v 22.22388538 -13.16857574 -0.10218846
v 22.22535208 -13.22277632 -0.10218846
v 22.43099787 -13.19009129 0.18663955
v 22.20108715 -13.15058344 -0.10218846
v 22.16172444 -13.11329496 -0.10218846
v 22.17176366 -13.10269730 -0.10218846
v 22.21112637 -13.13998578 -0.10218846
v 22.29398834 -13.01309409 0.22000596
v 22.14292039 -13.10609561 -0.10218846
v 22.08871981 -13.10756231 -0.10218846
v 22.08832493 -13.09296984 -0.10218846
v 22.14252551 -13.09150314 -0.10218846
v 22.10984048 -12.88585736 0.15327314
v 22.07033264 -13.11576808 -0.10218846
v 22.03304415 -13.15513078 -0.10218846
v 22.02244649 -13.14509157 -0.10218846
v 22.05973498 -13.10572886 -0.10218846
v 21.93284328 -13.02286689 0.18663955
v 22.11510688 -13.17065987 -0.10218846
v 22.13506991 -13.22107150 -0.10218846
v 22.12149755 -13.22644616 -0.10218846
v 22.10153452 -13.17603454 -0.10218846
v 22.07467677 -13.21582872 0.26275668
v 32.56053270 -21.30142002 0.03918176
v 32.61130208 -21.31513832 0.03918176
v 32.60760869 -21.32880700 0.03918176
v 32.55683931 -21.31508870 0.03918176
v 32.52998891 -21.51526205 0.28696221
v 32.63067003 -21.31262998 0.03918176
v 32.67626971 -21.28643091 0.03918176
v 32.68332331 -21.29870775 0.03918176
v 32.63772363 -21.32490682 0.03918176
v 32.73257091 -21.43720641 0.31932538
v 32.68819125 -21.27096203 0.03918176
v 32.70190956 -21.22019265 0.03918176
v 32.71557824 -21.22388604 0.03918176
v 32.70185993 -21.27465542 0.03918176
v 32.90203329 -21.30150582 0.35168854
v 32.69940121 -21.20082470 0.03918176
v 32.67320214 -21.15522502 0.03918176
v 32.68547899 -21.14817142 0.03918176
v 32.71167805 -21.19377110 0.03918176
v 32.82397764 -21.09892382 0.28696221
v 32.65773327 -21.14330348 0.03918176
v 32.60696388 -21.12958517 0.03918176
v 32.61065727 -21.11591649 0.03918176
v 32.66142666 -21.12963480 0.03918176
v 32.68827705 -20.92946144 0.31932538
v 32.58759593 -21.13209352 0.03918176
v 32.54199625 -21.15829259 0.03918176
v 32.53494265 -21.14601574 0.03918176
v 32.58054233 -21.11981668 0.03918176
v 32.48569505 -21.00751709 0.35168854
v 32.53007471 -21.17376146 0.03918176
v 32.51635641 -21.22453085 0.03918176
v 32.50268773 -21.22083746 0.03918176
v 32.51640603 -21.17006807 0.03918176
v 32.31623268 -21.14321768 0.28696221
v 32.51886475 -21.24389880 0.03918176
v 32.54506382 -21.28949848 0.03918176
v 32.53278698 -21.29655208 0.03918176
v 32.50658791 -21.25095240 0.03918176
v 32.39428832 -21.34579968 0.31932538
v 32.58232656 -21.21756958 0.03918176
v 32.63472192 -21.21304748 0.03918176
v 32.63593941 -21.22715392 0.03918176
v 32.58354405 -21.23167602 0.03918176
v 32.61304635 -21.26770388 0.39315384
v 20.51775836 -18.98949809 0.09888944
v 20.55428468 -18.94226500 0.09888944
v 20.56700128 -18.95209901 0.09888944
v 20.53047496 -18.99933210 0.09888944
v 20.72858717 -19.11479656 0.38020958
v 20.56010406 -18.92086903 0.09888944
v 20.55253324 -18.86164218 0.09888944
v 20.56847894 -18.85960388 0.09888944
v 20.57604976 -18.91883073 0.09888944
v 20.73513816 -18.86839754 0.41695343
v 20.54151893 -18.84239802 0.09888944
v 20.49428584 -18.80587169 0.09888944
v 20.50411985 -18.79315509 0.09888944
v 20.55135294 -18.82968142 0.09888944
v 20.66681740 -18.63156920 0.45369729
v 20.47288986 -18.80005231 0.09888944
v 20.41366302 -18.80762313 0.09888944
v 20.41162472 -18.79167744 0.09888944
v 20.47085156 -18.78410661 0.09888944
v 20.42041838 -18.62501821 0.38020958
v 20.39441885 -18.81863745 0.09888944
v 20.35789253 -18.86587053 0.09888944
v 20.34517593 -18.85603652 0.09888944
v 20.38170225 -18.80880344 0.09888944
v 20.18359004 -18.69333898 0.41695343
v 20.35207315 -18.88726651 0.09888944
v 20.35964397 -18.94649335 0.09888944
v 20.34369828 -18.94853165 0.09888944
v 20.33612745 -18.88930481 0.09888944
v 20.17703905 -18.93973799 0.45369729
v 20.37065828 -18.96573752 0.09888944
v 20.41789137 -19.00226384 0.09888944
v 20.40805736 -19.01498044 0.09888944
v 20.36082427 -18.97845412 0.09888944
v 20.24535981 -19.17656633 0.38020958
v 20.43928735 -19.00808322 0.09888944
v 20.49851419 -19.00051240 0.09888944
v 20.50055249 -19.01645810 0.09888944
v 20.44132565 -19.02402892 0.09888944
v 20.49175883 -19.18311733 0.41695343
v 20.43937190 -18.93007625 0.09888944
v 20.45748762 -18.87318198 0.09888944
v 20.47280531 -18.87805928 0.09888944
v 20.45468959 -18.93495356 0.09888944
v 20.50532403 -18.91974482 0.50077535
v -1.27446596 16.70174288 4.11472288
v -1.31962811 16.73804007 4.11472288
v -1.30985579 16.75019911 4.11472288
v -1.26469364 16.71390192 4.11472288
v -1.14906616 16.90401409 4.38771197
v -1.34028102 16.74407515 4.11472288
v -1.39788147 16.73780668 4.11472288
v -1.39956913 16.75331450 4.11472288
v -1.34196868 16.75958297 4.11472288
v -1.38800720 16.91484998 4.42336769
v -1.41675272 16.72747032 4.11472288
v -1.45304992 16.68230817 4.11472288
v -1.46520896 16.69208049 4.11472288
v -1.42891176 16.73724264 4.11472288
v -1.61902393 16.85287012 4.45902340
v -1.45908499 16.66165527 4.11472288
v -1.45281652 16.60405481 4.11472288
v -1.46832434 16.60236715 4.11472288
v -1.47459281 16.65996760 4.11472288
v -1.62985983 16.61392908 4.38771197
v -1.44248016 16.58518356 4.11472288
v -1.39731801 16.54888637 4.11472288
v -1.40709033 16.53672733 4.11472288
v -1.45225248 16.57302452 4.11472288
v -1.56787996 16.38291235 4.42336769
v -1.37666511 16.54285129 4.11472288
v -1.31906466 16.54911976 4.11472288
v -1.31737699 16.53361194 4.11472288
v -1.37497744 16.52734347 4.11472288
v -1.32893893 16.37207646 4.45902340
v -1.30019341 16.55945612 4.11472288
v -1.26389621 16.60461827 4.11472288
v -1.25173717 16.59484595 4.11472288
v -1.28803437 16.54968380 4.11472288
v -1.09792219 16.43405632 4.38771197
v -1.25786114 16.62527117 4.11472288
v -1.26412960 16.68287162 4.11472288
v -1.24862178 16.68455929 4.11472288
v -1.24235331 16.62695884 4.11472288
v -1.08708630 16.67299736 4.42336769
v -1.33354317 16.62677153 4.11472288
v -1.38841350 16.64538213 4.11472288
v -1.38340295 16.66015491 4.11472288
v -1.32853263 16.64154431 4.11472288
v -1.34236774 16.69094715 4.50470729
v 31.94917358 -4.14494493 1.07305692
v 31.98638183 -4.09139416 1.07305692
v 32.00079934 -4.10141176 1.07305692
v 31.96359110 -4.15496253 1.07305692
v 32.18610009 -4.26986469 1.38028892
v 31.99153735 -4.06773374 1.07305692
v 31.97998144 -4.00355743 1.07305692
v 31.99725968 -4.00044622 1.07305692
v 32.00881560 -4.06462253 1.07305692
v 32.17952250 -4.00075562 1.42041719
v 31.96689651 -3.98318148 1.07305692
v 31.91334573 -3.94597324 1.07305692
v 31.92336334 -3.93155572 1.07305692
v 31.97691411 -3.96876397 1.07305692
v 32.09181627 -3.74625498 1.46054545
v 31.88968532 -3.94081772 1.07305692
v 31.82550901 -3.95237363 1.07305692
v 31.82239780 -3.93509538 1.07305692
v 31.88657411 -3.92353947 1.07305692
v 31.82270719 -3.75283256 1.38028892
v 31.80513306 -3.96545856 1.07305692
v 31.76792481 -4.01900934 1.07305692
v 31.75350730 -4.00899173 1.07305692
v 31.79071554 -3.95544096 1.07305692
v 31.56820655 -3.84053880 1.42041719
v 31.76276929 -4.04266975 1.07305692
v 31.77432521 -4.10684606 1.07305692
v 31.75704696 -4.10995727 1.07305692
v 31.74549105 -4.04578096 1.07305692
v 31.57478414 -4.10964788 1.46054545
v 31.78741014 -4.12722201 1.07305692
v 31.84096091 -4.16443025 1.07305692
v 31.83094331 -4.17884777 1.07305692
v 31.77739253 -4.14163953 1.07305692
v 31.66249037 -4.36414852 1.38028892
v 31.86462133 -4.16958577 1.07305692
v 31.92879764 -4.15802986 1.07305692
v 31.93190885 -4.17530811 1.07305692
v 31.86773253 -4.18686402 1.07305692
v 31.93159945 -4.35757093 1.42041719
v 31.86036911 -4.08449986 1.07305692
v 31.87695909 -4.02143710 1.07305692
v 31.89393753 -4.02590363 1.07305692
v 31.87734755 -4.08896639 1.07305692
v 31.93172686 -4.06955845 1.51195978
v -16.75441201 10.63880369 3.86164067
v -16.79384671 10.63767027 3.86164067
v -16.79415186 10.64828730 3.86164067
v -16.75471716 10.64942072 3.86164067
v -16.77875024 10.79900922 4.04751550
v -16.80721524 10.63167725 3.86164067
v -16.83429833 10.60299126 3.86164067
v -16.84202149 10.61028286 3.86164067
v -16.81493840 10.63896886 3.86164067
v -16.90736643 10.69910436 4.07179303
v -16.83951362 10.58930058 3.86164067
v -16.83838019 10.54986588 3.86164067
v -16.84899723 10.54956073 3.86164067
v -16.85013065 10.58899543 3.86164067
v -16.99971915 10.56496235 4.09607056
v -16.83238718 10.53649735 3.86164067
v -16.80370119 10.50941425 3.86164067
v -16.81099279 10.50169110 3.86164067
v -16.83967878 10.52877419 3.86164067
v -16.89981429 10.43634616 4.04751550
v -16.79001051 10.50419897 3.86164067
v -16.75057581 10.50533239 3.86164067
v -16.75027065 10.49471536 3.86164067
v -16.78970535 10.49358194 3.86164067
v -16.76567227 10.34399344 4.07179303
v -16.73720727 10.51132541 3.86164067
v -16.71012418 10.54001140 3.86164067
v -16.70240103 10.53271980 3.86164067
v -16.72948412 10.50403380 3.86164067
v -16.63705609 10.44389830 4.09607056
v -16.70490890 10.55370208 3.86164067
v -16.70604232 10.59313678 3.86164067
v -16.69542529 10.59344193 3.86164067
v -16.69429186 10.55400723 3.86164067
v -16.54470337 10.57804031 4.04751550
v -16.71203534 10.60650531 3.86164067
v -16.74072133 10.63358841 3.86164067
v -16.73342972 10.64131156 3.86164067
v -16.70474373 10.61422847 3.86164067
v -16.64460823 10.70665650 4.07179303
v -16.75192003 10.57386036 3.86164067
v -16.78857527 10.55927358 3.86164067
v -16.79250248 10.56914230 3.86164067
v -16.75584724 10.58372908 3.86164067
v -16.78483443 10.60322220 4.12717614
v -2.15409885 -13.84316966 0.28336130
v -2.10736384 -13.86326300 0.28336130
v -2.11277359 -13.87584550 0.28336130
v -2.15950859 -13.85575216 0.28336130
v -2.21265036 -14.04375135 0.52304404
v -2.08847407 -13.86351519 0.28336130
v -2.04121930 -13.84467669 0.28336130
v -2.03614739 -13.85739914 0.28336130
v -2.08340217 -13.87623764 0.28336130
v -2.00796891 -13.99676902 0.55434954
v -2.02768389 -13.83149794 0.28336130
v -2.00759054 -13.78476294 0.28336130
v -1.99500804 -13.79017268 0.28336130
v -2.01510139 -13.83690769 0.28336130
v -1.82710220 -13.89004945 0.58565503
v -2.00733835 -13.76587317 0.28336130
v -2.02617685 -13.71861839 0.28336130
v -2.01345440 -13.71354649 0.28336130
v -1.99461591 -13.76080126 0.28336130
v -1.87408452 -13.68536800 0.52304404
v -2.03935560 -13.70508298 0.28336130
v -2.08609061 -13.68498964 0.28336130
v -2.08068086 -13.67240714 0.28336130
v -2.03394586 -13.69250048 0.28336130
v -1.98080409 -13.50450129 0.55434954
v -2.10498037 -13.68473745 0.28336130
v -2.15223515 -13.70357595 0.28336130
v -2.15730705 -13.69085350 0.28336130
v -2.11005228 -13.67201500 0.28336130
v -2.18548554 -13.55148362 0.58565503
v -2.16577056 -13.71675470 0.28336130
v -2.18586390 -13.76348970 0.28336130
v -2.19844641 -13.75807996 0.28336130
v -2.17835306 -13.71134495 0.28336130
v -2.36635225 -13.65820319 0.52304404
v -2.18611610 -13.78237947 0.28336130
v -2.16727760 -13.82963424 0.28336130
v -2.18000004 -13.83470615 0.28336130
v -2.19883854 -13.78745138 0.28336130
v -2.31936993 -13.86288463 0.55434954
v -2.12173937 -13.76586409 0.28336130
v -2.07094782 -13.76871390 0.28336130
v -2.07171507 -13.78238855 0.28336130
v -2.12250663 -13.77953874 0.28336130
v -2.09919340 -13.81808054 0.62576521
v -13.96773681 13.70150185 3.85692834
v -14.00143760 13.65012354 3.85692834
v -14.01527022 13.65919683 3.85692834
v -13.98156944 13.71057514 3.85692834
v -14.19405262 13.81320822 4.14642827
v -14.00569849 13.62770693 3.85692834
v -13.99319860 13.56754693 3.85692834
v -14.00939553 13.56418157 3.85692834
v -14.02189542 13.62434157 3.85692834
v -14.18108548 13.55988687 4.18424050
v -13.98036056 13.54868308 3.85692834
v -13.92898226 13.51498229 3.85692834
v -13.93805554 13.50114967 3.85692834
v -13.98943385 13.53485046 3.85692834
v -14.09206693 13.32236728 4.22205274
v -13.90656564 13.51072141 3.85692834
v -13.84640564 13.52322130 3.85692834
v -13.84304028 13.50702437 3.85692834
v -13.90320028 13.49452447 3.85692834
v -13.83874558 13.33533441 4.14642827
v -13.82754179 13.53605933 3.85692834
v -13.79384101 13.58743764 3.85692834
v -13.78000838 13.57836435 3.85692834
v -13.81370917 13.52698604 3.85692834
v -13.60122599 13.42435296 4.18424050
v -13.78958012 13.60985425 3.85692834
v -13.80208001 13.67001426 3.85692834
v -13.78588308 13.67337961 3.85692834
v -13.77338319 13.61321961 3.85692834
v -13.61419313 13.67767432 4.22205274
v -13.81491805 13.68887810 3.85692834
v -13.86629635 13.72257889 3.85692834
v -13.85722306 13.73641151 3.85692834
v -13.80584476 13.70271072 3.85692834
v -13.70321168 13.91519390 4.14642827
v -13.88871297 13.72683977 3.85692834
v -13.94887297 13.71433988 3.85692834
v -13.95223833 13.73053682 3.85692834
v -13.89207833 13.74303671 3.85692834
v -13.95653303 13.90222677 4.18424050
v -13.88256665 13.64680023 3.85692834
v -13.89660676 13.58698092 3.85692834
v -13.91271196 13.59076095 3.85692834
v -13.89867185 13.65058026 3.85692834
v -13.94940601 13.63093067 4.27049967
v -16.25718305 -16.73664103 0.02966775
v -16.27410941 -16.78256491 0.02966775
v -16.28647353 -16.77800782 0.02966775
v -16.26954717 -16.73208394 0.02966775
v -16.45287436 -16.69059551 0.26026877
v -16.27339031 -16.80072632 0.02966775
v -16.25288597 -16.84516815 0.02966775
v -16.26485109 -16.85068856 0.02966775
v -16.28535543 -16.80624673 0.02966775
v -16.39731829 -16.88485458 0.29038809
v -16.23953544 -16.85750174 0.02966775
v -16.19361156 -16.87442810 0.02966775
v -16.19816866 -16.88679222 0.02966775
v -16.24409254 -16.86986586 0.02966775
v -16.28558097 -17.05319305 0.32050741
v -16.17545015 -16.87370900 0.02966775
v -16.13100832 -16.85320466 0.02966775
v -16.12548792 -16.86516978 0.02966775
v -16.16992975 -16.88567412 0.02966775
v -16.09132189 -16.99763698 0.26026877
v -16.11867474 -16.83985413 0.02966775
v -16.10174838 -16.79393025 0.02966775
v -16.08938425 -16.79848735 0.02966775
v -16.10631061 -16.84441123 0.02966775
v -15.92298343 -16.88589966 0.29038809
v -16.10246747 -16.77576884 0.02966775
v -16.12297181 -16.73132701 0.02966775
v -16.11100670 -16.72580661 0.02966775
v -16.09050236 -16.77024843 0.02966775
v -15.97853950 -16.69164058 0.32050741
v -16.13632234 -16.71899342 0.02966775
v -16.18224622 -16.70206706 0.02966775
v -16.17768913 -16.68970294 0.02966775
v -16.13176525 -16.70662930 0.02966775
v -16.09027682 -16.52330211 0.26026877
v -16.20040764 -16.70278616 0.02966775
v -16.24484946 -16.72329050 0.02966775
v -16.25036987 -16.71132539 0.02966775
v -16.20592804 -16.69082104 0.02966775
v -16.28453590 -16.57885818 0.29038809
v -16.18126384 -16.76379634 0.02966775
v -16.18141681 -16.81274000 0.02966775
v -16.19459395 -16.81269882 0.02966775
v -16.19444098 -16.76375516 0.02966775
v -16.23028397 -16.78811521 0.35909778
v -18.13044465 15.89420042 4.04443879
v -18.10825217 15.92442322 4.04443879
v -18.10011527 15.91844832 4.04443879
v -18.12230775 15.88822553 4.04443879
v -17.99613241 15.81883480 4.22110096
v -18.10493321 15.93794614 4.04443879
v -18.11061150 15.97500933 4.04443879
v -18.10063294 15.97653811 4.04443879
v -18.09495465 15.93947491 4.04443879
v -17.99587002 15.97362181 4.24417520
v -18.11782678 15.98691835 4.04443879
v -18.14804958 16.00911083 4.04443879
v -18.14207468 16.01724774 4.04443879
v -18.11185188 15.99505526 4.04443879
v -18.04246115 16.12123060 4.26724944
v -18.16157250 16.01242980 4.04443879
v -18.19863569 16.00675151 4.04443879
v -18.20016446 16.01673006 4.04443879
v -18.16310127 16.02240835 4.04443879
v -18.19724816 16.12149299 4.22110096
v -18.21054471 15.99953622 4.04443879
v -18.23273719 15.96931343 4.04443879
v -18.24087409 15.97528833 4.04443879
v -18.21868161 16.00551112 4.04443879
v -18.34485695 16.07490185 4.24417520
v -18.23605615 15.95579050 4.04443879
v -18.23037786 15.91872731 4.04443879
v -18.24035642 15.91719854 4.04443879
v -18.24603471 15.95426173 4.04443879
v -18.34511934 15.92011484 4.26724944
v -18.22316258 15.90681830 4.04443879
v -18.19293978 15.88462582 4.04443879
v -18.19891468 15.87648891 4.04443879
v -18.22913748 15.89868139 4.04443879
v -18.29852821 15.77250605 4.22110096
v -18.17941686 15.88130685 4.04443879
v -18.14235367 15.88698514 4.04443879
v -18.14082490 15.87700658 4.04443879
v -18.17788809 15.87132829 4.04443879
v -18.14374120 15.77224366 4.24417520
v -18.18058271 15.93027948 4.04443879
v -18.17009902 15.96627970 4.04443879
v -18.16040665 15.96345717 4.04443879
v -18.17089034 15.92745695 4.04443879
v -18.13934065 15.93779591 4.29681332
v -22.30575500 6.48111551 3.98200023
v -22.34782079 6.47229234 3.98200023
v -22.35019626 6.48361774 3.98200023
v -22.30813047 6.49244092 3.98200023
v -22.36275931 6.64820293 4.18450759
v -22.36099922 6.46328714 3.98200023
v -22.38450529 6.42730321 3.98200023
v -22.39419328 6.43363177 3.98200023
v -22.37068720 6.46961571 3.98200023
v -22.48139606 6.51626546 4.21095753
v -22.38745622 6.41161702 3.98200023
v -22.37863304 6.36955123 3.98200023
v -22.38995845 6.36717576 3.98200023
v -22.39878163 6.40924155 3.98200023
v -22.55454364 6.35461271 4.23740747
v -22.36962785 6.35637280 3.98200023
v -22.33364392 6.33286673 3.98200023
v -22.33997248 6.32317874 3.98200023
v -22.37595641 6.34668482 3.98200023
v -22.42260616 6.23597596 4.18450759
v -22.31795773 6.32991580 3.98200023
v -22.27589194 6.33873898 3.98200023
v -22.27351647 6.32741357 3.98200023
v -22.31558226 6.31859039 3.98200023
v -22.26095342 6.16282838 4.21095753
v -22.26271351 6.34774417 3.98200023
v -22.23920743 6.38372810 3.98200023
v -22.22951945 6.37739954 3.98200023
v -22.25302552 6.34141561 3.98200023
v -22.14231666 6.29476586 4.23740747
v -22.23625651 6.39941429 3.98200023
v -22.24507968 6.44148008 3.98200023
v -22.23375428 6.44385555 3.98200023
v -22.22493110 6.40178976 3.98200023
v -22.06916909 6.45641860 4.18450759
v -22.25408488 6.45465851 3.98200023
v -22.29006881 6.47816459 3.98200023
v -22.28374025 6.48785257 3.98200023
v -22.24775631 6.46434650 3.98200023
v -22.20110656 6.57505536 4.21095753
v -22.29055390 6.41195980 3.98200023
v -22.32704392 6.38924728 3.98200023
v -22.33315883 6.39907152 3.98200023
v -22.29666881 6.42178403 3.98200023
v -22.33151143 6.43709355 4.27129646
vn -0.77299340 0.08599472 -0.62855876
vn -0.10994948 -0.98831906 0.10552988
vn 0.75156157 -0.08361045 0.65434280
vn 0.10994948 0.98831906 0.10552988
vn 0.00000000 0.00000000 -1.00000000
vn 0.00000000 0.00000000 -1.00000000
vn -0.69393880 -0.55499608 -0.45872463
vn 0.62185537 -0.77753625 0.09345205
vn 0.67941212 0.54337798 0.49309181
vn -0.62185537 0.77753625 0.09345205
vn 0.00000000 0.00000000 -1.00000000
vn 0.00000000 0.00000000 -1.00000000
vn -0.09309447 -0.83681195 -0.53951755
vn 0.99036899 -0.11017753 0.08384611
vn 0.09117196 0.81953078 0.56573578
vn -0.99036899 0.11017753 0.08384611
vn 0.00000000 0.00000000 -1.00000000
vn 0.00000000 0.00000000 -1.00000000
vn 0.53942667 -0.67447161 -0.50409019
vn 0.77659313 0.62110109 0.10552988
vn -0.52587821 0.65753130 0.53954120
vn -0.77659313 -0.62110109 0.10552988
vn 0.00000000 0.00000000 -1.00000000
vn 0.00000000 0.00000000 -1.00000000
vn 0.80854694 -0.08995002 -0.58151598
vn 0.11008300 0.98951930 0.09345205
vn -0.78924469 0.08780266 0.60776929
vn -0.11008300 -0.98951930 0.09345205
vn 0.00000000 0.00000000 -1.00000000
vn 0.00000000 0.00000000 -1.00000000
vn 0.70873837 0.56683243 -0.41998920
vn -0.62238935 0.77820391 0.08384611
vn -0.69623864 -0.55683544 0.45297467
vn 0.62238935 -0.77820391 0.08384611
vn 0.00000000 0.00000000 -1.00000000
vn 0.00000000 0.00000000 -1.00000000
vn 0.08599472 0.77299340 -0.62855876
vn -0.98831906 0.10994948 0.10552988
vn -0.08361045 -0.75156157 0.65434280
vn 0.98831906 -0.10994948 0.10552988
vn 0.00000000 0.00000000 -1.00000000
vn 0.00000000 0.00000000 -1.00000000
vn -0.55499608 0.69393880 -0.45872463
vn -0.77753625 -0.62185537 0.09345205
vn 0.54337798 -0.67941212 0.49309181
vn 0.77753625 0.62185537 0.09345205
vn 0.00000000 0.00000000 -1.00000000
vn 0.00000000 0.00000000 -1.00000000
vn -0.96585034 -0.23554767 -0.10793712
vn 0.23628085 -0.96885669 0.07408159
vn 0.96097809 0.23435945 0.14695834
vn -0.23628085 0.96885669 0.07408159
vn 0.00000000 0.00000000 -1.00000000
vn 0.00000000 0.00000000 -1.00000000
vn 0.57769709 0.52074942 -0.62855876
vn -0.66580979 0.73862085 0.10552988
vn -0.56168000 -0.50631124 0.65434280
vn 0.66580979 -0.73862085 0.10552988
vn 0.00000000 0.00000000 -1.00000000
vn 0.00000000 0.00000000 -1.00000000
vn 0.04600552 0.88738673 -0.45872463
vn -0.99428846 0.05154772 0.09345205
vn -0.04504246 -0.86881047 0.49309181
vn 0.99428846 -0.05154772 0.09345205
vn 0.00000000 0.00000000 -1.00000000
vn 0.00000000 0.00000000 -1.00000000
vn -0.56374264 0.62539192 -0.53951755
vn -0.74015287 -0.66719079 0.08384611
vn 0.55210068 -0.61247683 0.56573578
vn 0.74015287 0.66719079 0.08384611
vn 0.00000000 0.00000000 -1.00000000
vn 0.00000000 0.00000000 -1.00000000
vn -0.86249270 0.04471492 -0.50409019
vn -0.05148519 -0.99308243 0.10552988
vn 0.84082997 -0.04359184 0.53954120
vn 0.05148519 0.99308243 0.10552988
vn 0.00000000 0.00000000 -1.00000000
vn 0.00000000 0.00000000 -1.00000000
vn -0.60426805 -0.54470110 -0.58151598
vn 0.66661837 -0.73951786 0.09345205
vn 0.58984250 0.53169757 0.60776929
vn -0.66661837 0.73951786 0.09345205
vn 0.00000000 0.00000000 -1.00000000
vn 0.00000000 0.00000000 -1.00000000
vn -0.04698668 -0.90631193 -0.41998920
vn 0.99514225 -0.05159198 0.08384611
vn 0.04615800 0.89032769 0.45297467
vn -0.99514225 0.05159198 0.08384611
vn 0.00000000 0.00000000 -1.00000000
vn 0.00000000 0.00000000 -1.00000000
vn 0.52074942 -0.57769709 -0.62855876
vn 0.73862085 0.66580979 0.10552988
vn -0.50631124 0.56168000 0.65434280
vn -0.73862085 -0.66580979 0.10552988
vn 0.00000000 0.00000000 -1.00000000
vn 0.00000000 0.00000000 -1.00000000
vn 0.88738673 -0.04600552 -0.45872463
vn 0.05154772 0.99428846 0.09345205
vn -0.86881047 0.04504246 0.49309181
vn -0.05154772 -0.99428846 0.09345205
vn 0.00000000 0.00000000 -1.00000000
vn 0.00000000 0.00000000 -1.00000000
vn 0.46541459 0.87848668 -0.10793712
vn -0.88122110 0.46686325 0.07408159
vn -0.46306679 -0.87405514 0.14695834
vn 0.88122110 -0.46686325 0.07408159
vn 0.00000000 0.00000000 -1.00000000
vn 0.00000000 0.00000000 -1.00000000
vn 0.67136541 0.39266063 -0.62855876
vn -0.50204048 0.85838150 0.10552988
vn -0.65275130 -0.38177381 0.65434280
vn 0.50204048 -0.85838150 0.10552988
vn 0.00000000 0.00000000 -1.00000000
vn 0.00000000 0.00000000 -1.00000000
vn 0.22515337 0.85957994 -0.45872463
vn -0.96313185 0.25227715 0.09345205
vn -0.22044008 -0.84158579 0.49309181
vn 0.96313185 -0.25227715 0.09345205
vn 0.00000000 0.00000000 -1.00000000
vn 0.00000000 0.00000000 -1.00000000
vn -0.42507880 0.72679353 -0.53951755
vn -0.86016192 -0.50308180 0.08384611
vn 0.41630041 -0.71178437 0.56573578
vn 0.86016192 0.50308180 0.08384611
vn 0.00000000 0.00000000 -1.00000000
vn 0.00000000 0.00000000 -1.00000000
vn -0.83546598 0.21883710 -0.50409019
vn -0.25197115 -0.96196361 0.10552988
vn 0.81448207 -0.21334069 0.53954120
vn 0.25197115 0.96196361 0.10552988
vn 0.00000000 0.00000000 -1.00000000
vn 0.00000000 0.00000000 -1.00000000
vn -0.70224462 -0.41072091 -0.58151598
vn 0.50265018 -0.85942394 0.09345205
vn 0.68548010 0.40091586 0.60776929
vn -0.50265018 0.85942394 0.09345205
vn 0.00000000 0.00000000 -1.00000000
vn 0.00000000 0.00000000 -1.00000000
vn -0.22995519 -0.87791212 -0.41998920
vn 0.96395888 -0.25249378 0.08384611
vn 0.22589956 0.86242874 0.45297467
vn -0.96395888 0.25249378 0.08384611
vn 0.00000000 0.00000000 -1.00000000
vn 0.00000000 0.00000000 -1.00000000
vn 0.39266063 -0.67136541 -0.62855876
vn 0.85838150 0.50204048 0.10552988
vn -0.38177381 0.65275130 0.65434280
vn -0.85838150 -0.50204048 0.10552988
vn 0.00000000 0.00000000 -1.00000000
vn 0.00000000 0.00000000 -1.00000000
vn 0.85957994 -0.22515337 -0.45872463
vn 0.25227715 0.96313185 0.09345205
vn -0.84158579 0.22044008 0.49309181
vn -0.25227715 -0.96313185 0.09345205
vn 0.00000000 0.00000000 -1.00000000
vn 0.00000000 0.00000000 -1.00000000
vn 0.63402678 0.76574122 -0.10793712
vn -0.76812471 0.63600027 0.07408159
vn -0.63082842 -0.76187844 0.14695834
vn 0.76812471 -0.63600027 0.07408159
vn 0.00000000 0.00000000 -1.00000000
vn 0.00000000 0.00000000 -1.00000000
vn 0.64287327 -0.43775317 -0.62855876
vn 0.55969404 0.82195257 0.10552988
vn -0.62504912 0.42561613 0.65434280
vn -0.55969404 -0.82195257 0.10552988
vn 0.00000000 0.00000000 -1.00000000
vn 0.00000000 0.00000000 -1.00000000
vn 0.87299068 0.16570753 -0.45872463
vn -0.18566999 0.97815815 0.09345205
vn -0.85471579 -0.16223866 0.49309181
vn 0.18566999 -0.97815815 0.09345205
vn 0.00000000 0.00000000 -1.00000000
vn 0.00000000 0.00000000 -1.00000000
vn 0.47389419 0.69594907 -0.53951755
vn -0.82365743 0.56085494 0.08384611
vn -0.46410771 -0.68157689 0.56573578
vn 0.82365743 -0.56085494 0.08384611
vn 0.00000000 0.00000000 -1.00000000
vn 0.00000000 0.00000000 -1.00000000
vn -0.16105890 0.84850051 -0.50409019
vn -0.97697169 -0.18544478 0.10552988
vn 0.15701368 -0.82718922 0.53954120
vn 0.97697169 0.18544478 0.10552988
vn 0.00000000 0.00000000 -1.00000000
vn 0.00000000 0.00000000 -1.00000000
vn -0.67244199 0.45788747 -0.58151598
vn -0.56037375 -0.82295077 0.09345205
vn 0.65638894 -0.44695643 0.60776929
vn 0.56037375 0.82295077 0.09345205
vn 0.00000000 0.00000000 -1.00000000
vn 0.00000000 0.00000000 -1.00000000
vn -0.89160886 -0.16924156 -0.41998920
vn 0.18582942 -0.97899809 0.08384611
vn 0.87588393 0.16625671 0.45297467
vn -0.18582942 0.97899809 0.08384611
vn 0.00000000 0.00000000 -1.00000000
vn 0.00000000 0.00000000 -1.00000000
vn -0.43775317 -0.64287327 -0.62855876
vn 0.82195257 -0.55969404 0.10552988
vn 0.42561613 0.62504912 0.65434280
vn -0.82195257 0.55969404 0.10552988
vn 0.00000000 0.00000000 -1.00000000
vn 0.00000000 0.00000000 -1.00000000
vn 0.16570753 -0.87299068 -0.45872463
vn 0.97815815 0.18566999 0.09345205
vn -0.16223866 0.85471579 0.49309181
vn -0.97815815 -0.18566999 0.09345205
vn 0.00000000 0.00000000 -1.00000000
vn 0.00000000 0.00000000 -1.00000000
vn 0.96378716 -0.24385220 -0.10793712
vn 0.24461122 0.96678709 0.07408159
vn -0.95892532 0.24262208 0.14695834
vn -0.24461122 -0.96678709 0.07408159
vn 0.00000000 0.00000000 -1.00000000
vn 0.00000000 0.00000000 -1.00000000
vn -0.72587941 0.27930802 -0.62855876
vn -0.35711228 -0.92808096 0.10552988
vn 0.70575385 -0.27156399 0.65434280
vn 0.35711228 0.92808096 0.10552988
vn 0.00000000 0.00000000 -1.00000000
vn 0.00000000 0.00000000 -1.00000000
vn -0.81204681 -0.36076543 -0.45872463
vn 0.40422613 -0.90987249 0.09345205
vn 0.79504770 0.35321329 0.49309181
vn -0.40422613 0.90987249 0.09345205
vn 0.00000000 0.00000000 -1.00000000
vn 0.00000000 0.00000000 -1.00000000
vn -0.30236777 -0.78580821 -0.53951755
vn 0.93000595 -0.35785299 0.08384611
vn 0.29612351 0.76958034 0.56573578
vn -0.93000595 0.35785299 0.08384611
vn 0.00000000 0.00000000 -1.00000000
vn 0.00000000 0.00000000 -1.00000000
vn 0.35064481 -0.78926630 -0.50409019
vn 0.90876886 0.40373582 0.10552988
vn -0.34183787 0.76944276 0.53954120
vn -0.90876886 -0.40373582 0.10552988
vn 0.00000000 0.00000000 -1.00000000
vn 0.00000000 0.00000000 -1.00000000
vn 0.75926596 -0.29215469 -0.58151598
vn 0.35754597 0.92920805 0.09345205
vn -0.74114018 0.28518015 0.60776929
vn -0.35754597 -0.92920805 0.09345205
vn 0.00000000 0.00000000 -1.00000000
vn 0.00000000 0.00000000 -1.00000000
vn 0.82936525 0.36845943 -0.41998920
vn -0.40457323 0.91065379 0.08384611
vn -0.81473808 -0.36196107 0.45297467
vn 0.40457323 -0.91065379 0.08384611
vn 0.00000000 0.00000000 -1.00000000
vn 0.00000000 0.00000000 -1.00000000
vn 0.27930802 0.72587941 -0.62855876
vn -0.92808096 0.35711228 0.10552988
vn -0.27156399 -0.70575385 0.65434280
vn 0.92808096 -0.35711228 0.10552988
vn 0.00000000 0.00000000 -1.00000000
vn 0.00000000 0.00000000 -1.00000000
vn -0.36076543 0.81204681 -0.45872463
vn -0.90987249 -0.40422613 0.09345205
vn 0.35321329 -0.79504770 0.49309181
vn 0.90987249 0.40422613 0.09345205
vn 0.00000000 0.00000000 -1.00000000
vn 0.00000000 0.00000000 -1.00000000
vn -0.99400857 0.01722014 -0.10793712
vn -0.01727373 -0.99710257 0.07408159
vn 0.98899429 -0.01713326 0.14695834
vn 0.01727373 0.99710257 0.07408159
vn 0.00000000 0.00000000 -1.00000000
vn 0.00000000 0.00000000 -1.00000000
vn 0.07095470 -0.77451876 -0.62855876
vn 0.99026933 0.09071989 0.10552988
vn -0.06898742 0.75304464 0.65434280
vn -0.99026933 -0.09071989 0.10552988
vn 0.00000000 0.00000000 -1.00000000
vn 0.00000000 0.00000000 -1.00000000
vn 0.68302090 -0.56837854 -0.45872463
vn 0.63684998 0.76530309 0.09345205
vn -0.66872278 0.55648029 0.49309181
vn -0.63684998 -0.76530309 0.09345205
vn 0.00000000 0.00000000 -1.00000000
vn 0.00000000 0.00000000 -1.00000000
vn 0.83846325 0.07681273 -0.53951755
vn -0.09090806 0.99232331 0.08384611
vn -0.82114798 -0.07522646 0.56573578
vn 0.09090806 -0.99232331 0.08384611
vn 0.00000000 0.00000000 -1.00000000
vn 0.00000000 0.00000000 -1.00000000
vn 0.55243370 0.66385999 -0.50409019
vn -0.76437481 0.63607751 0.10552988
vn -0.53855855 -0.64718620 0.53954120
vn 0.76437481 -0.63607751 0.10552988
vn 0.00000000 0.00000000 -1.00000000
vn 0.00000000 0.00000000 -1.00000000
vn -0.07421823 0.81014247 -0.58151598
vn -0.99147194 -0.09083007 0.09345205
vn 0.07244644 -0.79080213 0.60776929
vn 0.99147194 0.09083007 0.09345205
vn 0.00000000 0.00000000 -1.00000000
vn 0.00000000 0.00000000 -1.00000000
vn -0.69758762 0.58050029 -0.41998920
vn -0.63739684 -0.76596025 0.08384611
vn 0.68528456 -0.57026224 0.45297467
vn 0.63739684 0.76596025 0.08384611
vn 0.00000000 0.00000000 -1.00000000
vn 0.00000000 0.00000000 -1.00000000
vn -0.77451876 -0.07095470 -0.62855876
vn 0.09071989 -0.99026933 0.10552988
vn 0.75304464 0.06898742 0.65434280
vn -0.09071989 0.99026933 0.10552988
vn 0.00000000 0.00000000 -1.00000000
vn 0.00000000 0.00000000 -1.00000000
vn -0.56837854 -0.68302090 -0.45872463
vn 0.76530309 -0.63684998 0.09345205
vn 0.55648029 0.66872278 0.49309181
vn -0.76530309 0.63684998 0.09345205
vn 0.00000000 0.00000000 -1.00000000
vn 0.00000000 0.00000000 -1.00000000
vn 0.42467059 -0.89889069 -0.10793712
vn 0.90168862 0.42599244 0.07408159
vn -0.42252834 0.89435622 0.14695834
vn -0.90168862 -0.42599244 0.07408159
vn 0.00000000 0.00000000 -1.00000000
vn 0.00000000 0.00000000 -1.00000000
vn 0.76319619 0.14981810 -0.62855876
vn -0.19155155 0.97579273 0.10552988
vn -0.74203599 -0.14566428 0.65434280
vn 0.19155155 -0.97579273 0.10552988
vn 0.00000000 0.00000000 -1.00000000
vn 0.00000000 0.00000000 -1.00000000
vn 0.49552124 0.73758418 -0.45872463
vn -0.82643949 0.55521571 0.09345205
vn -0.48514816 -0.72214384 0.49309181
vn 0.82643949 -0.55521571 0.09345205
vn 0.00000000 0.00000000 -1.00000000
vn 0.00000000 0.00000000 -1.00000000
vn -0.16218713 0.82620588 -0.53951755
vn -0.97781668 -0.19194886 0.08384611
vn 0.15883777 -0.80914374 0.56573578
vn 0.97781668 0.19194886 0.08384611
vn 0.00000000 0.00000000 -1.00000000
vn 0.00000000 0.00000000 -1.00000000
vn -0.71689259 0.48162028 -0.50409019
vn -0.55454225 -0.82543706 0.10552988
vn 0.69888681 -0.46952371 0.53954120
vn 0.55454225 0.82543706 0.10552988
vn 0.00000000 0.00000000 -1.00000000
vn 0.00000000 0.00000000 -1.00000000
vn -0.79829911 -0.15670893 -0.58151598
vn 0.19178418 -0.97697776 0.09345205
vn 0.77924151 0.15296785 0.60776929
vn -0.19178418 0.97697776 0.09345205
vn 0.00000000 0.00000000 -1.00000000
vn 0.00000000 0.00000000 -1.00000000
vn -0.50608917 -0.75331456 -0.41998920
vn 0.82714915 -0.55569246 0.08384611
vn 0.49716348 0.74002866 0.45297467
vn -0.82714915 0.55569246 0.08384611
vn 0.00000000 0.00000000 -1.00000000
vn 0.00000000 0.00000000 -1.00000000
vn 0.14981810 -0.76319619 -0.62855876
vn 0.97579273 0.19155155 0.10552988
vn -0.14566428 0.74203599 0.65434280
vn -0.97579273 -0.19155155 0.10552988
vn 0.00000000 0.00000000 -1.00000000
vn 0.00000000 0.00000000 -1.00000000
vn 0.73758418 -0.49552124 -0.45872463
vn 0.55521571 0.82643949 0.09345205
vn -0.72214384 0.48514816 0.49309181
vn -0.55521571 -0.82643949 0.09345205
vn 0.00000000 0.00000000 -1.00000000
vn 0.00000000 0.00000000 -1.00000000
vn 0.85072933 0.51440178 -0.10793712
vn -0.51600293 0.85337734 0.07408159
vn -0.84643781 -0.51180688 0.14695834
vn 0.51600293 -0.85337734 0.07408159
vn 0.00000000 0.00000000 -1.00000000
vn 0.00000000 0.00000000 -1.00000000
vn -0.72317911 0.28622694 -0.62855876
vn -0.36595855 -0.92462846 0.10552988
vn 0.70312842 -0.27829108 0.65434280
vn 0.36595855 0.92462846 0.10552988
vn 0.00000000 0.00000000 -1.00000000
vn 0.00000000 0.00000000 -1.00000000
vn -0.81545485 -0.35299448 -0.45872463
vn 0.39551903 -0.91369109 0.09345205
vn 0.79838440 0.34560501 0.49309181
vn -0.39551903 0.91369109 0.09345205
vn 0.00000000 0.00000000 -1.00000000
vn 0.00000000 0.00000000 -1.00000000
vn -0.30985792 -0.78288498 -0.53951755
vn 0.92654629 -0.36671761 0.08384611
vn 0.30345898 0.76671747 0.56573578
vn -0.92654629 0.36671761 0.08384611
vn 0.00000000 0.00000000 -1.00000000
vn 0.00000000 0.00000000 -1.00000000
vn 0.34309185 -0.79257874 -0.50409019
vn 0.91258283 0.39503928 0.10552988
vn -0.33447462 0.77267200 0.53954120
vn -0.91258283 -0.39503928 0.10552988
vn 0.00000000 0.00000000 -1.00000000
vn 0.00000000 0.00000000 -1.00000000
vn 0.75644146 -0.29939185 -0.58151598
vn 0.36640298 0.92575135 0.09345205
vn -0.73838311 0.29224454 0.60776929
vn -0.36640298 -0.92575135 0.09345205
vn 0.00000000 0.00000000 -1.00000000
vn 0.00000000 0.00000000 -1.00000000
vn 0.83284597 0.36052275 -0.41998920
vn -0.39585866 0.91447567 0.08384611
vn -0.81815741 -0.35416436 0.45297467
vn 0.39585866 -0.91447567 0.08384611
vn 0.00000000 0.00000000 -1.00000000
vn 0.00000000 0.00000000 -1.00000000
vn 0.28622694 0.72317911 -0.62855876
vn -0.92462846 0.36595855 0.10552988
vn -0.27829108 -0.70312842 0.65434280
vn 0.92462846 -0.36595855 0.10552988
vn 0.00000000 0.00000000 -1.00000000
vn 0.00000000 0.00000000 -1.00000000
vn -0.35299448 0.81545485 -0.45872463
vn -0.91369109 -0.39551903 0.09345205
vn 0.34560501 -0.79838440 0.49309181
vn 0.91369109 0.39551903 0.09345205
vn 0.00000000 0.00000000 -1.00000000
vn 0.00000000 0.00000000 -1.00000000
vn -0.99379881 0.02671147 -0.10793712
vn -0.02679460 -0.99689215 0.07408159
vn 0.98878558 -0.02657671 0.14695834
vn 0.02679460 0.99689215 0.07408159
vn 0.00000000 0.00000000 -1.00000000
vn 0.00000000 0.00000000 -1.00000000
vn 0.75732271 0.17713326 -0.62855876
vn -0.22647564 0.96828314 0.10552988
vn -0.73632537 -0.17222210 0.65434280
vn 0.22647564 -0.96828314 0.10552988
vn 0.00000000 0.00000000 -1.00000000
vn 0.00000000 0.00000000 -1.00000000
vn 0.46870960 0.75490597 -0.45872463
vn -0.84584801 0.52517413 0.09345205
vn -0.45889779 -0.73910302 0.49309181
vn 0.84584801 -0.52517413 0.09345205
vn 0.00000000 0.00000000 -1.00000000
vn 0.00000000 0.00000000 -1.00000000
vn -0.19175743 0.81984749 -0.53951755
vn -0.97029151 -0.22694538 0.08384611
vn 0.18779741 -0.80291666 0.56573578
vn 0.97029151 0.22694538 0.08384611
vn 0.00000000 0.00000000 -1.00000000
vn 0.00000000 0.00000000 -1.00000000
vn -0.73372845 0.45556080 -0.50409019
vn -0.52453711 -0.84482203 0.10552988
vn 0.71529982 -0.44411875 0.53954120
vn 0.52453711 0.84482203 0.10552988
vn 0.00000000 0.00000000 -1.00000000
vn 0.00000000 0.00000000 -1.00000000
vn -0.79215549 -0.18528043 -0.58151598
vn 0.22675068 -0.96945905 0.09345205
vn 0.77324455 0.18085728 0.60776929
vn -0.22675068 0.96945905 0.09345205
vn 0.00000000 0.00000000 -1.00000000
vn 0.00000000 0.00000000 -1.00000000
vn -0.47870572 -0.77100577 -0.41998920
vn 0.84657433 -0.52562509 0.08384611
vn 0.47026299 0.75740786 0.45297467
vn -0.84657433 0.52562509 0.08384611
vn 0.00000000 0.00000000 -1.00000000
vn 0.00000000 0.00000000 -1.00000000
vn 0.17713326 -0.75732271 -0.62855876
vn 0.96828314 0.22647564 0.10552988
vn -0.17222210 0.73632537 0.65434280
vn -0.96828314 -0.22647564 0.10552988
vn 0.00000000 0.00000000 -1.00000000
vn 0.00000000 0.00000000 -1.00000000
vn 0.75490597 -0.46870960 -0.45872463
vn 0.52517413 0.84584801 0.09345205
vn -0.73910302 0.45889779 0.49309181
vn -0.52517413 -0.84584801 0.09345205
vn 0.00000000 0.00000000 -1.00000000
vn 0.00000000 0.00000000 -1.00000000
vn 0.83170458 0.54462563 -0.10793712
vn -0.54632086 0.83429337 0.07408159
vn -0.82750903 -0.54187827 0.14695834
vn 0.54632086 -0.83429337 0.07408159
vn 0.00000000 0.00000000 -1.00000000
vn 0.00000000 0.00000000 -1.00000000
vn -0.74438606 0.22539582 -0.62855876
vn -0.28818227 -0.95174284 0.10552988
vn 0.72374739 -0.21914655 0.65434280
vn 0.28818227 0.95174284 0.10552988
vn 0.00000000 0.00000000 -1.00000000
vn 0.00000000 0.00000000 -1.00000000
vn -0.78344423 -0.41926944 -0.45872463
vn 0.46977800 -0.87782421 0.09345205
vn 0.76704387 0.41049259 0.49309181
vn -0.46977800 0.87782421 0.09345205
vn 0.00000000 0.00000000 -1.00000000
vn 0.00000000 0.00000000 -1.00000000
vn -0.24400457 -0.80584278 -0.53951755
vn 0.95371691 -0.28878000 0.08384611
vn 0.23896558 0.78920116 0.56573578
vn -0.95371691 0.28878000 0.08384611
vn 0.00000000 0.00000000 -1.00000000
vn 0.00000000 0.00000000 -1.00000000
vn 0.40750759 -0.76146611 -0.50409019
vn 0.87675945 0.46920818 0.10552988
vn -0.39727246 0.74234082 0.53954120
vn -0.87675945 -0.46920818 0.10552988
vn 0.00000000 0.00000000 -1.00000000
vn 0.00000000 0.00000000 -1.00000000
vn 0.77862382 -0.23576282 -0.58151598
vn 0.28853224 0.95289866 0.09345205
vn -0.76003592 0.23013451 0.60776929
vn -0.28853224 -0.95289866 0.09345205
vn 0.00000000 0.00000000 -1.00000000
vn 0.00000000 0.00000000 -1.00000000
vn 0.80015266 0.42821115 -0.41998920
vn -0.47018139 0.87857799 0.08384611
vn -0.78604070 -0.42065897 0.45297467
vn 0.47018139 -0.87857799 0.08384611
vn 0.00000000 0.00000000 -1.00000000
vn 0.00000000 0.00000000 -1.00000000
vn 0.22539582 0.74438606 -0.62855876
vn -0.95174284 0.28818227 0.10552988
vn -0.21914655 -0.72374739 0.65434280
vn 0.95174284 -0.28818227 0.10552988
vn 0.00000000 0.00000000 -1.00000000
vn 0.00000000 0.00000000 -1.00000000
vn -0.41926944 0.78344423 -0.45872463
vn -0.87782421 -0.46977800 0.09345205
vn 0.41049259 -0.76704387 0.49309181
vn 0.87782421 0.46977800 0.09345205
vn 0.00000000 0.00000000 -1.00000000
vn 0.00000000 0.00000000 -1.00000000
vn -0.99260031 -0.05562551 -0.10793712
vn 0.05579866 -0.99568993 0.07408159
vn 0.98759313 0.05534492 0.14695834
vn -0.05579866 0.99568993 0.07408159
vn 0.00000000 0.00000000 -1.00000000
vn 0.00000000 0.00000000 -1.00000000
vn -0.57045333 -0.52867464 -0.62855876
vn 0.67594268 -0.72935927 0.10552988
vn 0.55463708 0.51401674 0.65434280
vn -0.67594268 0.72935927 0.10552988
vn 0.00000000 0.00000000 -1.00000000
vn 0.00000000 0.00000000 -1.00000000
vn -0.03375117 -0.88793726 -0.45872463
vn 0.99490531 -0.03781711 0.09345205
vn 0.03304463 0.86934948 0.49309181
vn -0.99490531 0.03781711 0.09345205
vn 0.00000000 0.00000000 -1.00000000
vn 0.00000000 0.00000000 -1.00000000
vn 0.57232217 -0.61755012 -0.53951755
vn 0.73087208 0.67734469 0.08384611
vn -0.56050303 0.60479697 0.56573578
vn -0.73087208 -0.67734469 0.08384611
vn 0.00000000 0.00000000 -1.00000000
vn 0.00000000 0.00000000 -1.00000000
vn 0.86302778 -0.03280434 -0.50409019
vn 0.03777124 0.99369853 0.10552988
vn -0.84135162 0.03198041 0.53954120
vn -0.03777124 -0.99369853 0.10552988
vn 0.00000000 0.00000000 -1.00000000
vn 0.00000000 0.00000000 -1.00000000
vn 0.59669112 0.55299084 -0.58151598
vn -0.67676356 0.73024503 0.09345205
vn -0.58244646 -0.53978942 0.60776929
vn 0.67676356 -0.73024503 0.09345205
vn 0.00000000 0.00000000 -1.00000000
vn 0.00000000 0.00000000 -1.00000000
vn 0.03447098 0.90687420 -0.41998920
vn -0.99575963 0.03784958 0.08384611
vn -0.03386303 -0.89088004 0.45297467
vn 0.99575963 -0.03784958 0.08384611
vn 0.00000000 0.00000000 -1.00000000
vn 0.00000000 0.00000000 -1.00000000
vn -0.52867464 0.57045333 -0.62855876
vn -0.72935927 -0.67594268 0.10552988
vn 0.51401674 -0.55463708 0.65434280
vn 0.72935927 0.67594268 0.10552988
vn 0.00000000 0.00000000 -1.00000000
vn 0.00000000 0.00000000 -1.00000000
vn -0.88793726 0.03375117 -0.45872463
vn -0.03781711 -0.99490531 0.09345205
vn 0.86934948 -0.03304463 0.49309181
vn 0.03781711 0.99490531 0.09345205
vn 0.00000000 0.00000000 -1.00000000
vn 0.00000000 0.00000000 -1.00000000
vn -0.45324313 -0.88482781 -0.10793712
vn 0.88758196 -0.45465391 0.07408159
vn 0.45095673 0.88036429 0.14695834
vn -0.88758196 0.45465391 0.07408159
vn 0.00000000 0.00000000 -1.00000000
vn 0.00000000 0.00000000 -1.00000000
vn -0.77576912 0.05564316 -0.62855876
vn -0.07114316 -0.99186798 0.10552988
vn 0.75426033 -0.05410041 0.65434280
vn 0.07114316 0.99186798 0.10552988
vn 0.00000000 0.00000000 -1.00000000
vn 0.00000000 0.00000000 -1.00000000
vn -0.67166149 -0.58175816 -0.45872463
vn 0.65184142 -0.75257523 0.09345205
vn 0.65760116 0.56957983 0.49309181
vn -0.65184142 0.75257523 0.09345205
vn 0.00000000 0.00000000 -1.00000000
vn 0.00000000 0.00000000 -1.00000000
vn -0.06023707 -0.83981683 -0.53951755
vn 0.99392528 -0.07129072 0.08384611
vn 0.05899311 0.82247361 0.56573578
vn -0.99392528 0.07129072 0.08384611
vn 0.00000000 0.00000000 -1.00000000
vn 0.00000000 0.00000000 -1.00000000
vn 0.56543799 -0.65281924 -0.50409019
vn 0.75166239 0.65105076 0.10552988
vn -0.55123621 0.63642276 0.53954120
vn -0.75166239 -0.65105076 0.10552988
vn 0.00000000 0.00000000 -1.00000000
vn 0.00000000 0.00000000 -1.00000000
vn 0.81145033 -0.05820245 -0.58151598
vn 0.07122956 0.99307254 0.09345205
vn -0.79207877 0.05681299 0.60776929
vn -0.07122956 -0.99307254 0.09345205
vn 0.00000000 0.00000000 -1.00000000
vn 0.00000000 0.00000000 -1.00000000
vn 0.68598595 0.59416526 -0.41998920
vn -0.65240115 0.75322146 0.08384611
vn -0.67388750 -0.58368621 0.45297467
vn 0.65240115 -0.75322146 0.08384611
vn 0.00000000 0.00000000 -1.00000000
vn 0.00000000 0.00000000 -1.00000000
vn 0.05564316 0.77576912 -0.62855876
vn -0.99186798 0.07114316 0.10552988
vn -0.05410041 -0.75426033 0.65434280
vn 0.99186798 -0.07114316 0.10552988
vn 0.00000000 0.00000000 -1.00000000
vn 0.00000000 0.00000000 -1.00000000
vn -0.58175816 0.67166149 -0.45872463
vn -0.75257523 -0.65184142 0.09345205
vn 0.56957983 -0.65760116 0.49309181
vn 0.75257523 0.65184142 0.09345205
vn 0.00000000 0.00000000 -1.00000000
vn 0.00000000 0.00000000 -1.00000000
vn -0.95588009 -0.27320839 -0.10793712
vn 0.27405880 -0.95885541 0.07408159
vn 0.95105814 0.27183020 0.14695834
vn -0.27405880 0.95885541 0.07408159
vn 0.00000000 0.00000000 -1.00000000
vn 0.00000000 0.00000000 -1.00000000
vn 0.42245303 -0.65302934 -0.62855876
vn 0.83493772 0.54013188 0.10552988
vn -0.41074020 0.63492361 0.65434280
vn -0.83493772 -0.54013188 0.10552988
vn 0.00000000 0.00000000 -1.00000000
vn 0.00000000 0.00000000 -1.00000000
vn 0.86883501 -0.18627249 -0.45872463
vn 0.20871237 0.97350186 0.09345205
vn -0.85064711 0.18237312 0.49309181
vn -0.20871237 -0.97350186 0.09345205
vn 0.00000000 0.00000000 -1.00000000
vn 0.00000000 0.00000000 -1.00000000
vn 0.70694363 0.45733087 -0.53951755
vn -0.54125220 0.83666952 0.08384611
vn -0.69234440 -0.44788644 0.56573578
vn 0.54125220 -0.83666952 0.08384611
vn 0.00000000 0.00000000 -1.00000000
vn 0.00000000 0.00000000 -1.00000000
vn 0.18104695 0.84446142 -0.50409019
vn -0.97232104 0.20845921 0.10552988
vn -0.17649970 -0.82325157 0.53954120
vn 0.97232104 -0.20845921 0.10552988
vn 0.00000000 0.00000000 -1.00000000
vn 0.00000000 0.00000000 -1.00000000
vn -0.44188360 0.68306519 -0.58151598
vn -0.83595169 -0.54078783 0.09345205
vn 0.43133461 -0.66675853 0.60776929
vn 0.83595169 0.54078783 0.09345205
vn 0.00000000 0.00000000 -1.00000000
vn 0.00000000 0.00000000 -1.00000000
vn -0.88736457 0.19024510 -0.41998920
vn -0.20889159 -0.97433779 0.08384611
vn 0.87171448 -0.18688983 0.45297467
vn 0.20889159 0.97433779 0.08384611
vn 0.00000000 0.00000000 -1.00000000
vn 0.00000000 0.00000000 -1.00000000
vn -0.65302934 -0.42245303 -0.62855876
vn 0.54013188 -0.83493772 0.10552988
vn 0.63492361 0.41074020 0.65434280
vn -0.54013188 0.83493772 0.10552988
vn 0.00000000 0.00000000 -1.00000000
vn 0.00000000 0.00000000 -1.00000000
vn -0.18627249 -0.86883501 -0.45872463
vn 0.97350186 -0.20871237 0.09345205
vn 0.18237312 0.85064711 0.49309181
vn -0.97350186 0.20871237 0.09345205
vn 0.00000000 0.00000000 -1.00000000
vn 0.00000000 0.00000000 -1.00000000
vn 0.79347721 -0.59895199 -0.10793712
vn 0.60081631 0.79594703 0.07408159
vn -0.78947451 0.59593057 0.14695834
vn -0.60081631 -0.79594703 0.07408159
vn 0.00000000 0.00000000 -1.00000000
vn 0.00000000 0.00000000 -1.00000000
vn 0.55782104 0.54198669 -0.62855876
vn -0.69296294 0.71320811 0.10552988
vn -0.54235502 -0.52695970 0.65434280
vn 0.69296294 -0.71320811 0.10552988
vn 0.00000000 0.00000000 -1.00000000
vn 0.00000000 0.00000000 -1.00000000
vn 0.01279187 0.88848640 -0.45872463
vn -0.99552061 0.01433288 0.09345205
vn -0.01252409 -0.86988713 0.49309181
vn 0.99552061 -0.01433288 0.09345205
vn 0.00000000 0.00000000 -1.00000000
vn 0.00000000 0.00000000 -1.00000000
vn -0.58673327 0.60387490 -0.53951755
vn -0.71468742 -0.69440026 0.08384611
vn 0.57461652 -0.59140416 0.56573578
vn 0.71468742 0.69440026 0.08384611
vn 0.00000000 0.00000000 -1.00000000
vn 0.00000000 0.00000000 -1.00000000
vn -0.86356152 0.01243302 -0.50409019
vn -0.01431550 -0.99431308 0.10552988
vn 0.84187195 -0.01212075 0.53954120
vn 0.01431550 0.99431308 0.10552988
vn 0.00000000 0.00000000 -1.00000000
vn 0.00000000 0.00000000 -1.00000000
vn -0.58347781 -0.56691517 -0.58151598
vn 0.69380449 -0.71407425 0.09345205
vn 0.56954858 0.55338134 0.60776929
vn -0.69380449 0.71407425 0.09345205
vn 0.00000000 0.00000000 -1.00000000
vn 0.00000000 0.00000000 -1.00000000
vn -0.01306468 -0.90743506 -0.41998920
vn 0.99637545 -0.01434519 0.08384611
vn 0.01283427 0.89143100 0.45297467
vn -0.99637545 0.01434519 0.08384611
vn 0.00000000 0.00000000 -1.00000000
vn 0.00000000 0.00000000 -1.00000000
vn 0.54198669 -0.55782104 -0.62855876
vn 0.71320811 0.69296294 0.10552988
vn -0.52695970 0.54235502 0.65434280
vn -0.71320811 -0.69296294 0.10552988
vn 0.00000000 0.00000000 -1.00000000
vn 0.00000000 0.00000000 -1.00000000
vn 0.88848640 -0.01279187 -0.45872463
vn 0.01433288 0.99552061 0.09345205
vn -0.86988713 0.01252409 0.49309181
vn -0.01433288 -0.99552061 0.09345205
vn 0.00000000 0.00000000 -1.00000000
vn 0.00000000 0.00000000 -1.00000000
vn 0.43224042 0.89527526 -0.10793712
vn -0.89806194 0.43358582 0.07408159
vn -0.43005997 -0.89075904 0.14695834
vn 0.89806194 -0.43358582 0.07408159
vn 0.00000000 0.00000000 -1.00000000
vn 0.00000000 0.00000000 -1.00000000
vn -0.69027158 0.35838391 -0.62855876
vn -0.45821562 -0.88255419 0.10552988
vn 0.67113328 -0.34844744 0.65434280
vn 0.45821562 0.88255419 0.10552988
vn 0.00000000 0.00000000 -1.00000000
vn 0.00000000 0.00000000 -1.00000000
vn -0.84716275 -0.26811749 -0.45872463
vn 0.30041707 -0.94921878 0.09345205
vn 0.82942853 0.26250480 0.49309181
vn -0.30041707 0.94921878 0.09345205
vn 0.00000000 0.00000000 -1.00000000
vn 0.00000000 0.00000000 -1.00000000
vn -0.38797219 -0.74726060 -0.53951755
vn 0.88438475 -0.45916603 0.08384611
vn 0.37996010 0.73182877 0.56573578
vn -0.88438475 0.45916603 0.08384611
vn 0.00000000 0.00000000 -1.00000000
vn 0.00000000 0.00000000 -1.00000000
vn 0.26059593 -0.82339713 -0.50409019
vn 0.94806742 0.30005268 0.10552988
vn -0.25405070 0.80271635 0.53954120
vn -0.94806742 -0.30005268 0.10552988
vn 0.00000000 0.00000000 -1.00000000
vn 0.00000000 0.00000000 -1.00000000
vn 0.72202037 -0.37486765 -0.58151598
vn 0.45877209 0.88362599 0.09345205
vn -0.70478375 0.36591852 0.60776929
vn -0.45877209 -0.88362599 0.09345205
vn 0.00000000 0.00000000 -1.00000000
vn 0.00000000 0.00000000 -1.00000000
vn 0.86523011 0.27383560 -0.41998920
vn -0.30067504 0.95003387 0.08384611
vn -0.84997040 -0.26900607 0.45297467
vn 0.30067504 -0.95003387 0.08384611
vn 0.00000000 0.00000000 -1.00000000
vn 0.00000000 0.00000000 -1.00000000
vn 0.35838391 0.69027158 -0.62855876
vn -0.88255419 0.45821562 0.10552988
vn -0.34844744 -0.67113328 0.65434280
vn 0.88255419 -0.45821562 0.10552988
vn 0.00000000 0.00000000 -1.00000000
vn 0.00000000 0.00000000 -1.00000000
vn -0.26811749 0.84716275 -0.45872463
vn -0.94921878 -0.30041707 0.09345205
vn 0.26250480 -0.82942853 0.49309181
vn 0.94921878 0.30041707 0.09345205
vn 0.00000000 0.00000000 -1.00000000
vn 0.00000000 0.00000000 -1.00000000
vn -0.98591218 0.12777614 -0.10793712
vn -0.12817386 -0.98898098 0.07408159
vn 0.98093874 -0.12713157 0.14695834
vn 0.12817386 0.98898098 0.07408159
vn 0.00000000 0.00000000 -1.00000000
vn 0.00000000 0.00000000 -1.00000000
vn -0.77708705 0.03239760 -0.62855876
vn -0.04142230 -0.99355304 0.10552988
vn 0.75554172 -0.03149935 0.65434280
vn 0.04142230 0.99355304 0.10552988
vn 0.00000000 0.00000000 -1.00000000
vn 0.00000000 0.00000000 -1.00000000
vn -0.65394712 -0.60160192 -0.45872463
vn 0.67407572 -0.73272685 0.09345205
vn 0.64025762 0.58900819 0.49309181
vn -0.67407572 0.73272685 0.09345205
vn 0.00000000 0.00000000 -1.00000000
vn 0.00000000 0.00000000 -1.00000000
vn -0.03507236 -0.84124357 -0.53951755
vn 0.99561383 -0.04150822 0.08384611
vn 0.03434807 0.82387089 0.56573578
vn -0.99561383 0.04150822 0.08384611
vn 0.00000000 0.00000000 -1.00000000
vn 0.00000000 0.00000000 -1.00000000
vn 0.58472507 -0.63560182 -0.50409019
vn 0.73183808 0.67325810 0.10552988
vn -0.57003887 0.61963778 0.53954120
vn -0.73183808 -0.67325810 0.10552988
vn 0.00000000 0.00000000 -1.00000000
vn 0.00000000 0.00000000 -1.00000000
vn 0.81282888 -0.03388772 -0.58151598
vn 0.04147261 0.99475964 0.09345205
vn -0.79342441 0.03307872 0.60776929
vn -0.04147261 -0.99475964 0.09345205
vn 0.00000000 0.00000000 -1.00000000
vn 0.00000000 0.00000000 -1.00000000
vn 0.66789379 0.61443223 -0.41998920
vn -0.67465455 0.73335603 0.08384611
vn -0.65611442 -0.60359574 0.45297467
vn 0.67465455 -0.73335603 0.08384611
vn 0.00000000 0.00000000 -1.00000000
vn 0.00000000 0.00000000 -1.00000000
vn 0.03239760 0.77708705 -0.62855876
vn -0.99355304 0.04142230 0.10552988
vn -0.03149935 -0.75554172 0.65434280
vn 0.99355304 -0.04142230 0.10552988
vn 0.00000000 0.00000000 -1.00000000
vn 0.00000000 0.00000000 -1.00000000
vn -0.60160192 0.65394712 -0.45872463
vn -0.73272685 -0.67407572 0.09345205
vn 0.58900819 -0.64025762 0.49309181
vn 0.73272685 0.67407572 0.09345205
vn 0.00000000 0.00000000 -1.00000000
vn 0.00000000 0.00000000 -1.00000000
vn -0.94727401 -0.30169775 -0.10793712
vn 0.30263684 -0.95022253 0.07408159
vn 0.94249547 0.30017584 0.14695834
vn -0.30263684 0.95022253 0.07408159
vn 0.00000000 0.00000000 -1.00000000
vn 0.00000000 0.00000000 -1.00000000
vn -0.53586015 -0.56370895 -0.62855876
vn 0.72073617 -0.68512979 0.10552988
vn 0.52100302 0.54807969 0.65434280
vn -0.72073617 0.68512979 0.10552988
vn 0.00000000 0.00000000 -1.00000000
vn 0.00000000 0.00000000 -1.00000000
vn 0.02249782 -0.88829362 -0.45872463
vn 0.99530461 0.02520809 0.09345205
vn -0.02202686 0.86969839 0.49309181
vn -0.99530461 -0.02520809 0.09345205
vn 0.00000000 0.00000000 -1.00000000
vn 0.00000000 0.00000000 -1.00000000
vn 0.61024892 -0.58010092 -0.53951755
vn 0.68655086 0.72223109 0.08384611
vn -0.59764655 0.56812114 0.56573578
vn -0.68655086 -0.72223109 0.08384611
vn 0.00000000 0.00000000 -1.00000000
vn 0.00000000 0.00000000 -1.00000000
vn 0.86337415 0.02186669 -0.50409019
vn -0.02517751 0.99409735 0.10552988
vn -0.84168929 -0.02131747 0.53954120
vn 0.02517751 -0.99409735 0.10552988
vn 0.00000000 0.00000000 -1.00000000
vn 0.00000000 0.00000000 -1.00000000
vn 0.56050684 0.58963654 -0.58151598
vn -0.72161145 0.68596183 0.09345205
vn -0.54712599 -0.57556028 0.60776929
vn 0.72161145 -0.68596183 0.09345205
vn 0.00000000 0.00000000 -1.00000000
vn 0.00000000 0.00000000 -1.00000000
vn -0.02297763 0.90723817 -0.41998920
vn -0.99615927 -0.02522974 0.08384611
vn 0.02257238 -0.89123759 0.45297467
vn 0.99615927 0.02522974 0.08384611
vn 0.00000000 0.00000000 -1.00000000
vn 0.00000000 0.00000000 -1.00000000
vn -0.56370895 0.53586015 -0.62855876
vn -0.68512979 -0.72073617 0.10552988
vn 0.54807969 -0.52100302 0.65434280
vn 0.68512979 0.72073617 0.10552988
vn 0.00000000 0.00000000 -1.00000000
vn 0.00000000 0.00000000 -1.00000000
vn -0.88829362 -0.02249782 -0.45872463
vn 0.02520809 -0.99530461 0.09345205
vn 0.86969839 0.02202686 0.49309181
vn -0.02520809 0.99530461 0.09345205
vn 0.00000000 0.00000000 -1.00000000
vn 0.00000000 0.00000000 -1.00000000
vn -0.39635036 -0.91173240 -0.10793712
vn 0.91457030 -0.39758405 0.07408159
vn 0.39435095 0.90713316 0.14695834
vn -0.91457030 0.39758405 0.07408159
vn 0.00000000 0.00000000 -1.00000000
vn 0.00000000 0.00000000 -1.00000000
vn -0.68587298 0.36673170 -0.62855876
vn -0.46888877 -0.87693031 0.10552988
vn 0.66685663 -0.35656378 0.65434280
vn 0.46888877 0.87693031 0.10552988
vn 0.00000000 0.00000000 -1.00000000
vn 0.00000000 0.00000000 -1.00000000
vn -0.85035313 -0.25782024 -0.45872463
vn 0.28887933 -0.95279350 0.09345205
vn 0.83255212 0.25242312 0.49309181
vn -0.28887933 0.95279350 0.09345205
vn 0.00000000 0.00000000 -1.00000000
vn 0.00000000 0.00000000 -1.00000000
vn -0.39700917 -0.74249885 -0.53951755
vn 0.87874921 -0.46986132 0.08384611
vn 0.38881046 0.72716536 0.56573578
vn -0.87874921 0.46986132 0.08384611
vn 0.00000000 0.00000000 -1.00000000
vn 0.00000000 0.00000000 -1.00000000
vn 0.25058756 -0.82649801 -0.50409019
vn 0.95163780 0.28852894 0.10552988
vn -0.24429370 0.80573934 0.53954120
vn -0.95163780 -0.28852894 0.10552988
vn 0.00000000 0.00000000 -1.00000000
vn 0.00000000 0.00000000 -1.00000000
vn 0.71741946 -0.38359939 -0.58151598
vn 0.46945821 0.87799528 0.09345205
vn -0.70029267 0.37444181 0.60776929
vn -0.46945821 -0.87799528 0.09345205
vn 0.00000000 0.00000000 -1.00000000
vn 0.00000000 0.00000000 -1.00000000
vn 0.86848852 0.26331874 -0.41998920
vn -0.28912739 0.95361165 0.08384611
vn -0.85317135 -0.25867470 0.45297467
vn 0.28912739 -0.95361165 0.08384611
vn 0.00000000 0.00000000 -1.00000000
vn 0.00000000 0.00000000 -1.00000000
vn 0.36673170 0.68587298 -0.62855876
vn -0.87693031 0.46888877 0.10552988
vn -0.35656378 -0.66685663 0.65434280
vn 0.87693031 -0.46888877 0.10552988
vn 0.00000000 0.00000000 -1.00000000
vn 0.00000000 0.00000000 -1.00000000
vn -0.25782024 0.85035313 -0.45872463
vn -0.95279350 -0.28887933 0.09345205
vn 0.25242312 -0.83255212 0.49309181
vn 0.95279350 0.28887933 0.09345205
vn 0.00000000 0.00000000 -1.00000000
vn 0.00000000 0.00000000 -1.00000000
vn -0.98428949 0.13972752 -0.10793712
vn -0.14016244 -0.98735323 0.07408159
vn 0.97932423 -0.13902266 0.14695834
vn 0.14016244 0.98735323 0.07408159
vn 0.00000000 0.00000000 -1.00000000
vn 0.00000000 0.00000000 -1.00000000
vn 0.41694669 0.65655871 -0.62855876
vn -0.83945023 0.53309169 0.10552988
vn -0.40538652 -0.63835512 0.65434280
vn 0.83945023 -0.53309169 0.10552988
vn 0.00000000 0.00000000 -1.00000000
vn 0.00000000 0.00000000 -1.00000000
vn -0.19357204 0.86723790 -0.45872463
vn -0.97171235 -0.21689128 0.09345205
vn 0.18951987 -0.84908344 0.49309181
vn 0.97171235 0.21689128 0.09345205
vn 0.00000000 0.00000000 -1.00000000
vn 0.00000000 0.00000000 -1.00000000
vn -0.71076438 0.45136992 -0.53951755
vn -0.53419741 -0.84119139 0.08384611
vn 0.69608625 -0.44204860 0.56573578
vn 0.53419741 0.84119139 0.08384611
vn 0.00000000 0.00000000 -1.00000000
vn 0.00000000 0.00000000 -1.00000000
vn -0.84290911 -0.18814172 -0.50409019
vn 0.21662820 -0.97053370 0.10552988
vn 0.82173826 0.18341628 0.53954120
vn -0.21662820 0.97053370 0.10552988
vn 0.00000000 0.00000000 -1.00000000
vn 0.00000000 0.00000000 -1.00000000
vn -0.43612400 -0.68675689 -0.58151598
vn 0.84046969 -0.53373910 0.09345205
vn 0.42571251 0.67036210 0.60776929
vn -0.84046969 0.53373910 0.09345205
vn 0.00000000 0.00000000 -1.00000000
vn 0.00000000 0.00000000 -1.00000000
vn 0.19770033 -0.88573340 -0.41998920
vn 0.97254675 0.21707752 0.08384611
vn -0.19421357 0.87011208 0.45297467
vn -0.97254675 -0.21707752 0.08384611
vn 0.00000000 0.00000000 -1.00000000
vn 0.00000000 0.00000000 -1.00000000
vn 0.65655871 -0.41694669 -0.62855876
vn 0.53309169 0.83945023 0.10552988
vn -0.63835512 0.40538652 0.65434280
vn -0.53309169 -0.83945023 0.10552988
vn 0.00000000 0.00000000 -1.00000000
vn 0.00000000 0.00000000 -1.00000000
vn 0.86723790 0.19357204 -0.45872463
vn -0.21689128 0.97171235 0.09345205
vn -0.84908344 -0.18951987 0.49309181
vn 0.21689128 -0.97171235 0.09345205
vn 0.00000000 0.00000000 -1.00000000
vn 0.00000000 0.00000000 -1.00000000
vn 0.21287082 0.97110020 -0.10793712
vn -0.97412289 0.21353340 0.07408159
vn -0.21179698 -0.96620147 0.14695834
vn 0.97412289 -0.21353340 0.07408159
vn 0.00000000 0.00000000 -1.00000000
vn 0.00000000 0.00000000 -1.00000000
vn 0.42788137 -0.64948550 -0.62855876
vn 0.83040671 0.54707234 0.10552988
vn -0.41601803 0.63147802 0.65434280
vn -0.83040671 -0.54707234 0.10552988
vn 0.00000000 0.00000000 -1.00000000
vn 0.00000000 0.00000000 -1.00000000
vn 0.87035741 -0.17902426 -0.45872463
vn 0.20059096 0.97520766 0.09345205
vn -0.85213765 0.17527662 0.49309181
vn -0.20059096 -0.97520766 0.09345205
vn 0.00000000 0.00000000 -1.00000000
vn 0.00000000 0.00000000 -1.00000000
vn 0.70310721 0.46320737 -0.53951755
vn -0.54820706 0.83212911 0.08384611
vn -0.68858721 -0.45364159 0.56573578
vn 0.54820706 -0.83212911 0.08384611
vn 0.00000000 0.00000000 -1.00000000
vn 0.00000000 0.00000000 -1.00000000
vn 0.17400206 0.84594111 -0.50409019
vn -0.97402478 0.20034765 0.10552988
vn -0.16963175 -0.82469410 0.53954120
vn 0.97402478 -0.20034765 0.10552988
vn 0.00000000 0.00000000 -1.00000000
vn 0.00000000 0.00000000 -1.00000000
vn -0.44756161 0.67935835 -0.58151598
vn -0.83141518 -0.54773672 0.09345205
vn 0.43687708 -0.66314019 0.60776929
vn 0.83141518 0.54773672 0.09345205
vn 0.00000000 0.00000000 -1.00000000
vn 0.00000000 0.00000000 -1.00000000
vn -0.88891944 0.18284229 -0.41998920
vn -0.20076320 -0.97604506 0.08384611
vn 0.87324193 -0.17961758 0.45297467
vn 0.20076320 0.97604506 0.08384611
vn 0.00000000 0.00000000 -1.00000000
vn 0.00000000 0.00000000 -1.00000000
vn -0.64948550 -0.42788137 -0.62855876
vn 0.54707234 -0.83040671 0.10552988
vn 0.63147802 0.41601803 0.65434280
vn -0.54707234 0.83040671 0.10552988
vn 0.00000000 0.00000000 -1.00000000
vn 0.00000000 0.00000000 -1.00000000
vn -0.17902426 -0.87035741 -0.45872463
vn 0.97520766 -0.20059096 0.09345205
vn 0.17527662 0.85213765 0.49309181
vn -0.97520766 0.20059096 0.09345205
vn 0.00000000 0.00000000 -1.00000000
vn 0.00000000 0.00000000 -1.00000000
vn 0.79844193 -0.59231754 -0.10793712
vn 0.59416121 0.80092720 0.07408159
vn -0.79441418 0.58932958 0.14695834
vn -0.59416121 -0.80092720 0.07408159
vn 0.00000000 0.00000000 -1.00000000
vn 0.00000000 0.00000000 -1.00000000
vn -0.60695158 0.48633699 -0.62855876
vn -0.62181141 -0.77602449 0.10552988
vn 0.59012338 -0.47285293 0.65434280
vn 0.62181141 0.77602449 0.10552988
vn 0.00000000 0.00000000 -1.00000000
vn 0.00000000 0.00000000 -1.00000000
vn -0.88321985 -0.09743923 -0.45872463
vn 0.10917755 -0.98961961 0.09345205
vn 0.86473083 0.09539947 0.49309181
vn -0.10917755 0.98961961 0.09345205
vn 0.00000000 0.00000000 -1.00000000
vn 0.00000000 0.00000000 -1.00000000
vn -0.52648911 -0.65706167 -0.53951755
vn 0.77763410 -0.62310115 0.08384611
vn 0.51561648 0.64349256 0.56573578
vn -0.77763410 0.62310115 0.08384611
vn 0.00000000 0.00000000 -1.00000000
vn 0.00000000 0.00000000 -1.00000000
vn 0.09470575 -0.85844272 -0.50409019
vn 0.98841925 0.10904512 0.10552988
vn -0.09232708 0.83688171 0.53954120
vn -0.98841925 -0.10904512 0.10552988
vn 0.00000000 0.00000000 -1.00000000
vn 0.00000000 0.00000000 -1.00000000
vn 0.63486809 -0.50870588 -0.58151598
vn 0.62256656 0.77696692 0.09345205
vn -0.61971203 0.49656166 0.60776929
vn -0.62256656 -0.77696692 0.09345205
vn 0.00000000 0.00000000 -1.00000000
vn 0.00000000 0.00000000 -1.00000000
vn 0.90205619 0.09951731 -0.41998920
vn -0.10927129 0.99046939 0.08384611
vn -0.88614700 -0.09776216 0.45297467
vn 0.10927129 -0.99046939 0.08384611
vn 0.00000000 0.00000000 -1.00000000
vn 0.00000000 0.00000000 -1.00000000
vn 0.48633699 0.60695158 -0.62855876
vn -0.77602449 0.62181141 0.10552988
vn -0.47285293 -0.59012338 0.65434280
vn 0.77602449 -0.62181141 0.10552988
vn 0.00000000 0.00000000 -1.00000000
vn 0.00000000 0.00000000 -1.00000000
vn -0.09743923 0.88321985 -0.45872463
vn -0.98961961 -0.10917755 0.09345205
vn 0.09539947 -0.86473083 0.49309181
vn 0.98961961 0.10917755 0.09345205
vn 0.00000000 0.00000000 -1.00000000
vn 0.00000000 0.00000000 -1.00000000
vn -0.94194916 0.31793294 -0.10793712
vn -0.31892254 -0.94488112 0.07408159
vn 0.93719749 -0.31632911 0.14695834
vn 0.31892254 0.94488112 0.07408159
vn 0.00000000 0.00000000 -1.00000000
vn 0.00000000 0.00000000 -1.00000000
vn 0.41676344 0.65667505 -0.62855876
vn -0.83959898 0.53285739 0.10552988
vn -0.40520835 -0.63846823 0.65434280
vn 0.83959898 -0.53285739 0.10552988
vn 0.00000000 0.00000000 -1.00000000
vn 0.00000000 0.00000000 -1.00000000
vn -0.19381406 0.86718385 -0.45872463
vn -0.97165178 -0.21716246 0.09345205
vn 0.18975682 -0.84903051 0.49309181
vn 0.97165178 0.21716246 0.09345205
vn 0.00000000 0.00000000 -1.00000000
vn 0.00000000 0.00000000 -1.00000000
vn -0.71089033 0.45117154 -0.53951755
vn -0.53396263 -0.84134044 0.08384611
vn 0.69620959 -0.44185431 0.56573578
vn 0.53396263 0.84134044 0.08384611
vn 0.00000000 0.00000000 -1.00000000
vn 0.00000000 0.00000000 -1.00000000
vn -0.84285657 -0.18837696 -0.50409019
vn 0.21689905 -0.97047321 0.10552988
vn 0.82168704 0.18364561 0.53954120
vn -0.21689905 0.97047321 0.10552988
vn 0.00000000 0.00000000 -1.00000000
vn 0.00000000 0.00000000 -1.00000000
vn -0.43593232 -0.68687858 -0.58151598
vn 0.84061861 -0.53350451 0.09345205
vn 0.42552541 0.67048088 0.60776929
vn -0.84061861 0.53350451 0.09345205
vn 0.00000000 0.00000000 -1.00000000
vn 0.00000000 0.00000000 -1.00000000
vn 0.19794752 -0.88567819 -0.41998920
vn 0.97248613 0.21734894 0.08384611
vn -0.19445640 0.87005785 0.45297467
vn -0.97248613 -0.21734894 0.08384611
vn 0.00000000 0.00000000 -1.00000000
vn 0.00000000 0.00000000 -1.00000000
vn 0.65667505 -0.41676344 -0.62855876
vn 0.53285739 0.83959898 0.10552988
vn -0.63846823 0.40520835 0.65434280
vn -0.53285739 -0.83959898 0.10552988
vn 0.00000000 0.00000000 -1.00000000
vn 0.00000000 0.00000000 -1.00000000
vn 0.86718385 0.19381406 -0.45872463
vn -0.21716246 0.97165178 0.09345205
vn -0.84903051 -0.18975682 0.49309181
vn 0.21716246 -0.97165178 0.09345205
vn 0.00000000 0.00000000 -1.00000000
vn 0.00000000 0.00000000 -1.00000000
vn 0.21259979 0.97115957 -0.10793712
vn -0.97418245 0.21326153 0.07408159
vn -0.21152732 -0.96626054 0.14695834
vn 0.97418245 -0.21326153 0.07408159
vn 0.00000000 0.00000000 -1.00000000
vn 0.00000000 0.00000000 -1.00000000
vn 0.05609737 0.77573641 -0.62855876
vn -0.99182616 0.07172389 0.10552988
vn -0.05454202 -0.75422852 0.65434280
vn 0.99182616 -0.07172389 0.10552988
vn 0.00000000 0.00000000 -1.00000000
vn 0.00000000 0.00000000 -1.00000000
vn -0.58136480 0.67200200 -0.45872463
vn -0.75295676 -0.65140067 0.09345205
vn 0.56919470 -0.65793454 0.49309181
vn 0.75295676 0.65140067 0.09345205
vn 0.00000000 0.00000000 -1.00000000
vn 0.00000000 0.00000000 -1.00000000
vn -0.83978142 0.06072878 -0.53951755
vn -0.07187266 -0.99388337 0.08384611
vn 0.82243893 -0.05947466 0.56573578
vn 0.07187266 0.99388337 0.08384611
vn 0.00000000 0.00000000 -1.00000000
vn 0.00000000 0.00000000 -1.00000000
vn -0.65315020 -0.56505566 -0.50409019
vn 0.65061055 -0.75204345 0.10552988
vn 0.63674541 0.55086349 0.53954120
vn -0.65061055 0.75204345 0.10552988
vn 0.00000000 0.00000000 -1.00000000
vn 0.00000000 0.00000000 -1.00000000
vn -0.05867754 -0.81141611 -0.58151598
vn 0.99303066 -0.07181100 0.09345205
vn 0.05727675 0.79204537 0.60776929
vn -0.99303066 0.07181100 0.09345205
vn 0.00000000 0.00000000 -1.00000000
vn 0.00000000 0.00000000 -1.00000000
vn 0.59376351 -0.68633372 -0.41998920
vn 0.75360331 0.65196003 0.08384611
vn -0.58329154 0.67422913 0.45297467
vn -0.75360331 -0.65196003 0.08384611
vn 0.00000000 0.00000000 -1.00000000
vn 0.00000000 0.00000000 -1.00000000
vn 0.77573641 -0.05609737 -0.62855876
vn 0.07172389 0.99182616 0.10552988
vn -0.75422852 0.05454202 0.65434280
vn -0.07172389 -0.99182616 0.10552988
vn 0.00000000 0.00000000 -1.00000000
vn 0.00000000 0.00000000 -1.00000000
vn 0.67200200 0.58136480 -0.45872463
vn -0.65140067 0.75295676 0.09345205
vn -0.65793454 -0.56919470 0.49309181
vn 0.65140067 -0.75295676 0.09345205
vn 0.00000000 0.00000000 -1.00000000
vn 0.00000000 0.00000000 -1.00000000
vn -0.27264867 0.95603989 -0.10793712
vn -0.95901571 -0.27349734 0.07408159
vn 0.27127330 -0.95121714 0.14695834
vn 0.95901571 0.27349734 0.07408159
vn 0.00000000 0.00000000 -1.00000000
vn 0.00000000 0.00000000 -1.00000000
vn 0.77653701 0.04363670 -0.62855876
vn -0.05579217 0.99284978 0.10552988
vn -0.75500693 -0.04242684 0.65434280
vn 0.05579217 -0.99284978 0.10552988
vn 0.00000000 0.00000000 -1.00000000
vn 0.00000000 0.00000000 -1.00000000
vn 0.59207800 0.66258234 -0.45872463
vn -0.74240233 0.66340447 0.09345205
vn -0.57968364 -0.64871207 0.49309181
vn 0.74240233 -0.66340447 0.09345205
vn 0.00000000 0.00000000 -1.00000000
vn 0.00000000 0.00000000 -1.00000000
vn -0.04723935 0.84064812 -0.53951755
vn -0.99490911 -0.05590789 0.08384611
vn 0.04626380 -0.82328773 0.56573578
vn 0.99490911 0.05590789 0.08384611
vn 0.00000000 0.00000000 -1.00000000
vn 0.00000000 0.00000000 -1.00000000
vn -0.64399479 0.57546832 -0.50409019
vn -0.66259979 -0.74150183 0.10552988
vn 0.62781995 -0.56101462 0.53954120
vn 0.66259979 0.74150183 0.10552988
vn 0.00000000 0.00000000 -1.00000000
vn 0.00000000 0.00000000 -1.00000000
vn -0.81225354 -0.04564375 -0.58151598
vn 0.05585992 -0.99405552 0.09345205
vn 0.79286280 0.04455411 0.60776929
vn -0.05585992 0.99405552 0.09345205
vn 0.00000000 0.00000000 -1.00000000
vn 0.00000000 0.00000000 -1.00000000
vn -0.60470518 -0.67671317 -0.41998920
vn 0.74303983 -0.66397413 0.08384611
vn 0.59404025 0.66477826 0.45297467
vn -0.74303983 0.66397413 0.08384611
vn 0.00000000 0.00000000 -1.00000000
vn 0.00000000 0.00000000 -1.00000000
vn 0.04363670 -0.77653701 -0.62855876
vn 0.99284978 0.05579217 0.10552988
vn -0.04242684 0.75500693 0.65434280
vn -0.99284978 -0.05579217 0.10552988
vn 0.00000000 0.00000000 -1.00000000
vn 0.00000000 0.00000000 -1.00000000
vn 0.66258234 -0.59207800 -0.45872463
vn 0.66340447 0.74240233 0.09345205
vn -0.64871207 0.57968364 0.49309181
vn -0.66340447 -0.74240233 0.09345205
vn 0.00000000 0.00000000 -1.00000000
vn 0.00000000 0.00000000 -1.00000000
vn 0.91328759 0.39275356 -0.10793712
vn -0.39397607 0.91613033 0.07408159
vn -0.90868049 -0.39077232 0.14695834
vn 0.39397607 -0.91613033 0.07408159
vn 0.00000000 0.00000000 -1.00000000
vn 0.00000000 0.00000000 -1.00000000
vn 0.72323502 -0.28608564 -0.62855876
vn 0.36577788 0.92469994 0.10552988
vn -0.70318278 0.27815369 0.65434280
vn -0.36577788 -0.92469994 0.10552988
vn 0.00000000 0.00000000 -1.00000000
vn 0.00000000 0.00000000 -1.00000000
vn 0.81538586 0.35315380 -0.45872463
vn -0.39569755 0.91361380 0.09345205
vn -0.79831685 -0.34576100 0.49309181
vn 0.39569755 -0.91361380 0.09345205
vn 0.00000000 0.00000000 -1.00000000
vn 0.00000000 0.00000000 -1.00000000
vn 0.30970495 0.78294550 -0.53951755
vn -0.92661792 0.36653656 0.08384611
vn -0.30330917 -0.76677674 0.56573578
vn 0.92661792 -0.36653656 0.08384611
vn 0.00000000 0.00000000 -1.00000000
vn 0.00000000 0.00000000 -1.00000000
vn -0.34324671 0.79251169 -0.50409019
vn -0.91250562 -0.39521758 0.10552988
vn 0.33462558 -0.77260664 0.53954120
vn 0.91250562 0.39521758 0.10552988
vn 0.00000000 0.00000000 -1.00000000
vn 0.00000000 0.00000000 -1.00000000
vn -0.75649995 0.29924404 -0.58151598
vn -0.36622209 -0.92582293 0.09345205
vn 0.73844020 -0.29210026 0.60776929
vn 0.36622209 0.92582293 0.09345205
vn 0.00000000 0.00000000 -1.00000000
vn 0.00000000 0.00000000 -1.00000000
vn -0.83277551 -0.36068548 -0.41998920
vn 0.39603733 -0.91439831 0.08384611
vn 0.81808820 0.35432422 0.45297467
vn -0.39603733 0.91439831 0.08384611
vn 0.00000000 0.00000000 -1.00000000
vn 0.00000000 0.00000000 -1.00000000
vn -0.28608564 -0.72323502 -0.62855876
vn 0.92469994 -0.36577788 0.10552988
vn 0.27815369 0.70318278 0.65434280
vn -0.92469994 0.36577788 0.10552988
vn 0.00000000 0.00000000 -1.00000000
vn 0.00000000 0.00000000 -1.00000000
vn 0.35315380 -0.81538586 -0.45872463
vn 0.91361380 0.39569755 0.09345205
vn -0.34576100 0.79831685 0.49309181
vn -0.91361380 -0.39569755 0.09345205
vn 0.00000000 0.00000000 -1.00000000
vn 0.00000000 0.00000000 -1.00000000
vn 0.99380401 -0.02651729 -0.10793712
vn 0.02659982 0.99689737 0.07408159
vn -0.98879075 0.02638351 0.14695834
vn -0.02659982 -0.99689737 0.07408159
vn 0.00000000 0.00000000 -1.00000000
vn 0.00000000 0.00000000 -1.00000000
vn 0.43507225 0.64469064 -0.62855876
vn -0.82427618 0.55626632 0.10552988
vn -0.42300954 -0.62681610 0.65434280
vn 0.82427618 -0.55626632 0.10552988
vn 0.00000000 0.00000000 -1.00000000
vn 0.00000000 0.00000000 -1.00000000
vn -0.16934150 0.87229305 -0.45872463
vn -0.97737648 -0.18974174 0.09345205
vn 0.16579657 -0.85403276 0.49309181
vn 0.97737648 0.18974174 0.09345205
vn 0.00000000 0.00000000 -1.00000000
vn 0.00000000 0.00000000 -1.00000000
vn -0.69791648 0.47099193 -0.53951755
vn -0.55742011 -0.82598587 0.08384611
vn 0.68350367 -0.46126539 0.56573578
vn 0.55742011 0.82598587 0.08384611
vn 0.00000000 0.00000000 -1.00000000
vn 0.00000000 0.00000000 -1.00000000
vn -0.84782245 -0.16459093 -0.50409019
vn 0.18951159 -0.97619097 0.10552988
vn 0.82652819 0.16045700 0.53954120
vn -0.18951159 0.97619097 0.10552988
vn 0.00000000 0.00000000 -1.00000000
vn 0.00000000 0.00000000 -1.00000000
vn -0.45508323 -0.67434295 -0.58151598
vn 0.82527721 -0.55694187 0.09345205
vn 0.44421914 0.65824452 0.60776929
vn -0.82527721 0.55694187 0.09345205
vn 0.00000000 0.00000000 -1.00000000
vn 0.00000000 0.00000000 -1.00000000
vn 0.17295303 -0.89089636 -0.41998920
vn 0.97821575 0.18990467 0.08384611
vn -0.16990273 0.87518399 0.45297467
vn -0.97821575 -0.18990467 0.08384611
vn 0.00000000 0.00000000 -1.00000000
vn 0.00000000 0.00000000 -1.00000000
vn 0.64469064 -0.43507225 -0.62855876
vn 0.55626632 0.82427618 0.10552988
vn -0.62681610 0.42300954 0.65434280
vn -0.55626632 -0.82427618 0.10552988
vn 0.00000000 0.00000000 -1.00000000
vn 0.00000000 0.00000000 -1.00000000
vn 0.87229305 0.16934150 -0.45872463
vn -0.18974174 0.97737648 0.09345205
vn -0.85403276 -0.16579657 0.49309181
vn 0.18974174 -0.97737648 0.09345205
vn 0.00000000 0.00000000 -1.00000000
vn 0.00000000 0.00000000 -1.00000000
vn 0.23983657 0.96479428 -0.10793712
vn -0.96779734 0.24058309 0.07408159
vn -0.23862670 -0.95992736 0.14695834
vn 0.96779734 -0.24058309 0.07408159
vn 0.00000000 0.00000000 -1.00000000
vn 0.00000000 0.00000000 -1.00000000
vn -0.25049768 -0.73631841 -0.62855876
vn 0.94142785 -0.32027652 0.10552988
vn 0.24355244 0.71590342 0.65434280
vn -0.94142785 0.32027652 0.10552988
vn 0.00000000 0.00000000 -1.00000000
vn 0.00000000 0.00000000 -1.00000000
vn 0.39247324 -0.79720541 -0.45872463
vn 0.89324318 0.43975372 0.09345205
vn -0.38425734 0.78051698 0.49309181
vn -0.89324318 -0.43975372 0.09345205
vn 0.00000000 0.00000000 -1.00000000
vn 0.00000000 0.00000000 -1.00000000
vn 0.79710906 -0.27117884 -0.53951755
vn 0.32094082 0.94338053 0.08384611
vn -0.78064781 0.26557867 0.56573578
vn -0.32094082 -0.94338053 0.08384611
vn 0.00000000 0.00000000 -1.00000000
vn 0.00000000 0.00000000 -1.00000000
vn 0.77484126 0.38146312 -0.50409019
vn -0.43922032 0.89215971 0.10552988
vn -0.75538002 -0.37188213 0.53954120
vn 0.43922032 -0.89215971 0.10552988
vn 0.00000000 0.00000000 -1.00000000
vn 0.00000000 0.00000000 -1.00000000
vn 0.26201923 0.77018510 -0.58151598
vn -0.94257115 0.32066547 0.09345205
vn -0.25576411 -0.75179865 0.60776929
vn 0.94257115 -0.32066547 0.09345205
vn 0.00000000 0.00000000 -1.00000000
vn 0.00000000 0.00000000 -1.00000000
vn -0.40084348 0.81420733 -0.41998920
vn -0.89401020 -0.44013134 0.08384611
vn 0.39377397 -0.79984749 0.45297467
vn 0.89401020 0.44013134 0.08384611
vn 0.00000000 0.00000000 -1.00000000
vn 0.00000000 0.00000000 -1.00000000
vn -0.73631841 0.25049768 -0.62855876
vn -0.32027652 -0.94142785 0.10552988
vn 0.71590342 -0.24355244 0.65434280
vn 0.32027652 0.94142785 0.10552988
vn 0.00000000 0.00000000 -1.00000000
vn 0.00000000 0.00000000 -1.00000000
vn -0.79720541 -0.39247324 -0.45872463
vn 0.43975372 -0.89324318 0.09345205
vn 0.78051698 0.38425734 0.49309181
vn -0.43975372 0.89324318 0.09345205
vn 0.00000000 0.00000000 -1.00000000
vn 0.00000000 0.00000000 -1.00000000
vn 0.02194882 -0.99391540 -0.10793712
vn 0.99700911 0.02201714 0.07408159
vn -0.02183810 0.98890158 0.14695834
vn -0.99700911 -0.02201714 0.07408159
vn 0.00000000 0.00000000 -1.00000000
vn 0.00000000 0.00000000 -1.00000000
vn 0.38386592 0.67643243 -0.62855876
vn -0.86485999 0.49079592 0.10552988
vn -0.37322295 -0.65767783 0.65434280
vn 0.86485999 -0.49079592 0.10552988
vn 0.00000000 0.00000000 -1.00000000
vn 0.00000000 0.00000000 -1.00000000
vn -0.23635165 0.85656851 -0.45872463
vn -0.95975763 -0.26482446 0.09345205
vn 0.23140394 -0.83863740 0.49309181
vn 0.95975763 0.26482446 0.09345205
vn 0.00000000 0.00000000 -1.00000000
vn 0.00000000 0.00000000 -1.00000000
vn -0.73227888 0.41555800 -0.53951755
vn -0.49181391 -0.86665386 0.08384611
vn 0.71715645 -0.40697623 0.56573578
vn 0.49181391 0.86665386 0.08384611
vn 0.00000000 0.00000000 -1.00000000
vn 0.00000000 0.00000000 -1.00000000
vn -0.83253903 -0.22972123 -0.50409019
vn 0.26450324 -0.95859349 0.10552988
vn 0.81162863 0.22395145 0.53954120
vn -0.26450324 0.95859349 0.10552988
vn 0.00000000 0.00000000 -1.00000000
vn 0.00000000 0.00000000 -1.00000000
vn -0.40152169 -0.70754469 -0.58151598
vn 0.86591031 -0.49139196 0.09345205
vn 0.39193626 0.69065365 0.60776929
vn -0.86591031 0.49139196 0.09345205
vn 0.00000000 0.00000000 -1.00000000
vn 0.00000000 0.00000000 -1.00000000
vn 0.24139229 -0.87483646 -0.41998920
vn 0.96058177 0.26505187 0.08384611
vn -0.23713496 0.85940733 0.45297467
vn -0.96058177 -0.26505187 0.08384611
vn 0.00000000 0.00000000 -1.00000000
vn 0.00000000 0.00000000 -1.00000000
vn 0.67643243 -0.38386592 -0.62855876
vn 0.49079592 0.86485999 0.10552988
vn -0.65767783 0.37322295 0.65434280
vn -0.49079592 -0.86485999 0.10552988
vn 0.00000000 0.00000000 -1.00000000
vn 0.00000000 0.00000000 -1.00000000
vn 0.85656851 0.23635165 -0.45872463
vn -0.26482446 0.95975763 0.09345205
vn -0.83863740 -0.23140394 0.49309181
vn 0.26482446 -0.95975763 0.09345205
vn 0.00000000 0.00000000 -1.00000000
vn 0.00000000 0.00000000 -1.00000000
vn 0.16443896 0.98046387 -0.10793712
vn -0.98351571 0.16495079 0.07408159
vn -0.16360944 -0.97551791 0.14695834
vn 0.98351571 -0.16495079 0.07408159
vn 0.00000000 0.00000000 -1.00000000
vn 0.00000000 0.00000000 -1.00000000
vn 0.16260166 -0.76057517 -0.62855876
vn 0.97244159 0.20789611 0.10552988
vn -0.15809340 0.73948764 0.65434280
vn -0.97244159 -0.20789611 0.10552988
vn 0.00000000 0.00000000 -1.00000000
vn 0.00000000 0.00000000 -1.00000000
vn 0.74579404 -0.48307656 -0.45872463
vn 0.54127184 0.83563839 0.09345205
vn -0.73018184 0.47296399 0.49309181
vn -0.54127184 -0.83563839 0.09345205
vn 0.00000000 0.00000000 -1.00000000
vn 0.00000000 0.00000000 -1.00000000
vn 0.82336847 0.17602610 -0.53951755
vn -0.20832732 0.97445860 0.08384611
vn -0.80636492 -0.17239095 0.56573578
vn 0.20832732 -0.97445860 0.08384611
vn 0.00000000 0.00000000 -1.00000000
vn 0.00000000 0.00000000 -1.00000000
vn 0.46952472 0.72487214 -0.50409019
vn -0.83462479 0.54061530 0.10552988
vn -0.45773194 -0.70666595 0.53954120
vn 0.83462479 -0.54061530 0.10552988
vn 0.00000000 0.00000000 -1.00000000
vn 0.00000000 0.00000000 -1.00000000
vn -0.17008046 0.79555754 -0.58151598
vn -0.97362256 -0.20814858 0.09345205
vn 0.16602017 -0.77656538 0.60776929
vn 0.97362256 0.20814858 0.09345205
vn 0.00000000 0.00000000 -1.00000000
vn 0.00000000 0.00000000 -1.00000000
vn -0.76169952 0.49337908 -0.41998920
vn -0.54173662 -0.83635594 0.08384611
vn 0.74826574 -0.48467756 0.45297467
vn 0.54173662 0.83635594 0.08384611
vn 0.00000000 0.00000000 -1.00000000
vn 0.00000000 0.00000000 -1.00000000
vn -0.76057517 -0.16260166 -0.62855876
vn 0.20789611 -0.97244159 0.10552988
vn 0.73948764 0.15809340 0.65434280
vn -0.20789611 0.97244159 0.10552988
vn 0.00000000 0.00000000 -1.00000000
vn 0.00000000 0.00000000 -1.00000000
vn -0.48307656 -0.74579404 -0.45872463
vn 0.83563839 -0.54127184 0.09345205
vn 0.47296399 0.73018184 0.49309181
vn -0.83563839 0.54127184 0.09345205
vn 0.00000000 0.00000000 -1.00000000
vn 0.00000000 0.00000000 -1.00000000
vn 0.52860262 -0.84197913 -0.10793712
vn 0.84459991 0.53024798 0.07408159
vn -0.52593608 0.83773175 0.14695834
vn -0.84459991 -0.53024798 0.07408159
vn 0.00000000 0.00000000 -1.00000000
vn 0.00000000 0.00000000 -1.00000000
vn 0.75073641 0.20324547 -0.62855876
vn -0.25986169 0.95986215 0.10552988
vn -0.72992167 -0.19761034 0.65434280
vn 0.25986169 -0.95986215 0.10552988
vn 0.00000000 0.00000000 -1.00000000
vn 0.00000000 0.00000000 -1.00000000
vn 0.44229391 0.77068010 -0.45872463
vn -0.86352242 0.49557618 0.09345205
vn -0.43303507 -0.75454694 0.49309181
vn 0.86352242 -0.49557618 0.09345205
vn 0.00000000 0.00000000 -1.00000000
vn 0.00000000 0.00000000 -1.00000000
vn -0.22002547 0.81271742 -0.53951755
vn -0.96185306 -0.26040069 0.08384611
vn 0.21548169 -0.79593384 0.56573578
vn 0.96185306 0.26040069 0.08384611
vn 0.00000000 0.00000000 -1.00000000
vn 0.00000000 0.00000000 -1.00000000
vn -0.74906006 0.42988615 -0.50409019
vn -0.49497507 -0.86247500 0.10552988
vn 0.73024636 -0.41908895 0.53954120
vn 0.49497507 0.86247500 0.10552988
vn 0.00000000 0.00000000 -1.00000000
vn 0.00000000 0.00000000 -1.00000000
vn -0.78526626 -0.21259367 -0.58151598
vn 0.26017728 -0.96102783 0.09345205
vn 0.76651978 0.20751847 0.60776929
vn -0.26017728 0.96102783 0.09345205
vn 0.00000000 0.00000000 -1.00000000
vn 0.00000000 0.00000000 -1.00000000
vn -0.45172666 -0.78711632 -0.41998920
vn 0.86426391 -0.49600173 0.08384611
vn 0.44375975 0.77323427 0.45297467
vn -0.86426391 0.49600173 0.08384611
vn 0.00000000 0.00000000 -1.00000000
vn 0.00000000 0.00000000 -1.00000000
vn 0.20324547 -0.75073641 -0.62855876
vn 0.95986215 0.25986169 0.10552988
vn -0.19761034 0.72992167 0.65434280
vn -0.95986215 -0.25986169 0.10552988
vn 0.00000000 0.00000000 -1.00000000
vn 0.00000000 0.00000000 -1.00000000
vn 0.77068010 -0.44229391 -0.45872463
vn 0.49557618 0.86352242 0.09345205
vn -0.75454694 0.43303507 0.49309181
vn -0.49557618 -0.86352242 0.09345205
vn 0.00000000 0.00000000 -1.00000000
vn 0.00000000 0.00000000 -1.00000000
vn 0.81235116 0.57309264 -0.10793712
vn -0.57487648 0.81487971 0.07408159
vn -0.80825324 -0.57020168 0.14695834
vn 0.57487648 -0.81487971 0.07408159
vn 0.00000000 0.00000000 -1.00000000
vn 0.00000000 0.00000000 -1.00000000
vn 0.02495239 -0.77736173 -0.62855876
vn 0.99390424 0.03190314 0.10552988
vn -0.02426056 0.75580879 0.65434280
vn -0.99390424 -0.03190314 0.10552988
vn 0.00000000 0.00000000 -1.00000000
vn 0.00000000 0.00000000 -1.00000000
vn 0.64815437 -0.60783849 -0.45872463
vn 0.68106360 0.72623625 0.09345205
vn -0.63458612 0.59511420 0.49309181
vn -0.68106360 -0.72623625 0.09345205
vn 0.00000000 0.00000000 -1.00000000
vn 0.00000000 0.00000000 -1.00000000
vn 0.84154093 0.02701246 -0.53951755
vn -0.03196932 0.99596576 0.08384611
vn -0.82416211 -0.02645462 0.56573578
vn 0.03196932 -0.99596576 0.08384611
vn 0.00000000 0.00000000 -1.00000000
vn 0.00000000 0.00000000 -1.00000000
vn 0.59078668 0.62997157 -0.50409019
vn -0.72535536 0.68023750 0.10552988
vn -0.57594824 -0.61414894 0.53954120
vn 0.72535536 -0.68023750 0.10552988
vn 0.00000000 0.00000000 -1.00000000
vn 0.00000000 0.00000000 -1.00000000
vn -0.02610006 0.81311620 -0.58151598
vn -0.99511127 -0.03194189 0.09345205
vn 0.02547698 -0.79370487 0.60776929
vn 0.99511127 0.03194189 0.09345205
vn 0.00000000 0.00000000 -1.00000000
vn 0.00000000 0.00000000 -1.00000000
vn -0.66197749 0.62080180 -0.41998920
vn -0.68164842 -0.72685986 0.08384611
vn 0.65030247 -0.60985297 0.45297467
vn 0.68164842 0.72685986 0.08384611
vn 0.00000000 0.00000000 -1.00000000
vn 0.00000000 0.00000000 -1.00000000
vn -0.77736173 -0.02495239 -0.62855876
vn 0.03190314 -0.99390424 0.10552988
vn 0.75580879 0.02426056 0.65434280
vn -0.03190314 0.99390424 0.10552988
vn 0.00000000 0.00000000 -1.00000000
vn 0.00000000 0.00000000 -1.00000000
vn -0.60783849 -0.64815437 -0.45872463
vn 0.72623625 -0.68106360 0.09345205
vn 0.59511420 0.63458612 0.49309181
vn -0.72623625 0.68106360 0.09345205
vn 0.00000000 0.00000000 -1.00000000
vn 0.00000000 0.00000000 -1.00000000
vn 0.37068017 -0.92246723 -0.10793712
vn 0.92533854 0.37183398 0.07408159
vn -0.36881028 0.91781383 0.14695834
vn -0.92533854 -0.37183398 0.07408159
vn 0.00000000 0.00000000 -1.00000000
vn 0.00000000 0.00000000 -1.00000000
vn 0.62829118 -0.45843655 -0.62855876
vn 0.58613900 0.80330848 0.10552988
vn -0.61087133 0.44572605 0.65434280
vn -0.58613900 -0.80330848 0.10552988
vn 0.00000000 0.00000000 -1.00000000
vn 0.00000000 0.00000000 -1.00000000
vn 0.87791965 0.13721810 -0.45872463
vn -0.15374850 0.98368090 0.09345205
vn -0.85954157 -0.13434563 0.49309181
vn 0.15374850 -0.98368090 0.09345205
vn 0.00000000 0.00000000 -1.00000000
vn 0.00000000 0.00000000 -1.00000000
vn 0.49628520 0.68016308 -0.53951755
vn -0.80497467 0.58735475 0.08384611
vn -0.48603632 -0.66611690 0.56573578
vn 0.80497467 -0.58735475 0.08384611
vn 0.00000000 0.00000000 -1.00000000
vn 0.00000000 0.00000000 -1.00000000
vn -0.13336870 0.85329120 -0.50409019
vn -0.98248774 -0.15356201 0.10552988
vn 0.13001895 -0.83185958 0.53954120
vn 0.98248774 0.15356201 0.10552988
vn 0.00000000 0.00000000 -1.00000000
vn 0.00000000 0.00000000 -1.00000000
vn -0.65718921 0.47952217 -0.58151598
vn -0.58685083 -0.80428404 0.09345205
vn 0.64150028 -0.46807465 0.60776929
vn 0.58685083 0.80428404 0.09345205
vn 0.00000000 0.00000000 -1.00000000
vn 0.00000000 0.00000000 -1.00000000
vn -0.89664295 -0.14014454 -0.41998920
vn 0.15388052 -0.98452558 0.08384611
vn 0.88082923 0.13767287 0.45297467
vn -0.15388052 0.98452558 0.08384611
vn 0.00000000 0.00000000 -1.00000000
vn 0.00000000 0.00000000 -1.00000000
vn -0.45843655 -0.62829118 -0.62855876
vn 0.80330848 -0.58613900 0.10552988
vn 0.44572605 0.61087133 0.65434280
vn -0.80330848 0.58613900 0.10552988
vn 0.00000000 0.00000000 -1.00000000
vn 0.00000000 0.00000000 -1.00000000
vn 0.13721810 -0.87791965 -0.45872463
vn 0.98368090 0.15374850 0.09345205
vn -0.13434563 0.85954157 0.49309181
vn -0.98368090 -0.15374850 0.09345205
vn 0.00000000 0.00000000 -1.00000000
vn 0.00000000 0.00000000 -1.00000000
vn 0.95534352 -0.27507877 -0.10793712
vn 0.27593499 0.95831717 0.07408159
vn -0.95052428 0.27369113 0.14695834
vn -0.27593499 -0.95831717 0.07408159
vn 0.00000000 0.00000000 -1.00000000
vn 0.00000000 0.00000000 -1.00000000
vn -0.55033259 0.54958887 -0.62855876
vn -0.70268279 -0.70363367 0.10552988
vn 0.53507420 -0.53435110 0.65434280
vn 0.70268279 0.70363367 0.10552988
vn 0.00000000 0.00000000 -1.00000000
vn 0.00000000 0.00000000 -1.00000000
vn -0.88857828 -0.00060082 -0.45872463
vn 0.00067320 -0.99562355 0.09345205
vn 0.86997708 0.00058824 0.49309181
vn -0.00067320 0.99562355 0.09345205
vn 0.00000000 0.00000000 -1.00000000
vn 0.00000000 0.00000000 -1.00000000
vn -0.59496308 -0.59576820 -0.53951755
vn 0.70509313 -0.70414027 0.08384611
vn 0.58267638 0.58346487 0.56573578
vn -0.70509313 0.70414027 0.08384611
vn 0.00000000 0.00000000 -1.00000000
vn 0.00000000 0.00000000 -1.00000000
vn 0.00058396 -0.86365082 -0.50409019
vn 0.99441591 0.00067238 0.10552988
vn -0.00056929 0.84195901 0.53954120
vn -0.99441591 -0.00067238 0.10552988
vn 0.00000000 0.00000000 -1.00000000
vn 0.00000000 0.00000000 -1.00000000
vn 0.57564493 -0.57486701 -0.58151598
vn 0.70353615 0.70448819 0.09345205
vn -0.56190270 0.56114334 0.60776929
vn -0.70353615 -0.70448819 0.09345205
vn 0.00000000 0.00000000 -1.00000000
vn 0.00000000 0.00000000 -1.00000000
vn 0.90752889 0.00061363 -0.41998920
vn -0.00067377 0.99647849 0.08384611
vn -0.89152318 -0.00060281 0.45297467
vn 0.00067377 -0.99647849 0.08384611
vn 0.00000000 0.00000000 -1.00000000
vn 0.00000000 0.00000000 -1.00000000
vn 0.54958887 0.55033259 -0.62855876
vn -0.70363367 0.70268279 0.10552988
vn -0.53435110 -0.53507420 0.65434280
vn 0.70363367 -0.70268279 0.10552988
vn 0.00000000 0.00000000 -1.00000000
vn 0.00000000 0.00000000 -1.00000000
vn -0.00060082 0.88857828 -0.45872463
vn -0.99562355 -0.00067320 0.09345205
vn 0.00058824 -0.86997708 0.49309181
vn 0.99562355 0.00067320 0.09345205
vn 0.00000000 0.00000000 -1.00000000
vn 0.00000000 0.00000000 -1.00000000
vn -0.90168828 0.41869776 -0.10793712
vn -0.42000102 -0.90449492 0.07408159
vn 0.89713971 -0.41658563 0.14695834
vn 0.42000102 0.90449492 0.07408159
vn 0.00000000 0.00000000 -1.00000000
vn 0.00000000 0.00000000 -1.00000000
vn -0.47276452 0.61758205 -0.62855876
vn -0.78961620 -0.60445818 0.10552988
vn 0.45965676 -0.60045912 0.65434280
vn 0.78961620 0.60445818 0.10552988
vn 0.00000000 0.00000000 -1.00000000
vn 0.00000000 0.00000000 -1.00000000
vn -0.88084315 0.11699173 -0.45872463
vn -0.13108549 -0.98695659 0.09345205
vn 0.86240387 -0.11454266 0.49309181
vn 0.13108549 0.98695659 0.09345205
vn 0.00000000 0.00000000 -1.00000000
vn 0.00000000 0.00000000 -1.00000000
vn -0.66856980 -0.51179609 -0.53951755
vn 0.60571193 -0.79125400 0.08384611
vn 0.65476303 0.50122689 0.56573578
vn -0.60571193 0.79125400 0.08384611
vn 0.00000000 0.00000000 -1.00000000
vn 0.00000000 0.00000000 -1.00000000
vn -0.11370974 -0.85613269 -0.50409019
vn 0.98575945 -0.13092649 0.10552988
vn 0.11085376 0.83462970 0.53954120
vn -0.98575945 0.13092649 0.10552988
vn 0.00000000 0.00000000 -1.00000000
vn 0.00000000 0.00000000 -1.00000000
vn 0.49450915 -0.64598751 -0.58151598
vn 0.79057514 0.60519226 0.09345205
vn -0.48270385 0.63056600 0.60776929
vn -0.79057514 -0.60519226 0.09345205
vn 0.00000000 0.00000000 -1.00000000
vn 0.00000000 0.00000000 -1.00000000
vn 0.89962880 -0.11948680 -0.41998920
vn 0.13119805 0.98780408 0.08384611
vn -0.88376242 0.11737946 0.45297467
vn -0.13119805 -0.98780408 0.08384611
vn 0.00000000 0.00000000 -1.00000000
vn 0.00000000 0.00000000 -1.00000000
vn 0.61758205 0.47276452 -0.62855876
vn -0.60445818 0.78961620 0.10552988
vn -0.60045912 -0.45965676 0.65434280
vn 0.60445818 -0.78961620 0.10552988
vn 0.00000000 0.00000000 -1.00000000
vn 0.00000000 0.00000000 -1.00000000
vn 0.11699173 0.88084315 -0.45872463
vn -0.98695659 0.13108549 0.09345205
vn -0.11454266 -0.86240387 0.49309181
vn 0.98695659 -0.13108549 0.09345205
vn 0.00000000 0.00000000 -1.00000000
vn 0.00000000 0.00000000 -1.00000000
vn -0.83835128 0.53433764 -0.10793712
vn -0.53600084 -0.84096077 0.07408159
vn 0.83412221 -0.53164216 0.14695834
vn 0.53600084 0.84096077 0.07408159
vn 0.00000000 0.00000000 -1.00000000
vn 0.00000000 0.00000000 -1.00000000
vn -0.02831288 -0.77724659 -0.62855876
vn 0.99375702 -0.03619974 0.10552988
vn 0.02752788 0.75569684 0.65434280
vn -0.99375702 0.03619974 0.10552988
vn 0.00000000 0.00000000 -1.00000000
vn 0.00000000 0.00000000 -1.00000000
vn 0.60503068 -0.65077615 -0.45872463
vn 0.72917387 0.67791753 0.09345205
vn -0.59236517 0.63715302 0.49309181
vn -0.72917387 -0.67791753 0.09345205
vn 0.00000000 0.00000000 -1.00000000
vn 0.00000000 0.00000000 -1.00000000
vn 0.84141629 -0.03065040 -0.53951755
vn 0.03627482 0.99581824 0.08384611
vn -0.82404004 0.03001743 0.56573578
vn -0.03627482 -0.99581824 0.08384611
vn 0.00000000 0.00000000 -1.00000000
vn 0.00000000 0.00000000 -1.00000000
vn 0.63251980 0.58805764 -0.50409019
vn -0.67709525 0.72828941 0.10552988
vn -0.61663317 -0.57328774 0.53954120
vn 0.67709525 -0.72828941 0.10552988
vn 0.00000000 0.00000000 -1.00000000
vn 0.00000000 0.00000000 -1.00000000
vn 0.02961512 0.81299576 -0.58151598
vn -0.99496387 0.03624370 0.09345205
vn -0.02890813 -0.79358730 0.60776929
vn 0.99496387 -0.03624370 0.09345205
vn 0.00000000 0.00000000 -1.00000000
vn 0.00000000 0.00000000 -1.00000000
vn -0.61793411 0.66465518 -0.41998920
vn -0.72980000 -0.67849966 0.08384611
vn 0.60703586 -0.65293293 0.45297467
vn 0.72980000 0.67849966 0.08384611
vn 0.00000000 0.00000000 -1.00000000
vn 0.00000000 0.00000000 -1.00000000
vn -0.77724659 0.02831288 -0.62855876
vn -0.03619974 -0.99375702 0.10552988
vn 0.75569684 -0.02752788 0.65434280
vn 0.03619974 0.99375702 0.10552988
vn 0.00000000 0.00000000 -1.00000000
vn 0.00000000 0.00000000 -1.00000000
vn -0.65077615 -0.60503068 -0.45872463
vn 0.67791753 -0.72917387 0.09345205
vn 0.63715302 0.59236517 0.49309181
vn -0.67791753 0.72917387 0.09345205
vn 0.00000000 0.00000000 -1.00000000
vn 0.00000000 0.00000000 -1.00000000
vn 0.30667234 -0.94567524 -0.10793712
vn 0.94861879 0.30762691 0.07408159
vn -0.30512534 0.94090476 0.14695834
vn -0.94861879 -0.30762691 0.07408159
vn 0.00000000 0.00000000 -1.00000000
vn 0.00000000 0.00000000 -1.00000000
vn -0.77048038 0.10617849 -0.62855876
vn -0.13575565 -0.98510601 0.10552988
vn 0.74911822 -0.10323461 0.65434280
vn 0.13575565 0.98510601 0.10552988
vn 0.00000000 0.00000000 -1.00000000
vn 0.00000000 0.00000000 -1.00000000
vn -0.70821423 -0.53666034 -0.45872463
vn 0.60131076 -0.79353140 0.09345205
vn 0.69338871 0.52542608 0.49309181
vn -0.60131076 0.79353140 0.09345205
vn 0.00000000 0.00000000 -1.00000000
vn 0.00000000 0.00000000 -1.00000000
vn -0.11494462 -0.83409145 -0.53951755
vn 0.98714928 -0.13603723 0.08384611
vn 0.11257087 0.81686647 0.56573578
vn -0.98714928 0.13603723 0.08384611
vn 0.00000000 0.00000000 -1.00000000
vn 0.00000000 0.00000000 -1.00000000
vn 0.52160531 -0.68834656 -0.50409019
vn 0.79256888 0.60058139 0.10552988
vn -0.50850445 0.67105776 0.53954120
vn -0.79256888 -0.60058139 0.10552988
vn 0.00000000 0.00000000 -1.00000000
vn 0.00000000 0.00000000 -1.00000000
vn 0.80591834 -0.11106213 -0.58151598
vn 0.13592052 0.98630235 0.09345205
vn -0.78667884 0.10841077 0.60776929
vn -0.13592052 -0.98630235 0.09345205
vn 0.00000000 0.00000000 -1.00000000
vn 0.00000000 0.00000000 -1.00000000
vn 0.72331824 0.54810564 -0.41998920
vn -0.60182710 0.79421280 0.08384611
vn -0.71056137 -0.53843893 0.45297467
vn 0.60182710 -0.79421280 0.08384611
vn 0.00000000 0.00000000 -1.00000000
vn 0.00000000 0.00000000 -1.00000000
vn 0.10617849 0.77048038 -0.62855876
vn -0.98510601 0.13575565 0.10552988
vn -0.10323461 -0.74911822 0.65434280
vn 0.98510601 -0.13575565 0.10552988
vn 0.00000000 0.00000000 -1.00000000
vn 0.00000000 0.00000000 -1.00000000
vn -0.53666034 0.70821423 -0.45872463
vn -0.79353140 -0.60131076 0.09345205
vn 0.52542608 -0.69338871 0.49309181
vn 0.79353140 0.60131076 0.09345205
vn 0.00000000 0.00000000 -1.00000000
vn 0.00000000 0.00000000 -1.00000000
vn -0.97167945 -0.21021089 -0.10793712
vn 0.21086521 -0.97470395 0.07408159
vn 0.96677780 0.20915049 0.14695834
vn -0.21086521 0.97470395 0.07408159
vn 0.00000000 0.00000000 -1.00000000
vn 0.00000000 0.00000000 -1.00000000
vn 0.77199575 -0.09453277 -0.62855876
vn 0.12086589 0.98704351 0.10552988
vn -0.75059158 0.09191177 0.65434280
vn -0.12086589 -0.98704351 0.10552988
vn 0.00000000 0.00000000 -1.00000000
vn 0.00000000 0.00000000 -1.00000000
vn 0.70003036 0.54729262 -0.45872463
vn -0.61322388 0.78436164 0.09345205
vn -0.68537616 -0.53583578 0.49309181
vn 0.61322388 -0.78436164 0.09345205
vn 0.00000000 0.00000000 -1.00000000
vn 0.00000000 0.00000000 -1.00000000
vn 0.10233742 0.83573194 -0.53951755
vn -0.98909080 0.12111658 0.08384611
vn -0.10022403 -0.81847307 0.56573578
vn 0.98909080 -0.12111658 0.08384611
vn 0.00000000 0.00000000 -1.00000000
vn 0.00000000 0.00000000 -1.00000000
vn -0.53193931 0.68039228 -0.50409019
vn -0.78341024 -0.61248007 0.10552988
vn 0.51857890 -0.66330326 0.53954120
vn 0.78341024 0.61248007 0.10552988
vn 0.00000000 0.00000000 -1.00000000
vn 0.00000000 0.00000000 -1.00000000
vn -0.80750341 0.09888076 -0.58151598
vn -0.12101267 -0.98824220 0.09345205
vn 0.78822607 -0.09652021 0.60776929
vn 0.12101267 0.98824220 0.09345205
vn 0.00000000 0.00000000 -1.00000000
vn 0.00000000 0.00000000 -1.00000000
vn -0.71495984 -0.55896467 -0.41998920
vn 0.61375045 -0.78503517 0.08384611
vn 0.70235039 0.54910644 0.45297467
vn -0.61375045 0.78503517 0.08384611
vn 0.00000000 0.00000000 -1.00000000
vn 0.00000000 0.00000000 -1.00000000
vn -0.09453277 -0.77199575 -0.62855876
vn 0.98704351 -0.12086589 0.10552988
vn 0.09191177 0.75059158 0.65434280
vn -0.98704351 0.12086589 0.10552988
vn 0.00000000 0.00000000 -1.00000000
vn 0.00000000 0.00000000 -1.00000000
vn 0.54729262 -0.70003036 -0.45872463
vn 0.78436164 0.61322388 0.09345205
vn -0.53583578 0.68537616 0.49309181
vn -0.78436164 -0.61322388 0.09345205
vn 0.00000000 0.00000000 -1.00000000
vn 0.00000000 0.00000000 -1.00000000
vn 0.96839467 0.22485849 -0.10793712
vn -0.22555840 0.97140894 0.07408159
vn -0.96350959 -0.22372419 0.14695834
vn 0.22555840 -0.97140894 0.07408159
vn 0.00000000 0.00000000 -1.00000000
vn 0.00000000 0.00000000 -1.00000000
vn 0.19020182 -0.75414664 -0.62855876
vn 0.96422233 0.24318459 0.10552988
vn -0.18492833 0.73323735 0.65434280
vn -0.96422233 -0.24318459 0.10552988
vn 0.00000000 0.00000000 -1.00000000
vn 0.00000000 0.00000000 -1.00000000
vn 0.76289768 -0.45558627 -0.45872463
vn 0.51046985 0.85480246 0.09345205
vn -0.74692743 0.44604918 0.49309181
vn -0.51046985 -0.85480246 0.09345205
vn 0.00000000 0.00000000 -1.00000000
vn 0.00000000 0.00000000 -1.00000000
vn 0.81640920 0.20590493 -0.53951755
vn -0.24368899 0.96622229 0.08384611
vn -0.79954937 -0.20165275 0.56573578
vn 0.24368899 -0.96622229 0.08384611
vn 0.00000000 0.00000000 -1.00000000
vn 0.00000000 0.00000000 -1.00000000
vn 0.44280562 0.74149596 -0.50409019
vn -0.85376562 0.50985068 0.10552988
vn -0.43168393 -0.72287224 0.53954120
vn 0.85376562 -0.50985068 0.10552988
vn 0.00000000 0.00000000 -1.00000000
vn 0.00000000 0.00000000 -1.00000000
vn -0.19895008 0.78883333 -0.58151598
vn -0.96539331 -0.24347992 0.09345205
vn 0.19420059 -0.77000170 0.60776929
vn 0.96539331 0.24347992 0.09345205
vn 0.00000000 0.00000000 -1.00000000
vn 0.00000000 0.00000000 -1.00000000
vn -0.77916792 0.46530251 -0.41998920
vn -0.51090819 -0.85553647 0.08384611
vn 0.76542605 -0.45709617 0.45297467
vn 0.51090819 0.85553647 0.08384611
vn 0.00000000 0.00000000 -1.00000000
vn 0.00000000 0.00000000 -1.00000000
vn -0.75414664 -0.19020182 -0.62855876
vn 0.24318459 -0.96422233 0.10552988
vn 0.73323735 0.18492833 0.65434280
vn -0.24318459 0.96422233 0.10552988
vn 0.00000000 0.00000000 -1.00000000
vn 0.00000000 0.00000000 -1.00000000
vn -0.45558627 -0.76289768 -0.45872463
vn 0.85480246 -0.51046985 0.09345205
vn 0.44604918 0.74692743 0.49309181
vn -0.85480246 0.51046985 0.09345205
vn 0.00000000 0.00000000 -1.00000000
vn 0.00000000 0.00000000 -1.00000000
vn 0.55892541 -0.82216298 -0.10793712
vn 0.82472208 0.56066515 0.07408159
vn -0.55610591 0.81801557 0.14695834
vn -0.82472208 -0.56066515 0.07408159
vn 0.00000000 0.00000000 -1.00000000
vn 0.00000000 0.00000000 -1.00000000
vn -0.15122286 -0.76291909 -0.62855876
vn 0.97543844 -0.19334762 0.10552988
vn 0.14703009 0.74176657 0.65434280
vn -0.97543844 0.19334762 0.10552988
vn 0.00000000 0.00000000 -1.00000000
vn 0.00000000 0.00000000 -1.00000000
vn 0.49416254 -0.73849516 -0.45872463
vn 0.82746022 0.55369333 0.09345205
vn -0.48381791 0.72303575 0.49309181
vn -0.82746022 -0.55369333 0.09345205
vn 0.00000000 0.00000000 -1.00000000
vn 0.00000000 0.00000000 -1.00000000
vn 0.82590590 -0.16370786 -0.53951755
vn 0.19374865 0.97746166 0.08384611
vn -0.80884996 0.16032710 0.56573578
vn -0.19374865 -0.97746166 0.08384611
vn 0.00000000 0.00000000 -1.00000000
vn 0.00000000 0.00000000 -1.00000000
vn 0.71777801 0.48029970 -0.50409019
vn -0.55302172 0.82645654 0.10552988
vn -0.69975000 -0.46823630 0.53954120
vn 0.55302172 -0.82645654 0.10552988
vn 0.00000000 0.00000000 -1.00000000
vn 0.00000000 0.00000000 -1.00000000
vn 0.15817830 0.79800927 -0.58151598
vn -0.97662304 0.19358242 0.09345205
vn -0.15440214 -0.77895858 0.60776929
vn 0.97662304 -0.19358242 0.09345205
vn 0.00000000 0.00000000 -1.00000000
vn 0.00000000 0.00000000 -1.00000000
vn -0.50470149 0.75424497 -0.41998920
vn -0.82817075 -0.55416878 0.08384611
vn 0.49580028 -0.74094266 0.45297467
vn 0.82817075 0.55416878 0.08384611
vn 0.00000000 0.00000000 -1.00000000
vn 0.00000000 0.00000000 -1.00000000
vn -0.76291909 0.15122286 -0.62855876
vn -0.19334762 -0.97543844 0.10552988
vn 0.74176657 -0.14703009 0.65434280
vn 0.19334762 0.97543844 0.10552988
vn 0.00000000 0.00000000 -1.00000000
vn 0.00000000 0.00000000 -1.00000000
vn -0.73849516 -0.49416254 -0.45872463
vn 0.55369333 -0.82746022 0.09345205
vn 0.72303575 0.48381791 0.49309181
vn -0.55369333 0.82746022 0.09345205
vn 0.00000000 0.00000000 -1.00000000
vn 0.00000000 0.00000000 -1.00000000
vn 0.15281050 -0.98234339 -0.10793712
vn 0.98540107 0.15328615 0.07408159
vn -0.15203966 0.97738794 0.14695834
vn -0.98540107 -0.15328615 0.07408159
vn 0.00000000 0.00000000 -1.00000000
vn 0.00000000 0.00000000 -1.00000000
vn -0.77689707 -0.03667194 -0.62855876
vn 0.04688731 -0.99331014 0.10552988
vn 0.75535700 0.03565518 0.65434280
vn -0.04688731 0.99331014 0.10552988
vn 0.00000000 0.00000000 -1.00000000
vn 0.00000000 0.00000000 -1.00000000
vn -0.59799539 -0.65724670 -0.45872463
vn 0.73642392 -0.67003472 0.09345205
vn 0.58547716 0.64348812 0.49309181
vn -0.73642392 0.67003472 0.09345205
vn 0.00000000 0.00000000 -1.00000000
vn 0.00000000 0.00000000 -1.00000000
vn 0.03969959 -0.84103791 -0.53951755
vn 0.99537042 0.04698456 0.08384611
vn -0.03887974 0.82366947 0.56573578
vn -0.99537042 -0.04698456 0.08384611
vn 0.00000000 0.00000000 -1.00000000
vn 0.00000000 0.00000000 -1.00000000
vn 0.63880883 -0.58121971 -0.50409019
vn 0.66922200 0.73553067 0.10552988
vn -0.62276424 0.56662156 0.53954120
vn -0.66922200 -0.73553067 0.10552988
vn 0.00000000 0.00000000 -1.00000000
vn 0.00000000 0.00000000 -1.00000000
vn 0.81263016 0.03835865 -0.58151598
vn -0.04694425 0.99451644 0.09345205
vn -0.79323043 -0.03744293 0.60776929
vn 0.04694425 -0.99451644 0.09345205
vn 0.00000000 0.00000000 -1.00000000
vn 0.00000000 0.00000000 -1.00000000
vn 0.61074878 0.67126373 -0.41998920
vn -0.73705628 0.67061008 0.08384611
vn -0.59997726 -0.65942493 0.45297467
vn 0.73705628 -0.67061008 0.08384611
vn 0.00000000 0.00000000 -1.00000000
vn 0.00000000 0.00000000 -1.00000000
vn -0.03667194 0.77689707 -0.62855876
vn -0.99331014 -0.04688731 0.10552988
vn 0.03565518 -0.75535700 0.65434280
vn 0.99331014 0.04688731 0.10552988
vn 0.00000000 0.00000000 -1.00000000
vn 0.00000000 0.00000000 -1.00000000
vn -0.65724670 0.59799539 -0.45872463
vn -0.67003472 -0.73642392 0.09345205
vn 0.64348812 -0.58547716 0.49309181
vn 0.67003472 0.73642392 0.09345205
vn 0.00000000 0.00000000 -1.00000000
vn 0.00000000 0.00000000 -1.00000000
vn -0.91677259 -0.38454857 -0.10793712
vn 0.38574554 -0.91962617 0.07408159
vn 0.91214791 0.38260871 0.14695834
vn -0.38574554 0.91962617 0.07408159
vn 0.00000000 0.00000000 -1.00000000
vn 0.00000000 0.00000000 -1.00000000
vn -0.58112659 -0.51691950 -0.62855876
vn 0.66091301 -0.74300568 0.10552988
vn 0.56501441 0.50258751 0.65434280
vn -0.66091301 0.74300568 0.10552988
vn 0.00000000 0.00000000 -1.00000000
vn 0.00000000 0.00000000 -1.00000000
vn -0.05187009 -0.88706325 -0.45872463
vn 0.99392601 -0.05811878 0.09345205
vn 0.05078426 0.86849377 0.49309181
vn -0.99392601 0.05811878 0.09345205
vn 0.00000000 0.00000000 -1.00000000
vn 0.00000000 0.00000000 -1.00000000
vn 0.55959652 -0.62910456 -0.53951755
vn 0.74454679 0.66228385 0.08384611
vn -0.54804018 0.61611280 0.56573578
vn -0.74454679 -0.66228385 0.08384611
vn 0.00000000 0.00000000 -1.00000000
vn 0.00000000 0.00000000 -1.00000000
vn 0.86217829 -0.05041497 -0.50409019
vn 0.05804828 0.99272042 0.10552988
vn -0.84052347 0.04914873 0.53954120
vn -0.05804828 -0.99272042 0.10552988
vn 0.00000000 0.00000000 -1.00000000
vn 0.00000000 0.00000000 -1.00000000
vn 0.60785529 0.54069502 -0.58151598
vn -0.66171564 0.74390801 0.09345205
vn -0.59334411 -0.52778714 0.60776929
vn 0.66171564 -0.74390801 0.09345205
vn 0.00000000 0.00000000 -1.00000000
vn 0.00000000 0.00000000 -1.00000000
vn 0.05297632 0.90598156 -0.41998920
vn -0.99477949 0.05816868 0.08384611
vn -0.05204200 -0.89000313 0.45297467
vn 0.99477949 -0.05816868 0.08384611
vn 0.00000000 0.00000000 -1.00000000
vn 0.00000000 0.00000000 -1.00000000
vn -0.51691950 0.58112659 -0.62855876
vn -0.74300568 -0.66091301 0.10552988
vn 0.50258751 -0.56501441 0.65434280
vn 0.74300568 0.66091301 0.10552988
vn 0.00000000 0.00000000 -1.00000000
vn 0.00000000 0.00000000 -1.00000000
vn -0.88706325 0.05187009 -0.45872463
vn -0.05811878 -0.99392601 0.09345205
vn 0.86849377 -0.05078426 0.49309181
vn 0.05811878 0.99392601 0.09345205
vn 0.00000000 0.00000000 -1.00000000
vn 0.00000000 0.00000000 -1.00000000
vn -0.47121116 -0.87539112 -0.10793712
vn 0.87811591 -0.47267787 0.07408159
vn 0.46883412 0.87097521 0.14695834
vn -0.87811591 0.47267787 0.07408159
vn 0.00000000 0.00000000 -1.00000000
vn 0.00000000 0.00000000 -1.00000000
vn -0.44134684 -0.64041147 -0.62855876
vn 0.81880500 -0.56428877 0.10552988
vn 0.42911016 0.62265558 0.65434280
vn -0.81880500 0.56428877 0.10552988
vn 0.00000000 0.00000000 -1.00000000
vn 0.00000000 0.00000000 -1.00000000
vn 0.16081558 -0.87390507 -0.45872463
vn 0.97918269 0.18018872 0.09345205
vn -0.15744912 0.85561103 0.49309181
vn -0.97918269 -0.18018872 0.09345205
vn 0.00000000 0.00000000 -1.00000000
vn 0.00000000 0.00000000 -1.00000000
vn 0.69328402 -0.47778456 -0.53951755
vn 0.56545919 0.82050334 0.08384611
vn -0.67896688 0.46791773 0.56573578
vn -0.56545919 -0.82050334 0.08384611
vn 0.00000000 0.00000000 -1.00000000
vn 0.00000000 0.00000000 -1.00000000
vn 0.84938924 0.15630419 -0.50409019
vn -0.17997016 0.97799498 0.10552988
vn -0.82805563 -0.15237839 0.53954120
vn 0.17997016 -0.97799498 0.10552988
vn 0.00000000 0.00000000 -1.00000000
vn 0.00000000 0.00000000 -1.00000000
vn 0.46164642 0.66986696 -0.58151598
vn -0.81979938 0.56497406 0.09345205
vn -0.45062565 -0.65387538 0.60776929
vn 0.81979938 -0.56497406 0.09345205
vn 0.00000000 0.00000000 -1.00000000
vn 0.00000000 0.00000000 -1.00000000
vn -0.16424528 0.89254275 -0.41998920
vn -0.98002351 -0.18034344 0.08384611
vn 0.16134855 -0.87680134 0.45297467
vn 0.98002351 0.18034344 0.08384611
vn 0.00000000 0.00000000 -1.00000000
vn 0.00000000 0.00000000 -1.00000000
vn -0.64041147 0.44134684 -0.62855876
vn -0.56428877 -0.81880500 0.10552988
vn 0.62265558 -0.42911016 0.65434280
vn 0.56428877 0.81880500 0.10552988
vn 0.00000000 0.00000000 -1.00000000
vn 0.00000000 0.00000000 -1.00000000
vn -0.87390507 -0.16081558 -0.45872463
vn 0.18018872 -0.97918269 0.09345205
vn 0.85561103 0.15744912 0.49309181
vn -0.18018872 0.97918269 0.09345205
vn 0.00000000 0.00000000 -1.00000000
vn 0.00000000 0.00000000 -1.00000000
vn -0.24924625 -0.96240630 -0.10793712
vn 0.96540193 -0.25002206 0.07408159
vn 0.24798891 0.95755143 0.14695834
vn -0.96540193 0.25002206 0.07408159
vn 0.00000000 0.00000000 -1.00000000
vn 0.00000000 0.00000000 -1.00000000
vn -0.77212188 0.09349701 -0.62855876
vn -0.11954161 -0.98720476 0.10552988
vn 0.75071421 -0.09090473 0.65434280
vn 0.11954161 0.98720476 0.10552988
vn 0.00000000 0.00000000 -1.00000000
vn 0.00000000 0.00000000 -1.00000000
vn -0.69929551 -0.54823125 -0.45872463
vn 0.61427559 -0.78353826 0.09345205
vn 0.68465669 0.53675476 0.49309181
vn -0.61427559 0.78353826 0.09345205
vn 0.00000000 0.00000000 -1.00000000
vn 0.00000000 0.00000000 -1.00000000
vn -0.10121615 -0.83586848 -0.53951755
vn 0.98925239 -0.11978956 0.08384611
vn 0.09912591 0.81860679 0.56573578
vn -0.98925239 0.11978956 0.08384611
vn 0.00000000 0.00000000 -1.00000000
vn 0.00000000 0.00000000 -1.00000000
vn 0.53285161 -0.67967804 -0.50409019
vn 0.78258787 0.61353050 0.10552988
vn -0.51946829 0.66260696 0.53954120
vn -0.78258787 -0.61353050 0.10552988
vn 0.00000000 0.00000000 -1.00000000
vn 0.00000000 0.00000000 -1.00000000
vn 0.80763534 -0.09779737 -0.58151598
vn 0.11968678 0.98840366 0.09345205
vn -0.78835485 0.09546267 0.60776929
vn -0.11968678 -0.98840366 0.09345205
vn 0.00000000 0.00000000 -1.00000000
vn 0.00000000 0.00000000 -1.00000000
vn 0.71420931 0.55992332 -0.41998920
vn -0.61480306 0.78421108 0.08384611
vn -0.70161310 -0.55004819 0.45297467
vn 0.61480306 -0.78421108 0.08384611
vn 0.00000000 0.00000000 -1.00000000
vn 0.00000000 0.00000000 -1.00000000
vn 0.09349701 0.77212188 -0.62855876
vn -0.98720476 0.11954161 0.10552988
vn -0.09090473 -0.75071421 0.65434280
vn 0.98720476 -0.11954161 0.10552988
vn 0.00000000 0.00000000 -1.00000000
vn 0.00000000 0.00000000 -1.00000000
vn -0.54823125 0.69929551 -0.45872463
vn -0.78353826 -0.61427559 0.09345205
vn 0.53675476 -0.68465669 0.49309181
vn 0.78353826 0.61427559 0.09345205
vn 0.00000000 0.00000000 -1.00000000
vn 0.00000000 0.00000000 -1.00000000
vn -0.96809214 -0.22615743 -0.10793712
vn 0.22686139 -0.97110547 0.07408159
vn 0.96320859 0.22501659 0.14695834
vn -0.22686139 0.97110547 0.07408159
vn 0.00000000 0.00000000 -1.00000000
vn 0.00000000 0.00000000 -1.00000000
vn 0.10054352 -0.77123595 -0.62855876
vn 0.98607205 0.12855100 0.10552988
vn -0.09775587 0.74985284 0.65434280
vn -0.98607205 -0.12855100 0.10552988
vn 0.00000000 0.00000000 -1.00000000
vn 0.00000000 0.00000000 -1.00000000
vn 0.70427237 -0.54182298 -0.45872463
vn 0.60709533 0.78911468 0.09345205
vn -0.68952937 0.53048064 0.49309181
vn -0.60709533 -0.78911468 0.09345205
vn 0.00000000 0.00000000 -1.00000000
vn 0.00000000 0.00000000 -1.00000000
vn 0.83490940 0.10884442 -0.53951755
vn -0.12881764 0.98811732 0.08384611
vn -0.81766752 -0.10659665 0.56573578
vn 0.12881764 -0.98811732 0.08384611
vn 0.00000000 0.00000000 -1.00000000
vn 0.00000000 0.00000000 -1.00000000
vn 0.52662311 0.68451528 -0.50409019
vn -0.78815752 0.60635895 0.10552988
vn -0.51339623 -0.66732271 0.53954120
vn 0.78815752 -0.60635895 0.10552988
vn 0.00000000 0.00000000 -1.00000000
vn 0.00000000 0.00000000 -1.00000000
vn -0.10516798 0.80670866 -0.58151598
vn -0.98726956 -0.12870712 0.09345205
vn 0.10265733 -0.78745029 0.60776929
vn 0.98726956 0.12870712 0.09345205
vn 0.00000000 0.00000000 -1.00000000
vn 0.00000000 0.00000000 -1.00000000
vn -0.71929232 0.55337838 -0.41998920
vn -0.60761664 -0.78979229 0.08384611
vn 0.70660646 -0.54361868 0.45297467
vn 0.60761664 0.78979229 0.08384611
vn 0.00000000 0.00000000 -1.00000000
vn 0.00000000 0.00000000 -1.00000000
vn -0.77123595 -0.10054352 -0.62855876
vn 0.12855100 -0.98607205 0.10552988
vn 0.74985284 0.09775587 0.65434280
vn -0.12855100 0.98607205 0.10552988
vn 0.00000000 0.00000000 -1.00000000
vn 0.00000000 0.00000000 -1.00000000
vn -0.54182298 -0.70427237 -0.45872463
vn 0.78911468 -0.60709533 0.09345205
vn 0.53048064 0.68952937 0.49309181
vn -0.78911468 0.60709533 0.09345205
vn 0.00000000 0.00000000 -1.00000000
vn 0.00000000 0.00000000 -1.00000000
vn 0.45876000 -0.88198007 -0.10793712
vn 0.88472536 0.46018796 0.07408159
vn -0.45644579 0.87753091 0.14695834
vn -0.88472536 -0.46018796 0.07408159
vn 0.00000000 0.00000000 -1.00000000
vn 0.00000000 0.00000000 -1.00000000
vn -0.38547328 0.67551775 -0.62855876
vn -0.86369052 -0.49285102 0.10552988
vn 0.37478574 -0.65678851 0.65434280
vn 0.86369052 0.49285102 0.10552988
vn 0.00000000 0.00000000 -1.00000000
vn 0.00000000 0.00000000 -1.00000000
vn -0.85712809 0.23431420 -0.45872463
vn -0.26254158 -0.96038463 0.09345205
vn 0.83918526 -0.22940915 0.49309181
vn 0.26254158 0.96038463 0.09345205
vn 0.00000000 0.00000000 -1.00000000
vn 0.00000000 0.00000000 -1.00000000
vn -0.73128869 -0.41729806 -0.53951755
vn 0.49387328 -0.86548196 0.08384611
vn 0.71618670 0.40868036 0.56573578
vn -0.49387328 0.86548196 0.08384611
vn 0.00000000 0.00000000 -1.00000000
vn 0.00000000 0.00000000 -1.00000000
vn -0.22774094 -0.83308291 -0.50409019
vn 0.95921972 -0.26222312 0.10552988
vn 0.22202091 0.81215886 0.53954120
vn -0.95921972 0.26222312 0.10552988
vn 0.00000000 0.00000000 -1.00000000
vn 0.00000000 0.00000000 -1.00000000
vn 0.40320298 -0.70658794 -0.58151598
vn 0.86473941 0.49344956 0.09345205
vn -0.39357741 0.68971974 0.60776929
vn -0.86473941 -0.49344956 0.09345205
vn 0.00000000 0.00000000 -1.00000000
vn 0.00000000 0.00000000 -1.00000000
vn 0.87540798 -0.23931140 -0.41998920
vn 0.26276702 0.96120930 0.08384611
vn -0.85996877 0.23509076 0.45297467
vn -0.26276702 -0.96120930 0.08384611
vn 0.00000000 0.00000000 -1.00000000
vn 0.00000000 0.00000000 -1.00000000
vn 0.67551775 0.38547328 -0.62855876
vn -0.49285102 0.86369052 0.10552988
vn -0.65678851 -0.37478574 0.65434280
vn 0.49285102 -0.86369052 0.10552988
vn 0.00000000 0.00000000 -1.00000000
vn 0.00000000 0.00000000 -1.00000000
vn 0.23431420 0.85712809 -0.45872463
vn -0.96038463 0.26254158 0.09345205
vn -0.22940915 -0.83918526 0.49309181
vn 0.96038463 -0.26254158 0.09345205
vn 0.00000000 0.00000000 -1.00000000
vn 0.00000000 0.00000000 -1.00000000
vn -0.75893112 0.64216286 -0.10793712
vn -0.64416168 -0.76129341 0.07408159
vn 0.75510269 -0.63892345 0.14695834
vn 0.64416168 0.76129341 0.07408159
vn 0.00000000 0.00000000 -1.00000000
vn 0.00000000 0.00000000 -1.00000000
vn 0.77775309 0.00374402 -0.62855876
vn -0.00478696 0.99440461 0.10552988
vn -0.75618929 -0.00364021 0.65434280
vn 0.00478696 -0.99440461 0.10552988
vn 0.00000000 0.00000000 -1.00000000
vn 0.00000000 0.00000000 -1.00000000
vn 0.62528796 0.63133722 -0.45872463
vn -0.70739317 0.70061517 0.09345205
vn -0.61219839 -0.61812102 0.49309181
vn 0.70739317 -0.70061517 0.09345205
vn 0.00000000 0.00000000 -1.00000000
vn 0.00000000 0.00000000 -1.00000000
vn -0.00405313 0.84196460 -0.53951755
vn -0.99646717 -0.00479689 0.08384611
vn 0.00396943 -0.82457703 0.56573578
vn 0.99646717 0.00479689 0.08384611
vn 0.00000000 0.00000000 -1.00000000
vn 0.00000000 0.00000000 -1.00000000
vn -0.61362619 0.60774664 -0.50409019
vn -0.69976535 -0.70653513 0.10552988
vn 0.59821410 -0.59248222 0.53954120
vn 0.69976535 0.70653513 0.10552988
vn 0.00000000 0.00000000 -1.00000000
vn 0.00000000 0.00000000 -1.00000000
vn -0.81352555 -0.00391623 -0.58151598
vn 0.00479277 -0.99561225 0.09345205
vn 0.79410445 0.00382273 0.60776929
vn -0.00479277 0.99561225 0.09345205
vn 0.00000000 0.00000000 -1.00000000
vn 0.00000000 0.00000000 -1.00000000
vn -0.63862341 -0.64480168 -0.41998920
vn 0.70800060 -0.70121678 0.08384611
vn 0.62736027 0.63342958 0.45297467
vn -0.70800060 0.70121678 0.08384611
vn 0.00000000 0.00000000 -1.00000000
vn 0.00000000 0.00000000 -1.00000000
vn 0.00374402 -0.77775309 -0.62855876
vn 0.99440461 0.00478696 0.10552988
vn -0.00364021 0.75618929 0.65434280
vn -0.99440461 -0.00478696 0.10552988
vn 0.00000000 0.00000000 -1.00000000
vn 0.00000000 0.00000000 -1.00000000
vn 0.63133722 -0.62528796 -0.45872463
vn 0.70061517 0.70739317 0.09345205
vn -0.61812102 0.61219839 0.49309181
vn -0.70061517 -0.70739317 0.09345205
vn 0.00000000 0.00000000 -1.00000000
vn 0.00000000 0.00000000 -1.00000000
vn 0.93223281 0.34538612 -0.10793712
vn -0.34646119 0.93513452 0.07408159
vn -0.92753014 -0.34364382 0.14695834
vn 0.34646119 -0.93513452 0.07408159
vn 0.00000000 0.00000000 -1.00000000
vn 0.00000000 0.00000000 -1.00000000
vn -0.77775697 0.00282502 -0.62855876
vn -0.00361196 -0.99440957 0.10552988
vn 0.75619307 -0.00274670 0.65434280
vn 0.00361196 0.99440957 0.10552988
vn 0.00000000 0.00000000 -1.00000000
vn 0.00000000 0.00000000 -1.00000000
vn -0.63059793 -0.62603351 -0.45872463
vn 0.70145054 -0.70656483 0.09345205
vn 0.61739721 0.61292834 0.49309181
vn -0.70145054 0.70656483 0.09345205
vn 0.00000000 0.00000000 -1.00000000
vn 0.00000000 0.00000000 -1.00000000
vn -0.00305826 -0.84196880 -0.53951755
vn 0.99647214 -0.00361945 0.08384611
vn 0.00299510 0.82458114 0.56573578
vn -0.99647214 0.00361945 0.08384611
vn 0.00000000 0.00000000 -1.00000000
vn 0.00000000 0.00000000 -1.00000000
vn 0.60847127 -0.61290765 -0.50409019
vn 0.70570779 0.70059971 0.10552988
vn -0.59318866 0.59751361 0.53954120
vn -0.70570779 -0.70059971 0.10552988
vn 0.00000000 0.00000000 -1.00000000
vn 0.00000000 0.00000000 -1.00000000
vn 0.81352961 -0.00295496 -0.58151598
vn 0.00361635 0.99561721 0.09345205
vn -0.79410841 0.00288441 0.60776929
vn -0.00361635 -0.99561721 0.09345205
vn 0.00000000 0.00000000 -1.00000000
vn 0.00000000 0.00000000 -1.00000000
vn 0.64404663 0.63938487 -0.41998920
vn -0.70205287 0.70717155 0.08384611
vn -0.63268785 -0.62810830 0.45297467
vn 0.70205287 -0.70717155 0.08384611
vn 0.00000000 0.00000000 -1.00000000
vn 0.00000000 0.00000000 -1.00000000
vn 0.00282502 0.77775697 -0.62855876
vn -0.99440957 0.00361196 0.10552988
vn -0.00274670 -0.75619307 0.65434280
vn 0.99440957 -0.00361196 0.10552988
vn 0.00000000 0.00000000 -1.00000000
vn 0.00000000 0.00000000 -1.00000000
vn -0.62603351 0.63059793 -0.45872463
vn -0.70656483 -0.70145054 0.09345205
vn 0.61292834 -0.61739721 0.49309181
vn 0.70656483 0.70145054 0.09345205
vn 0.00000000 0.00000000 -1.00000000
vn 0.00000000 0.00000000 -1.00000000
vn -0.93511669 -0.33750015 -0.10793712
vn 0.33855068 -0.93802737 0.07408159
vn 0.93039948 0.33579764 0.14695834
vn -0.33855068 0.93802737 0.07408159
vn 0.00000000 0.00000000 -1.00000000
vn 0.00000000 0.00000000 -1.00000000
vn -0.76941668 0.11363036 -0.62855876
vn -0.14528332 -0.98374600 0.10552988
vn 0.74808402 -0.11047987 0.65434280
vn 0.14528332 0.98374600 0.10552988
vn 0.00000000 0.00000000 -1.00000000
vn 0.00000000 0.00000000 -1.00000000
vn -0.71337495 -0.52978099 -0.45872463
vn 0.59360266 -0.79931382 0.09345205
vn 0.69844140 0.51869073 0.49309181
vn -0.59360266 0.79931382 0.09345205
vn 0.00000000 0.00000000 -1.00000000
vn 0.00000000 0.00000000 -1.00000000
vn -0.12301171 -0.83293993 -0.53951755
vn 0.98578646 -0.14558466 0.08384611
vn 0.12047137 0.81573873 0.56573578
vn -0.98578646 0.14558466 0.08384611
vn 0.00000000 0.00000000 -1.00000000
vn 0.00000000 0.00000000 -1.00000000
vn 0.51491894 -0.69336250 -0.50409019
vn 0.79834429 0.59288265 0.10552988
vn -0.50198603 0.67594772 0.53954120
vn -0.79834429 -0.59288265 0.10552988
vn 0.00000000 0.00000000 -1.00000000
vn 0.00000000 0.00000000 -1.00000000
vn 0.80480572 -0.11885674 -0.58151598
vn 0.14545976 0.98494070 0.09345205
vn -0.78559278 0.11601930 0.60776929
vn -0.14545976 -0.98494070 0.09345205
vn 0.00000000 0.00000000 -1.00000000
vn 0.00000000 0.00000000 -1.00000000
vn 0.72858902 0.54107958 -0.41998920
vn -0.59411239 0.80000019 0.08384611
vn -0.71573920 -0.53153678 0.45297467
vn 0.59411239 -0.80000019 0.08384611
vn 0.00000000 0.00000000 -1.00000000
vn 0.00000000 0.00000000 -1.00000000
vn 0.11363036 0.76941668 -0.62855876
vn -0.98374600 0.14528332 0.10552988
vn -0.11047987 -0.74808402 0.65434280
vn 0.98374600 -0.14528332 0.10552988
vn 0.00000000 0.00000000 -1.00000000
vn 0.00000000 0.00000000 -1.00000000
vn -0.52978099 0.71337495 -0.45872463
vn -0.79931382 -0.59360266 0.09345205
vn 0.51869073 -0.69844140 0.49309181
vn 0.79931382 0.59360266 0.09345205
vn 0.00000000 0.00000000 -1.00000000
vn 0.00000000 0.00000000 -1.00000000
vn -0.97366840 -0.20079697 -0.10793712
vn 0.20142198 -0.97669909 0.07408159
vn 0.96875672 0.19978405 0.14695834
vn -0.20142198 0.97669909 0.07408159
vn 0.00000000 0.00000000 -1.00000000
vn 0.00000000 0.00000000 -1.00000000
vn 0.47025126 -0.61949789 -0.62855876
vn 0.79206572 0.60124482 0.10552988
vn -0.45721318 0.60232184 0.65434280
vn -0.79206572 -0.60124482 0.10552988
vn 0.00000000 0.00000000 -1.00000000
vn 0.00000000 0.00000000 -1.00000000
vn 0.88036051 -0.12056981 -0.45872463
vn 0.13509462 0.98641581 0.09345205
vn -0.86193135 0.11804584 0.49309181
vn -0.13509462 -0.98641581 0.09345205
vn 0.00000000 0.00000000 -1.00000000
vn 0.00000000 0.00000000 -1.00000000
vn 0.67064381 0.50907533 -0.53951755
vn -0.60249190 0.79370860 0.08384611
vn -0.65679422 -0.49856232 0.56573578
vn 0.60249190 -0.79370860 0.08384611
vn 0.00000000 0.00000000 -1.00000000
vn 0.00000000 0.00000000 -1.00000000
vn 0.11718744 0.85566359 -0.50409019
vn -0.98521933 0.13493075 0.10552988
vn -0.11424411 -0.83417239 0.53954120
vn 0.98521933 -0.13493075 0.10552988
vn 0.00000000 0.00000000 -1.00000000
vn 0.00000000 0.00000000 -1.00000000
vn -0.49188029 0.64799147 -0.58151598
vn -0.79302763 -0.60197499 0.09345205
vn 0.48013774 -0.63252212 0.60776929
vn 0.79302763 0.60197499 0.09345205
vn 0.00000000 0.00000000 -1.00000000
vn 0.00000000 0.00000000 -1.00000000
vn -0.89913587 0.12314119 -0.41998920
vn -0.13521062 -0.98726284 0.08384611
vn 0.88327818 -0.12096940 0.45297467
vn 0.13521062 0.98726284 0.08384611
vn 0.00000000 0.00000000 -1.00000000
vn 0.00000000 0.00000000 -1.00000000
vn -0.61949789 -0.47025126 -0.62855876
vn 0.60124482 -0.79206572 0.10552988
vn 0.60232184 0.45721318 0.65434280
vn -0.60124482 0.79206572 0.10552988
vn 0.00000000 0.00000000 -1.00000000
vn 0.00000000 0.00000000 -1.00000000
vn -0.12056981 -0.88036051 -0.45872463
vn 0.98641581 -0.13509462 0.09345205
vn 0.11804584 0.86193135 0.49309181
vn -0.98641581 0.13509462 0.09345205
vn 0.00000000 0.00000000 -1.00000000
vn 0.00000000 0.00000000 -1.00000000
vn 0.83617323 -0.53773963 -0.10793712
vn 0.53941341 0.83877595 0.07408159
vn -0.83195515 0.53502699 0.14695834
vn -0.53941341 -0.83877595 0.07408159
vn 0.00000000 0.00000000 -1.00000000
vn 0.00000000 0.00000000 -1.00000000
vn -0.48089854 -0.61126956 -0.62855876
vn 0.78154530 -0.61485802 0.10552988
vn 0.46756526 0.59432165 0.65434280
vn -0.78154530 0.61485802 0.10552988
vn 0.00000000 0.00000000 -1.00000000
vn 0.00000000 0.00000000 -1.00000000
vn 0.10532103 -0.88231468 -0.45872463
vn 0.98860540 0.11800884 0.09345205
vn -0.10311627 0.86384460 0.49309181
vn -0.98860540 -0.11800884 0.09345205
vn 0.00000000 0.00000000 -1.00000000
vn 0.00000000 0.00000000 -1.00000000
vn 0.66173615 -0.52060166 -0.53951755
vn 0.61613334 0.78316635 0.08384611
vn -0.64807050 0.50985061 0.56573578
vn -0.61613334 -0.78316635 0.08384611
vn 0.00000000 0.00000000 -1.00000000
vn 0.00000000 0.00000000 -1.00000000
vn 0.85756294 0.10236643 -0.50409019
vn -0.11786570 0.98740626 0.10552988
vn -0.83602403 -0.09979536 0.53954120
vn 0.11786570 -0.98740626 0.10552988
vn 0.00000000 0.00000000 -1.00000000
vn 0.00000000 0.00000000 -1.00000000
vn 0.50301729 0.63938468 -0.58151598
vn -0.78249443 0.61560473 0.09345205
vn -0.49100888 -0.62412080 0.60776929
vn 0.78249443 -0.61560473 0.09345205
vn 0.00000000 0.00000000 -1.00000000
vn 0.00000000 0.00000000 -1.00000000
vn -0.10756720 0.90113172 -0.41998920
vn -0.98945430 -0.11811017 0.08384611
vn 0.10567008 -0.88523883 0.45297467
vn 0.98945430 0.11811017 0.08384611
vn 0.00000000 0.00000000 -1.00000000
vn 0.00000000 0.00000000 -1.00000000
vn -0.61126956 0.48089854 -0.62855876
vn -0.61485802 -0.78154530 0.10552988
vn 0.59432165 -0.46756526 0.65434280
vn 0.61485802 0.78154530 0.10552988
vn 0.00000000 0.00000000 -1.00000000
vn 0.00000000 0.00000000 -1.00000000
vn -0.88231468 -0.10532103 -0.45872463
vn 0.11800884 -0.98860540 0.09345205
vn 0.86384460 0.10311627 0.49309181
vn -0.11800884 0.98860540 0.09345205
vn 0.00000000 0.00000000 -1.00000000
vn 0.00000000 0.00000000 -1.00000000
vn -0.30951023 -0.94475023 -0.10793712
vn 0.94769090 -0.31047362 0.07408159
vn 0.30794890 0.93998443 0.14695834
vn -0.94769090 0.31047362 0.07408159
vn 0.00000000 0.00000000 -1.00000000
vn 0.00000000 0.00000000 -1.00000000
vn -0.73534185 -0.25335006 -0.62855876
vn 0.32392345 -0.94017926 0.10552988
vn 0.71495393 0.24632574 0.65434280
vn -0.32392345 0.94017926 0.10552988
vn 0.00000000 0.00000000 -1.00000000
vn 0.00000000 0.00000000 -1.00000000
vn -0.38938001 -0.79872080 -0.45872463
vn 0.89494113 -0.43628786 0.09345205
vn 0.38122886 0.78200065 0.49309181
vn -0.89494113 0.43628786 0.09345205
vn 0.00000000 0.00000000 -1.00000000
vn 0.00000000 0.00000000 -1.00000000
vn 0.27426671 -0.79605187 -0.53951755
vn 0.94212935 0.32459533 0.08384611
vn -0.26860278 0.77961245 0.56573578
vn -0.94212935 -0.32459533 0.08384611
vn 0.00000000 0.00000000 -1.00000000
vn 0.00000000 0.00000000 -1.00000000
vn 0.77631413 -0.37845666 -0.50409019
vn 0.43575866 0.89385560 0.10552988
vn -0.75681591 0.36895119 0.53954120
vn -0.43575866 -0.89385560 0.10552988
vn 0.00000000 0.00000000 -1.00000000
vn 0.00000000 0.00000000 -1.00000000
vn 0.76916362 0.26500280 -0.58151598
vn -0.32431684 0.94132104 0.09345205
vn -0.75080156 -0.25867645 0.60776929
vn 0.32431684 -0.94132104 0.09345205
vn 0.00000000 0.00000000 -1.00000000
vn 0.00000000 0.00000000 -1.00000000
vn 0.39768428 0.81575504 -0.41998920
vn -0.89570960 0.43666249 0.08384611
vn -0.39067049 -0.80136790 0.45297467
vn 0.89570960 -0.43666249 0.08384611
vn 0.00000000 0.00000000 -1.00000000
vn 0.00000000 0.00000000 -1.00000000
vn -0.25335006 0.73534185 -0.62855876
vn -0.94017926 -0.32392345 0.10552988
vn 0.24632574 -0.71495393 0.65434280
vn 0.94017926 0.32392345 0.10552988
vn 0.00000000 0.00000000 -1.00000000
vn 0.00000000 0.00000000 -1.00000000
vn -0.79872080 0.38938001 -0.45872463
vn -0.43628786 -0.89494113 0.09345205
vn 0.78200065 -0.38122886 0.49309181
vn 0.43628786 0.89494113 0.09345205
vn 0.00000000 0.00000000 -1.00000000
vn 0.00000000 0.00000000 -1.00000000
vn -0.77190546 -0.62650741 -0.10793712
vn 0.62845751 -0.77430813 0.07408159
vn 0.76801157 0.62334699 0.14695834
vn -0.62845751 0.77430813 0.07408159
vn 0.00000000 0.00000000 -1.00000000
vn 0.00000000 0.00000000 -1.00000000
vn -0.75920300 -0.16889253 -0.62855876
vn 0.21593937 -0.97068720 0.10552988
vn 0.73815352 0.16420986 0.65434280
vn -0.21593937 0.97068720 0.10552988
vn 0.00000000 0.00000000 -1.00000000
vn 0.00000000 0.00000000 -1.00000000
vn -0.47688593 -0.74976765 -0.45872463
vn 0.84009068 -0.53433543 0.09345205
vn 0.46690296 0.73407227 0.49309181
vn -0.84009068 0.53433543 0.09345205
vn 0.00000000 0.00000000 -1.00000000
vn 0.00000000 0.00000000 -1.00000000
vn 0.18283634 -0.82188301 -0.53951755
vn 0.97270056 0.21638726 0.08384611
vn -0.17906055 0.80491015 0.56573578
vn -0.97270056 -0.21638726 0.08384611
vn 0.00000000 0.00000000 -1.00000000
vn 0.00000000 0.00000000 -1.00000000
vn 0.72873427 -0.46350775 -0.50409019
vn 0.53368731 0.83907169 0.10552988
vn -0.71043108 0.45186610 0.53954120
vn -0.53368731 -0.83907169 0.10552988
vn 0.00000000 0.00000000 -1.00000000
vn 0.00000000 0.00000000 -1.00000000
vn 0.79412226 0.17666068 -0.58151598
vn -0.21620161 0.97186603 0.09345205
vn -0.77516437 -0.17244330 0.60776929
vn 0.21620161 -0.97186603 0.09345205
vn 0.00000000 0.00000000 -1.00000000
vn 0.00000000 0.00000000 -1.00000000
vn 0.48705642 0.76575787 -0.41998920
vn -0.84081206 0.53479426 0.08384611
vn -0.47846641 -0.75225251 0.45297467
vn 0.84081206 -0.53479426 0.08384611
vn 0.00000000 0.00000000 -1.00000000
vn 0.00000000 0.00000000 -1.00000000
vn -0.16889253 0.75920300 -0.62855876
vn -0.97068720 -0.21593937 0.10552988
vn 0.16420986 -0.73815352 0.65434280
vn 0.97068720 0.21593937 0.10552988
vn 0.00000000 0.00000000 -1.00000000
vn 0.00000000 0.00000000 -1.00000000
vn -0.74976765 0.47688593 -0.45872463
vn -0.53433543 -0.84009068 0.09345205
vn 0.73407227 -0.46690296 0.49309181
vn 0.53433543 0.84009068 0.09345205
vn 0.00000000 0.00000000 -1.00000000
vn 0.00000000 0.00000000 -1.00000000
vn -0.83757422 -0.53555485 -0.10793712
vn 0.53722185 -0.84018129 0.07408159
vn 0.83334907 0.53285325 0.14695834
vn -0.53722185 0.84018129 0.07408159
vn 0.00000000 0.00000000 -1.00000000
vn 0.00000000 0.00000000 -1.00000000
vn -0.46946683 -0.62009256 -0.62855876
vn 0.79282604 -0.60024188 0.10552988
vn 0.45645050 0.60290002 0.65434280
vn -0.79282604 0.60024188 0.10552988
vn 0.00000000 0.00000000 -1.00000000
vn 0.00000000 0.00000000 -1.00000000
vn 0.12168392 -0.88020721 -0.45872463
vn 0.98624405 0.13634294 0.09345205
vn -0.11913663 0.86178125 0.49309181
vn -0.98624405 -0.13634294 0.09345205
vn 0.00000000 0.00000000 -1.00000000
vn 0.00000000 0.00000000 -1.00000000
vn 0.67128757 -0.50822614 -0.53951755
vn 0.60148688 0.79447049 0.08384611
vn -0.65742468 0.49773066 0.56573578
vn -0.60148688 -0.79447049 0.08384611
vn 0.00000000 0.00000000 -1.00000000
vn 0.00000000 0.00000000 -1.00000000
vn 0.85551459 0.11827029 -0.50409019
vn -0.13617756 0.98504777 0.10552988
vn -0.83402713 -0.11529977 0.53954120
vn 0.13617756 -0.98504777 0.10552988
vn 0.00000000 0.00000000 -1.00000000
vn 0.00000000 0.00000000 -1.00000000
vn 0.49105978 0.64861349 -0.58151598
vn -0.79378887 0.60097084 0.09345205
vn -0.47933683 -0.63312929 0.60776929
vn 0.79378887 -0.60097084 0.09345205
vn 0.00000000 0.00000000 -1.00000000
vn 0.00000000 0.00000000 -1.00000000
vn -0.12427906 0.89897930 -0.41998920
vn -0.98709092 -0.13646002 0.08384611
vn 0.12208720 -0.88312438 0.45297467
vn 0.98709092 0.13646002 0.08384611
vn 0.00000000 0.00000000 -1.00000000
vn 0.00000000 0.00000000 -1.00000000
vn -0.62009256 0.46946683 -0.62855876
vn -0.60024188 -0.79282604 0.10552988
vn 0.60290002 -0.45645050 0.65434280
vn 0.60024188 0.79282604 0.10552988
vn 0.00000000 0.00000000 -1.00000000
vn 0.00000000 0.00000000 -1.00000000
vn -0.88020721 -0.12168392 -0.45872463
vn 0.13634294 -0.98624405 0.09345205
vn 0.86178125 0.11913663 0.49309181
vn -0.13634294 0.98624405 0.09345205
vn 0.00000000 0.00000000 -1.00000000
vn 0.00000000 0.00000000 -1.00000000
vn -0.29191666 -0.95033375 -0.10793712
vn 0.95329181 -0.29282529 0.07408159
vn 0.29044408 0.94553978 0.14695834
vn -0.95329181 0.29282529 0.07408159
vn 0.00000000 0.00000000 -1.00000000
vn 0.00000000 0.00000000 -1.00000000
vn -0.32761291 0.70539611 -0.62855876
vn -0.90189181 -0.41887302 0.10552988
vn 0.31852959 -0.68583846 0.65434280
vn 0.90189181 0.41887302 0.10552988
vn 0.00000000 0.00000000 -1.00000000
vn 0.00000000 0.00000000 -1.00000000
vn -0.83452265 0.30519447 -0.45872463
vn -0.34196064 -0.93505595 0.09345205
vn 0.81705303 -0.29880563 0.49309181
vn 0.34196064 0.93505595 0.09345205
vn 0.00000000 0.00000000 -1.00000000
vn 0.00000000 0.00000000 -1.00000000
vn -0.76363381 -0.35466072 -0.53951755
vn 0.41974183 -0.90376248 0.08384611
vn 0.74786386 0.34733655 0.56573578
vn -0.41974183 0.90376248 0.08384611
vn 0.00000000 0.00000000 -1.00000000
vn 0.00000000 0.00000000 -1.00000000
vn -0.29663279 -0.81111163 -0.50409019
vn 0.93392177 -0.34154586 0.10552988
vn 0.28918244 0.79073941 0.53954120
vn -0.93392177 0.34154586 0.10552988
vn 0.00000000 0.00000000 -1.00000000
vn 0.00000000 0.00000000 -1.00000000
vn 0.34268134 -0.73784054 -0.58151598
vn 0.90298709 0.41938171 0.09345205
vn -0.33450059 0.72022624 0.60776929
vn -0.90298709 -0.41938171 0.09345205
vn 0.00000000 0.00000000 -1.00000000
vn 0.00000000 0.00000000 -1.00000000
vn 0.85232043 -0.31170332 -0.41998920
vn 0.34225428 0.93585888 0.08384611
vn -0.83728840 0.30620593 0.45297467
vn -0.34225428 -0.93585888 0.08384611
vn 0.00000000 0.00000000 -1.00000000
vn 0.00000000 0.00000000 -1.00000000
vn 0.70539611 0.32761291 -0.62855876
vn -0.41887302 0.90189181 0.10552988
vn -0.68583846 -0.31852959 0.65434280
vn 0.41887302 -0.90189181 0.10552988
vn 0.00000000 0.00000000 -1.00000000
vn 0.00000000 0.00000000 -1.00000000
vn 0.30519447 0.83452265 -0.45872463
vn -0.93505595 0.34196064 0.09345205
vn -0.29880563 -0.81705303 0.49309181
vn 0.93505595 -0.34196064 0.09345205
vn 0.00000000 0.00000000 -1.00000000
vn 0.00000000 0.00000000 -1.00000000
vn -0.70255200 0.70339908 -0.10793712
vn -0.70558851 -0.70473880 0.07408159
vn 0.69900797 -0.69985077 0.14695834
vn 0.70558851 0.70473880 0.07408159
vn 0.00000000 0.00000000 -1.00000000
vn 0.00000000 0.00000000 -1.00000000
vn 0.03640310 -0.77690971 -0.62855876
vn 0.99332630 0.04654358 0.10552988
vn -0.03539380 0.75536930 0.65434280
vn -0.99332630 -0.04654358 0.10552988
vn 0.00000000 0.00000000 -1.00000000
vn 0.00000000 0.00000000 -1.00000000
vn 0.65703973 -0.59822279 -0.45872463
vn 0.67028951 0.73619202 0.09345205
vn -0.64328548 0.58569980 0.49309181
vn -0.67028951 -0.73619202 0.09345205
vn 0.00000000 0.00000000 -1.00000000
vn 0.00000000 0.00000000 -1.00000000
vn 0.84105159 0.03940856 -0.53951755
vn -0.04664012 0.99538662 0.08384611
vn -0.82368287 -0.03859472 0.56573578
vn 0.04664012 -0.99538662 0.08384611
vn 0.00000000 0.00000000 -1.00000000
vn 0.00000000 0.00000000 -1.00000000
vn 0.58144073 0.63860767 -0.50409019
vn -0.73529905 0.66947648 0.10552988
vn -0.56683702 -0.62256813 0.53954120
vn 0.73529905 -0.66947648 0.10552988
vn 0.00000000 0.00000000 -1.00000000
vn 0.00000000 0.00000000 -1.00000000
vn -0.03807745 0.81264339 -0.58151598
vn -0.99453263 -0.04660011 0.09345205
vn 0.03716844 -0.79324334 0.60776929
vn 0.99453263 0.04660011 0.09345205
vn 0.00000000 0.00000000 -1.00000000
vn 0.00000000 0.00000000 -1.00000000
vn -0.67105235 0.61098103 -0.41998920
vn -0.67086508 -0.73682418 0.08384611
vn 0.65921728 -0.60020541 0.45297467
vn 0.67086508 0.73682418 0.08384611
vn 0.00000000 0.00000000 -1.00000000
vn 0.00000000 0.00000000 -1.00000000
vn -0.77690971 -0.03640310 -0.62855876
vn 0.04654358 -0.99332630 0.10552988
vn 0.75536930 0.03539380 0.65434280
vn -0.04654358 0.99332630 0.10552988
vn 0.00000000 0.00000000 -1.00000000
vn 0.00000000 0.00000000 -1.00000000
vn -0.59822279 -0.65703973 -0.45872463
vn 0.73619202 -0.67028951 0.09345205
vn 0.58569980 0.64328548 0.49309181
vn -0.73619202 0.67028951 0.09345205
vn 0.00000000 0.00000000 -1.00000000
vn 0.00000000 0.00000000 -1.00000000
vn 0.38423131 -0.91690560 -0.10793712
vn 0.91975960 0.38542729 0.07408159
vn -0.38229305 0.91228026 0.14695834
vn -0.91975960 -0.38542729 0.07408159
vn 0.00000000 0.00000000 -1.00000000
vn 0.00000000 0.00000000 -1.00000000
vn 0.75868802 -0.17119105 -0.62855876
vn 0.21887817 0.97002876 0.10552988
vn -0.73765281 0.16644465 0.65434280
vn -0.21887817 -0.97002876 0.10552988
vn 0.00000000 0.00000000 -1.00000000
vn 0.00000000 0.00000000 -1.00000000
vn 0.75120849 0.47461302 -0.45872463
vn -0.53178871 0.84170510 0.09345205
vn -0.73548295 -0.46467763 0.49309181
vn 0.53178871 -0.84170510 0.09345205
vn 0.00000000 0.00000000 -1.00000000
vn 0.00000000 0.00000000 -1.00000000
vn 0.18532463 0.82132551 -0.53951755
vn -0.97204076 0.21933216 0.08384611
vn -0.18149746 -0.80436416 0.56573578
vn 0.97204076 -0.21933216 0.08384611
vn 0.00000000 0.00000000 -1.00000000
vn 0.00000000 0.00000000 -1.00000000
vn -0.46129861 0.73013470 -0.50409019
vn -0.84068415 -0.53114368 0.10552988
vn 0.44971244 -0.71179633 0.53954120
vn 0.84068415 0.53114368 0.10552988
vn 0.00000000 0.00000000 -1.00000000
vn 0.00000000 0.00000000 -1.00000000
vn -0.79358359 0.17906492 -0.58151598
vn -0.21914398 -0.97120679 0.09345205
vn 0.77463856 -0.17479014 0.60776929
vn 0.21914398 0.97120679 0.09345205
vn 0.00000000 0.00000000 -1.00000000
vn 0.00000000 0.00000000 -1.00000000
vn -0.76722944 -0.48473504 -0.41998920
vn 0.53224536 -0.84242787 0.08384611
vn 0.75369813 0.47618597 0.45297467
vn -0.53224536 0.84242787 0.08384611
vn 0.00000000 0.00000000 -1.00000000
vn 0.00000000 0.00000000 -1.00000000
vn -0.17119105 -0.75868802 -0.62855876
vn 0.97002876 -0.21887817 0.10552988
vn 0.16644465 0.73765281 0.65434280
vn -0.97002876 0.21887817 0.10552988
vn 0.00000000 0.00000000 -1.00000000
vn 0.00000000 0.00000000 -1.00000000
vn 0.47461302 -0.75120849 -0.45872463
vn 0.84170510 0.53178871 0.09345205
vn -0.46467763 0.73548295 0.49309181
vn -0.84170510 -0.53178871 0.09345205
vn 0.00000000 0.00000000 -1.00000000
vn 0.00000000 0.00000000 -1.00000000
vn 0.98601510 0.12697955 -0.10793712
vn -0.12737480 0.98908421 0.07408159
vn -0.98104113 -0.12633901 0.14695834
vn 0.12737480 -0.98908421 0.07408159
vn 0.00000000 0.00000000 -1.00000000
vn 0.00000000 0.00000000 -1.00000000
vn -0.66699610 -0.40003761 -0.62855876
vn 0.51147240 -0.85279507 0.10552988
vn 0.64850313 0.38894626 0.65434280
vn -0.51147240 0.85279507 0.10552988
vn 0.00000000 0.00000000 -1.00000000
vn 0.00000000 0.00000000 -1.00000000
vn -0.21566405 -0.86200970 -0.45872463
vn 0.96585432 -0.24164468 0.09345205
vn 0.21114941 0.84396469 0.49309181
vn -0.96585432 0.24164468 0.09345205
vn 0.00000000 0.00000000 -1.00000000
vn 0.00000000 0.00000000 -1.00000000
vn 0.43306482 -0.72206348 -0.53951755
vn 0.85456390 0.51253328 0.08384611
vn -0.42412152 0.70715201 0.56573578
vn -0.85456390 -0.51253328 0.08384611
vn 0.00000000 0.00000000 -1.00000000
vn 0.00000000 0.00000000 -1.00000000
vn 0.83782758 -0.20961399 -0.50409019
vn 0.24135157 0.96468278 0.10552988
vn -0.81678436 0.20434923 0.53954120
vn -0.24135157 -0.96468278 0.10552988
vn 0.00000000 0.00000000 -1.00000000
vn 0.00000000 0.00000000 -1.00000000
vn 0.69767434 0.41843719 -0.58151598
vn -0.51209355 0.85383073 0.09345205
vn -0.68101892 -0.40844794 0.60776929
vn 0.51209355 -0.85383073 0.09345205
vn 0.00000000 0.00000000 -1.00000000
vn 0.00000000 0.00000000 -1.00000000
vn 0.22026350 0.88039370 -0.41998920
vn -0.96668369 0.24185217 0.08384611
vn -0.21637880 -0.86486656 0.45297467
vn 0.96668369 -0.24185217 0.08384611
vn 0.00000000 0.00000000 -1.00000000
vn 0.00000000 0.00000000 -1.00000000
vn -0.40003761 0.66699610 -0.62855876
vn -0.85279507 -0.51147240 0.10552988
vn 0.38894626 -0.64850313 0.65434280
vn 0.85279507 0.51147240 0.10552988
vn 0.00000000 0.00000000 -1.00000000
vn 0.00000000 0.00000000 -1.00000000
vn -0.86200970 0.21566405 -0.45872463
vn -0.24164468 -0.96585432 0.09345205
vn 0.84396469 -0.21114941 0.49309181
vn 0.24164468 0.96585432 0.09345205
vn 0.00000000 0.00000000 -1.00000000
vn 0.00000000 0.00000000 -1.00000000
vn -0.62554706 -0.77268393 -0.10793712
vn 0.77508903 -0.62749416 0.07408159
vn 0.62239147 0.76878612 0.14695834
vn -0.77508903 0.62749416 0.07408159
vn 0.00000000 0.00000000 -1.00000000
vn 0.00000000 0.00000000 -1.00000000
vn 0.62490554 -0.46304098 -0.62855876
vn 0.59202604 0.79897973 0.10552988
vn -0.60757956 0.45020282 0.65434280
vn -0.59202604 -0.79897973 0.10552988
vn 0.00000000 0.00000000 -1.00000000
vn 0.00000000 0.00000000 -1.00000000
vn 0.87890425 0.13076328 -0.45872463
vn -0.14651607 0.98478412 0.09345205
vn -0.86050557 -0.12802592 0.49309181
vn 0.14651607 -0.98478412 0.09345205
vn 0.00000000 0.00000000 -1.00000000
vn 0.00000000 0.00000000 -1.00000000
vn 0.50126977 0.67649792 -0.53951755
vn -0.80063694 0.59325400 0.08384611
vn -0.49091795 -0.66252743 0.56573578
vn 0.80063694 -0.59325400 0.08384611
vn 0.00000000 0.00000000 -1.00000000
vn 0.00000000 0.00000000 -1.00000000
vn -0.12709495 0.85424818 -0.50409019
vn -0.98358962 -0.14633835 0.10552988
vn 0.12390278 -0.83279253 0.53954120
vn 0.98358962 0.14633835 0.10552988
vn 0.00000000 0.00000000 -1.00000000
vn 0.00000000 0.00000000 -1.00000000
vn -0.65364784 0.48433838 -0.58151598
vn -0.59274502 -0.79995003 0.09345205
vn 0.63804346 -0.47277588 0.60776929
vn 0.59274502 0.79995003 0.09345205
vn 0.00000000 0.00000000 -1.00000000
vn 0.00000000 0.00000000 -1.00000000
vn -0.89764855 -0.13355205 -0.41998920
vn 0.14664188 -0.98562974 0.08384611
vn 0.88181709 0.13119665 0.45297467
vn -0.14664188 0.98562974 0.08384611
vn 0.00000000 0.00000000 -1.00000000
vn 0.00000000 0.00000000 -1.00000000
vn -0.46304098 -0.62490554 -0.62855876
vn 0.79897973 -0.59202604 0.10552988
vn 0.45020282 0.60757956 0.65434280
vn -0.79897973 0.59202604 0.10552988
vn 0.00000000 0.00000000 -1.00000000
vn 0.00000000 0.00000000 -1.00000000
vn 0.13076328 -0.87890425 -0.45872463
vn 0.98478412 0.14651607 0.09345205
vn -0.12802592 0.86050557 0.49309181
vn -0.98478412 -0.14651607 0.09345205
vn 0.00000000 0.00000000 -1.00000000
vn 0.00000000 0.00000000 -1.00000000
vn 0.95329640 -0.28209140 -0.10793712
vn 0.28296944 0.95626367 0.07408159
vn -0.94848749 0.28066837 0.14695834
vn -0.28296944 -0.95626367 0.07408159
vn 0.00000000 0.00000000 -1.00000000
vn 0.00000000 0.00000000 -1.00000000
vn 0.73775358 -0.24623879 -0.62855876
vn 0.31483126 0.94326281 0.10552988
vn -0.71729880 0.23941163 0.65434280
vn -0.31483126 -0.94326281 0.10552988
vn 0.00000000 0.00000000 -1.00000000
vn 0.00000000 0.00000000 -1.00000000
vn 0.79492425 0.39707323 -0.45872463
vn -0.44490786 0.89068721 0.09345205
vn -0.77828357 -0.38876104 0.49309181
vn 0.44490786 -0.89068721 0.09345205
vn 0.00000000 0.00000000 -1.00000000
vn 0.00000000 0.00000000 -1.00000000
vn 0.26656833 0.79866272 -0.53951755
vn -0.94521929 0.31548427 0.08384611
vn -0.26106337 -0.78216938 0.56573578
vn 0.94521929 -0.31548427 0.08384611
vn 0.00000000 0.00000000 -1.00000000
vn 0.00000000 0.00000000 -1.00000000
vn -0.38593406 0.77262409 -0.50409019
vn -0.88960685 -0.44436821 0.10552988
vn 0.37624078 -0.75321854 0.53954120
vn 0.88960685 0.44436821 0.10552988
vn 0.00000000 0.00000000 -1.00000000
vn 0.00000000 0.00000000 -1.00000000
vn -0.77168628 0.25756445 -0.58151598
vn -0.31521360 -0.94440833 0.09345205
vn 0.75326400 -0.25141567 0.60776929
vn 0.31521360 0.94440833 0.09345205
vn 0.00000000 0.00000000 -1.00000000
vn 0.00000000 0.00000000 -1.00000000
vn -0.81187752 -0.40554157 -0.41998920
vn 0.44528990 -0.89145204 0.08384611
vn 0.79755877 0.39838920 0.45297467
vn -0.44528990 0.89145204 0.08384611
vn 0.00000000 0.00000000 -1.00000000
vn 0.00000000 0.00000000 -1.00000000
vn -0.24623879 -0.73775358 -0.62855876
vn 0.94326281 -0.31483126 0.10552988
vn 0.23941163 0.71729880 0.65434280
vn -0.94326281 0.31483126 0.10552988
vn 0.00000000 0.00000000 -1.00000000
vn 0.00000000 0.00000000 -1.00000000
vn 0.39707323 -0.79492425 -0.45872463
vn 0.89068721 0.44490786 0.09345205
vn -0.38876104 0.77828357 0.49309181
vn -0.89068721 -0.44490786 0.09345205
vn 0.00000000 0.00000000 -1.00000000
vn 0.00000000 0.00000000 -1.00000000
vn 0.99377198 0.02769165 -0.10793712
vn -0.02777785 0.99686524 0.07408159
vn -0.98875889 -0.02755197 0.14695834
vn 0.02777785 -0.99686524 0.07408159
vn 0.00000000 0.00000000 -1.00000000
vn 0.00000000 0.00000000 -1.00000000
vn -0.54251293 0.55730925 -0.62855876
vn -0.71255376 -0.69363577 0.10552988
vn 0.52747135 -0.54185743 0.65434280
vn 0.71255376 0.69363577 0.10552988
vn 0.00000000 0.00000000 -1.00000000
vn 0.00000000 0.00000000 -1.00000000
vn -0.88849808 0.01195329 -0.45872463
vn -0.01339328 -0.99553369 0.09345205
vn 0.86989856 -0.01170307 0.49309181
vn 0.01339328 0.99553369 0.09345205
vn 0.00000000 0.00000000 -1.00000000
vn 0.00000000 0.00000000 -1.00000000
vn -0.60332086 -0.58730295 -0.53951755
vn 0.69507449 -0.71403171 0.08384611
vn 0.59086156 0.57517445 0.56573578
vn -0.69507449 0.71403171 0.08384611
vn 0.00000000 0.00000000 -1.00000000
vn 0.00000000 0.00000000 -1.00000000
vn -0.01161797 -0.86357287 -0.50409019
vn 0.99432615 -0.01337704 0.10552988
vn 0.01132616 0.84188302 0.53954120
vn -0.99432615 0.01337704 0.10552988
vn 0.00000000 0.00000000 -1.00000000
vn 0.00000000 0.00000000 -1.00000000
vn 0.56746562 -0.58294248 -0.58151598
vn 0.71341911 0.69447814 0.09345205
vn -0.55391864 0.56902603 0.60776929
vn -0.71341911 -0.69447814 0.09345205
vn 0.00000000 0.00000000 -1.00000000
vn 0.00000000 0.00000000 -1.00000000
vn 0.90744698 -0.01220822 -0.41998920
vn 0.01340478 0.99638855 0.08384611
vn -0.89144272 0.01199291 0.45297467
vn -0.01340478 -0.99638855 0.08384611
vn 0.00000000 0.00000000 -1.00000000
vn 0.00000000 0.00000000 -1.00000000
vn 0.55730925 0.54251293 -0.62855876
vn -0.69363577 0.71255376 0.10552988
vn -0.54185743 -0.52747135 0.65434280
vn 0.69363577 -0.71255376 0.10552988
vn 0.00000000 0.00000000 -1.00000000
vn 0.00000000 0.00000000 -1.00000000
vn 0.01195329 0.88849808 -0.45872463
vn -0.99553369 0.01339328 0.09345205
vn -0.01170307 -0.86989856 0.49309181
vn 0.99553369 -0.01339328 0.09345205
vn 0.00000000 0.00000000 -1.00000000
vn 0.00000000 0.00000000 -1.00000000
vn -0.89568282 0.43139525 -0.10793712
vn -0.43273802 -0.89847077 0.07408159
vn 0.89116454 -0.42921906 0.14695834
vn 0.43273802 0.89847077 0.07408159
vn 0.00000000 0.00000000 -1.00000000
vn 0.00000000 0.00000000 -1.00000000
vn 0.18908071 -0.75442851 -0.62855876
vn 0.96458271 0.24175118 0.10552988
vn -0.18383830 0.73351140 0.65434280
vn -0.96458271 -0.24175118 0.10552988
vn 0.00000000 0.00000000 -1.00000000
vn 0.00000000 0.00000000 -1.00000000
vn 0.76221969 -0.45671968 -0.45872463
vn 0.51173980 0.85404279 0.09345205
vn -0.74626364 0.44715886 0.49309181
vn -0.51173980 -0.85404279 0.09345205
vn 0.00000000 0.00000000 -1.00000000
vn 0.00000000 0.00000000 -1.00000000
vn 0.81671433 0.20469126 -0.53951755
vn -0.24225261 0.96658342 0.08384611
vn -0.79984821 -0.20046415 0.56573578
vn 0.24225261 -0.96658342 0.08384611
vn 0.00000000 0.00000000 -1.00000000
vn 0.00000000 0.00000000 -1.00000000
vn 0.44390723 0.74083699 -0.50409019
vn -0.85300688 0.51111908 0.10552988
vn -0.43275787 -0.72222982 0.53954120
vn 0.85300688 -0.51111908 0.10552988
vn 0.00000000 0.00000000 -1.00000000
vn 0.00000000 0.00000000 -1.00000000
vn -0.19777741 0.78912817 -0.58151598
vn -0.96575413 -0.24204477 0.09345205
vn 0.19305591 -0.77028949 0.60776929
vn 0.96575413 0.24204477 0.09345205
vn 0.00000000 0.00000000 -1.00000000
vn 0.00000000 0.00000000 -1.00000000
vn -0.77847547 0.46646009 -0.41998920
vn -0.51217922 -0.85477615 0.08384611
vn 0.76474582 -0.45823333 0.45297467
vn 0.51217922 0.85477615 0.08384611
vn 0.00000000 0.00000000 -1.00000000
vn 0.00000000 0.00000000 -1.00000000
vn -0.75442851 -0.18908071 -0.62855876
vn 0.24175118 -0.96458271 0.10552988
vn 0.73351140 0.18383830 0.65434280
vn -0.24175118 0.96458271 0.10552988
vn 0.00000000 0.00000000 -1.00000000
vn 0.00000000 0.00000000 -1.00000000
vn -0.45671968 -0.76221969 -0.45872463
vn 0.85404279 -0.51173980 0.09345205
vn 0.44715886 0.74626364 0.49309181
vn -0.85404279 0.51173980 0.09345205
vn 0.00000000 0.00000000 -1.00000000
vn 0.00000000 0.00000000 -1.00000000
vn 0.55770279 -0.82299281 -0.10793712
vn 0.82555449 0.55943873 0.07408159
vn -0.55488946 0.81884121 0.14695834
vn -0.82555449 -0.55943873 0.07408159
vn 0.00000000 0.00000000 -1.00000000
vn 0.00000000 0.00000000 -1.00000000
vn 0.62471616 0.46329645 -0.62855876
vn -0.59235269 0.79873759 0.10552988
vn -0.60739543 -0.45045121 0.65434280
vn 0.59235269 -0.79873759 0.10552988
vn 0.00000000 0.00000000 -1.00000000
vn 0.00000000 0.00000000 -1.00000000
vn 0.13040390 0.87895764 -0.45872463
vn -0.98484394 0.14611340 0.09345205
vn -0.12767406 -0.86055784 0.49309181
vn 0.98484394 -0.14611340 0.09345205
vn 0.00000000 0.00000000 -1.00000000
vn 0.00000000 0.00000000 -1.00000000
vn -0.50154634 0.67629290 -0.53951755
vn -0.80039430 -0.59358132 0.08384611
vn 0.49118881 -0.66232664 0.56573578
vn 0.80039430 0.59358132 0.08384611
vn 0.00000000 0.00000000 -1.00000000
vn 0.00000000 0.00000000 -1.00000000
vn -0.85430008 0.12674565 -0.50409019
vn -0.14593617 -0.98364937 0.10552988
vn 0.83284312 -0.12356225 0.53954120
vn 0.14593617 0.98364937 0.10552988
vn 0.00000000 0.00000000 -1.00000000
vn 0.00000000 0.00000000 -1.00000000
vn -0.65344975 -0.48460560 -0.58151598
vn 0.59307206 -0.79970760 0.09345205
vn 0.63785010 0.47303673 0.60776929
vn -0.59307206 0.79970760 0.09345205
vn 0.00000000 0.00000000 -1.00000000
vn 0.00000000 0.00000000 -1.00000000
vn -0.13318501 -0.89770308 -0.41998920
vn 0.98568962 -0.14623886 0.08384611
vn 0.13083608 0.88187066 0.45297467
vn -0.98568962 0.14623886 0.08384611
vn 0.00000000 0.00000000 -1.00000000
vn 0.00000000 0.00000000 -1.00000000
vn 0.46329645 -0.62471616 -0.62855876
vn 0.79873759 0.59235269 0.10552988
vn -0.45045121 0.60739543 0.65434280
vn -0.79873759 -0.59235269 0.10552988
vn 0.00000000 0.00000000 -1.00000000
vn 0.00000000 0.00000000 -1.00000000
vn 0.87895764 -0.13040390 -0.45872463
vn 0.14611340 0.98484394 0.09345205
vn -0.86055784 0.12767406 0.49309181
vn -0.14611340 -0.98484394 0.09345205
vn 0.00000000 0.00000000 -1.00000000
vn 0.00000000 0.00000000 -1.00000000
vn 0.54705367 0.83010955 -0.10793712
vn -0.83269339 0.54875645 0.07408159
vn -0.54429404 -0.82592205 0.14695834
vn 0.83269339 -0.54875645 0.07408159
vn 0.00000000 0.00000000 -1.00000000
vn 0.00000000 0.00000000 -1.00000000
vn 0.10085660 -0.77119507 -0.62855876
vn 0.98601978 0.12895129 0.10552988
vn -0.09806027 0.74981310 0.65434280
vn -0.98601978 -0.12895129 0.10552988
vn 0.00000000 0.00000000 -1.00000000
vn 0.00000000 0.00000000 -1.00000000
vn 0.70449227 -0.54153703 -0.45872463
vn 0.60677493 0.78936107 0.09345205
vn -0.68974467 0.53020068 0.49309181
vn -0.60677493 -0.78936107 0.09345205
vn 0.00000000 0.00000000 -1.00000000
vn 0.00000000 0.00000000 -1.00000000
vn 0.83486515 0.10918334 -0.53951755
vn -0.12921876 0.98806495 0.08384611
vn -0.81762418 -0.10692858 0.56573578
vn 0.12921876 -0.98806495 0.08384611
vn 0.00000000 0.00000000 -1.00000000
vn 0.00000000 0.00000000 -1.00000000
vn 0.52634519 0.68472901 -0.50409019
vn -0.78840360 0.60603894 0.10552988
vn -0.51312529 -0.66753107 0.53954120
vn 0.78840360 -0.60603894 0.10552988
vn 0.00000000 0.00000000 -1.00000000
vn 0.00000000 0.00000000 -1.00000000
vn -0.10549546 0.80666590 -0.58151598
vn -0.98721723 -0.12910789 0.09345205
vn 0.10297699 -0.78740855 0.60776929
vn 0.98721723 0.12910789 0.09345205
vn 0.00000000 0.00000000 -1.00000000
vn 0.00000000 0.00000000 -1.00000000
vn -0.71951690 0.55308634 -0.41998920
vn -0.60729597 -0.79003888 0.08384611
vn 0.70682708 -0.54333178 0.45297467
vn 0.60729597 0.79003888 0.08384611
vn 0.00000000 0.00000000 -1.00000000
vn 0.00000000 0.00000000 -1.00000000
vn -0.77119507 -0.10085660 -0.62855876
vn 0.12895129 -0.98601978 0.10552988
vn 0.74981310 0.09806027 0.65434280
vn -0.12895129 0.98601978 0.10552988
vn 0.00000000 0.00000000 -1.00000000
vn 0.00000000 0.00000000 -1.00000000
vn -0.54153703 -0.70449227 -0.45872463
vn 0.78936107 -0.60677493 0.09345205
vn 0.53020068 0.68974467 0.49309181
vn -0.78936107 0.60677493 0.09345205
vn 0.00000000 0.00000000 -1.00000000
vn 0.00000000 0.00000000 -1.00000000
vn 0.45911800 -0.88179376 -0.10793712
vn 0.88453847 0.46054708 0.07408159
vn -0.45680198 0.87734554 0.14695834
vn -0.88453847 -0.46054708 0.07408159
vn 0.00000000 0.00000000 -1.00000000
vn 0.00000000 0.00000000 -1.00000000
vn -0.77774461 -0.00521647 -0.62855876
vn 0.00666958 -0.99439377 0.10552988
vn 0.75618104 0.00507184 0.65434280
vn -0.00666958 0.99439377 0.10552988
vn 0.00000000 0.00000000 -1.00000000
vn 0.00000000 0.00000000 -1.00000000
vn -0.62409158 -0.63251990 -0.45872463
vn 0.70871832 -0.69927466 0.09345205
vn 0.61102705 0.61927894 0.49309181
vn -0.70871832 0.69927466 0.09345205
vn 0.00000000 0.00000000 -1.00000000
vn 0.00000000 0.00000000 -1.00000000
vn 0.00564715 -0.84195542 -0.53951755
vn 0.99645630 0.00668341 0.08384611
vn -0.00553053 0.82456803 0.56573578
vn -0.99645630 -0.00668341 0.08384611
vn 0.00000000 0.00000000 -1.00000000
vn 0.00000000 0.00000000 -1.00000000
vn 0.61477569 -0.60658382 -0.50409019
vn 0.69842647 0.70785868 0.10552988
vn -0.59933473 0.59134860 0.53954120
vn -0.69842647 -0.70785868 0.10552988
vn 0.00000000 0.00000000 -1.00000000
vn 0.00000000 0.00000000 -1.00000000
vn 0.81351668 0.00545640 -0.58151598
vn -0.00667768 0.99560139 0.09345205
vn -0.79409579 -0.00532614 0.60776929
vn 0.00667768 -0.99560139 0.09345205
vn 0.00000000 0.00000000 -1.00000000
vn 0.00000000 0.00000000 -1.00000000
vn 0.63740151 0.64600958 -0.41998920
vn -0.70932689 0.69987512 0.08384611
vn -0.62615993 -0.63461618 0.45297467
vn 0.70932689 -0.69987512 0.08384611
vn 0.00000000 0.00000000 -1.00000000
vn 0.00000000 0.00000000 -1.00000000
vn -0.00521647 0.77774461 -0.62855876
vn -0.99439377 -0.00666958 0.10552988
vn 0.00507184 -0.75618104 0.65434280
vn 0.99439377 0.00666958 0.10552988
vn 0.00000000 0.00000000 -1.00000000
vn 0.00000000 0.00000000 -1.00000000
vn -0.63251990 0.62409158 -0.45872463
vn -0.69927466 -0.70871832 0.09345205
vn 0.61927894 -0.61102705 0.49309181
vn 0.69927466 0.70871832 0.09345205
vn 0.00000000 0.00000000 -1.00000000
vn 0.00000000 0.00000000 -1.00000000
vn -0.93157724 -0.34715042 -0.10793712
vn 0.34823099 -0.93447691 0.07408159
vn 0.92687789 0.34539923 0.14695834
vn -0.34823099 0.93447691 0.07408159
vn 0.00000000 0.00000000 -1.00000000
vn 0.00000000 0.00000000 -1.00000000
vn -0.36626661 -0.68612146 -0.62855876
vn 0.87724800 -0.46829413 0.10552988
vn 0.35611159 0.66709822 0.65434280
vn -0.87724800 0.46829413 0.10552988
vn 0.00000000 0.00000000 -1.00000000
vn 0.00000000 0.00000000 -1.00000000
vn 0.25839669 -0.85017814 -0.45872463
vn 0.95259743 0.28952523 0.09345205
vn -0.25298750 0.83238080 0.49309181
vn -0.95259743 -0.28952523 0.09345205
vn 0.00000000 0.00000000 -1.00000000
vn 0.00000000 0.00000000 -1.00000000
vn 0.74276783 -0.39650569 -0.53951755
vn 0.46926545 0.87906755 0.08384611
vn -0.72742879 0.38831737 0.56573578
vn -0.46926545 -0.87906755 0.08384611
vn 0.00000000 0.00000000 -1.00000000
vn 0.00000000 0.00000000 -1.00000000
vn 0.82632793 0.25114784 -0.50409019
vn -0.28917405 0.95144197 0.10552988
vn -0.80557353 -0.24483990 0.53954120
vn 0.28917405 -0.95144197 0.10552988
vn 0.00000000 0.00000000 -1.00000000
vn 0.00000000 0.00000000 -1.00000000
vn 0.38311291 0.71767936 -0.58151598
vn -0.87831335 0.46886285 0.09345205
vn -0.37396695 -0.70054637 0.60776929
vn 0.87831335 -0.46886285 0.09345205
vn 0.00000000 0.00000000 -1.00000000
vn 0.00000000 0.00000000 -1.00000000
vn -0.26390749 0.86830980 -0.41998920
vn -0.95341541 -0.28977384 0.08384611
vn 0.25925306 -0.85299578 0.45297467
vn 0.95341541 0.28977384 0.08384611
vn 0.00000000 0.00000000 -1.00000000
vn 0.00000000 0.00000000 -1.00000000
vn -0.68612146 0.36626661 -0.62855876
vn -0.46829413 -0.87724800 0.10552988
vn 0.66709822 -0.35611159 0.65434280
vn 0.46829413 0.87724800 0.10552988
vn 0.00000000 0.00000000 -1.00000000
vn 0.00000000 0.00000000 -1.00000000
vn -0.85017814 -0.25839669 -0.45872463
vn 0.28952523 -0.95259743 0.09345205
vn 0.83238080 0.25298750 0.49309181
vn -0.28952523 0.95259743 0.09345205
vn 0.00000000 0.00000000 -1.00000000
vn 0.00000000 0.00000000 -1.00000000
vn -0.13906018 -0.98438399 -0.10793712
vn 0.98744803 -0.13949301 0.07408159
vn 0.13835868 0.97941826 0.14695834
vn -0.98744803 0.13949301 0.07408159
vn 0.00000000 0.00000000 -1.00000000
vn 0.00000000 0.00000000 -1.00000000
vn -0.71484243 0.30645422 -0.62855876
vn -0.39182036 -0.91396950 0.10552988
vn 0.69502287 -0.29795755 0.65434280
vn 0.39182036 0.91396950 0.10552988
vn 0.00000000 0.00000000 -1.00000000
vn 0.00000000 0.00000000 -1.00000000
vn -0.82506074 -0.32991890 -0.45872463
vn 0.36966359 -0.92445419 0.09345205
vn 0.80778920 0.32301249 0.49309181
vn -0.36966359 0.92445419 0.09345205
vn 0.00000000 0.00000000 -1.00000000
vn 0.00000000 0.00000000 -1.00000000
vn -0.33175517 -0.77386001 -0.53951755
vn 0.91586523 -0.39263306 0.08384611
vn 0.32490403 0.75787888 0.56573578
vn -0.91586523 0.39263306 0.08384611
vn 0.00000000 0.00000000 -1.00000000
vn 0.00000000 0.00000000 -1.00000000
vn 0.32066363 -0.80191516 -0.50409019
vn 0.92333287 0.36921520 0.10552988
vn -0.31260971 0.78177392 0.53954120
vn -0.92333287 -0.36921520 0.10552988
vn 0.00000000 0.00000000 -1.00000000
vn 0.00000000 0.00000000 -1.00000000
vn 0.74772134 -0.32054947 -0.58151598
vn 0.39229620 0.91507945 0.09345205
vn -0.72987116 0.31289707 0.60776929
vn -0.39229620 -0.91507945 0.09345205
vn 0.00000000 0.00000000 -1.00000000
vn 0.00000000 0.00000000 -1.00000000
vn 0.84265673 0.33695505 -0.41998920
vn -0.36998101 0.92524801 0.08384611
vn -0.82779514 -0.33101231 0.45297467
vn 0.36998101 -0.92524801 0.08384611
vn 0.00000000 0.00000000 -1.00000000
vn 0.00000000 0.00000000 -1.00000000
vn 0.30645422 0.71484243 -0.62855876
vn -0.91396950 0.39182036 0.10552988
vn -0.29795755 -0.69502287 0.65434280
vn 0.91396950 -0.39182036 0.10552988
vn 0.00000000 0.00000000 -1.00000000
vn 0.00000000 0.00000000 -1.00000000
vn -0.32991890 0.82506074 -0.45872463
vn -0.92445419 -0.36966359 0.09345205
vn 0.32301249 -0.80778920 0.49309181
vn 0.92445419 0.36966359 0.09345205
vn 0.00000000 0.00000000 -1.00000000
vn 0.00000000 0.00000000 -1.00000000
vn -0.99265433 0.05465301 -0.10793712
vn -0.05482312 -0.99574412 0.07408159
vn 0.98764688 -0.05437731 0.14695834
vn 0.05482312 0.99574412 0.07408159
vn 0.00000000 0.00000000 -1.00000000
vn 0.00000000 0.00000000 -1.00000000
vn -0.26121936 -0.73258333 -0.62855876
vn 0.93665232 -0.33398483 0.10552988
vn 0.25397685 0.71227190 0.65434280
vn -0.93665232 0.33398483 0.10552988
vn 0.00000000 0.00000000 -1.00000000
vn 0.00000000 0.00000000 -1.00000000
vn 0.38079427 -0.80284958 -0.45872463
vn 0.89956729 0.42666780 0.09345205
vn -0.37282285 0.78604299 0.49309181
vn -0.89956729 -0.42666780 0.09345205
vn 0.00000000 0.00000000 -1.00000000
vn 0.00000000 0.00000000 -1.00000000
vn 0.79306561 -0.28278570 -0.53951755
vn 0.33467757 0.93859510 0.08384611
vn -0.77668786 0.27694584 0.56573578
vn -0.33467757 -0.93859510 0.08384611
vn 0.00000000 0.00000000 -1.00000000
vn 0.00000000 0.00000000 -1.00000000
vn 0.78032708 0.37011177 -0.50409019
vn -0.42615027 0.89847615 0.10552988
vn -0.76072806 -0.36081589 0.53954120
vn 0.42615027 -0.89847615 0.10552988
vn 0.00000000 0.00000000 -1.00000000
vn 0.00000000 0.00000000 -1.00000000
vn 0.27323405 0.76627823 -0.58151598
vn -0.93778982 0.33439043 0.09345205
vn -0.26671119 -0.74798505 0.60776929
vn 0.93778982 -0.33439043 0.09345205
vn 0.00000000 0.00000000 -1.00000000
vn 0.00000000 0.00000000 -1.00000000
vn -0.38891543 0.81997187 -0.41998920
vn -0.90033974 -0.42703418 0.08384611
vn 0.38205628 -0.80551036 0.45297467
vn 0.90033974 0.42703418 0.08384611
vn 0.00000000 0.00000000 -1.00000000
vn 0.00000000 0.00000000 -1.00000000
vn -0.73258333 0.26121936 -0.62855876
vn -0.33398483 -0.93665232 0.10552988
vn 0.71227190 -0.25397685 0.65434280
vn 0.33398483 0.93665232 0.10552988
vn 0.00000000 0.00000000 -1.00000000
vn 0.00000000 0.00000000 -1.00000000
vn -0.80284958 -0.38079427 -0.45872463
vn 0.42666780 -0.89956729 0.09345205
vn 0.78604299 0.37282285 0.49309181
vn -0.42666780 0.89956729 0.09345205
vn 0.00000000 0.00000000 -1.00000000
vn 0.00000000 0.00000000 -1.00000000
vn 0.00743785 -0.99412990 -0.10793712
vn 0.99722427 0.00746101 0.07408159
vn -0.00740034 0.98911500 0.14695834
vn -0.99722427 -0.00746101 0.07408159
vn 0.00000000 0.00000000 -1.00000000
vn 0.00000000 0.00000000 -1.00000000
vn -0.20765614 -0.74952839 -0.62855876
vn 0.95831762 -0.26550100 0.10552988
vn 0.20189872 0.72874715 0.65434280
vn -0.95831762 0.26550100 0.10552988
vn 0.00000000 0.00000000 -1.00000000
vn 0.00000000 0.00000000 -1.00000000
vn 0.43775481 -0.77326738 -0.45872463
vn 0.86642138 0.49049027 0.09345205
vn -0.42859100 0.75708006 0.49309181
vn -0.86642138 -0.49049027 0.09345205
vn 0.00000000 0.00000000 -1.00000000
vn 0.00000000 0.00000000 -1.00000000
vn 0.81140967 -0.22480029 -0.53951755
vn 0.26605170 0.96030533 0.08384611
vn -0.79465309 0.22015790 0.56573578
vn -0.26605170 -0.96030533 0.08384611
vn 0.00000000 0.00000000 -1.00000000
vn 0.00000000 0.00000000 -1.00000000
vn 0.75157476 0.42547439 -0.50409019
vn -0.48989533 0.86537045 0.10552988
vn -0.73269790 -0.41478800 0.53954120
vn 0.48989533 -0.86537045 0.10552988
vn 0.00000000 0.00000000 -1.00000000
vn 0.00000000 0.00000000 -1.00000000
vn 0.21720721 0.78400267 -0.58151598
vn -0.95948143 0.26582344 0.09345205
vn -0.21202187 -0.76528636 0.60776929
vn 0.95948143 -0.26582344 0.09345205
vn 0.00000000 0.00000000 -1.00000000
vn 0.00000000 0.00000000 -1.00000000
vn -0.44709076 0.78975877 -0.41998920
vn -0.86716537 -0.49091145 0.08384611
vn 0.43920561 -0.77583012 0.45297467
vn 0.86716537 0.49091145 0.08384611
vn 0.00000000 0.00000000 -1.00000000
vn 0.00000000 0.00000000 -1.00000000
vn -0.74952839 0.20765614 -0.62855876
vn -0.26550100 -0.95831762 0.10552988
vn 0.72874715 -0.20189872 0.65434280
vn 0.26550100 0.95831762 0.10552988
vn 0.00000000 0.00000000 -1.00000000
vn 0.00000000 0.00000000 -1.00000000
vn -0.77326738 -0.43775481 -0.45872463
vn 0.49049027 -0.86642138 0.09345205
vn 0.75708006 0.42859100 0.49309181
vn -0.49049027 0.86642138 0.09345205
vn 0.00000000 0.00000000 -1.00000000
vn 0.00000000 0.00000000 -1.00000000
vn 0.07918003 -0.99099955 -0.10793712
vn 0.99408418 0.07942649 0.07408159
vn -0.07878061 0.98600044 0.14695834
vn -0.99408418 -0.07942649 0.07408159
vn 0.00000000 0.00000000 -1.00000000
vn 0.00000000 0.00000000 -1.00000000
vn -0.49682485 0.59839699 -0.62855876
vn -0.76508693 -0.63522077 0.10552988
vn 0.48305000 -0.58180598 0.65434280
vn 0.76508693 0.63522077 0.10552988
vn 0.00000000 0.00000000 -1.00000000
vn 0.00000000 0.00000000 -1.00000000
vn -0.88478166 0.08205568 -0.45872463
vn -0.09194076 -0.99136956 0.09345205
vn 0.86625994 -0.08033795 0.49309181
vn 0.09194076 0.99136956 0.09345205
vn 0.00000000 0.00000000 -1.00000000
vn 0.00000000 0.00000000 -1.00000000
vn -0.64780081 -0.53784284 -0.53951755
vn 0.63653833 -0.76667385 0.08384611
vn 0.63442295 0.52673575 0.56573578
vn -0.63653833 0.76667385 0.08384611
vn 0.00000000 0.00000000 -1.00000000
vn 0.00000000 0.00000000 -1.00000000
vn -0.07975375 -0.85996071 -0.50409019
vn 0.99016707 -0.09182924 0.10552988
vn 0.07775062 0.83836158 0.53954120
vn -0.99016707 0.09182924 0.10552988
vn 0.00000000 0.00000000 -1.00000000
vn 0.00000000 0.00000000 -1.00000000
vn 0.51967612 -0.62592004 -0.58151598
vn 0.76601608 0.63599220 0.09345205
vn -0.50727002 0.61097759 0.60776929
vn -0.76601608 -0.63599220 0.09345205
vn 0.00000000 0.00000000 -1.00000000
vn 0.00000000 0.00000000 -1.00000000
vn 0.90365130 -0.08380567 -0.41998920
vn 0.09201971 0.99222084 0.08384611
vn -0.88771398 0.08232762 0.45297467
vn -0.09201971 -0.99222084 0.08384611
vn 0.00000000 0.00000000 -1.00000000
vn 0.00000000 0.00000000 -1.00000000
vn 0.59839699 0.49682485 -0.62855876
vn -0.63522077 0.76508693 0.10552988
vn -0.58180598 -0.48305000 0.65434280
vn 0.63522077 -0.76508693 0.10552988
vn 0.00000000 0.00000000 -1.00000000
vn 0.00000000 0.00000000 -1.00000000
vn 0.08205568 0.88478166 -0.45872463
vn -0.99136956 0.09194076 0.09345205
vn -0.08033795 -0.86625994 0.49309181
vn 0.99136956 -0.09194076 0.09345205
vn 0.00000000 0.00000000 -1.00000000
vn 0.00000000 0.00000000 -1.00000000
vn -0.85883246 0.50075582 -0.10793712
vn -0.50231449 -0.86150570 0.07408159
vn 0.85450007 -0.49822974 0.14695834
vn 0.50231449 0.86150570 0.07408159
vn 0.00000000 0.00000000 -1.00000000
vn 0.00000000 0.00000000 -1.00000000
vn 0.48579265 -0.60738735 -0.62855876
vn 0.77658165 0.62111543 0.10552988
vn -0.47232367 0.59054707 0.65434280
vn -0.77658165 -0.62111543 0.10552988
vn 0.00000000 0.00000000 -1.00000000
vn 0.00000000 0.00000000 -1.00000000
vn 0.88313214 -0.09823102 -0.45872463
vn 0.11006472 0.98952133 0.09345205
vn -0.86464495 0.09617469 0.49309181
vn -0.11006472 -0.98952133 0.09345205
vn 0.00000000 0.00000000 -1.00000000
vn 0.00000000 0.00000000 -1.00000000
vn 0.65753342 0.52589982 -0.53951755
vn -0.62240373 0.77819241 0.08384611
vn -0.64395457 -0.51503936 0.56573578
vn 0.62240373 -0.77819241 0.08384611
vn 0.00000000 0.00000000 -1.00000000
vn 0.00000000 0.00000000 -1.00000000
vn 0.09547533 0.85835747 -0.50409019
vn -0.98832109 0.10993122 0.10552988
vn -0.09307733 -0.83679860 0.53954120
vn 0.98832109 -0.10993122 0.10552988
vn 0.00000000 0.00000000 -1.00000000
vn 0.00000000 0.00000000 -1.00000000
vn -0.50813650 0.63532390 -0.58151598
vn -0.77752476 -0.62186973 0.09345205
vn 0.49600587 -0.62015697 0.60776929
vn 0.77752476 0.62186973 0.09345205
vn 0.00000000 0.00000000 -1.00000000
vn 0.00000000 0.00000000 -1.00000000
vn -0.90196661 0.10032599 -0.41998920
vn -0.11015923 -0.99037103 0.08384611
vn 0.88605900 -0.09855658 0.45297467
vn 0.11015923 0.99037103 0.08384611
vn 0.00000000 0.00000000 -1.00000000
vn 0.00000000 0.00000000 -1.00000000
vn -0.60738735 -0.48579265 -0.62855876
vn 0.62111543 -0.77658165 0.10552988
vn 0.59054707 0.47232367 0.65434280
vn -0.62111543 0.77658165 0.10552988
vn 0.00000000 0.00000000 -1.00000000
vn 0.00000000 0.00000000 -1.00000000
vn -0.09823102 -0.88313214 -0.45872463
vn 0.98952133 -0.11006472 0.09345205
vn 0.09617469 0.86464495 0.49309181
vn -0.98952133 0.11006472 0.09345205
vn 0.00000000 0.00000000 -1.00000000
vn 0.00000000 0.00000000 -1.00000000
vn 0.84952622 -0.51638627 -0.10793712
vn 0.51799360 0.85217049 0.07408159
vn -0.84524078 0.51378135 0.14695834
vn -0.51799360 -0.85217049 0.07408159
vn 0.00000000 0.00000000 -1.00000000
vn 0.00000000 0.00000000 -1.00000000
vn -0.62970767 -0.45648892 -0.62855876
vn 0.58364883 -0.80511955 0.10552988
vn 0.61224855 0.44383241 0.65434280
vn -0.58364883 0.80511955 0.10552988
vn 0.00000000 0.00000000 -1.00000000
vn 0.00000000 0.00000000 -1.00000000
vn -0.13993583 -0.87749056 -0.45872463
vn 0.98320012 -0.15679363 0.09345205
vn 0.13700646 0.85912147 0.49309181
vn -0.98320012 0.15679363 0.09345205
vn 0.00000000 0.00000000 -1.00000000
vn 0.00000000 0.00000000 -1.00000000
vn 0.49417677 -0.68169651 -0.53951755
vn 0.80678950 0.58485942 0.08384611
vn -0.48397143 0.66761867 0.56573578
vn -0.80678950 -0.58485942 0.08384611
vn 0.00000000 0.00000000 -1.00000000
vn 0.00000000 0.00000000 -1.00000000
vn 0.85287415 -0.13601019 -0.50409019
vn 0.15660344 0.98200754 0.10552988
vn -0.83145300 0.13259410 0.53954120
vn -0.15660344 -0.98200754 0.10552988
vn 0.00000000 0.00000000 -1.00000000
vn 0.00000000 0.00000000 -1.00000000
vn 0.65867085 0.47748495 -0.58151598
vn -0.58435763 0.80609731 0.09345205
vn -0.64294655 -0.46608607 0.60776929
vn 0.58435763 -0.80609731 0.09345205
vn 0.00000000 0.00000000 -1.00000000
vn 0.00000000 0.00000000 -1.00000000
vn 0.14292023 0.89620471 -0.41998920
vn -0.98404438 0.15692827 0.08384611
vn -0.14039961 -0.88039872 0.45297467
vn 0.98404438 -0.15692827 0.08384611
vn 0.00000000 0.00000000 -1.00000000
vn 0.00000000 0.00000000 -1.00000000
vn -0.45648892 0.62970767 -0.62855876
vn -0.80511955 -0.58364883 0.10552988
vn 0.44383241 -0.61224855 0.65434280
vn 0.80511955 0.58364883 0.10552988
vn 0.00000000 0.00000000 -1.00000000
vn 0.00000000 0.00000000 -1.00000000
vn -0.87749056 0.13993583 -0.45872463
vn -0.15679363 -0.98320012 0.09345205
vn 0.85912147 -0.13700646 0.49309181
vn 0.15679363 0.98320012 0.09345205
vn 0.00000000 0.00000000 -1.00000000
vn 0.00000000 0.00000000 -1.00000000
vn -0.55603090 -0.82412330 -0.10793712
vn 0.82668851 -0.55776163 0.07408159
vn 0.55322599 0.81996600 0.14695834
vn -0.82668851 0.55776163 0.07408159
vn 0.00000000 0.00000000 -1.00000000
vn 0.00000000 0.00000000 -1.00000000
vn -0.56033425 -0.53938800 -0.62855876
vn 0.68964035 -0.71642141 0.10552988
vn 0.54479856 0.52443305 0.65434280
vn -0.68964035 0.71642141 0.10552988
vn 0.00000000 0.00000000 -1.00000000
vn 0.00000000 0.00000000 -1.00000000
vn -0.01692156 -0.88841734 -0.45872463
vn 0.99544323 -0.01896007 0.09345205
vn 0.01656733 0.86981951 0.49309181
vn -0.99544323 0.01896007 0.09345205
vn 0.00000000 0.00000000 -1.00000000
vn 0.00000000 0.00000000 -1.00000000
vn 0.58392002 -0.60659561 -0.53951755
vn 0.71790739 0.69107077 0.08384611
vn -0.57186137 0.59406868 0.56573578
vn -0.71790739 -0.69107077 0.08384611
vn 0.00000000 0.00000000 -1.00000000
vn 0.00000000 0.00000000 -1.00000000
vn 0.86349440 -0.01644686 -0.50409019
vn 0.01893707 0.99423580 0.10552988
vn -0.84180652 0.01603377 0.53954120
vn -0.01893707 -0.99423580 0.10552988
vn 0.00000000 0.00000000 -1.00000000
vn 0.00000000 0.00000000 -1.00000000
vn 0.58610662 0.56419695 -0.58151598
vn -0.69047787 0.71729145 0.09345205
vn -0.57211463 -0.55072800 0.60776929
vn 0.69047787 -0.71729145 0.09345205
vn 0.00000000 0.00000000 -1.00000000
vn 0.00000000 0.00000000 -1.00000000
vn 0.01728245 0.90736453 -0.41998920
vn -0.99629801 0.01897635 0.08384611
vn -0.01697764 -0.89136171 0.45297467
vn 0.99629801 -0.01897635 0.08384611
vn 0.00000000 0.00000000 -1.00000000
vn 0.00000000 0.00000000 -1.00000000
vn -0.53938800 0.56033425 -0.62855876
vn -0.71642141 -0.68964035 0.10552988
vn 0.52443305 -0.54479856 0.65434280
vn 0.71642141 0.68964035 0.10552988
vn 0.00000000 0.00000000 -1.00000000
vn 0.00000000 0.00000000 -1.00000000
vn -0.88841734 0.01692156 -0.45872463
vn -0.01896007 -0.99544323 0.09345205
vn 0.86981951 -0.01656733 0.49309181
vn 0.01896007 0.99544323 0.09345205
vn 0.00000000 0.00000000 -1.00000000
vn 0.00000000 0.00000000 -1.00000000
vn -0.43639713 -0.89325647 -0.10793712
vn 0.89603686 -0.43775548 0.07408159
vn 0.43419572 0.88875043 0.14695834
vn -0.89603686 0.43775548 0.07408159
vn 0.00000000 0.00000000 -1.00000000
vn 0.00000000 0.00000000 -1.00000000
vn -0.74799465 -0.21311475 -0.62855876
vn 0.27248016 -0.95635663 0.10552988
vn 0.72725592 0.20720598 0.65434280
vn -0.27248016 0.95635663 0.10552988
vn 0.00000000 0.00000000 -1.00000000
vn 0.00000000 0.00000000 -1.00000000
vn -0.43210600 -0.77643810 -0.45872463
vn 0.86997407 -0.48416096 0.09345205
vn 0.42306044 0.76018441 0.49309181
vn -0.86997407 0.48416096 0.09345205
vn 0.00000000 0.00000000 -1.00000000
vn 0.00000000 0.00000000 -1.00000000
vn 0.23070956 -0.80974929 -0.53951755
vn 0.95834027 0.27304533 0.08384611
vn -0.22594513 0.79302700 0.56573578
vn -0.95834027 -0.27304533 0.08384611
vn 0.00000000 0.00000000 -1.00000000
vn 0.00000000 0.00000000 -1.00000000
vn 0.75465653 -0.41998404 -0.50409019
vn 0.48357369 0.86891883 0.10552988
vn -0.73570227 0.40943555 0.53954120
vn -0.48357369 -0.86891883 0.10552988
vn 0.00000000 0.00000000 -1.00000000
vn 0.00000000 0.00000000 -1.00000000
vn 0.78239838 0.22291688 -0.58151598
vn -0.27281107 0.95751806 0.09345205
vn -0.76372037 -0.21759524 0.60776929
vn 0.27281107 -0.95751806 0.09345205
vn 0.00000000 0.00000000 -1.00000000
vn 0.00000000 0.00000000 -1.00000000
vn 0.44132148 0.79299711 -0.41998920
vn -0.87072111 0.48457670 0.08384611
vn -0.43353807 -0.77901135 0.45297467
vn 0.87072111 -0.48457670 0.08384611
vn 0.00000000 0.00000000 -1.00000000
vn 0.00000000 0.00000000 -1.00000000
vn -0.21311475 0.74799465 -0.62855876
vn -0.95635663 -0.27248016 0.10552988
vn 0.20720598 -0.72725592 0.65434280
vn 0.95635663 0.27248016 0.10552988
vn 0.00000000 0.00000000 -1.00000000
vn 0.00000000 0.00000000 -1.00000000
vn -0.77643810 0.43210600 -0.45872463
vn -0.48416096 -0.86997407 0.09345205
vn 0.76018441 -0.42306044 0.49309181
vn 0.48416096 0.86997407 0.09345205
vn 0.00000000 0.00000000 -1.00000000
vn 0.00000000 0.00000000 -1.00000000
vn -0.80473330 -0.58374129 -0.10793712
vn 0.58555827 -0.80723815 0.07408159
vn 0.80067381 0.58079660 0.14695834
vn -0.58555827 0.80723815 0.07408159
vn 0.00000000 0.00000000 -1.00000000
vn 0.00000000 0.00000000 -1.00000000
vn 0.68881516 0.36117525 -0.62855876
vn -0.46178452 0.88069206 0.10552988
vn -0.66971723 -0.35116139 0.65434280
vn 0.46178452 -0.88069206 0.10552988
vn 0.00000000 0.00000000 -1.00000000
vn 0.00000000 0.00000000 -1.00000000
vn 0.26468590 0.84824117 -0.45872463
vn -0.95042712 0.29657209 0.09345205
vn -0.25914506 -0.83048438 0.49309181
vn 0.95042712 -0.29657209 0.09345205
vn 0.00000000 0.00000000 -1.00000000
vn 0.00000000 0.00000000 -1.00000000
vn -0.39099398 0.74568393 -0.53951755
vn -0.88251876 -0.46274234 0.08384611
vn 0.38291949 -0.73028467 0.56573578
vn 0.88251876 0.46274234 0.08384611
vn 0.00000000 0.00000000 -1.00000000
vn 0.00000000 0.00000000 -1.00000000
vn -0.82444530 0.25726062 -0.50409019
vn -0.29621236 -0.94927429 0.10552988
vn 0.80373819 -0.25079915 0.53954120
vn 0.29621236 0.94927429 0.10552988
vn 0.00000000 0.00000000 -1.00000000
vn 0.00000000 0.00000000 -1.00000000
vn -0.72049696 -0.37778737 -0.58151598
vn 0.46234532 -0.88176160 0.09345205
vn 0.70329670 0.36876854 0.60776929
vn -0.46234532 0.88176160 0.09345205
vn 0.00000000 0.00000000 -1.00000000
vn 0.00000000 0.00000000 -1.00000000
vn -0.27033083 -0.86633153 -0.41998920
vn 0.95124324 -0.29682676 0.08384611
vn 0.26556312 0.85105239 0.45297467
vn -0.95124324 0.29682676 0.08384611
vn 0.00000000 0.00000000 -1.00000000
vn 0.00000000 0.00000000 -1.00000000
vn 0.36117525 -0.68881516 -0.62855876
vn 0.88069206 0.46178452 0.10552988
vn -0.35116139 0.66971723 0.65434280
vn -0.88069206 -0.46178452 0.10552988
vn 0.00000000 0.00000000 -1.00000000
vn 0.00000000 0.00000000 -1.00000000
vn 0.84824117 -0.26468590 -0.45872463
vn 0.29657209 0.95042712 0.09345205
vn -0.83048438 0.25914506 0.49309181
vn -0.29657209 -0.95042712 0.09345205
vn 0.00000000 0.00000000 -1.00000000
vn 0.00000000 0.00000000 -1.00000000
vn 0.66877936 0.73558395 -0.10793712
vn -0.73787357 0.67086103 0.07408159
vn -0.66540569 -0.73187329 0.14695834
vn 0.73787357 -0.67086103 0.07408159
vn 0.00000000 0.00000000 -1.00000000
vn 0.00000000 0.00000000 -1.00000000
vn 0.77773369 -0.00664821 -0.62855876
vn 0.00850014 0.99437980 0.10552988
vn -0.75617043 0.00646389 0.65434280
vn -0.00850014 -0.99437980 0.10552988
vn 0.00000000 0.00000000 -1.00000000
vn 0.00000000 0.00000000 -1.00000000
vn 0.63366771 0.62292611 -0.45872463
vn -0.69796880 0.71000442 0.09345205
vn -0.62040273 -0.60988599 0.49309181
vn 0.69796880 -0.71000442 0.09345205
vn 0.00000000 0.00000000 -1.00000000
vn 0.00000000 0.00000000 -1.00000000
vn 0.00719709 0.84194360 -0.53951755
vn -0.99644231 0.00851778 0.08384611
vn -0.00704846 -0.82455645 0.56573578
vn 0.99644231 -0.00851778 0.08384611
vn 0.00000000 0.00000000 -1.00000000
vn 0.00000000 0.00000000 -1.00000000
vn -0.60545105 0.61589131 -0.50409019
vn -0.70914321 -0.69712219 0.10552988
vn 0.59024429 -0.60042233 0.53954120
vn 0.70914321 0.69712219 0.10552988
vn 0.00000000 0.00000000 -1.00000000
vn 0.00000000 0.00000000 -1.00000000
vn -0.81350526 0.00695400 -0.58151598
vn -0.00851047 -0.99558741 0.09345205
vn 0.79408464 -0.00678798 0.60776929
vn 0.00851047 0.99558741 0.09345205
vn 0.00000000 0.00000000 -1.00000000
vn 0.00000000 0.00000000 -1.00000000
vn -0.64718188 -0.63621120 -0.41998920
vn 0.69856814 -0.71061409 0.08384611
vn 0.63576780 0.62499060 0.45297467
vn -0.69856814 0.71061409 0.08384611
vn 0.00000000 0.00000000 -1.00000000
vn 0.00000000 0.00000000 -1.00000000
vn -0.00664821 -0.77773369 -0.62855876
vn 0.99437980 -0.00850014 0.10552988
vn 0.00646389 0.75617043 0.65434280
vn -0.99437980 0.00850014 0.10552988
vn 0.00000000 0.00000000 -1.00000000
vn 0.00000000 0.00000000 -1.00000000
vn 0.62292611 -0.63366771 -0.45872463
vn 0.71000442 0.69796880 0.09345205
vn -0.60988599 0.62040273 0.49309181
vn -0.71000442 -0.69796880 0.09345205
vn 0.00000000 0.00000000 -1.00000000
vn 0.00000000 0.00000000 -1.00000000
vn 0.93676444 0.33289932 -0.10793712
vn -0.33393552 0.93968026 0.07408159
vn -0.93203892 -0.33122001 0.14695834
vn 0.33393552 -0.93968026 0.07408159
vn 0.00000000 0.00000000 -1.00000000
vn 0.00000000 0.00000000 -1.00000000
vn 0.62203784 -0.46688630 -0.62855876
vn 0.59694252 0.79531319 0.10552988
vn -0.60479136 0.45394152 0.65434280
vn -0.59694252 -0.79531319 0.10552988
vn 0.00000000 0.00000000 -1.00000000
vn 0.00000000 0.00000000 -1.00000000
vn 0.87969402 0.12534012 -0.45872463
vn -0.14043960 0.98566903 0.09345205
vn -0.86127880 -0.12271629 0.49309181
vn 0.14043960 -0.98566903 0.09345205
vn 0.00000000 0.00000000 -1.00000000
vn 0.00000000 0.00000000 -1.00000000
vn 0.50543256 0.67339345 -0.53951755
vn -0.79696281 0.59818067 0.08384611
vn -0.49499477 -0.65948708 0.56573578
vn 0.79696281 -0.59818067 0.08384611
vn 0.00000000 0.00000000 -1.00000000
vn 0.00000000 0.00000000 -1.00000000
vn -0.12182393 0.85501579 -0.50409019
vn -0.98447345 -0.14026925 0.10552988
vn 0.11876415 -0.83354086 0.53954120
vn 0.98447345 0.14026925 0.10552988
vn 0.00000000 0.00000000 -1.00000000
vn 0.00000000 0.00000000 -1.00000000
vn -0.65064824 0.48836056 -0.58151598
vn -0.59766746 -0.79627905 0.09345205
vn 0.63511546 -0.47670204 0.60776929
vn 0.59766746 0.79627905 0.09345205
vn 0.00000000 0.00000000 -1.00000000
vn 0.00000000 0.00000000 -1.00000000
vn -0.89845516 -0.12801324 -0.41998920
vn 0.14056019 -0.98651541 0.08384611
vn 0.88260948 0.12575552 0.45297467
vn -0.14056019 0.98651541 0.08384611
vn 0.00000000 0.00000000 -1.00000000
vn 0.00000000 0.00000000 -1.00000000
vn -0.46688630 -0.62203784 -0.62855876
vn 0.79531319 -0.59694252 0.10552988
vn 0.45394152 0.60479136 0.65434280
vn -0.79531319 0.59694252 0.10552988
vn 0.00000000 0.00000000 -1.00000000
vn 0.00000000 0.00000000 -1.00000000
vn 0.12534012 -0.87969402 -0.45872463
vn 0.98566903 0.14043960 0.09345205
vn -0.12271629 0.86127880 0.49309181
vn -0.98566903 -0.14043960 0.09345205
vn 0.00000000 0.00000000 -1.00000000
vn 0.00000000 0.00000000 -1.00000000
vn 0.95153846 -0.28796551 -0.10793712
vn 0.28886184 0.95450026 0.07408159
vn -0.94673842 0.28651286 0.14695834
vn -0.28886184 -0.95450026 0.07408159
vn 0.00000000 0.00000000 -1.00000000
vn 0.00000000 0.00000000 -1.00000000
vn -0.27167864 -0.72876924 -0.62855876
vn 0.93177578 -0.34735765 0.10552988
vn 0.26414614 0.70856356 0.65434280
vn -0.93177578 0.34735765 0.10552988
vn 0.00000000 0.00000000 -1.00000000
vn 0.00000000 0.00000000 -1.00000000
vn 0.36926344 -0.80821793 -0.45872463
vn 0.90558236 0.41374788 0.09345205
vn -0.36153340 0.79129897 0.49309181
vn -0.90558236 -0.41374788 0.09345205
vn 0.00000000 0.00000000 -1.00000000
vn 0.00000000 0.00000000 -1.00000000
vn 0.78893663 -0.29410850 -0.53951755
vn 0.34807813 0.93370844 0.08384611
vn -0.77264415 0.28803481 0.56573578
vn -0.34807813 -0.93370844 0.08384611
vn 0.00000000 0.00000000 -1.00000000
vn 0.00000000 0.00000000 -1.00000000
vn 0.78554484 0.35890442 -0.50409019
vn -0.41324602 0.90448392 0.10552988
vn -0.76581477 -0.34989003 0.53954120
vn 0.41324602 -0.90448392 0.10552988
vn 0.00000000 0.00000000 -1.00000000
vn 0.00000000 0.00000000 -1.00000000
vn 0.28417439 0.76228871 -0.58151598
vn -0.93290736 0.34777949 0.09345205
vn -0.27739036 -0.74409077 0.60776929
vn 0.93290736 -0.34777949 0.09345205
vn 0.00000000 0.00000000 -1.00000000
vn 0.00000000 0.00000000 -1.00000000
vn -0.37713868 0.82545471 -0.41998920
vn -0.90635997 -0.41410316 0.08384611
vn 0.37048724 -0.81089651 0.45297467
vn 0.90635997 0.41410316 0.08384611
vn 0.00000000 0.00000000 -1.00000000
vn 0.00000000 0.00000000 -1.00000000
vn -0.72876924 0.27167864 -0.62855876
vn -0.34735765 -0.93177578 0.10552988
vn 0.70856356 -0.26414614 0.65434280
vn 0.34735765 0.93177578 0.10552988
vn 0.00000000 0.00000000 -1.00000000
vn 0.00000000 0.00000000 -1.00000000
vn -0.80821793 -0.36926344 -0.45872463
vn 0.41374788 -0.90558236 0.09345205
vn 0.79129897 0.36153340 0.49309181
vn -0.41374788 0.90558236 0.09345205
vn 0.00000000 0.00000000 -1.00000000
vn 0.00000000 0.00000000 -1.00000000
vn -0.00679267 -0.99413452 -0.10793712
vn 0.99722891 -0.00681380 0.07408159
vn 0.00675839 0.98911959 0.14695834
vn -0.99722891 0.00681380 0.07408159
vn 0.00000000 0.00000000 -1.00000000
vn 0.00000000 0.00000000 -1.00000000
vn 0.49074962 -0.60338934 -0.62855876
vn 0.77146996 0.62745323 0.10552988
vn -0.47714321 0.58665991 0.65434280
vn -0.77146996 -0.62745323 0.10552988
vn 0.00000000 0.00000000 -1.00000000
vn 0.00000000 0.00000000 -1.00000000
vn 0.88390685 -0.09099669 -0.45872463
vn 0.10195888 0.99038937 0.09345205
vn -0.86540344 0.08909179 0.49309181
vn -0.10195888 -0.99038937 0.09345205
vn 0.00000000 0.00000000 -1.00000000
vn 0.00000000 0.00000000 -1.00000000
vn 0.65320533 0.53126605 -0.53951755
vn -0.62875467 0.77307011 0.08384611
vn -0.63971586 -0.52029477 0.56573578
vn 0.62875467 -0.77307011 0.08384611
vn 0.00000000 0.00000000 -1.00000000
vn 0.00000000 0.00000000 -1.00000000
vn 0.08844394 0.85911044 -0.50409019
vn -0.98918807 0.10183521 0.10552988
vn -0.08622254 -0.83753267 0.53954120
vn 0.98918807 -0.10183521 0.10552988
vn 0.00000000 0.00000000 -1.00000000
vn 0.00000000 0.00000000 -1.00000000
vn -0.51332147 0.63114201 -0.58151598
vn -0.77240685 -0.62821523 0.09345205
vn 0.50106706 -0.61607490 0.60776929
vn 0.77240685 0.62821523 0.09345205
vn 0.00000000 0.00000000 -1.00000000
vn 0.00000000 0.00000000 -1.00000000
vn -0.90275784 0.09293736 -0.41998920
vn -0.10204643 -0.99123981 0.08384611
vn 0.88683627 -0.09129826 0.45297467
vn 0.10204643 0.99123981 0.08384611
vn 0.00000000 0.00000000 -1.00000000
vn 0.00000000 0.00000000 -1.00000000
vn -0.60338934 -0.49074962 -0.62855876
vn 0.62745323 -0.77146996 0.10552988
vn 0.58665991 0.47714321 0.65434280
vn -0.62745323 0.77146996 0.10552988
vn 0.00000000 0.00000000 -1.00000000
vn 0.00000000 0.00000000 -1.00000000
vn -0.09099669 -0.88390685 -0.45872463
vn 0.99038937 -0.10195888 0.09345205
vn 0.08909179 0.86540344 0.49309181
vn -0.99038937 0.10195888 0.09345205
vn 0.00000000 0.00000000 -1.00000000
vn 0.00000000 0.00000000 -1.00000000
vn 0.85372589 -0.50941308 -0.10793712
vn 0.51099870 0.85638324 0.07408159
vn -0.84941926 0.50684333 0.14695834
vn -0.51099870 -0.85638324 0.07408159
vn 0.00000000 0.00000000 -1.00000000
vn 0.00000000 0.00000000 -1.00000000
vn 0.60389708 -0.49012468 -0.62855876
vn 0.62665420 0.77211914 0.10552988
vn -0.58715358 0.47653560 0.65434280
vn -0.62665420 -0.77211914 0.10552988
vn 0.00000000 0.00000000 -1.00000000
vn 0.00000000 0.00000000 -1.00000000
vn 0.88381217 0.09191173 -0.45872463
vn -0.10298416 0.99028328 0.09345205
vn -0.86531074 -0.08998768 0.49309181
vn 0.10298416 -0.99028328 0.09345205
vn 0.00000000 0.00000000 -1.00000000
vn 0.00000000 0.00000000 -1.00000000
vn 0.53058951 0.65375499 -0.53951755
vn -0.77372064 0.62795398 0.08384611
vn -0.51963220 -0.64025417 0.56573578
vn 0.77372064 -0.62795398 0.08384611
vn 0.00000000 0.00000000 -1.00000000
vn 0.00000000 0.00000000 -1.00000000
vn -0.08933332 0.85901842 -0.50409019
vn -0.98908211 -0.10285924 0.10552988
vn 0.08708958 -0.83744295 0.53954120
vn 0.98908211 0.10285924 0.10552988
vn 0.00000000 0.00000000 -1.00000000
vn 0.00000000 0.00000000 -1.00000000
vn -0.63167311 0.51266778 -0.58151598
vn -0.62741523 -0.77305682 0.09345205
vn 0.61659332 -0.50042898 0.60776929
vn 0.62741523 0.77305682 0.09345205
vn 0.00000000 0.00000000 -1.00000000
vn 0.00000000 0.00000000 -1.00000000
vn -0.90266114 -0.09387193 -0.41998920
vn 0.10307259 -0.99113363 0.08384611
vn 0.88674128 0.09221635 0.45297467
vn -0.10307259 0.99113363 0.08384611
vn 0.00000000 0.00000000 -1.00000000
vn 0.00000000 0.00000000 -1.00000000
vn -0.49012468 -0.60389708 -0.62855876
vn 0.77211914 -0.62665420 0.10552988
vn 0.47653560 0.58715358 0.65434280
vn -0.77211914 0.62665420 0.10552988
vn 0.00000000 0.00000000 -1.00000000
vn 0.00000000 0.00000000 -1.00000000
vn 0.09191173 -0.88381217 -0.45872463
vn 0.99028328 0.10298416 0.09345205
vn -0.08998768 0.86531074 0.49309181
vn -0.99028328 -0.10298416 0.09345205
vn 0.00000000 0.00000000 -1.00000000
vn 0.00000000 0.00000000 -1.00000000
vn 0.93994168 -0.32381973 -0.10793712
vn 0.32482766 0.94286739 0.07408159
vn -0.93520014 0.32218621 0.14695834
vn -0.32482766 -0.94286739 0.07408159
vn 0.00000000 0.00000000 -1.00000000
vn 0.00000000 0.00000000 -1.00000000
vn 0.75548740 -0.18480443 -0.62855876
vn 0.23628370 0.96593657 0.10552988
vn -0.73454093 0.17968058 0.65434280
vn -0.23628370 -0.96593657 0.10552988
vn 0.00000000 0.00000000 -1.00000000
vn 0.00000000 0.00000000 -1.00000000
vn 0.75962050 0.46102973 -0.45872463
vn -0.51656907 0.85113049 0.09345205
vn -0.74371886 -0.45137869 0.49309181
vn 0.51656907 -0.85113049 0.09345205
vn 0.00000000 0.00000000 -1.00000000
vn 0.00000000 0.00000000 -1.00000000
vn 0.20006193 0.81786065 -0.53951755
vn -0.96794008 0.23677379 0.08384611
vn -0.19593041 -0.80097085 0.56573578
vn 0.96794008 -0.23677379 0.08384611
vn 0.00000000 0.00000000 -1.00000000
vn 0.00000000 0.00000000 -1.00000000
vn -0.44809637 0.73831072 -0.50409019
vn -0.85009810 -0.51594250 0.10552988
vn 0.43684180 -0.71976700 0.53954120
vn 0.85009810 0.51594250 0.10552988
vn 0.00000000 0.00000000 -1.00000000
vn 0.00000000 0.00000000 -1.00000000
vn -0.79023576 0.19330444 -0.58151598
vn -0.23657065 -0.96710963 0.09345205
vn 0.77137065 -0.18868973 0.60776929
vn 0.23657065 0.96710963 0.09345205
vn 0.00000000 0.00000000 -1.00000000
vn 0.00000000 0.00000000 -1.00000000
vn -0.77582085 -0.47086206 -0.41998920
vn 0.51701265 -0.85186135 0.08384611
vn 0.76213802 0.46255766 0.45297467
vn -0.51701265 0.85186135 0.08384611
vn 0.00000000 0.00000000 -1.00000000
vn 0.00000000 0.00000000 -1.00000000
vn -0.18480443 -0.75548740 -0.62855876
vn 0.96593657 -0.23628370 0.10552988
vn 0.17968058 0.73454093 0.65434280
vn -0.96593657 0.23628370 0.10552988
vn 0.00000000 0.00000000 -1.00000000
vn 0.00000000 0.00000000 -1.00000000
vn 0.46102973 -0.75962050 -0.45872463
vn 0.85113049 0.51656907 0.09345205
vn -0.45137869 0.74371886 0.49309181
vn -0.85113049 -0.51656907 0.09345205
vn 0.00000000 0.00000000 -1.00000000
vn 0.00000000 0.00000000 -1.00000000
vn 0.98813877 0.10923068 -0.10793712
vn -0.10957068 0.99121450 0.07408159
vn -0.98315410 -0.10867967 0.14695834
vn 0.10957068 -0.99121450 0.07408159
vn 0.00000000 0.00000000 -1.00000000
vn 0.00000000 0.00000000 -1.00000000
vn 0.44011630 -0.64125777 -0.62855876
vn 0.81988705 0.56271545 0.10552988
vn -0.42791374 0.62347841 0.65434280
vn -0.81988705 -0.56271545 0.10552988
vn 0.00000000 0.00000000 -1.00000000
vn 0.00000000 0.00000000 -1.00000000
vn 0.87359465 -0.16249337 -0.45872463
vn 0.18206863 0.97883488 0.09345205
vn -0.85530712 0.15909179 0.49309181
vn -0.18206863 -0.97883488 0.09345205
vn 0.00000000 0.00000000 -1.00000000
vn 0.00000000 0.00000000 -1.00000000
vn 0.69420019 0.47645242 -0.53951755
vn -0.56388261 0.82158763 0.08384611
vn -0.67986413 -0.46661311 0.56573578
vn 0.56388261 -0.82158763 0.08384611
vn 0.00000000 0.00000000 -1.00000000
vn 0.00000000 0.00000000 -1.00000000
vn 0.15793491 0.84908754 -0.50409019
vn -0.97764760 0.18184778 0.10552988
vn -0.15396815 -0.82776150 0.53954120
vn 0.97764760 -0.18184778 0.10552988
vn 0.00000000 0.00000000 -1.00000000
vn 0.00000000 0.00000000 -1.00000000
vn -0.46035928 0.67075219 -0.58151598
vn -0.82088274 -0.56339882 0.09345205
vn 0.44936923 -0.65473948 0.60776929
vn 0.82088274 0.56339882 0.09345205
vn 0.00000000 0.00000000 -1.00000000
vn 0.00000000 0.00000000 -1.00000000
vn -0.89222572 0.16595885 -0.41998920
vn -0.18222497 -0.97967540 0.08384611
vn 0.87648990 -0.16303190 0.45297467
vn 0.18222497 0.97967540 0.08384611
vn 0.00000000 0.00000000 -1.00000000
vn 0.00000000 0.00000000 -1.00000000
vn -0.64125777 -0.44011630 -0.62855876
vn 0.56271545 -0.81988705 0.10552988
vn 0.62347841 0.42791374 0.65434280
vn -0.56271545 0.81988705 0.10552988
vn 0.00000000 0.00000000 -1.00000000
vn 0.00000000 0.00000000 -1.00000000
vn -0.16249337 -0.87359465 -0.45872463
vn 0.97883488 -0.18206863 0.09345205
vn 0.15909179 0.85530712 0.49309181
vn -0.97883488 0.18206863 0.09345205
vn 0.00000000 0.00000000 -1.00000000
vn 0.00000000 0.00000000 -1.00000000
vn 0.80952658 -0.57707563 -0.10793712
vn 0.57887186 0.81204636 0.07408159
vn -0.80544292 0.57416456 0.14695834
vn -0.57887186 -0.81204636 0.07408159
vn 0.00000000 0.00000000 -1.00000000
vn 0.00000000 0.00000000 -1.00000000
vn -0.02706530 0.77729104 -0.62855876
vn -0.99381385 -0.03460463 0.10552988
vn 0.02631489 -0.75574005 0.65434280
vn 0.99381385 0.03460463 0.10552988
vn 0.00000000 0.00000000 -1.00000000
vn 0.00000000 0.00000000 -1.00000000
vn -0.64980418 0.60607445 -0.45872463
vn -0.67908704 -0.72808482 0.09345205
vn 0.63620140 -0.59338709 0.49309181
vn 0.67908704 0.72808482 0.09345205
vn 0.00000000 0.00000000 -1.00000000
vn 0.00000000 0.00000000 -1.00000000
vn -0.84146440 -0.02929982 -0.53951755
vn 0.03467641 -0.99587518 0.08384611
vn 0.82408716 0.02869474 0.56573578
vn -0.03467641 0.99587518 0.08384611
vn 0.00000000 0.00000000 -1.00000000
vn 0.00000000 0.00000000 -1.00000000
vn -0.58907213 -0.63157510 -0.50409019
vn 0.72720168 -0.67826334 0.10552988
vn 0.57427675 0.61571220 0.53954120
vn -0.72720168 0.67826334 0.10552988
vn 0.00000000 0.00000000 -1.00000000
vn 0.00000000 0.00000000 -1.00000000
vn 0.02831016 -0.81304225 -0.58151598
vn 0.99502077 0.03464666 0.09345205
vn -0.02763432 0.79363268 0.60776929
vn -0.99502077 -0.03464666 0.09345205
vn 0.00000000 0.00000000 -1.00000000
vn 0.00000000 0.00000000 -1.00000000
vn 0.66366249 -0.61900014 -0.41998920
vn 0.67967017 0.72871002 0.08384611
vn -0.65195775 0.60808309 0.45297467
vn -0.67967017 -0.72871002 0.08384611
vn 0.00000000 0.00000000 -1.00000000
vn 0.00000000 0.00000000 -1.00000000
vn 0.77729104 0.02706530 -0.62855876
vn -0.03460463 0.99381385 0.10552988
vn -0.75574005 -0.02631489 0.65434280
vn 0.03460463 -0.99381385 0.10552988
vn 0.00000000 0.00000000 -1.00000000
vn 0.00000000 0.00000000 -1.00000000
vn 0.60607445 0.64980418 -0.45872463
vn -0.72808482 0.67908704 0.09345205
vn -0.59338709 -0.63620140 0.49309181
vn 0.72808482 -0.67908704 0.09345205
vn 0.00000000 0.00000000 -1.00000000
vn 0.00000000 0.00000000 -1.00000000
vn -0.37318623 0.92145625 -0.10793712
vn -0.92432441 -0.37434783 0.07408159
vn 0.37130370 -0.91680795 0.14695834
vn 0.92432441 0.37434783 0.07408159
vn 0.00000000 0.00000000 -1.00000000
vn 0.00000000 0.00000000 -1.00000000
vn 0.63662207 0.44679551 -0.62855876
vn -0.57125522 0.81396002 0.10552988
vn -0.61897124 -0.43440776 0.65434280
vn 0.57125522 -0.81396002 0.10552988
vn 0.00000000 0.00000000 -1.00000000
vn 0.00000000 0.00000000 -1.00000000
vn 0.15335255 0.87524551 -0.45872463
vn -0.98068462 0.17182663 0.09345205
vn -0.15014232 -0.85692342 0.49309181
vn 0.98068462 -0.17182663 0.09345205
vn 0.00000000 0.00000000 -1.00000000
vn 0.00000000 0.00000000 -1.00000000
vn -0.48368307 0.68918177 -0.53951755
vn -0.81564831 -0.57244010 0.08384611
vn 0.47369443 -0.67494934 0.56573578
vn 0.81564831 0.57244010 0.08384611
vn 0.00000000 0.00000000 -1.00000000
vn 0.00000000 0.00000000 -1.00000000
vn -0.85069208 0.14905052 -0.50409019
vn -0.17161821 -0.97949509 0.10552988
vn 0.82932575 -0.14530691 0.53954120
vn 0.17161821 0.97949509 0.10552988
vn 0.00000000 0.00000000 -1.00000000
vn 0.00000000 0.00000000 -1.00000000
vn -0.66590327 -0.46734570 -0.58151598
vn 0.57194897 -0.81494852 0.09345205
vn 0.65000631 0.45618887 0.60776929
vn -0.57194897 0.81494852 0.09345205
vn 0.00000000 0.00000000 -1.00000000
vn 0.00000000 0.00000000 -1.00000000
vn -0.15662309 -0.89391179 -0.41998920
vn 0.98152673 -0.17197418 0.08384611
vn 0.15386079 0.87814623 0.45297467
vn -0.98152673 0.17197418 0.08384611
vn 0.00000000 0.00000000 -1.00000000
vn 0.00000000 0.00000000 -1.00000000
vn 0.44679551 -0.63662207 -0.62855876
vn 0.81396002 0.57125522 0.10552988
vn -0.43440776 0.61897124 0.65434280
vn -0.81396002 -0.57125522 0.10552988
vn 0.00000000 0.00000000 -1.00000000
vn 0.00000000 0.00000000 -1.00000000
vn 0.87524551 -0.15335255 -0.45872463
vn 0.17182663 0.98068462 0.09345205
vn -0.85692342 0.15014232 0.49309181
vn -0.17182663 -0.98068462 0.09345205
vn 0.00000000 0.00000000 -1.00000000
vn 0.00000000 0.00000000 -1.00000000
vn 0.56858189 0.81551469 -0.10793712
vn -0.81805311 0.57035168 0.07408159
vn -0.56571366 -0.81140083 0.14695834
vn 0.81805311 -0.57035168 0.07408159
vn 0.00000000 0.00000000 -1.00000000
vn 0.00000000 0.00000000 -1.00000000
vn 0.60694255 -0.48634826 -0.62855876
vn 0.62182582 0.77601295 0.10552988
vn -0.59011460 0.47286388 0.65434280
vn -0.62182582 -0.77601295 0.10552988
vn 0.00000000 0.00000000 -1.00000000
vn 0.00000000 0.00000000 -1.00000000
vn 0.88322166 0.09742283 -0.45872463
vn -0.10915917 0.98962164 0.09345205
vn -0.86473260 -0.09538341 0.49309181
vn 0.10915917 -0.98962164 0.09345205
vn 0.00000000 0.00000000 -1.00000000
vn 0.00000000 0.00000000 -1.00000000
vn 0.52650131 0.65705189 -0.53951755
vn -0.77762253 0.62311559 0.08384611
vn -0.51562843 -0.64348299 0.56573578
vn 0.77762253 -0.62311559 0.08384611
vn 0.00000000 0.00000000 -1.00000000
vn 0.00000000 0.00000000 -1.00000000
vn -0.09468981 0.85844448 -0.50409019
vn -0.98842127 -0.10902676 0.10552988
vn 0.09231154 -0.83688343 0.53954120
vn 0.98842127 0.10902676 0.10552988
vn 0.00000000 0.00000000 -1.00000000
vn 0.00000000 0.00000000 -1.00000000
vn -0.63485864 0.50871767 -0.58151598
vn -0.62258098 -0.77695536 0.09345205
vn 0.61970281 -0.49657317 0.60776929
vn 0.62258098 0.77695536 0.09345205
vn 0.00000000 0.00000000 -1.00000000
vn 0.00000000 0.00000000 -1.00000000
vn -0.90205804 -0.09950056 -0.41998920
vn 0.10925290 -0.99047142 0.08384611
vn 0.88614882 0.09774571 0.45297467
vn -0.10925290 0.99047142 0.08384611
vn 0.00000000 0.00000000 -1.00000000
vn 0.00000000 0.00000000 -1.00000000
vn -0.48634826 -0.60694255 -0.62855876
vn 0.77601295 -0.62182582 0.10552988
vn 0.47286388 0.59011460 0.65434280
vn -0.77601295 0.62182582 0.10552988
vn 0.00000000 0.00000000 -1.00000000
vn 0.00000000 0.00000000 -1.00000000
vn 0.09742283 -0.88322166 -0.45872463
vn 0.98962164 0.10915917 0.09345205
vn -0.09538341 0.86473260 0.49309181
vn -0.98962164 -0.10915917 0.09345205
vn 0.00000000 0.00000000 -1.00000000
vn 0.00000000 0.00000000 -1.00000000
vn 0.94194326 -0.31795043 -0.10793712
vn 0.31894009 0.94487520 0.07408159
vn -0.93719162 0.31634652 0.14695834
vn -0.31894009 -0.94487520 0.07408159
vn 0.00000000 0.00000000 -1.00000000
vn 0.00000000 0.00000000 -1.00000000
vn -0.75506755 -0.18651240 -0.62855876
vn 0.23846745 -0.96539977 0.10552988
vn 0.73413273 0.18134120 0.65434280
vn -0.23846745 0.96539977 0.10552988
vn 0.00000000 0.00000000 -1.00000000
vn 0.00000000 0.00000000 -1.00000000
vn -0.45931075 -0.76066112 -0.45872463
vn 0.85229647 -0.51464302 0.09345205
vn 0.44969570 0.74473770 0.49309181
vn -0.85229647 0.51464302 0.09345205
vn 0.00000000 0.00000000 -1.00000000
vn 0.00000000 0.00000000 -1.00000000
vn 0.20191092 -0.81740614 -0.53951755
vn 0.96740217 0.23896207 0.08384611
vn -0.19774122 0.80052573 0.56573578
vn -0.96740217 -0.23896207 0.08384611
vn 0.00000000 0.00000000 -1.00000000
vn 0.00000000 0.00000000 -1.00000000
vn 0.73932215 -0.44642562 -0.50409019
vn 0.51401878 0.85126267 0.10552988
vn -0.72075303 0.43521301 0.53954120
vn -0.51401878 -0.85126267 0.10552988
vn 0.00000000 0.00000000 -1.00000000
vn 0.00000000 0.00000000 -1.00000000
vn 0.78979661 0.19509097 -0.58151598
vn -0.23875705 0.96657218 0.09345205
vn -0.77094198 -0.19043361 0.60776929
vn 0.23875705 -0.96657218 0.09345205
vn 0.00000000 0.00000000 -1.00000000
vn 0.00000000 0.00000000 -1.00000000
vn 0.46910643 0.77688367 -0.41998920
vn -0.85302833 0.51508494 0.08384611
vn -0.46083299 -0.76318209 0.45297467
vn 0.85302833 -0.51508494 0.08384611
vn 0.00000000 0.00000000 -1.00000000
vn 0.00000000 0.00000000 -1.00000000
vn -0.18651240 0.75506755 -0.62855876
vn -0.96539977 -0.23846745 0.10552988
vn 0.18134120 -0.73413273 0.65434280
vn 0.96539977 0.23846745 0.10552988
vn 0.00000000 0.00000000 -1.00000000
vn 0.00000000 0.00000000 -1.00000000
vn -0.76066112 0.45931075 -0.45872463
vn -0.51464302 -0.85229647 0.09345205
vn 0.74473770 -0.44969570 0.49309181
vn 0.51464302 0.85229647 0.09345205
vn 0.00000000 0.00000000 -1.00000000
vn 0.00000000 0.00000000 -1.00000000
vn -0.82488583 -0.55489904 -0.10793712
vn 0.55662625 -0.82745340 0.07408159
vn 0.82072468 0.55209985 0.14695834
vn -0.55662625 0.82745340 0.07408159
vn 0.00000000 0.00000000 -1.00000000
vn 0.00000000 0.00000000 -1.00000000
vn 0.03195102 0.77710554 -0.62855876
vn -0.99357668 0.04085132 0.10552988
vn -0.03106515 -0.75555969 0.65434280
vn 0.99357668 -0.04085132 0.10552988
vn 0.00000000 0.00000000 -1.00000000
vn 0.00000000 0.00000000 -1.00000000
vn -0.60197763 0.65360129 -0.45872463
vn -0.73233935 -0.67449669 0.09345205
vn 0.58937604 -0.63991902 0.49309181
vn 0.73233935 0.67449669 0.09345205
vn 0.00000000 0.00000000 -1.00000000
vn 0.00000000 0.00000000 -1.00000000
vn -0.84126359 0.03458891 -0.53951755
vn -0.04093606 -0.99563752 0.08384611
vn 0.82389049 -0.03387460 0.56573578
vn 0.04093606 0.99563752 0.08384611
vn 0.00000000 0.00000000 -1.00000000
vn 0.00000000 0.00000000 -1.00000000
vn -0.63526569 -0.58509024 -0.50409019
vn 0.67367856 -0.73145105 0.10552988
vn 0.61931009 0.57039487 0.53954120
vn -0.67367856 0.73145105 0.10552988
vn 0.00000000 0.00000000 -1.00000000
vn 0.00000000 0.00000000 -1.00000000
vn -0.03342060 -0.81284822 -0.58151598
vn 0.99478331 -0.04090093 0.09345205
vn 0.03262275 0.79344328 0.60776929
vn -0.99478331 0.04090093 0.09345205
vn 0.00000000 0.00000000 -1.00000000
vn 0.00000000 0.00000000 -1.00000000
vn 0.61481595 -0.66754058 -0.41998920
vn 0.73296820 0.67507588 0.08384611
vn -0.60397269 0.65576744 0.45297467
vn -0.73296820 -0.67507588 0.08384611
vn 0.00000000 0.00000000 -1.00000000
vn 0.00000000 0.00000000 -1.00000000
vn 0.77710554 -0.03195102 -0.62855876
vn 0.04085132 0.99357668 0.10552988
vn -0.75555969 0.03106515 0.65434280
vn -0.04085132 -0.99357668 0.10552988
vn 0.00000000 0.00000000 -1.00000000
vn 0.00000000 0.00000000 -1.00000000
vn 0.65360129 0.60197763 -0.45872463
vn -0.67449669 0.73233935 0.09345205
vn -0.63991902 -0.58937604 0.49309181
vn 0.67449669 -0.73233935 0.09345205
vn 0.00000000 0.00000000 -1.00000000
vn 0.00000000 0.00000000 -1.00000000
vn -0.30224208 0.94710047 -0.10793712
vn -0.95004846 -0.30318286 0.07408159
vn 0.30071743 -0.94232281 0.14695834
vn 0.95004846 0.30318286 0.07408159
vn 0.00000000 0.00000000 -1.00000000
vn 0.00000000 0.00000000 -1.00000000
vn 0.37775240 -0.67986543 -0.62855876
vn 0.86924929 0.48297941 0.10552988
vn -0.36727893 0.66101565 0.65434280
vn -0.86924929 -0.48297941 0.10552988
vn 0.00000000 0.00000000 -1.00000000
vn 0.00000000 0.00000000 -1.00000000
vn 0.85440303 -0.24406386 -0.45872463
vn 0.27346576 0.95733129 0.09345205
vn -0.83651725 0.23895471 0.49309181
vn -0.27346576 -0.95733129 0.09345205
vn 0.00000000 0.00000000 -1.00000000
vn 0.00000000 0.00000000 -1.00000000
vn 0.73599531 0.40893974 -0.53951755
vn -0.48398119 0.87105226 0.08384611
vn -0.72079613 -0.40049465 0.56573578
vn 0.48398119 -0.87105226 0.08384611
vn 0.00000000 0.00000000 -1.00000000
vn 0.00000000 0.00000000 -1.00000000
vn 0.23721709 0.83043430 -0.50409019
vn -0.95617009 0.27313405 0.10552988
vn -0.23125905 -0.80957677 0.53954120
vn 0.95617009 -0.27313405 0.10552988
vn 0.00000000 0.00000000 -1.00000000
vn 0.00000000 0.00000000 -1.00000000
vn -0.39512698 0.71113559 -0.58151598
vn -0.87030494 -0.48356595 0.09345205
vn 0.38569421 -0.69415882 0.60776929
vn 0.87030494 0.48356595 0.09345205
vn 0.00000000 0.00000000 -1.00000000
vn 0.00000000 0.00000000 -1.00000000
vn -0.87262480 0.24926899 -0.41998920
vn -0.27370058 -0.95815334 0.08384611
vn 0.85723468 -0.24487273 0.45297467
vn 0.27370058 0.95815334 0.08384611
vn 0.00000000 0.00000000 -1.00000000
vn 0.00000000 0.00000000 -1.00000000
vn -0.67986543 -0.37775240 -0.62855876
vn 0.48297941 -0.86924929 0.10552988
vn 0.66101565 0.36727893 0.65434280
vn -0.48297941 0.86924929 0.10552988
vn 0.00000000 0.00000000 -1.00000000
vn 0.00000000 0.00000000 -1.00000000
vn -0.24406386 -0.85440303 -0.45872463
vn 0.95733129 -0.27346576 0.09345205
vn 0.23895471 0.83651725 0.49309181
vn -0.95733129 0.27346576 0.09345205
vn 0.00000000 0.00000000 -1.00000000
vn 0.00000000 0.00000000 -1.00000000
vn 0.75156600 -0.65076734 -0.10793712
vn 0.65279294 0.75390536 0.07408159
vn -0.74777472 0.64748453 0.14695834
vn -0.65279294 -0.75390536 0.07408159
vn 0.00000000 0.00000000 -1.00000000
vn 0.00000000 0.00000000 -1.00000000
vn 0.09913630 -0.77141810 -0.62855876
vn 0.98630494 0.12675179 0.10552988
vn -0.09638767 0.75002994 0.65434280
vn -0.98630494 -0.12675179 0.10552988
vn 0.00000000 0.00000000 -1.00000000
vn 0.00000000 0.00000000 -1.00000000
vn 0.70328269 -0.54310696 -0.45872463
vn 0.60853399 0.78800578 0.09345205
vn -0.68856041 0.53173774 0.49309181
vn -0.60853399 -0.78800578 0.09345205
vn 0.00000000 0.00000000 -1.00000000
vn 0.00000000 0.00000000 -1.00000000
vn 0.83510659 0.10732102 -0.53951755
vn -0.12701469 0.98835070 0.08384611
vn -0.81786064 -0.10510471 0.56573578
vn 0.12701469 -0.98835070 0.08384611
vn 0.00000000 0.00000000 -1.00000000
vn 0.00000000 0.00000000 -1.00000000
vn 0.52787108 0.68355337 -0.50409019
vn -0.78704996 0.60779586 0.10552988
vn -0.51461285 -0.66638496 0.53954120
vn 0.78704996 -0.60779586 0.10552988
vn 0.00000000 0.00000000 -1.00000000
vn 0.00000000 0.00000000 -1.00000000
vn -0.10369604 0.80689919 -0.58151598
vn -0.98750274 -0.12690572 0.09345205
vn 0.10122053 -0.78763627 0.60776929
vn 0.98750274 0.12690572 0.09345205
vn 0.00000000 0.00000000 -1.00000000
vn 0.00000000 0.00000000 -1.00000000
vn -0.71828153 0.55468975 -0.41998920
vn -0.60905653 -0.78868243 0.08384611
vn 0.70561350 -0.54490691 0.45297467
vn 0.60905653 0.78868243 0.08384611
vn 0.00000000 0.00000000 -1.00000000
vn 0.00000000 0.00000000 -1.00000000
vn -0.77141810 -0.09913630 -0.62855876
vn 0.12675179 -0.98630494 0.10552988
vn 0.75002994 0.09638767 0.65434280
vn -0.12675179 0.98630494 0.10552988
vn 0.00000000 0.00000000 -1.00000000
vn 0.00000000 0.00000000 -1.00000000
vn -0.54310696 -0.70328269 -0.45872463
vn 0.78800578 -0.60853399 0.09345205
vn 0.53173774 0.68856041 0.49309181
vn -0.78800578 0.60853399 0.09345205
vn 0.00000000 0.00000000 -1.00000000
vn 0.00000000 0.00000000 -1.00000000
vn 0.45715014 -0.88281557 -0.10793712
vn 0.88556346 0.45857309 0.07408159
vn -0.45484405 0.87836219 0.14695834
vn -0.88556346 -0.45857309 0.07408159
vn 0.00000000 0.00000000 -1.00000000
vn 0.00000000 0.00000000 -1.00000000
vn -0.75748702 0.17642929 -0.62855876
vn -0.22557557 -0.96849321 0.10552988
vn 0.73648512 -0.17153765 0.65434280
vn 0.22557557 0.96849321 0.10552988
vn 0.00000000 0.00000000 -1.00000000
vn 0.00000000 0.00000000 -1.00000000
vn -0.75447000 -0.46941104 -0.45872463
vn 0.52596007 -0.84535952 0.09345205
vn 0.73867618 0.45958455 0.49309181
vn -0.52596007 0.84535952 0.09345205
vn 0.00000000 0.00000000 -1.00000000
vn 0.00000000 0.00000000 -1.00000000
vn -0.19099534 -0.82002536 -0.53951755
vn 0.97050203 -0.22604345 0.08384611
vn 0.18705106 0.80309086 0.56573578
vn -0.97050203 0.22604345 0.08384611
vn 0.00000000 0.00000000 -1.00000000
vn 0.00000000 0.00000000 -1.00000000
vn 0.45624257 -0.73330471 -0.50409019
vn 0.84433414 0.52532210 0.10552988
vn -0.44478339 0.71488673 0.53954120
vn -0.84433414 -0.52532210 0.10552988
vn 0.00000000 0.00000000 -1.00000000
vn 0.00000000 0.00000000 -1.00000000
vn 0.79232736 -0.18454409 -0.58151598
vn 0.22584952 0.96966938 0.09345205
vn -0.77341231 0.18013851 0.60776929
vn -0.22584952 -0.96966938 0.09345205
vn 0.00000000 0.00000000 -1.00000000
vn 0.00000000 0.00000000 -1.00000000
vn 0.77056051 0.47942212 -0.41998920
vn -0.52641171 0.84608542 0.08384611
vn -0.75697045 -0.47096675 0.45297467
vn 0.52641171 -0.84608542 0.08384611
vn 0.00000000 0.00000000 -1.00000000
vn 0.00000000 0.00000000 -1.00000000
vn 0.17642929 0.75748702 -0.62855876
vn -0.96849321 0.22557557 0.10552988
vn -0.17153765 -0.73648512 0.65434280
vn 0.96849321 -0.22557557 0.10552988
vn 0.00000000 0.00000000 -1.00000000
vn 0.00000000 0.00000000 -1.00000000
vn -0.46941104 0.75447000 -0.45872463
vn -0.84535952 -0.52596007 0.09345205
vn 0.45958455 -0.73867618 0.49309181
vn 0.84535952 0.52596007 0.09345205
vn 0.00000000 0.00000000 -1.00000000
vn 0.00000000 0.00000000 -1.00000000
vn -0.98686895 -0.12016342 -0.10793712
vn 0.12053746 -0.98994073 0.07408159
vn 0.98189068 0.11955727 0.14695834
vn -0.12053746 0.98994073 0.07408159
vn 0.00000000 0.00000000 -1.00000000
vn 0.00000000 0.00000000 -1.00000000
vn -0.56072855 0.53897808 -0.62855876
vn -0.68911625 -0.71692555 0.10552988
vn 0.54518193 -0.52403450 0.65434280
vn 0.68911625 0.71692555 0.10552988
vn 0.00000000 0.00000000 -1.00000000
vn 0.00000000 0.00000000 -1.00000000
vn -0.88840473 -0.01757125 -0.45872463
vn 0.01968803 -0.99542910 0.09345205
vn 0.86980717 0.01720342 0.49309181
vn -0.01968803 0.99542910 0.09345205
vn 0.00000000 0.00000000 -1.00000000
vn 0.00000000 0.00000000 -1.00000000
vn -0.58347626 -0.60702246 -0.53951755
vn 0.71841257 -0.69054559 0.08384611
vn 0.57142678 0.59448672 0.56573578
vn -0.71841257 0.69054559 0.08384611
vn 0.00000000 0.00000000 -1.00000000
vn 0.00000000 0.00000000 -1.00000000
vn 0.01707832 -0.86348214 -0.50409019
vn 0.99422169 0.01966414 0.10552988
vn -0.01664938 0.84179457 0.53954120
vn -0.99422169 -0.01966414 0.10552988
vn 0.00000000 0.00000000 -1.00000000
vn 0.00000000 0.00000000 -1.00000000
vn 0.58651906 -0.56376818 -0.58151598
vn 0.68995313 0.71779620 0.09345205
vn -0.57251722 0.55030947 0.60776929
vn -0.68995313 -0.71779620 0.09345205
vn 0.00000000 0.00000000 -1.00000000
vn 0.00000000 0.00000000 -1.00000000
vn 0.90735165 0.01794599 -0.41998920
vn -0.01970493 0.99628387 0.08384611
vn -0.89134906 -0.01762949 0.45297467
vn 0.01970493 -0.99628387 0.08384611
vn 0.00000000 0.00000000 -1.00000000
vn 0.00000000 0.00000000 -1.00000000
vn 0.53897808 0.56072855 -0.62855876
vn -0.71692555 0.68911625 0.10552988
vn -0.52403450 -0.54518193 0.65434280
vn 0.71692555 -0.68911625 0.10552988
vn 0.00000000 0.00000000 -1.00000000
vn 0.00000000 0.00000000 -1.00000000
vn -0.01757125 0.88840473 -0.45872463
vn -0.99542910 -0.01968803 0.09345205
vn 0.01720342 -0.86980717 0.49309181
vn 0.99542910 0.01968803 0.09345205
vn 0.00000000 0.00000000 -1.00000000
vn 0.00000000 0.00000000 -1.00000000
vn -0.90952034 0.40140047 -0.10793712
vn -0.40264988 -0.91235135 0.07408159
vn 0.90493225 -0.39937559 0.14695834
vn 0.40264988 0.91235135 0.07408159
vn 0.00000000 0.00000000 -1.00000000
vn 0.00000000 0.00000000 -1.00000000
vn 0.77266196 -0.08892342 -0.62855876
vn 0.11369400 0.98789530 0.10552988
vn -0.75123932 0.08645795 0.65434280
vn -0.11369400 -0.98789530 0.10552988
vn 0.00000000 0.00000000 -1.00000000
vn 0.00000000 0.00000000 -1.00000000
vn 0.69603702 0.55236236 -0.45872463
vn -0.61890437 0.77988723 0.09345205
vn -0.68146642 -0.54079939 0.49309181
vn 0.61890437 -0.77988723 0.09345205
vn 0.00000000 0.00000000 -1.00000000
vn 0.00000000 0.00000000 -1.00000000
vn 0.09626496 0.83645315 -0.53951755
vn -0.98994435 0.11392982 0.08384611
vn -0.09427698 -0.81917939 0.56573578
vn 0.98994435 -0.11392982 0.08384611
vn 0.00000000 0.00000000 -1.00000000
vn 0.00000000 0.00000000 -1.00000000
vn -0.53686683 0.67651096 -0.50409019
vn -0.77894126 -0.61815366 0.10552988
vn 0.52338266 -0.65951943 0.53954120
vn 0.77894126 0.61815366 0.10552988
vn 0.00000000 0.00000000 -1.00000000
vn 0.00000000 0.00000000 -1.00000000
vn -0.80820026 0.09301342 -0.58151598
vn -0.11383208 -0.98909503 0.09345205
vn 0.78890629 -0.09079293 0.60776929
vn 0.11383208 0.98909503 0.09345205
vn 0.00000000 0.00000000 -1.00000000
vn 0.00000000 0.00000000 -1.00000000
vn -0.71088133 -0.56414254 -0.41998920
vn 0.61943582 -0.78055692 0.08384611
vn 0.69834381 0.55419299 0.45297467
vn -0.61943582 0.78055692 0.08384611
vn 0.00000000 0.00000000 -1.00000000
vn 0.00000000 0.00000000 -1.00000000
vn -0.08892342 -0.77266196 -0.62855876
vn 0.98789530 -0.11369400 0.10552988
vn 0.08645795 0.75123932 0.65434280
vn -0.98789530 0.11369400 0.10552988
vn 0.00000000 0.00000000 -1.00000000
vn 0.00000000 0.00000000 -1.00000000
vn 0.55236236 -0.69603702 -0.45872463
vn 0.77988723 0.61890437 0.09345205
vn -0.54079939 0.68146642 0.49309181
vn -0.77988723 -0.61890437 0.09345205
vn 0.00000000 0.00000000 -1.00000000
vn 0.00000000 0.00000000 -1.00000000
vn 0.96673603 0.23188581 -0.10793712
vn -0.23260760 0.96974513 0.07408159
vn -0.96185932 -0.23071607 0.14695834
vn 0.23260760 -0.96974513 0.07408159
vn 0.00000000 0.00000000 -1.00000000
vn 0.00000000 0.00000000 -1.00000000
vn 0.69294537 -0.35318636 -0.62855876
vn 0.45157024 0.88597278 0.10552988
vn -0.67373293 0.34339400 0.65434280
vn -0.45157024 -0.88597278 0.10552988
vn 0.00000000 0.00000000 -1.00000000
vn 0.00000000 0.00000000 -1.00000000
vn 0.84512391 0.27447639 -0.45872463
vn -0.30754202 0.94693433 0.09345205
vn -0.82743237 -0.26873059 0.49309181
vn 0.30754202 -0.94693433 0.09345205
vn 0.00000000 0.00000000 -1.00000000
vn 0.00000000 0.00000000 -1.00000000
vn 0.38234552 0.75015513 -0.53951755
vn -0.88781043 0.45250687 0.08384611
vn -0.37444963 -0.73466353 0.56573578
vn 0.88781043 -0.45250687 0.08384611
vn 0.00000000 0.00000000 -1.00000000
vn 0.00000000 0.00000000 -1.00000000
vn -0.26677645 0.82141549 -0.50409019
vn -0.94578574 -0.30716899 0.10552988
vn 0.26007598 -0.80078448 0.53954120
vn 0.94578574 0.30716899 0.10552988
vn 0.00000000 0.00000000 -1.00000000
vn 0.00000000 0.00000000 -1.00000000
vn -0.72481713 0.36943104 -0.58151598
vn -0.45211864 -0.88704873 0.09345205
vn 0.70751374 -0.36061170 0.60776929
vn 0.45211864 0.88704873 0.09345205
vn 0.00000000 0.00000000 -1.00000000
vn 0.00000000 0.00000000 -1.00000000
vn -0.86314778 -0.28033012 -0.41998920
vn 0.30780610 -0.94774745 0.08384611
vn 0.84792480 0.27538605 0.45297467
vn -0.30780610 0.94774745 0.08384611
vn 0.00000000 0.00000000 -1.00000000
vn 0.00000000 0.00000000 -1.00000000
vn -0.35318636 -0.69294537 -0.62855876
vn 0.88597278 -0.45157024 0.10552988
vn 0.34339400 0.67373293 0.65434280
vn -0.88597278 0.45157024 0.10552988
vn 0.00000000 0.00000000 -1.00000000
vn 0.00000000 0.00000000 -1.00000000
vn 0.27447639 -0.84512391 -0.45872463
vn 0.94693433 0.30754202 0.09345205
vn -0.26873059 0.82743237 0.49309181
vn -0.94693433 -0.30754202 0.09345205
vn 0.00000000 0.00000000 -1.00000000
vn 0.00000000 0.00000000 -1.00000000
vn 0.98684459 -0.12036335 -0.10793712
vn 0.12073799 0.98991629 0.07408159
vn -0.98186644 0.11975617 0.14695834
vn -0.12073799 -0.98991629 0.07408159
vn 0.00000000 0.00000000 -1.00000000
vn 0.00000000 0.00000000 -1.00000000
vn -0.21581787 0.74721920 -0.62855876
vn -0.95536518 -0.27593626 0.10552988
vn 0.20983415 -0.72650198 0.65434280
vn 0.95536518 0.27593626 0.10552988
vn 0.00000000 0.00000000 -1.00000000
vn 0.00000000 0.00000000 -1.00000000
vn -0.77799538 0.42929582 -0.45872463
vn -0.48101224 -0.87171896 0.09345205
vn 0.76170909 -0.42030908 0.49309181
vn 0.48101224 0.87171896 0.09345205
vn 0.00000000 0.00000000 -1.00000000
vn 0.00000000 0.00000000 -1.00000000
vn -0.80890983 -0.23363585 -0.53951755
vn 0.27650860 -0.95734676 0.08384611
vn 0.79220487 0.22881099 0.56573578
vn -0.27650860 0.95734676 0.08384611
vn 0.00000000 0.00000000 -1.00000000
vn 0.00000000 0.00000000 -1.00000000
vn -0.41725270 -0.75617013 -0.50409019
vn 0.87066160 -0.48042879 0.10552988
vn 0.40677281 0.73717785 0.53954120
vn -0.87066160 0.48042879 0.10552988
vn 0.00000000 0.00000000 -1.00000000
vn 0.00000000 0.00000000 -1.00000000
vn 0.22574433 -0.78158727 -0.58151598
vn 0.95652540 0.27627137 0.09345205
vn -0.22035519 0.76292862 0.60776929
vn -0.95652540 -0.27627137 0.09345205
vn 0.00000000 0.00000000 -1.00000000
vn 0.00000000 0.00000000 -1.00000000
vn 0.79458761 -0.43845136 -0.41998920
vn 0.48142528 0.87246749 0.08384611
vn -0.78057380 0.43071858 0.45297467
vn -0.48142528 -0.87246749 0.08384611
vn 0.00000000 0.00000000 -1.00000000
vn 0.00000000 0.00000000 -1.00000000
vn 0.74721920 0.21581787 -0.62855876
vn -0.27593626 0.95536518 0.10552988
vn -0.72650198 -0.20983415 0.65434280
vn 0.27593626 -0.95536518 0.10552988
vn 0.00000000 0.00000000 -1.00000000
vn 0.00000000 0.00000000 -1.00000000
vn 0.42929582 0.77799538 -0.45872463
vn -0.87171896 0.48101224 0.09345205
vn -0.42030908 -0.76170909 0.49309181
vn 0.87171896 -0.48101224 0.09345205
vn 0.00000000 0.00000000 -1.00000000
vn 0.00000000 0.00000000 -1.00000000
vn -0.58664713 0.80261742 -0.10793712
vn -0.80511568 -0.58847316 0.07408159
vn 0.58368779 -0.79856860 0.14695834
vn 0.80511568 0.58847316 0.07408159
vn 0.00000000 0.00000000 -1.00000000
vn 0.00000000 0.00000000 -1.00000000
vn -0.54765557 0.55225652 -0.62855876
vn -0.70609354 -0.70021094 0.10552988
vn 0.53247140 -0.53694479 0.65434280
vn 0.70609354 0.70021094 0.10552988
vn 0.00000000 0.00000000 -1.00000000
vn 0.00000000 0.00000000 -1.00000000
vn -0.88857071 0.00371690 -0.45872463
vn -0.00416467 -0.99561507 0.09345205
vn 0.86996967 -0.00363910 0.49309181
vn 0.00416467 0.99561507 0.09345205
vn 0.00000000 0.00000000 -1.00000000
vn 0.00000000 0.00000000 -1.00000000
vn -0.59785097 -0.59287017 -0.53951755
vn 0.70166330 -0.70755809 0.08384611
vn 0.58550463 0.58062669 0.56573578
vn -0.70166330 0.70755809 0.08384611
vn 0.00000000 0.00000000 -1.00000000
vn 0.00000000 0.00000000 -1.00000000
vn -0.00361263 -0.86364346 -0.50409019
vn 0.99440743 -0.00415962 0.10552988
vn 0.00352190 0.84195183 0.53954120
vn -0.99440743 0.00415962 0.10552988
vn 0.00000000 0.00000000 -1.00000000
vn 0.00000000 0.00000000 -1.00000000
vn 0.57284478 -0.57765735 -0.58151598
vn 0.70695104 0.70106130 0.09345205
vn -0.55916940 0.56386707 0.60776929
vn -0.70695104 -0.70106130 0.09345205
vn 0.00000000 0.00000000 -1.00000000
vn 0.00000000 0.00000000 -1.00000000
vn 0.90752116 -0.00379617 -0.41998920
vn 0.00416825 0.99647000 0.08384611
vn -0.89151559 0.00372922 0.45297467
vn -0.00416825 -0.99647000 0.08384611
vn 0.00000000 0.00000000 -1.00000000
vn 0.00000000 0.00000000 -1.00000000
vn 0.55225652 0.54765557 -0.62855876
vn -0.70021094 0.70609354 0.10552988
vn -0.53694479 -0.53247140 0.65434280
vn 0.70021094 -0.70609354 0.10552988
vn 0.00000000 0.00000000 -1.00000000
vn 0.00000000 0.00000000 -1.00000000
vn 0.00371690 0.88857071 -0.45872463
vn -0.99561507 0.00416467 0.09345205
vn -0.00363910 -0.86996967 0.49309181
vn 0.99561507 -0.00416467 0.09345205
vn 0.00000000 0.00000000 -1.00000000
vn 0.00000000 0.00000000 -1.00000000
vn -0.89964313 0.42307424 -0.10793712
vn -0.42439111 -0.90244341 0.07408159
vn 0.89510488 -0.42094003 0.14695834
vn 0.42439111 0.90244341 0.07408159
vn 0.00000000 0.00000000 -1.00000000
vn 0.00000000 0.00000000 -1.00000000
vn 0.38181737 0.67759086 -0.62855876
vn -0.86634112 0.48817672 0.10552988
vn -0.37123119 -0.65880414 0.65434280
vn 0.86634112 -0.48817672 0.10552988
vn 0.00000000 0.00000000 -1.00000000
vn 0.00000000 0.00000000 -1.00000000
vn -0.23894242 0.85584942 -0.45872463
vn -0.95895192 -0.26772735 0.09345205
vn 0.23394048 -0.83793336 0.49309181
vn 0.95895192 0.26772735 0.09345205
vn 0.00000000 0.00000000 -1.00000000
vn 0.00000000 0.00000000 -1.00000000
vn -0.73353295 0.41334032 -0.53951755
vn -0.48918928 -0.86813805 0.08384611
vn 0.71838462 -0.40480435 0.56573578
vn 0.48918928 0.86813805 0.08384611
vn 0.00000000 0.00000000 -1.00000000
vn 0.00000000 0.00000000 -1.00000000
vn -0.83184011 -0.23223933 -0.50409019
vn 0.26740261 -0.95778875 0.10552988
vn 0.81094727 0.22640631 0.53954120
vn -0.26740261 0.95778875 0.10552988
vn 0.00000000 0.00000000 -1.00000000
vn 0.00000000 0.00000000 -1.00000000
vn -0.39937892 -0.70875641 -0.58151598
vn 0.86739323 -0.48876958 0.09345205
vn 0.38984464 0.69183643 0.60776929
vn -0.86739323 0.48876958 0.09345205
vn 0.00000000 0.00000000 -1.00000000
vn 0.00000000 0.00000000 -1.00000000
vn 0.24403832 -0.87410203 -0.41998920
vn 0.95977536 0.26795724 0.08384611
vn -0.23973432 0.85868586 0.45297467
vn -0.95977536 -0.26795724 0.08384611
vn 0.00000000 0.00000000 -1.00000000
vn 0.00000000 0.00000000 -1.00000000
vn 0.67759086 -0.38181737 -0.62855876
vn 0.48817672 0.86634112 0.10552988
vn -0.65880414 0.37123119 0.65434280
vn -0.48817672 -0.86634112 0.10552988
vn 0.00000000 0.00000000 -1.00000000
vn 0.00000000 0.00000000 -1.00000000
vn 0.85584942 0.23894242 -0.45872463
vn -0.26772735 0.95895192 0.09345205
vn -0.83793336 -0.23394048 0.49309181
vn 0.26772735 -0.95895192 0.09345205
vn 0.00000000 0.00000000 -1.00000000
vn 0.00000000 0.00000000 -1.00000000
vn 0.16147146 0.98095695 -0.10793712
vn -0.98401033 0.16197405 0.07408159
vn -0.16065690 -0.97600851 0.14695834
vn 0.98401033 -0.16197405 0.07408159
vn 0.00000000 0.00000000 -1.00000000
vn 0.00000000 0.00000000 -1.00000000
vn 0.75538194 -0.18523501 -0.62855876
vn 0.23683422 0.96580174 0.10552988
vn -0.73443840 0.18009922 0.65434280
vn -0.23683422 -0.96580174 0.10552988
vn 0.00000000 0.00000000 -1.00000000
vn 0.00000000 0.00000000 -1.00000000
vn 0.75988315 0.46059669 -0.45872463
vn -0.51608387 0.85142478 0.09345205
vn -0.74397602 -0.45095471 0.49309181
vn 0.51608387 -0.85142478 0.09345205
vn 0.00000000 0.00000000 -1.00000000
vn 0.00000000 0.00000000 -1.00000000
vn 0.20052806 0.81774648 -0.53951755
vn -0.96780497 0.23732545 0.08384611
vn -0.19638692 -0.80085904 0.56573578
vn 0.96780497 -0.23732545 0.08384611
vn 0.00000000 0.00000000 -1.00000000
vn 0.00000000 0.00000000 -1.00000000
vn -0.44767548 0.73856600 -0.50409019
vn -0.85039204 -0.51545788 0.10552988
vn 0.43643148 -0.72001587 0.53954120
vn 0.85039204 0.51545788 0.10552988
vn 0.00000000 0.00000000 -1.00000000
vn 0.00000000 0.00000000 -1.00000000
vn -0.79012545 0.19375482 -0.58151598
vn -0.23712184 -0.96697464 0.09345205
vn 0.77126297 -0.18912936 0.60776929
vn 0.23712184 0.96697464 0.09345205
vn 0.00000000 0.00000000 -1.00000000
vn 0.00000000 0.00000000 -1.00000000
vn -0.77608910 -0.47041979 -0.41998920
vn 0.51652702 -0.85215589 0.08384611
vn 0.76240154 0.46212319 0.45297467
vn -0.51652702 0.85215589 0.08384611
vn 0.00000000 0.00000000 -1.00000000
vn 0.00000000 0.00000000 -1.00000000
vn -0.18523501 -0.75538194 -0.62855876
vn 0.96580174 -0.23683422 0.10552988
vn 0.18009922 0.73443840 0.65434280
vn -0.96580174 0.23683422 0.10552988
vn 0.00000000 0.00000000 -1.00000000
vn 0.00000000 0.00000000 -1.00000000
vn 0.46059669 -0.75988315 -0.45872463
vn 0.85142478 0.51608387 0.09345205
vn -0.45095471 0.74397602 0.49309181
vn -0.85142478 -0.51608387 0.09345205
vn 0.00000000 0.00000000 -1.00000000
vn 0.00000000 0.00000000 -1.00000000
vn 0.98820087 0.10866745 -0.10793712
vn -0.10900570 0.99127679 0.07408159
vn -0.98321588 -0.10811928 0.14695834
vn 0.10900570 -0.99127679 0.07408159
vn 0.00000000 0.00000000 -1.00000000
vn 0.00000000 0.00000000 -1.00000000
vn -0.29323230 -0.72036706 -0.62855876
vn 0.92103308 -0.37491533 0.10552988
vn 0.28510221 0.70039433 0.65434280
vn -0.92103308 0.37491533 0.10552988
vn 0.00000000 0.00000000 -1.00000000
vn 0.00000000 0.00000000 -1.00000000
vn 0.34506343 -0.81884244 -0.45872463
vn 0.91748678 0.38663254 0.09345205
vn -0.33783999 0.80170107 0.49309181
vn -0.91748678 -0.38663254 0.09345205
vn 0.00000000 0.00000000 -1.00000000
vn 0.00000000 0.00000000 -1.00000000
vn 0.77984077 -0.31744164 -0.53951755
vn 0.37569296 0.92294346 0.08384611
vn -0.76373612 0.31088609 0.56573578
vn -0.37569296 -0.92294346 0.08384611
vn 0.00000000 0.00000000 -1.00000000
vn 0.00000000 0.00000000 -1.00000000
vn 0.79587130 0.33538330 -0.50409019
vn -0.38616357 0.91637391 0.10552988
vn -0.77588186 -0.32695967 0.53954120
vn 0.38616357 -0.91637391 0.10552988
vn 0.00000000 0.00000000 -1.00000000
vn 0.00000000 0.00000000 -1.00000000
vn 0.30671941 0.75350008 -0.58151598
vn -0.92215161 0.37537064 0.09345205
vn -0.29939717 -0.73551195 0.60776929
vn 0.92215161 -0.37537064 0.09345205
vn 0.00000000 0.00000000 -1.00000000
vn 0.00000000 0.00000000 -1.00000000
vn -0.35242256 0.83630581 -0.41998920
vn -0.91827462 -0.38696454 0.08384611
vn 0.34620703 -0.82155623 0.45297467
vn 0.91827462 0.38696454 0.08384611
vn 0.00000000 0.00000000 -1.00000000
vn 0.00000000 0.00000000 -1.00000000
vn -0.72036706 0.29323230 -0.62855876
vn -0.37491533 -0.92103308 0.10552988
vn 0.70039433 -0.28510221 0.65434280
vn 0.37491533 0.92103308 0.10552988
vn 0.00000000 0.00000000 -1.00000000
vn 0.00000000 0.00000000 -1.00000000
vn -0.81884244 -0.34506343 -0.45872463
vn 0.38663254 -0.91748678 0.09345205
vn 0.80170107 0.33783999 0.49309181
vn -0.38663254 0.91748678 0.09345205
vn 0.00000000 0.00000000 -1.00000000
vn 0.00000000 0.00000000 -1.00000000
vn -0.03635556 -0.99349275 -0.10793712
vn 0.99658514 -0.03646871 0.07408159
vn 0.03617215 0.98848107 0.14695834
vn -0.99658514 0.03646871 0.07408159
vn 0.00000000 0.00000000 -1.00000000
vn 0.00000000 0.00000000 -1.00000000
vn 0.64325561 -0.43719115 -0.62855876
vn 0.55897547 0.82244141 0.10552988
vn -0.62542086 0.42506969 0.65434280
vn -0.55897547 -0.82244141 0.10552988
vn 0.00000000 0.00000000 -1.00000000
vn 0.00000000 0.00000000 -1.00000000
vn 0.87284552 0.16647044 -0.45872463
vn -0.18652480 0.97799551 0.09345205
vn -0.85457367 -0.16298560 0.49309181
vn 0.18652480 -0.97799551 0.09345205
vn 0.00000000 0.00000000 -1.00000000
vn 0.00000000 0.00000000 -1.00000000
vn 0.47328577 0.69636297 -0.53951755
vn -0.82414729 0.56013487 0.08384611
vn -0.46351186 -0.68198225 0.56573578
vn 0.82414729 -0.56013487 0.08384611
vn 0.00000000 0.00000000 -1.00000000
vn 0.00000000 0.00000000 -1.00000000
vn -0.16180041 0.84835942 -0.50409019
vn -0.97680924 -0.18629855 0.10552988
vn 0.15773656 -0.82705167 0.53954120
vn 0.97680924 0.18629855 0.10552988
vn 0.00000000 0.00000000 -1.00000000
vn 0.00000000 0.00000000 -1.00000000
vn -0.67284192 0.45729960 -0.58151598
vn -0.55965430 -0.82344021 0.09345205
vn 0.65677932 -0.44638259 0.60776929
vn 0.55965430 0.82344021 0.09345205
vn 0.00000000 0.00000000 -1.00000000
vn 0.00000000 0.00000000 -1.00000000
vn -0.89146061 -0.17002073 -0.41998920
vn 0.18668497 -0.97883530 0.08384611
vn 0.87573829 0.16702215 0.45297467
vn -0.18668497 0.97883530 0.08384611
vn 0.00000000 0.00000000 -1.00000000
vn 0.00000000 0.00000000 -1.00000000
vn -0.43719115 -0.64325561 -0.62855876
vn 0.82244141 -0.55897547 0.10552988
vn 0.42506969 0.62542086 0.65434280
vn -0.82244141 0.55897547 0.10552988
vn 0.00000000 0.00000000 -1.00000000
vn 0.00000000 0.00000000 -1.00000000
vn 0.16647044 -0.87284552 -0.45872463
vn 0.97799551 0.18652480 0.09345205
vn -0.16298560 0.85457367 0.49309181
vn -0.97799551 -0.18652480 0.09345205
vn 0.00000000 0.00000000 -1.00000000
vn 0.00000000 0.00000000 -1.00000000
vn 0.96399991 -0.24300978 -0.10793712
vn 0.24376618 0.96700050 0.07408159
vn -0.95913700 0.24178391 0.14695834
vn -0.24376618 -0.96700050 0.07408159
vn 0.00000000 0.00000000 -1.00000000
vn 0.00000000 0.00000000 -1.00000000
vn 0.45053178 0.63398344 -0.62855876
vn -0.81058637 0.57603228 0.10552988
vn -0.43804045 -0.61640576 0.65434280
vn 0.81058637 -0.57603228 0.10552988
vn 0.00000000 0.00000000 -1.00000000
vn 0.00000000 0.00000000 -1.00000000
vn -0.14820254 0.87613225 -0.45872463
vn -0.98167818 -0.16605621 0.09345205
vn 0.14510012 -0.85779159 0.49309181
vn 0.98167818 0.16605621 0.09345205
vn 0.00000000 0.00000000 -1.00000000
vn 0.00000000 0.00000000 -1.00000000
vn -0.68632529 0.48772781 -0.53951755
vn -0.57722706 -0.81226766 0.08384611
vn 0.67215185 -0.47765565 0.56573578
vn 0.57722706 0.81226766 0.08384611
vn 0.00000000 0.00000000 -1.00000000
vn 0.00000000 0.00000000 -1.00000000
vn -0.85155395 -0.14404499 -0.50409019
vn 0.16585479 -0.98048745 0.10552988
vn 0.83016596 0.14042709 0.53954120
vn -0.16585479 0.98048745 0.10552988
vn 0.00000000 0.00000000 -1.00000000
vn 0.00000000 0.00000000 -1.00000000
vn -0.47125383 -0.66314327 -0.58151598
vn 0.81157077 -0.57673183 0.09345205
vn 0.46000369 0.64731221 0.60776929
vn -0.81157077 0.57673183 0.09345205
vn 0.00000000 0.00000000 -1.00000000
vn 0.00000000 0.00000000 -1.00000000
vn 0.15136324 -0.89481743 -0.41998920
vn 0.98252114 0.16619880 0.08384611
vn -0.14869371 0.87903591 0.45297467
vn -0.98252114 -0.16619880 0.08384611
vn 0.00000000 0.00000000 -1.00000000
vn 0.00000000 0.00000000 -1.00000000
vn 0.63398344 -0.45053178 -0.62855876
vn 0.57603228 0.81058637 0.10552988
vn -0.61640576 0.43804045 0.65434280
vn -0.57603228 -0.81058637 0.10552988
vn 0.00000000 0.00000000 -1.00000000
vn 0.00000000 0.00000000 -1.00000000
vn 0.87613225 0.14820254 -0.45872463
vn -0.16605621 0.98167818 0.09345205
vn -0.85779159 -0.14510012 0.49309181
vn 0.16605621 -0.98167818 0.09345205
vn 0.00000000 0.00000000 -1.00000000
vn 0.00000000 0.00000000 -1.00000000
vn 0.26309233 0.95871372 -0.10793712
vn -0.96169786 0.26391124 0.07408159
vn -0.26176515 -0.95387748 0.14695834
vn 0.96169786 -0.26391124 0.07408159
vn 0.00000000 0.00000000 -1.00000000
vn 0.00000000 0.00000000 -1.00000000
vn 0.70596366 -0.32638810 -0.62855876
vn 0.41730703 0.90261747 0.10552988
vn -0.68639028 0.31733874 0.65434280
vn -0.41730703 -0.90261747 0.10552988
vn 0.00000000 0.00000000 -1.00000000
vn 0.00000000 0.00000000 -1.00000000
vn 0.83399168 0.30664244 -0.45872463
vn -0.34358306 0.93446102 0.09345205
vn -0.81653318 -0.30022329 0.49309181
vn 0.34358306 -0.93446102 0.09345205
vn 0.00000000 0.00000000 -1.00000000
vn 0.00000000 0.00000000 -1.00000000
vn 0.35333479 0.76424822 -0.53951755
vn -0.90448964 0.41817259 0.08384611
vn -0.34603800 -0.74846558 0.56573578
vn 0.90448964 -0.41817259 0.08384611
vn 0.00000000 0.00000000 -1.00000000
vn 0.00000000 0.00000000 -1.00000000
vn -0.29804014 0.81059555 -0.50409019
vn -0.93332756 -0.34316630 0.10552988
vn 0.29055444 -0.79023630 0.53954120
vn 0.93332756 0.34316630 0.10552988
vn 0.00000000 0.00000000 -1.00000000
vn 0.00000000 0.00000000 -1.00000000
vn -0.73843420 0.34140020 -0.58151598
vn -0.41781382 -0.90371363 0.09345205
vn 0.72080574 -0.33325003 0.60776929
vn 0.41781382 0.90371363 0.09345205
vn 0.00000000 0.00000000 -1.00000000
vn 0.00000000 0.00000000 -1.00000000
vn -0.85177814 -0.31318218 -0.41998920
vn 0.34387809 -0.93526343 0.08384611
vn 0.83675568 0.30765871 0.45297467
vn -0.34387809 0.93526343 0.08384611
vn 0.00000000 0.00000000 -1.00000000
vn 0.00000000 0.00000000 -1.00000000
vn -0.32638810 -0.70596366 -0.62855876
vn 0.90261747 -0.41730703 0.10552988
vn 0.31733874 0.68639028 0.65434280
vn -0.90261747 0.41730703 0.10552988
vn 0.00000000 0.00000000 -1.00000000
vn 0.00000000 0.00000000 -1.00000000
vn 0.30664244 -0.83399168 -0.45872463
vn 0.93446102 0.34358306 0.09345205
vn -0.30022329 0.81653318 0.49309181
vn -0.93446102 -0.34358306 0.09345205
vn 0.00000000 0.00000000 -1.00000000
vn 0.00000000 0.00000000 -1.00000000
vn 0.99073036 -0.08247985 -0.10793712
vn 0.08273657 0.99381416 0.07408159
vn -0.98573261 0.08206377 0.14695834
vn -0.08273657 -0.99381416 0.07408159
vn 0.00000000 0.00000000 -1.00000000
vn 0.00000000 0.00000000 -1.00000000
vn -0.75173170 0.19953278 -0.62855876
vn -0.25511480 -0.96113469 0.10552988
vn 0.73088937 -0.19400059 0.65434280
vn 0.25511480 0.96113469 0.10552988
vn 0.00000000 0.00000000 -1.00000000
vn 0.00000000 0.00000000 -1.00000000
vn -0.76848483 -0.44609727 -0.45872463
vn 0.49983773 -0.86106269 0.09345205
vn 0.75239763 0.43675882 0.49309181
vn -0.49983773 0.86106269 0.09345205
vn 0.00000000 0.00000000 -1.00000000
vn 0.00000000 0.00000000 -1.00000000
vn -0.21600627 -0.81379488 -0.53951755
vn 0.96312824 -0.25564395 0.08384611
vn 0.21154548 0.79698904 0.56573578
vn -0.96312824 0.25564395 0.08384611
vn 0.00000000 0.00000000 -1.00000000
vn 0.00000000 0.00000000 -1.00000000
vn 0.43358282 -0.74692638 -0.50409019
vn 0.86001826 0.49923145 0.10552988
vn -0.42269277 0.72816627 0.53954120
vn -0.86001826 -0.49923145 0.10552988
vn 0.00000000 0.00000000 -1.00000000
vn 0.00000000 0.00000000 -1.00000000
vn 0.78630732 -0.20871022 -0.58151598
vn 0.25542462 0.96230192 0.09345205
vn -0.76753599 0.20372773 0.60776929
vn -0.25542462 -0.96230192 0.09345205
vn 0.00000000 0.00000000 -1.00000000
vn 0.00000000 0.00000000 -1.00000000
vn 0.78487423 0.45561114 -0.41998920
vn -0.50026694 0.86180208 0.08384611
vn -0.77103173 -0.44757572 0.45297467
vn 0.50026694 -0.86180208 0.08384611
vn 0.00000000 0.00000000 -1.00000000
vn 0.00000000 0.00000000 -1.00000000
vn 0.19953278 0.75173170 -0.62855876
vn -0.96113469 0.25511480 0.10552988
vn -0.19400059 -0.73088937 0.65434280
vn 0.96113469 -0.25511480 0.10552988
vn 0.00000000 0.00000000 -1.00000000
vn 0.00000000 0.00000000 -1.00000000
vn -0.44609727 0.76848483 -0.45872463
vn -0.86106269 -0.49983773 0.09345205
vn 0.43675882 -0.75239763 0.49309181
vn 0.86106269 0.49983773 0.09345205
vn 0.00000000 0.00000000 -1.00000000
vn 0.00000000 0.00000000 -1.00000000
vn -0.99008465 -0.08989973 -0.10793712
vn 0.09017956 -0.99316643 0.07408159
vn 0.98509016 0.08944623 0.14695834
vn -0.09017956 0.99316643 0.07408159
vn 0.00000000 0.00000000 -1.00000000
vn 0.00000000 0.00000000 -1.00000000
vn -0.71548044 0.30496167 -0.62855876
vn -0.38991204 -0.91478524 0.10552988
vn 0.69564320 -0.29650638 0.65434280
vn 0.38991204 0.91478524 0.10552988
vn 0.00000000 0.00000000 -1.00000000
vn 0.00000000 0.00000000 -1.00000000
vn -0.82437040 -0.33164010 -0.45872463
vn 0.37159213 -0.92368068 0.09345205
vn 0.80711331 0.32469765 0.49309181
vn -0.37159213 0.92368068 0.09345205
vn 0.00000000 0.00000000 -1.00000000
vn 0.00000000 0.00000000 -1.00000000
vn -0.33013940 -0.77455071 -0.53951755
vn 0.91668266 -0.39072078 0.08384611
vn 0.32332162 0.75855531 0.56573578
vn -0.91668266 0.39072078 0.08384611
vn 0.00000000 0.00000000 -1.00000000
vn 0.00000000 0.00000000 -1.00000000
vn 0.32233653 -0.80124418 -0.50409019
vn 0.92256030 0.37114140 0.10552988
vn -0.31424059 0.78111980 0.53954120
vn -0.92256030 -0.37114140 0.10552988
vn 0.00000000 0.00000000 -1.00000000
vn 0.00000000 0.00000000 -1.00000000
vn 0.74838870 -0.31898827 -0.58151598
vn 0.39038556 0.91589619 0.09345205
vn -0.73052259 0.31137314 0.60776929
vn -0.39038556 -0.91589619 0.09345205
vn 0.00000000 0.00000000 -1.00000000
vn 0.00000000 0.00000000 -1.00000000
vn 0.84195167 0.33871295 -0.41998920
vn -0.37191121 0.92447384 0.08384611
vn -0.82710251 -0.33273921 0.45297467
vn 0.37191121 -0.92447384 0.08384611
vn 0.00000000 0.00000000 -1.00000000
vn 0.00000000 0.00000000 -1.00000000
vn 0.30496167 0.71548044 -0.62855876
vn -0.91478524 0.38991204 0.10552988
vn -0.29650638 -0.69564320 0.65434280
vn 0.91478524 -0.38991204 0.10552988
vn 0.00000000 0.00000000 -1.00000000
vn 0.00000000 0.00000000 -1.00000000
vn -0.33164010 0.82437040 -0.45872463
vn -0.92368068 -0.37159213 0.09345205
vn 0.32469765 -0.80711331 0.49309181
vn 0.92368068 0.37159213 0.09345205
vn 0.00000000 0.00000000 -1.00000000
vn 0.00000000 0.00000000 -1.00000000
vn -0.99276623 0.05258121 -0.10793712
vn -0.05274488 -0.99585636 0.07408159
vn 0.98775821 -0.05231596 0.14695834
vn 0.05274488 0.99585636 0.07408159
vn 0.00000000 0.00000000 -1.00000000
vn 0.00000000 0.00000000 -1.00000000
vn -0.39468280 0.67017861 -0.62855876
vn -0.85686410 -0.50462596 0.10552988
vn 0.38373992 -0.65159740 0.65434280
vn 0.85686410 0.50462596 0.10552988
vn 0.00000000 0.00000000 -1.00000000
vn 0.00000000 0.00000000 -1.00000000
vn -0.86025480 0.22256097 -0.45872463
vn -0.24937245 -0.96388801 0.09345205
vn 0.84224652 -0.21790196 0.49309181
vn 0.24937245 0.96388801 0.09345205
vn 0.00000000 0.00000000 -1.00000000
vn 0.00000000 0.00000000 -1.00000000
vn -0.72550874 -0.42726793 -0.53951755
vn 0.50567264 -0.85864138 0.08384611
vn 0.71052612 0.41844433 0.56573578
vn -0.50567264 0.85864138 0.08384611
vn 0.00000000 0.00000000 -1.00000000
vn 0.00000000 0.00000000 -1.00000000
vn -0.21631743 -0.83612191 -0.50409019
vn 0.96271885 -0.24906998 0.10552988
vn 0.21088431 0.81512153 0.53954120
vn -0.96271885 0.24906998 0.10552988
vn 0.00000000 0.00000000 -1.00000000
vn 0.00000000 0.00000000 -1.00000000
vn 0.41283609 -0.70100323 -0.58151598
vn 0.85790470 0.50523879 0.09345205
vn -0.40298055 0.68426834 0.60776929
vn -0.85790470 -0.50523879 0.09345205
vn 0.00000000 0.00000000 -1.00000000
vn 0.00000000 0.00000000 -1.00000000
vn 0.87860137 -0.22730751 -0.41998920
vn 0.24958659 0.96471569 0.08384611
vn -0.86310584 0.22329858 0.45297467
vn -0.24958659 -0.96471569 0.08384611
vn 0.00000000 0.00000000 -1.00000000
vn 0.00000000 0.00000000 -1.00000000
vn 0.67017861 0.39468280 -0.62855876
vn -0.50462596 0.85686410 0.10552988
vn -0.65159740 -0.38373992 0.65434280
vn 0.50462596 -0.85686410 0.10552988
vn 0.00000000 0.00000000 -1.00000000
vn 0.00000000 0.00000000 -1.00000000
vn 0.22256097 0.86025480 -0.45872463
vn -0.96388801 0.24937245 0.09345205
vn -0.21790196 -0.84224652 0.49309181
vn 0.96388801 -0.24937245 0.09345205
vn 0.00000000 0.00000000 -1.00000000
vn 0.00000000 0.00000000 -1.00000000
vn -0.76764914 0.63171542 -0.10793712
vn -0.63368172 -0.77003857 0.07408159
vn 0.76377673 -0.62852872 0.14695834
vn 0.63368172 0.77003857 0.07408159
vn 0.00000000 0.00000000 -1.00000000
vn 0.00000000 0.00000000 -1.00000000
vn 0.70895923 0.31982916 -0.62855876
vn -0.40892103 0.90644748 0.10552988
vn -0.68930280 -0.31096165 0.65434280
vn 0.40892103 -0.90644748 0.10552988
vn 0.00000000 0.00000000 -1.00000000
vn 0.00000000 0.00000000 -1.00000000
vn 0.31436111 0.83111299 -0.45872463
vn -0.93123554 0.35223157 0.09345205
vn -0.30778038 -0.81371475 0.49309181
vn 0.93123554 -0.35223157 0.09345205
vn 0.00000000 0.00000000 -1.00000000
vn 0.00000000 0.00000000 -1.00000000
vn -0.34623434 0.76749110 -0.53951755
vn -0.90832760 -0.40976920 0.08384611
vn 0.33908419 -0.75164150 0.56573578
vn 0.90832760 0.40976920 0.08384611
vn 0.00000000 0.00000000 -1.00000000
vn 0.00000000 0.00000000 -1.00000000
vn -0.80779762 0.30554228 -0.50409019
vn -0.35180433 -0.93010599 0.10552988
vn 0.78750864 -0.29786815 0.53954120
vn 0.35180433 0.93010599 0.10552988
vn 0.00000000 0.00000000 -1.00000000
vn 0.00000000 0.00000000 -1.00000000
vn -0.74156755 -0.33453958 -0.58151598
vn 0.40941763 -0.90754830 0.09345205
vn 0.72386428 0.32655320 0.60776929
vn -0.40941763 0.90754830 0.09345205
vn 0.00000000 0.00000000 -1.00000000
vn 0.00000000 0.00000000 -1.00000000
vn -0.32106546 -0.84883806 -0.41998920
vn 0.93203519 -0.35253403 0.08384611
vn 0.31540296 0.83386745 0.45297467
vn -0.93203519 0.35253403 0.08384611
vn 0.00000000 0.00000000 -1.00000000
vn 0.00000000 0.00000000 -1.00000000
vn 0.31982916 -0.70895923 -0.62855876
vn 0.90644748 0.40892103 0.10552988
vn -0.31096165 0.68930280 0.65434280
vn -0.90644748 -0.40892103 0.10552988
vn 0.00000000 0.00000000 -1.00000000
vn 0.00000000 0.00000000 -1.00000000
vn 0.83111299 -0.31436111 -0.45872463
vn 0.35223157 0.93123554 0.09345205
vn -0.81371475 0.30778038 0.49309181
vn -0.35223157 -0.93123554 0.09345205
vn 0.00000000 0.00000000 -1.00000000
vn 0.00000000 0.00000000 -1.00000000
vn 0.71108908 0.69476752 -0.10793712
vn -0.69693008 0.71330244 0.07408159
vn -0.70750198 -0.69126276 0.14695834
vn 0.69693008 -0.71330244 0.07408159
vn 0.00000000 0.00000000 -1.00000000
vn 0.00000000 0.00000000 -1.00000000
vn -0.76281983 0.15172273 -0.62855876
vn -0.19398674 -0.97531153 0.10552988
vn 0.74167007 -0.14751610 0.65434280
vn 0.19398674 0.97531153 0.10552988
vn 0.00000000 0.00000000 -1.00000000
vn 0.00000000 0.00000000 -1.00000000
vn -0.73881880 -0.49367853 -0.45872463
vn 0.55315101 -0.82782285 0.09345205
vn 0.72335262 0.48334403 0.49309181
vn -0.55315101 0.82782285 0.09345205
vn 0.00000000 0.00000000 -1.00000000
vn 0.00000000 0.00000000 -1.00000000
vn -0.16424900 -0.82579845 -0.53951755
vn 0.97733449 -0.19438910 0.08384611
vn 0.16085707 0.80874473 0.56573578
vn -0.97733449 0.19438910 0.08384611
vn 0.00000000 0.00000000 -1.00000000
vn 0.00000000 0.00000000 -1.00000000
vn 0.47982927 -0.71809258 -0.50409019
vn 0.82681874 0.55248006 0.10552988
vn -0.46777768 0.70005667 0.53954120
vn -0.82681874 -0.55248006 0.10552988
vn 0.00000000 0.00000000 -1.00000000
vn 0.00000000 0.00000000 -1.00000000
vn 0.79790545 -0.15870116 -0.58151598
vn 0.19422232 0.97649598 0.09345205
vn -0.77885724 0.15491253 0.60776929
vn -0.19422232 -0.97649598 0.09345205
vn 0.00000000 0.00000000 -1.00000000
vn 0.00000000 0.00000000 -1.00000000
vn 0.75457552 0.50420716 -0.41998920
vn -0.55362600 0.82853370 0.08384611
vn -0.74126738 -0.49531467 0.45297467
vn 0.55362600 -0.82853370 0.08384611
vn 0.00000000 0.00000000 -1.00000000
vn 0.00000000 0.00000000 -1.00000000
vn 0.15172273 0.76281983 -0.62855876
vn -0.97531153 0.19398674 0.10552988
vn -0.14751610 -0.74167007 0.65434280
vn 0.97531153 -0.19398674 0.10552988
vn 0.00000000 0.00000000 -1.00000000
vn 0.00000000 0.00000000 -1.00000000
vn -0.49367853 0.73881880 -0.45872463
vn -0.82782285 -0.55315101 0.09345205
vn 0.48334403 -0.72335262 0.49309181
vn 0.82782285 0.55315101 0.09345205
vn 0.00000000 0.00000000 -1.00000000
vn 0.00000000 0.00000000 -1.00000000
vn -0.98244331 -0.15216678 -0.10793712
vn 0.15264043 -0.98550130 0.07408159
vn 0.97748736 0.15139918 0.14695834
vn -0.15264043 0.98550130 0.07408159
vn 0.00000000 0.00000000 -1.00000000
vn 0.00000000 0.00000000 -1.00000000
vn -0.52273133 0.57590437 -0.62855876
vn -0.73632875 -0.66834378 0.10552988
vn 0.50823820 -0.55993698 0.65434280
vn 0.73632875 0.66834378 0.10552988
vn 0.00000000 0.00000000 -1.00000000
vn 0.00000000 0.00000000 -1.00000000
vn -0.88753957 0.04295617 -0.45872463
vn -0.04813102 -0.99445971 0.09345205
vn 0.86896011 -0.04205694 0.49309181
vn 0.04813102 0.99445971 0.09345205
vn 0.00000000 0.00000000 -1.00000000
vn 0.00000000 0.00000000 -1.00000000
vn -0.62345120 -0.56588817 -0.53951755
vn 0.66973004 -0.73785602 0.08384611
vn 0.61057619 0.55420190 0.56573578
vn -0.66973004 0.73785602 0.08384611
vn 0.00000000 0.00000000 -1.00000000
vn 0.00000000 0.00000000 -1.00000000
vn -0.04175111 -0.86264125 -0.50409019
vn 0.99325348 -0.04807264 0.10552988
vn 0.04070247 0.84097479 0.53954120
vn -0.99325348 0.04807264 0.10552988
vn 0.00000000 0.00000000 -1.00000000
vn 0.00000000 0.00000000 -1.00000000
vn 0.54677416 -0.60239288 -0.58151598
vn 0.73722297 0.66915544 0.09345205
vn -0.53372115 0.58801210 0.60776929
vn -0.73722297 -0.66915544 0.09345205
vn 0.00000000 0.00000000 -1.00000000
vn 0.00000000 0.00000000 -1.00000000
vn 0.90646803 -0.04387229 -0.41998920
vn 0.04817235 0.99531365 0.08384611
vn -0.89048103 0.04309853 0.45297467
vn -0.04817235 -0.99531365 0.08384611
vn 0.00000000 0.00000000 -1.00000000
vn 0.00000000 0.00000000 -1.00000000
vn 0.57590437 0.52273133 -0.62855876
vn -0.66834378 0.73632875 0.10552988
vn -0.55993698 -0.50823820 0.65434280
vn 0.66834378 -0.73632875 0.10552988
vn 0.00000000 0.00000000 -1.00000000
vn 0.00000000 0.00000000 -1.00000000
vn 0.04295617 0.88753957 -0.45872463
vn -0.99445971 0.04813102 0.09345205
vn -0.04205694 -0.86896011 0.49309181
vn 0.99445971 -0.04813102 0.09345205
vn 0.00000000 0.00000000 -1.00000000
vn 0.00000000 0.00000000 -1.00000000
vn -0.88008067 0.46239334 -0.10793712
vn -0.46383260 -0.88282005 0.07408159
vn 0.87564109 -0.46006078 0.14695834
vn 0.46383260 0.88282005 0.07408159
vn 0.00000000 0.00000000 -1.00000000
vn 0.00000000 0.00000000 -1.00000000
vn -0.42559760 0.65098431 -0.62855876
vn -0.83232302 -0.54415240 0.10552988
vn 0.41379758 -0.63293527 0.65434280
vn 0.83232302 0.54415240 0.10552988
vn 0.00000000 0.00000000 -1.00000000
vn 0.00000000 0.00000000 -1.00000000
vn -0.86972328 0.18208003 -0.45872463
vn -0.20401486 -0.97449713 0.09345205
vn 0.85151678 -0.17826843 0.49309181
vn 0.20401486 0.97449713 0.09345205
vn 0.00000000 0.00000000 -1.00000000
vn 0.00000000 0.00000000 -1.00000000
vn -0.70472976 -0.46073505 -0.53951755
vn 0.54528106 -0.83404939 0.08384611
vn 0.69017624 0.45122032 0.56573578
vn -0.54528106 0.83404939 0.08384611
vn 0.00000000 0.00000000 -1.00000000
vn 0.00000000 0.00000000 -1.00000000
vn -0.17697211 -0.84532476 -0.50409019
vn 0.97331510 -0.20376740 0.10552988
vn 0.17252720 0.82409323 0.53954120
vn -0.97331510 0.20376740 0.10552988
vn 0.00000000 0.00000000 -1.00000000
vn 0.00000000 0.00000000 -1.00000000
vn 0.44517280 -0.68092609 -0.58151598
vn 0.83333382 0.54481324 0.09345205
vn -0.43454529 0.66467050 0.60776929
vn -0.83333382 -0.54481324 0.09345205
vn 0.00000000 0.00000000 -1.00000000
vn 0.00000000 0.00000000 -1.00000000
vn 0.88827177 -0.18596324 -0.41998920
vn 0.20419004 0.97533392 0.08384611
vn -0.87260569 0.18268348 0.45297467
vn -0.20419004 -0.97533392 0.08384611
vn 0.00000000 0.00000000 -1.00000000
vn 0.00000000 0.00000000 -1.00000000
vn 0.65098431 0.42559760 -0.62855876
vn -0.54415240 0.83232302 0.10552988
vn -0.63293527 -0.41379758 0.65434280
vn 0.54415240 -0.83232302 0.10552988
vn 0.00000000 0.00000000 -1.00000000
vn 0.00000000 0.00000000 -1.00000000
vn 0.18208003 0.86972328 -0.45872463
vn -0.97449713 0.20401486 0.09345205
vn -0.17826843 -0.85151678 0.49309181
vn 0.97449713 -0.20401486 0.09345205
vn 0.00000000 0.00000000 -1.00000000
vn 0.00000000 0.00000000 -1.00000000
vn -0.79635666 0.59511818 -0.10793712
vn -0.59697057 -0.79883544 0.07408159
vn 0.79233943 -0.59211609 0.14695834
vn 0.59697057 0.79883544 0.07408159
vn 0.00000000 0.00000000 -1.00000000
vn 0.00000000 0.00000000 -1.00000000
vn 0.74595208 0.22015763 -0.62855876
vn -0.28148492 0.95374508 0.10552988
vn -0.72526999 -0.21405359 0.65434280
vn 0.28148492 -0.95374508 0.10552988
vn 0.00000000 0.00000000 -1.00000000
vn 0.00000000 0.00000000 -1.00000000
vn 0.42476626 0.78047764 -0.45872463
vn -0.87450024 0.47593701 0.09345205
vn -0.41587435 -0.76413938 0.49309181
vn 0.87450024 -0.47593701 0.09345205
vn 0.00000000 0.00000000 -1.00000000
vn 0.00000000 0.00000000 -1.00000000
vn -0.23833391 0.80753809 -0.53951755
vn -0.95572331 -0.28206876 0.08384611
vn 0.23341203 -0.79086146 0.56573578
vn 0.95572331 0.28206876 0.08384611
vn 0.00000000 0.00000000 -1.00000000
vn 0.00000000 0.00000000 -1.00000000
vn -0.75858275 0.41285021 -0.50409019
vn -0.47535972 -0.87343951 0.10552988
vn 0.73952987 -0.40248089 0.53954120
vn 0.47535972 0.87343951 0.10552988
vn 0.00000000 0.00000000 -1.00000000
vn 0.00000000 0.00000000 -1.00000000
vn -0.78026187 -0.23028370 -0.58151598
vn 0.28182676 -0.95490334 0.09345205
vn 0.76163486 0.22478619 0.60776929
vn -0.28182676 0.95490334 0.09345205
vn 0.00000000 0.00000000 -1.00000000
vn 0.00000000 0.00000000 -1.00000000
vn -0.43382521 -0.79712280 -0.41998920
vn 0.87525117 -0.47634570 0.08384611
vn 0.42617401 0.78306428 0.45297467
vn -0.87525117 0.47634570 0.08384611
vn 0.00000000 0.00000000 -1.00000000
vn 0.00000000 0.00000000 -1.00000000
vn 0.22015763 -0.74595208 -0.62855876
vn 0.95374508 0.28148492 0.10552988
vn -0.21405359 0.72526999 0.65434280
vn -0.95374508 -0.28148492 0.10552988
vn 0.00000000 0.00000000 -1.00000000
vn 0.00000000 0.00000000 -1.00000000
vn 0.78047764 -0.42476626 -0.45872463
vn 0.47593701 0.87450024 0.09345205
vn -0.76413938 0.41587435 0.49309181
vn -0.47593701 -0.87450024 0.09345205
vn 0.00000000 0.00000000 -1.00000000
vn 0.00000000 0.00000000 -1.00000000
vn 0.79919382 0.59130265 -0.10793712
vn -0.59314317 0.80168142 0.07408159
vn -0.79516227 -0.58831982 0.14695834
vn 0.59314317 -0.80168142 0.07408159
vn 0.00000000 0.00000000 -1.00000000
vn 0.00000000 0.00000000 -1.00000000
vn 0.21774731 0.74665922 -0.62855876
vn -0.95464921 0.27840318 0.10552988
vn -0.21171010 -0.72595753 0.65434280
vn 0.95464921 -0.27840318 0.10552988
vn 0.00000000 0.00000000 -1.00000000
vn 0.00000000 0.00000000 -1.00000000
vn -0.42728472 0.77910172 -0.45872463
vn -0.87295857 -0.47875887 0.09345205
vn 0.41834009 -0.76279226 0.49309181
vn 0.87295857 0.47875887 0.09345205
vn 0.00000000 0.00000000 -1.00000000
vn 0.00000000 0.00000000 -1.00000000
vn -0.80830361 0.23572459 -0.53951755
vn -0.27898063 -0.95662931 0.08384611
vn 0.79161118 -0.23085660 0.56573578
vn 0.27898063 0.95662931 0.08384611
vn 0.00000000 0.00000000 -1.00000000
vn 0.00000000 0.00000000 -1.00000000
vn -0.75724543 -0.41529802 -0.50409019
vn 0.47817816 -0.87189970 0.10552988
vn 0.73822613 0.40486722 0.53954120
vn -0.47817816 0.87189970 0.10552988
vn 0.00000000 0.00000000 -1.00000000
vn 0.00000000 0.00000000 -1.00000000
vn -0.22776252 -0.78100154 -0.58151598
vn 0.95580857 -0.27874128 0.09345205
vn 0.22232520 0.76235687 0.60776929
vn -0.95580857 0.27874128 0.09345205
vn 0.00000000 0.00000000 -1.00000000
vn 0.00000000 0.00000000 -1.00000000
vn 0.43639738 -0.79571754 -0.41998920
vn 0.87370817 0.47916998 0.08384611
vn -0.42870082 0.78168380 0.45297467
vn -0.87370817 -0.47916998 0.08384611
vn 0.00000000 0.00000000 -1.00000000
vn 0.00000000 0.00000000 -1.00000000
vn 0.74665922 -0.21774731 -0.62855876
vn 0.27840318 0.95464921 0.10552988
vn -0.72595753 0.21171010 0.65434280
vn -0.27840318 -0.95464921 0.10552988
vn 0.00000000 0.00000000 -1.00000000
vn 0.00000000 0.00000000 -1.00000000
vn 0.77910172 0.42728472 -0.45872463
vn -0.47875887 0.87295857 0.09345205
vn -0.76279226 -0.41834009 0.49309181
vn 0.47875887 -0.87295857 0.09345205
vn 0.00000000 0.00000000 -1.00000000
vn 0.00000000 0.00000000 -1.00000000
vn -0.06580566 0.99197742 -0.10793712
vn -0.99506509 -0.06601050 0.07408159
vn 0.06547372 -0.98697337 0.14695834
vn 0.99506509 0.06601050 0.07408159
vn 0.00000000 0.00000000 -1.00000000
vn 0.00000000 0.00000000 -1.00000000
vn -0.65733162 -0.41572710 -0.62855876
vn 0.53153238 -0.84043844 0.10552988
vn 0.63910660 0.40420075 0.65434280
vn -0.53153238 0.84043844 0.10552988
vn 0.00000000 0.00000000 -1.00000000
vn 0.00000000 0.00000000 -1.00000000
vn -0.19518169 -0.86687705 -0.45872463
vn 0.97130803 -0.21869484 0.09345205
vn 0.19109582 0.84873014 0.49309181
vn -0.97130803 0.21869484 0.09345205
vn 0.00000000 0.00000000 -1.00000000
vn 0.00000000 0.00000000 -1.00000000
vn 0.45004965 -0.71160110 -0.53951755
vn 0.84218165 0.53263486 0.08384611
vn -0.44075558 0.69690569 0.56573578
vn -0.84218165 -0.53263486 0.08384611
vn 0.00000000 0.00000000 -1.00000000
vn 0.00000000 0.00000000 -1.00000000
vn 0.84255838 -0.18970622 -0.50409019
vn 0.21842958 0.97012987 0.10552988
vn -0.82139634 0.18494148 0.53954120
vn -0.21842958 -0.97012987 0.10552988
vn 0.00000000 0.00000000 -1.00000000
vn 0.00000000 0.00000000 -1.00000000
vn 0.68756535 0.43484832 -0.58151598
vn -0.53217788 0.84145910 0.09345205
vn -0.67115126 -0.42446728 0.60776929
vn 0.53217788 -0.84145910 0.09345205
vn 0.00000000 0.00000000 -1.00000000
vn 0.00000000 0.00000000 -1.00000000
vn 0.19934431 0.88536485 -0.41998920
vn -0.97214208 0.21888264 0.08384611
vn -0.19582856 -0.86975004 0.45297467
vn 0.97214208 -0.21888264 0.08384611
vn 0.00000000 0.00000000 -1.00000000
vn 0.00000000 0.00000000 -1.00000000
vn -0.41572710 0.65733162 -0.62855876
vn -0.84043844 -0.53153238 0.10552988
vn 0.40420075 -0.63910660 0.65434280
vn 0.84043844 0.53153238 0.10552988
vn 0.00000000 0.00000000 -1.00000000
vn 0.00000000 0.00000000 -1.00000000
vn -0.86687705 0.19518169 -0.45872463
vn -0.21869484 -0.97130803 0.09345205
vn 0.84873014 -0.19109582 0.49309181
vn 0.21869484 0.97130803 0.09345205
vn 0.00000000 0.00000000 -1.00000000
vn 0.00000000 0.00000000 -1.00000000
vn -0.60706587 -0.78728687 -0.10793712
vn 0.78973742 -0.60895544 0.07408159
vn 0.60400351 0.78331540 0.14695834
vn -0.78973742 0.60895544 0.07408159
vn 0.00000000 0.00000000 -1.00000000
vn 0.00000000 0.00000000 -1.00000000
vn -0.75884300 -0.17050272 -0.62855876
vn 0.21799810 -0.97022692 0.10552988
vn 0.73780350 0.16577541 0.65434280
vn -0.21799810 0.97022692 0.10552988
vn 0.00000000 0.00000000 -1.00000000
vn 0.00000000 0.00000000 -1.00000000
vn -0.47529429 -0.75077763 -0.45872463
vn 0.84122233 -0.53255206 0.09345205
vn 0.46534464 0.73506110 0.49309181
vn -0.84122233 0.53255206 0.09345205
vn 0.00000000 0.00000000 -1.00000000
vn 0.00000000 0.00000000 -1.00000000
vn 0.18457948 -0.82149329 -0.53951755
vn 0.97223933 0.21845026 0.08384611
vn -0.18076769 0.80452848 0.56573578
vn -0.97223933 -0.21845026 0.08384611
vn 0.00000000 0.00000000 -1.00000000
vn 0.00000000 0.00000000 -1.00000000
vn 0.72971592 -0.46196077 -0.50409019
vn 0.53190610 0.84020197 0.10552988
vn -0.71138807 0.45035797 0.53954120
vn -0.53190610 -0.84020197 0.10552988
vn 0.00000000 0.00000000 -1.00000000
vn 0.00000000 0.00000000 -1.00000000
vn 0.79374571 0.17834493 -0.58151598
vn -0.21826284 0.97140519 0.09345205
vn -0.77479680 -0.17408735 0.60776929
vn 0.21826284 -0.97140519 0.09345205
vn 0.00000000 0.00000000 -1.00000000
vn 0.00000000 0.00000000 -1.00000000
vn 0.48543085 0.76678939 -0.41998920
vn -0.84194468 0.53300936 0.08384611
vn -0.47686950 -0.75326584 0.45297467
vn 0.84194468 -0.53300936 0.08384611
vn 0.00000000 0.00000000 -1.00000000
vn 0.00000000 0.00000000 -1.00000000
vn -0.17050272 0.75884300 -0.62855876
vn -0.97022692 -0.21799810 0.10552988
vn 0.16577541 -0.73780350 0.65434280
vn 0.97022692 0.21799810 0.10552988
vn 0.00000000 0.00000000 -1.00000000
vn 0.00000000 0.00000000 -1.00000000
vn -0.75077763 0.47529429 -0.45872463
vn -0.53255206 -0.84122233 0.09345205
vn 0.73506110 -0.46534464 0.49309181
vn 0.53255206 0.84122233 0.09345205
vn 0.00000000 0.00000000 -1.00000000
vn 0.00000000 0.00000000 -1.00000000
vn -0.83643621 -0.53733048 -0.10793712
vn 0.53900300 -0.83903974 0.07408159
vn 0.83221679 0.53461992 0.14695834
vn -0.53900300 0.83903974 0.07408159
vn 0.00000000 0.00000000 -1.00000000
vn 0.00000000 0.00000000 -1.00000000
vn -0.15195324 -0.76277395 -0.62855876
vn 0.97525287 -0.19428146 0.10552988
vn 0.14774022 0.74162546 0.65434280
vn -0.97525287 0.19428146 0.10552988
vn 0.00000000 0.00000000 -1.00000000
vn 0.00000000 0.00000000 -1.00000000
vn 0.49345524 -0.73896796 -0.45872463
vn 0.82798997 0.55290082 0.09345205
vn -0.48312542 0.72349865 0.49309181
vn -0.82798997 -0.55290082 0.09345205
vn 0.00000000 0.00000000 -1.00000000
vn 0.00000000 0.00000000 -1.00000000
vn 0.82574878 -0.16449854 -0.53951755
vn 0.19468443 0.97727570 0.08384611
vn -0.80869608 0.16110145 0.56573578
vn -0.19468443 -0.97727570 0.08384611
vn 0.00000000 0.00000000 -1.00000000
vn 0.00000000 0.00000000 -1.00000000
vn 0.71823755 0.47961225 -0.50409019
vn -0.55223018 0.82698565 0.10552988
vn -0.70019799 -0.46756611 0.53954120
vn 0.55223018 -0.82698565 0.10552988
vn 0.00000000 0.00000000 -1.00000000
vn 0.00000000 0.00000000 -1.00000000
vn 0.15894228 0.79785745 -0.58151598
vn -0.97643725 0.19451740 0.09345205
vn -0.15514788 -0.77881039 0.60776929
vn 0.97643725 -0.19451740 0.09345205
vn 0.00000000 0.00000000 -1.00000000
vn 0.00000000 0.00000000 -1.00000000
vn -0.50397911 0.75472785 -0.41998920
vn -0.82870096 -0.55337560 0.08384611
vn 0.49509064 -0.74141703 0.45297467
vn 0.82870096 0.55337560 0.08384611
vn 0.00000000 0.00000000 -1.00000000
vn 0.00000000 0.00000000 -1.00000000
vn -0.76277395 0.15195324 -0.62855876
vn -0.19428146 -0.97525287 0.10552988
vn 0.74162546 -0.14774022 0.65434280
vn 0.19428146 0.97525287 0.10552988
vn 0.00000000 0.00000000 -1.00000000
vn 0.00000000 0.00000000 -1.00000000
vn -0.73896796 -0.49345524 -0.45872463
vn 0.55290082 -0.82798997 0.09345205
vn 0.72349865 0.48312542 0.49309181
vn -0.55290082 0.82798997 0.09345205
vn 0.00000000 0.00000000 -1.00000000
vn 0.00000000 0.00000000 -1.00000000
vn 0.15186989 -0.98248924 -0.10793712
vn 0.98554738 0.15234261 0.07408159
vn -0.15110379 0.97753306 0.14695834
vn -0.98554738 -0.15234261 0.07408159
vn 0.00000000 0.00000000 -1.00000000
vn 0.00000000 0.00000000 -1.00000000
vn -0.06657258 -0.77490772 -0.62855876
vn 0.99076663 -0.08511710 0.10552988
vn 0.06472681 0.75342281 0.65434280
vn -0.99076663 0.08511710 0.10552988
vn 0.00000000 0.00000000 -1.00000000
vn 0.00000000 0.00000000 -1.00000000
vn 0.57223287 -0.67979501 -0.45872463
vn 0.76168858 0.64116864 0.09345205
vn -0.56025394 0.66556441 0.49309181
vn -0.76168858 -0.64116864 0.09345205
vn 0.00000000 0.00000000 -1.00000000
vn 0.00000000 0.00000000 -1.00000000
vn 0.83888432 -0.07206883 -0.53951755
vn 0.08529364 0.99282165 0.08384611
vn -0.82156035 0.07058053 0.56573578
vn -0.08529364 -0.99282165 0.08384611
vn 0.00000000 0.00000000 -1.00000000
vn 0.00000000 0.00000000 -1.00000000
vn 0.66072459 0.55617991 -0.50409019
vn -0.64039093 0.76076468 0.10552988
vn -0.64412956 -0.54221067 0.53954120
vn 0.64039093 -0.76076468 0.10552988
vn 0.00000000 0.00000000 -1.00000000
vn 0.00000000 0.00000000 -1.00000000
vn 0.06963456 0.81054931 -0.58151598
vn -0.99196985 0.08522046 0.09345205
vn -0.06797220 -0.79119926 0.60776929
vn 0.99196985 -0.08522046 0.09345205
vn 0.00000000 0.00000000 -1.00000000
vn 0.00000000 0.00000000 -1.00000000
vn -0.58443682 0.69429293 -0.41998920
vn -0.76234263 -0.64171921 0.08384611
vn 0.57412935 -0.68204797 0.45297467
vn 0.76234263 0.64171921 0.08384611
vn 0.00000000 0.00000000 -1.00000000
vn 0.00000000 0.00000000 -1.00000000
vn -0.77490772 0.06657258 -0.62855876
vn -0.08511710 -0.99076663 0.10552988
vn 0.75342281 -0.06472681 0.65434280
vn 0.08511710 0.99076663 0.10552988
vn 0.00000000 0.00000000 -1.00000000
vn 0.00000000 0.00000000 -1.00000000
vn -0.67979501 -0.57223287 -0.45872463
vn 0.64116864 -0.76168858 0.09345205
vn 0.66556441 0.56025394 0.49309181
vn -0.64116864 0.76168858 0.09345205
vn 0.00000000 0.00000000 -1.00000000
vn 0.00000000 0.00000000 -1.00000000
vn 0.25970752 -0.95963617 -0.10793712
vn 0.96262318 0.26051590 0.07408159
vn -0.25839743 0.95479527 0.14695834
vn -0.96262318 -0.26051590 0.07408159
vn 0.00000000 0.00000000 -1.00000000
vn 0.00000000 0.00000000 -1.00000000
vn -0.26288619 -0.73198684 -0.62855876
vn 0.93588968 -0.33611597 0.10552988
vn 0.25559747 0.71169195 0.65434280
vn -0.93588968 0.33611597 0.10552988
vn 0.00000000 0.00000000 -1.00000000
vn 0.00000000 0.00000000 -1.00000000
vn 0.37896583 -0.80371426 -0.45872463
vn 0.90053614 0.42461910 0.09345205
vn -0.37103269 0.78688958 0.49309181
vn -0.90053614 -0.42461910 0.09345205
vn 0.00000000 0.00000000 -1.00000000
vn 0.00000000 0.00000000 -1.00000000
vn 0.79241988 -0.28459014 -0.53951755
vn 0.33681313 0.93783087 0.08384611
vn -0.77605546 0.27871302 0.56573578
vn -0.33681313 -0.93783087 0.08384611
vn 0.00000000 0.00000000 -1.00000000
vn 0.00000000 0.00000000 -1.00000000
vn 0.78116751 0.36833463 -0.50409019
vn -0.42410406 0.89944382 0.10552988
vn -0.76154738 -0.35908339 0.53954120
vn 0.42410406 -0.89944382 0.10552988
vn 0.00000000 0.00000000 -1.00000000
vn 0.00000000 0.00000000 -1.00000000
vn 0.27497754 0.76565431 -0.58151598
vn -0.93702626 0.33652416 0.09345205
vn -0.26841306 -0.74737602 0.60776929
vn 0.93702626 -0.33652416 0.09345205
vn 0.00000000 0.00000000 -1.00000000
vn 0.00000000 0.00000000 -1.00000000
vn -0.38704800 0.82085499 -0.41998920
vn -0.90130942 -0.42498372 0.08384611
vn 0.38022179 -0.80637791 0.45297467
vn 0.90130942 0.42498372 0.08384611
vn 0.00000000 0.00000000 -1.00000000
vn 0.00000000 0.00000000 -1.00000000
vn -0.73198684 0.26288619 -0.62855876
vn -0.33611597 -0.93588968 0.10552988
vn 0.71169195 -0.25559747 0.65434280
vn 0.33611597 0.93588968 0.10552988
vn 0.00000000 0.00000000 -1.00000000
vn 0.00000000 0.00000000 -1.00000000
vn -0.80371426 -0.37896583 -0.45872463
vn 0.42461910 -0.90053614 0.09345205
vn 0.78688958 0.37103269 0.49309181
vn -0.42461910 0.90053614 0.09345205
vn 0.00000000 0.00000000 -1.00000000
vn 0.00000000 0.00000000 -1.00000000
vn 0.00517500 -0.99414425 -0.10793712
vn 0.99723867 0.00519111 0.07408159
vn -0.00514890 0.98912928 0.14695834
vn -0.99723867 -0.00519111 0.07408159
vn 0.00000000 0.00000000 -1.00000000
vn 0.00000000 0.00000000 -1.00000000
vn 0.54653083 0.55336962 -0.62855876
vn -0.70751671 0.69877289 0.10552988
vn -0.53137784 -0.53802703 0.65434280
vn 0.70751671 -0.69877289 0.10552988
vn 0.00000000 0.00000000 -1.00000000
vn 0.00000000 0.00000000 -1.00000000
vn -0.00552476 0.88856130 -0.45872463
vn -0.99560454 -0.00619032 0.09345205
vn 0.00540911 -0.86996046 0.49309181
vn 0.99560454 0.00619032 0.09345205
vn 0.00000000 0.00000000 -1.00000000
vn 0.00000000 0.00000000 -1.00000000
vn -0.59905597 0.59165257 -0.53951755
vn -0.70022226 -0.70898421 0.08384611
vn 0.58668475 -0.57943423 0.56573578
vn 0.70022226 0.70898421 0.08384611
vn 0.00000000 0.00000000 -1.00000000
vn 0.00000000 0.00000000 -1.00000000
vn -0.86363432 -0.00536977 -0.50409019
vn 0.00618281 -0.99439691 0.10552988
vn 0.84194293 0.00523490 0.53954120
vn -0.00618281 0.99439691 0.10552988
vn 0.00000000 0.00000000 -1.00000000
vn 0.00000000 0.00000000 -1.00000000
vn -0.57166831 -0.57882165 -0.58151598
vn 0.70837594 -0.69962150 0.09345205
vn 0.55802101 0.56500358 0.60776929
vn -0.70837594 0.69962150 0.09345205
vn 0.00000000 0.00000000 -1.00000000
vn 0.00000000 0.00000000 -1.00000000
vn 0.00564259 -0.90751156 -0.41998920
vn 0.99645945 0.00619563 0.08384611
vn -0.00554307 0.89150615 0.45297467
vn -0.99645945 -0.00619563 0.08384611
vn 0.00000000 0.00000000 -1.00000000
vn 0.00000000 0.00000000 -1.00000000
vn 0.55336962 -0.54653083 -0.62855876
vn 0.69877289 0.70751671 0.10552988
vn -0.53802703 0.53137784 0.65434280
vn -0.69877289 -0.70751671 0.10552988
vn 0.00000000 0.00000000 -1.00000000
vn 0.00000000 0.00000000 -1.00000000
vn 0.88856130 0.00552476 -0.45872463
vn -0.00619032 0.99560454 0.09345205
vn -0.86996046 -0.00540911 0.49309181
vn 0.00619032 -0.99560454 0.09345205
vn 0.00000000 0.00000000 -1.00000000
vn 0.00000000 0.00000000 -1.00000000
vn 0.41369473 0.90399461 -0.10793712
vn -0.90680842 0.41498241 0.07408159
vn -0.41160784 -0.89943440 0.14695834
vn 0.90680842 -0.41498241 0.07408159
vn 0.00000000 0.00000000 -1.00000000
vn 0.00000000 0.00000000 -1.00000000
vn 0.44881824 -0.63519767 -0.62855876
vn 0.81213884 0.57384140 0.10552988
vn -0.43637441 0.61758633 0.65434280
vn -0.81213884 -0.57384140 0.10552988
vn 0.00000000 0.00000000 -1.00000000
vn 0.00000000 0.00000000 -1.00000000
vn 0.87572888 -0.15056776 -0.45872463
vn 0.16870637 0.98122621 0.09345205
vn -0.85739666 0.14741583 0.49309181
vn -0.16870637 -0.98122621 0.09345205
vn 0.00000000 0.00000000 -1.00000000
vn 0.00000000 0.00000000 -1.00000000
vn 0.68763976 0.48587279 -0.53951755
vn -0.57503164 0.81382335 0.08384611
vn -0.67343918 -0.47583894 0.56573578
vn 0.57503164 -0.81382335 0.08384611
vn 0.00000000 0.00000000 -1.00000000
vn 0.00000000 0.00000000 -1.00000000
vn 0.14634386 0.85116189 -0.50409019
vn -0.98003603 0.16850173 0.10552988
vn -0.14266822 -0.82978375 0.53954120
vn 0.98003603 -0.16850173 0.10552988
vn 0.00000000 0.00000000 -1.00000000
vn 0.00000000 0.00000000 -1.00000000
vn -0.46946146 0.66441335 -0.58151598
vn -0.81312512 -0.57453829 0.09345205
vn 0.45825412 -0.64855196 0.60776929
vn 0.81312512 0.57453829 0.09345205
vn 0.00000000 0.00000000 -1.00000000
vn 0.00000000 0.00000000 -1.00000000
vn -0.89440546 0.15377891 -0.41998920
vn -0.16885123 -0.98206878 0.08384611
vn 0.87863120 -0.15106677 0.45297467
vn 0.16885123 0.98206878 0.08384611
vn 0.00000000 0.00000000 -1.00000000
vn 0.00000000 0.00000000 -1.00000000
vn -0.63519767 -0.44881824 -0.62855876
vn 0.57384140 -0.81213884 0.10552988
vn 0.61758633 0.43637441 0.65434280
vn -0.57384140 0.81213884 0.10552988
vn 0.00000000 0.00000000 -1.00000000
vn 0.00000000 0.00000000 -1.00000000
vn -0.15056776 -0.87572888 -0.45872463
vn 0.98122621 -0.16870637 0.09345205
vn 0.14741583 0.85739666 0.49309181
vn -0.98122621 0.16870637 0.09345205
vn 0.00000000 0.00000000 -1.00000000
vn 0.00000000 0.00000000 -1.00000000
vn 0.81731913 -0.56598499 -0.10793712
vn 0.56774670 0.81986316 0.07408159
vn -0.81319616 0.56312987 0.14695834
vn -0.56774670 -0.81986316 0.07408159
vn 0.00000000 0.00000000 -1.00000000
vn 0.00000000 0.00000000 -1.00000000
vn -0.10122704 0.77114653 -0.62855876
vn -0.98595772 -0.12942492 0.10552988
vn 0.09842044 -0.74976591 0.65434280
vn 0.98595772 0.12942492 0.10552988
vn 0.00000000 0.00000000 -1.00000000
vn 0.00000000 0.00000000 -1.00000000
vn -0.70475232 0.54119856 -0.45872463
vn -0.60639568 -0.78965245 0.09345205
vn 0.68999927 -0.52986929 0.49309181
vn 0.60639568 0.78965245 0.09345205
vn 0.00000000 0.00000000 -1.00000000
vn 0.00000000 0.00000000 -1.00000000
vn -0.83481260 -0.10958437 -0.53951755
vn 0.12969337 -0.98800276 0.08384611
vn 0.81757273 0.10732132 0.56573578
vn -0.12969337 0.98800276 0.08384611
vn 0.00000000 0.00000000 -1.00000000
vn 0.00000000 0.00000000 -1.00000000
vn -0.52601621 -0.68498177 -0.50409019
vn 0.78869463 -0.60566015 0.10552988
vn 0.51280457 0.66777748 0.53954120
vn -0.78869463 0.60566015 0.10552988
vn 0.00000000 0.00000000 -1.00000000
vn 0.00000000 0.00000000 -1.00000000
vn 0.10588294 -0.80661513 -0.58151598
vn 0.98715510 0.12958210 0.09345205
vn -0.10335522 0.78735900 0.60776929
vn -0.98715510 -0.12958210 0.09345205
vn 0.00000000 0.00000000 -1.00000000
vn 0.00000000 0.00000000 -1.00000000
vn 0.71978250 -0.55274065 -0.41998920
vn 0.60691639 0.79033052 0.08384611
vn -0.70708799 0.54299219 0.45297467
vn -0.60691639 -0.79033052 0.08384611
vn 0.00000000 0.00000000 -1.00000000
vn 0.00000000 0.00000000 -1.00000000
vn 0.77114653 0.10122704 -0.62855876
vn -0.12942492 0.98595772 0.10552988
vn -0.74976591 -0.09842044 0.65434280
vn 0.12942492 -0.98595772 0.10552988
vn 0.00000000 0.00000000 -1.00000000
vn 0.00000000 0.00000000 -1.00000000
vn 0.54119856 0.70475232 -0.45872463
vn -0.78965245 0.60639568 0.09345205
vn -0.52986929 -0.68999927 0.49309181
vn 0.78965245 -0.60639568 0.09345205
vn 0.00000000 0.00000000 -1.00000000
vn 0.00000000 0.00000000 -1.00000000
vn -0.45954153 0.88157312 -0.10793712
vn -0.88431714 -0.46097193 0.07408159
vn 0.45722338 -0.87712601 0.14695834
vn 0.88431714 0.46097193 0.07408159
vn 0.00000000 0.00000000 -1.00000000
vn 0.00000000 0.00000000 -1.00000000
vn -0.71699595 0.30138131 -0.62855876
vn -0.38533433 -0.91672291 0.10552988
vn 0.69711669 -0.29302528 0.65434280
vn 0.38533433 0.91672291 0.10552988
vn 0.00000000 0.00000000 -1.00000000
vn 0.00000000 0.00000000 -1.00000000
vn -0.82270229 -0.33575683 -0.45872463
vn 0.37620479 -0.92181162 0.09345205
vn 0.80548012 0.32872821 0.49309181
vn -0.37620479 0.92181162 0.09345205
vn 0.00000000 0.00000000 -1.00000000
vn 0.00000000 0.00000000 -1.00000000
vn -0.32626343 -0.77619134 -0.53951755
vn 0.91862435 -0.38613357 0.08384611
vn 0.31952570 0.76016206 0.56573578
vn -0.91862435 0.38613357 0.08384611
vn 0.00000000 0.00000000 -1.00000000
vn 0.00000000 0.00000000 -1.00000000
vn 0.32633778 -0.79962287 -0.50409019
vn 0.92069350 0.37574847 0.10552988
vn -0.31814134 0.77953921 0.53954120
vn -0.92069350 -0.37574847 0.10552988
vn 0.00000000 0.00000000 -1.00000000
vn 0.00000000 0.00000000 -1.00000000
vn 0.74997391 -0.31524323 -0.58151598
vn 0.38580229 0.91783621 0.09345205
vn -0.73206996 0.30771750 0.60776929
vn -0.38580229 -0.91783621 0.09345205
vn 0.00000000 0.00000000 -1.00000000
vn 0.00000000 0.00000000 -1.00000000
vn 0.84024798 0.34291748 -0.41998920
vn -0.37652784 0.92260317 0.08384611
vn -0.82542888 -0.33686959 0.45297467
vn 0.37652784 -0.92260317 0.08384611
vn 0.00000000 0.00000000 -1.00000000
vn 0.00000000 0.00000000 -1.00000000
vn 0.30138131 0.71699595 -0.62855876
vn -0.91672291 0.38533433 0.10552988
vn -0.29302528 -0.69711669 0.65434280
vn 0.91672291 -0.38533433 0.10552988
vn 0.00000000 0.00000000 -1.00000000
vn 0.00000000 0.00000000 -1.00000000
vn -0.33575683 0.82270229 -0.45872463
vn -0.92181162 -0.37620479 0.09345205
vn 0.32872821 -0.80548012 0.49309181
vn 0.92181162 0.37620479 0.09345205
vn 0.00000000 0.00000000 -1.00000000
vn 0.00000000 0.00000000 -1.00000000
vn -0.99301667 0.04761790 -0.10793712
vn -0.04776611 -0.99610758 0.07408159
vn 0.98800739 -0.04737768 0.14695834
vn 0.04776611 0.99610758 0.07408159
vn 0.00000000 0.00000000 -1.00000000
vn 0.00000000 0.00000000 -1.00000000
vn 0.77190199 0.09529537 -0.62855876
vn -0.12184093 0.98692362 0.10552988
vn -0.75050042 -0.09265324 0.65434280
vn 0.12184093 -0.98692362 0.10552988
vn 0.00000000 0.00000000 -1.00000000
vn 0.00000000 0.00000000 -1.00000000
vn 0.54660079 0.70057069 -0.45872463
vn -0.78496706 0.61244871 0.09345205
vn -0.53515843 -0.68590518 0.49309181
vn 0.78496706 -0.61244871 0.09345205
vn 0.00000000 0.00000000 -1.00000000
vn 0.00000000 0.00000000 -1.00000000
vn -0.10316299 0.83563043 -0.53951755
vn -0.98897066 -0.12209365 0.08384611
vn 0.10103255 -0.81837366 0.56573578
vn 0.98897066 0.12209365 0.08384611
vn 0.00000000 0.00000000 -1.00000000
vn 0.00000000 0.00000000 -1.00000000
vn -0.68091745 0.53126689 -0.50409019
vn -0.61170584 -0.78401493 0.10552988
vn 0.66381524 -0.51792337 0.53954120
vn 0.61170584 0.78401493 0.10552988
vn 0.00000000 0.00000000 -1.00000000
vn 0.00000000 0.00000000 -1.00000000
vn -0.80740533 -0.09967845 -0.58151598
vn 0.12198890 -0.98812217 0.09345205
vn 0.78813033 0.09729885 0.60776929
vn -0.12198890 0.98812217 0.09345205
vn 0.00000000 0.00000000 -1.00000000
vn 0.00000000 0.00000000 -1.00000000
vn -0.55825809 -0.71551169 -0.41998920
vn 0.78564111 -0.61297462 0.08384611
vn 0.54841232 0.70289250 0.45297467
vn -0.78564111 0.61297462 0.08384611
vn 0.00000000 0.00000000 -1.00000000
vn 0.00000000 0.00000000 -1.00000000
vn 0.09529537 -0.77190199 -0.62855876
vn 0.98692362 0.12184093 0.10552988
vn -0.09265324 0.75050042 0.65434280
vn -0.98692362 -0.12184093 0.10552988
vn 0.00000000 0.00000000 -1.00000000
vn 0.00000000 0.00000000 -1.00000000
vn 0.70057069 -0.54660079 -0.45872463
vn 0.61244871 0.78496706 0.09345205
vn -0.68590518 0.53515843 0.49309181
vn -0.61244871 -0.78496706 0.09345205
vn 0.00000000 0.00000000 -1.00000000
vn 0.00000000 0.00000000 -1.00000000
vn 0.88508008 0.45275030 -0.10793712
vn -0.45415956 0.88783501 0.07408159
vn -0.88061528 -0.45046641 0.14695834
vn 0.45415956 -0.88783501 0.07408159
vn 0.00000000 0.00000000 -1.00000000
vn 0.00000000 0.00000000 -1.00000000
vn 0.77487423 -0.06696122 -0.62855876
vn 0.08561399 0.99072382 0.10552988
vn -0.75339026 0.06510467 0.65434280
vn -0.08561399 -0.99072382 0.10552988
vn 0.00000000 0.00000000 -1.00000000
vn 0.00000000 0.00000000 -1.00000000
vn 0.68008192 0.57189186 -0.45872463
vn -0.64078654 0.76201005 0.09345205
vn -0.66584532 -0.55992006 0.49309181
vn 0.64078654 -0.76201005 0.09345205
vn 0.00000000 0.00000000 -1.00000000
vn 0.00000000 0.00000000 -1.00000000
vn 0.07248956 0.83884807 -0.53951755
vn -0.99277874 0.08579157 0.08384611
vn -0.07099256 -0.82152485 0.56573578
vn 0.99277874 -0.08579157 0.08384611
vn 0.00000000 0.00000000 -1.00000000
vn 0.00000000 0.00000000 -1.00000000
vn -0.55584846 0.66100345 -0.50409019
vn -0.76108577 -0.64000930 0.10552988
vn 0.54188754 -0.64440142 0.53954120
vn 0.76108577 0.64000930 0.10552988
vn 0.00000000 0.00000000 -1.00000000
vn 0.00000000 0.00000000 -1.00000000
vn -0.81051429 0.07004108 -0.58151598
vn -0.08571797 -0.99192699 0.09345205
vn 0.79116507 -0.06836901 0.60776929
vn 0.08571797 0.99192699 0.09345205
vn 0.00000000 0.00000000 -1.00000000
vn 0.00000000 0.00000000 -1.00000000
vn -0.69458596 -0.58408853 -0.41998920
vn 0.64133678 -0.76266439 0.08384611
vn 0.68233583 0.57378721 0.45297467
vn -0.64133678 0.76266439 0.08384611
vn 0.00000000 0.00000000 -1.00000000
vn 0.00000000 0.00000000 -1.00000000
vn -0.06696122 -0.77487423 -0.62855876
vn 0.99072382 -0.08561399 0.10552988
vn 0.06510467 0.75339026 0.65434280
vn -0.99072382 0.08561399 0.10552988
vn 0.00000000 0.00000000 -1.00000000
vn 0.00000000 0.00000000 -1.00000000
vn 0.57189186 -0.68008192 -0.45872463
vn 0.76201005 0.64078654 0.09345205
vn -0.55992006 0.66584532 0.49309181
vn -0.76201005 -0.64078654 0.09345205
vn 0.00000000 0.00000000 -1.00000000
vn 0.00000000 0.00000000 -1.00000000
vn 0.95976630 0.25922619 -0.10793712
vn -0.26003308 0.96275372 0.07408159
vn -0.95492475 -0.25791853 0.14695834
vn 0.26003308 -0.96275372 0.07408159
vn 0.00000000 0.00000000 -1.00000000
vn 0.00000000 0.00000000 -1.00000000
vn 0.64883148 0.42887246 -0.62855876
vn -0.54833952 0.82957050 0.10552988
vn -0.63084214 -0.41698165 0.65434280
vn 0.54833952 -0.82957050 0.10552988
vn 0.00000000 0.00000000 -1.00000000
vn 0.00000000 0.00000000 -1.00000000
vn 0.17769524 0.87062972 -0.45872463
vn -0.97551277 0.19910184 0.09345205
vn -0.17397543 -0.85240426 0.49309181
vn 0.97551277 -0.19910184 0.09345205
vn 0.00000000 0.00000000 -1.00000000
vn 0.00000000 0.00000000 -1.00000000
vn -0.46428029 0.70239919 -0.53951755
vn -0.83129117 -0.54947687 0.08384611
vn 0.45469235 -0.68789381 0.56573578
vn 0.83129117 0.54947687 0.08384611
vn 0.00000000 0.00000000 -1.00000000
vn 0.00000000 0.00000000 -1.00000000
vn -0.84620578 0.17271032 -0.50409019
vn -0.19886033 -0.97432952 0.10552988
vn 0.82495213 -0.16837246 0.53954120
vn 0.19886033 0.97432952 0.10552988
vn 0.00000000 0.00000000 -1.00000000
vn 0.00000000 0.00000000 -1.00000000
vn -0.67867425 -0.44859829 -0.58151598
vn 0.54900544 -0.83057796 0.09345205
vn 0.66247242 0.43788901 0.60776929
vn -0.54900544 0.83057796 0.09345205
vn 0.00000000 0.00000000 -1.00000000
vn 0.00000000 0.00000000 -1.00000000
vn -0.18148493 -0.88919756 -0.41998920
vn 0.97635044 -0.19927280 0.08384611
vn 0.17828415 0.87351514 0.45297467
vn -0.97635044 0.19927280 0.08384611
vn 0.00000000 0.00000000 -1.00000000
vn 0.00000000 0.00000000 -1.00000000
vn 0.42887246 -0.64883148 -0.62855876
vn 0.82957050 0.54833952 0.10552988
vn -0.41698165 0.63084214 0.65434280
vn -0.82957050 -0.54833952 0.10552988
vn 0.00000000 0.00000000 -1.00000000
vn 0.00000000 0.00000000 -1.00000000
vn 0.87062972 -0.17769524 -0.45872463
vn 0.19910184 0.97551277 0.09345205
vn -0.85240426 0.17397543 0.49309181
vn -0.19910184 -0.97551277 0.09345205
vn 0.00000000 0.00000000 -1.00000000
vn 0.00000000 0.00000000 -1.00000000
vn 0.59109783 0.79934531 -0.10793712
vn -0.80183340 0.59293771 0.07408159
vn -0.58811603 -0.79531301 0.14695834
vn 0.80183340 -0.59293771 0.07408159
vn 0.00000000 0.00000000 -1.00000000
vn 0.00000000 0.00000000 -1.00000000
vn -0.77244947 0.09075075 -0.62855876
vn -0.11603036 -0.98762361 0.10552988
vn 0.75103272 -0.08823462 0.65434280
vn 0.11603036 0.98762361 0.10552988
vn 0.00000000 0.00000000 -1.00000000
vn 0.00000000 0.00000000 -1.00000000
vn -0.69734158 -0.55071448 -0.45872463
vn 0.61705797 -0.78134895 0.09345205
vn 0.68274367 0.53918601 0.49309181
vn -0.61705797 0.78134895 0.09345205
vn 0.00000000 0.00000000 -1.00000000
vn 0.00000000 0.00000000 -1.00000000
vn -0.09824316 -0.83622311 -0.53951755
vn 0.98967211 -0.11627102 0.08384611
vn 0.09621432 0.81895411 0.56573578
vn -0.98967211 0.11627102 0.08384611
vn 0.00000000 0.00000000 -1.00000000
vn 0.00000000 0.00000000 -1.00000000
vn 0.53526518 -0.67777892 -0.50409019
vn 0.78040121 0.61630950 0.10552988
vn -0.52182124 0.66075555 0.53954120
vn -0.78040121 -0.61630950 0.10552988
vn 0.00000000 0.00000000 -1.00000000
vn 0.00000000 0.00000000 -1.00000000
vn 0.80797800 -0.09492480 -0.58151598
vn 0.11617127 0.98882301 0.09345205
vn -0.78868933 0.09265868 0.60776929
vn -0.11617127 -0.98882301 0.09345205
vn 0.00000000 0.00000000 -1.00000000
vn 0.00000000 0.00000000 -1.00000000
vn 0.71221371 0.56245951 -0.41998920
vn -0.61758783 0.78201989 0.08384611
vn -0.69965269 -0.55253964 0.45297467
vn 0.61758783 -0.78201989 0.08384611
vn 0.00000000 0.00000000 -1.00000000
vn 0.00000000 0.00000000 -1.00000000
vn 0.09075075 0.77244947 -0.62855876
vn -0.98762361 0.11603036 0.10552988
vn -0.08823462 -0.75103272 0.65434280
vn 0.98762361 -0.11603036 0.10552988
vn 0.00000000 0.00000000 -1.00000000
vn 0.00000000 0.00000000 -1.00000000
vn -0.55071448 0.69734158 -0.45872463
vn -0.78134895 -0.61705797 0.09345205
vn 0.53918601 -0.68274367 0.49309181
vn 0.78134895 0.61705797 0.09345205
vn 0.00000000 0.00000000 -1.00000000
vn 0.00000000 0.00000000 -1.00000000
vn -0.96728180 -0.22959854 -0.10793712
vn 0.23031320 -0.97029261 0.07408159
vn 0.96240234 0.22844033 0.14695834
vn -0.23031320 0.97029261 0.07408159
vn 0.00000000 0.00000000 -1.00000000
vn 0.00000000 0.00000000 -1.00000000
vn -0.72254822 -0.28781583 -0.62855876
vn 0.36799004 -0.92382183 0.10552988
vn 0.70251502 0.27983592 0.65434280
vn -0.36799004 0.92382183 0.10552988
vn 0.00000000 0.00000000 -1.00000000
vn 0.00000000 0.00000000 -1.00000000
vn -0.35120122 -0.81622878 -0.45872463
vn 0.91455825 -0.39350974 0.09345205
vn 0.34384929 0.79914212 0.49309181
vn -0.91455825 0.39350974 0.09345205
vn 0.00000000 0.00000000 -1.00000000
vn 0.00000000 0.00000000 -1.00000000
vn 0.31157799 -0.78220200 -0.53951755
vn 0.92573799 0.36875331 0.08384611
vn -0.30514353 0.76604860 0.56573578
vn -0.92573799 -0.36875331 0.08384611
vn 0.00000000 0.00000000 -1.00000000
vn 0.00000000 0.00000000 -1.00000000
vn 0.79333096 -0.34134891 -0.50409019
vn 0.39303243 0.91344893 0.10552988
vn -0.77340533 0.33277544 0.53954120
vn -0.39303243 -0.91344893 0.10552988
vn 0.00000000 0.00000000 -1.00000000
vn 0.00000000 0.00000000 -1.00000000
vn 0.75578156 0.30105381 -0.58151598
vn -0.36843694 0.92494375 0.09345205
vn -0.73773896 -0.29386683 0.60776929
vn 0.36843694 -0.92494375 0.09345205
vn 0.00000000 0.00000000 -1.00000000
vn 0.00000000 0.00000000 -1.00000000
vn 0.35869125 0.83363641 -0.41998920
vn -0.91534358 0.39384764 0.08384611
vn -0.35236516 -0.81893390 0.45297467
vn 0.91534358 -0.39384764 0.08384611
vn 0.00000000 0.00000000 -1.00000000
vn 0.00000000 0.00000000 -1.00000000
vn -0.28781583 0.72254822 -0.62855876
vn -0.92382183 -0.36799004 0.10552988
vn 0.27983592 -0.70251502 0.65434280
vn 0.92382183 0.36799004 0.10552988
vn 0.00000000 0.00000000 -1.00000000
vn 0.00000000 0.00000000 -1.00000000
vn -0.81622878 0.35120122 -0.45872463
vn -0.39350974 -0.91455825 0.09345205
vn 0.79914212 -0.34384929 0.49309181
vn 0.39350974 0.91455825 0.09345205
vn 0.00000000 0.00000000 -1.00000000
vn 0.00000000 0.00000000 -1.00000000
vn -0.74143733 -0.66228413 -0.10793712
vn 0.66434559 -0.74374515 0.07408159
vn 0.73769713 0.65894324 0.14695834
vn -0.66434559 0.74374515 0.07408159
vn 0.00000000 0.00000000 -1.00000000
vn 0.00000000 0.00000000 -1.00000000
vn 0.44791124 -0.63583756 -0.62855876
vn 0.81295698 0.57268176 0.10552988
vn -0.43549256 0.61820848 0.65434280
vn -0.81295698 -0.57268176 0.10552988
vn 0.00000000 0.00000000 -1.00000000
vn 0.00000000 0.00000000 -1.00000000
vn 0.87551310 -0.15181742 -0.45872463
vn 0.17010657 0.98098444 0.09345205
vn -0.85718540 0.14863933 0.49309181
vn -0.17010657 -0.98098444 0.09345205
vn 0.00000000 0.00000000 -1.00000000
vn 0.00000000 0.00000000 -1.00000000
vn 0.68833248 0.48489092 -0.53951755
vn -0.57386960 0.81464318 0.08384611
vn -0.67411760 -0.47487735 0.56573578
vn 0.57386960 -0.81464318 0.08384611
vn 0.00000000 0.00000000 -1.00000000
vn 0.00000000 0.00000000 -1.00000000
vn 0.14755846 0.85095216 -0.50409019
vn -0.97979455 0.16990024 0.10552988
vn -0.14385232 -0.82957929 0.53954120
vn 0.97979455 -0.16990024 0.10552988
vn 0.00000000 0.00000000 -1.00000000
vn 0.00000000 0.00000000 -1.00000000
vn -0.46851276 0.66508267 -0.58151598
vn -0.81394426 -0.57337724 0.09345205
vn 0.45732806 -0.64920531 0.60776929
vn 0.81394426 0.57337724 0.09345205
vn 0.00000000 0.00000000 -1.00000000
vn 0.00000000 0.00000000 -1.00000000
vn -0.89418508 0.15505522 -0.41998920
vn -0.17025264 -0.98182680 0.08384611
vn 0.87841470 -0.15232057 0.45297467
vn 0.17025264 0.98182680 0.08384611
vn 0.00000000 0.00000000 -1.00000000
vn 0.00000000 0.00000000 -1.00000000
vn -0.63583756 -0.44791124 -0.62855876
vn 0.57268176 -0.81295698 0.10552988
vn 0.61820848 0.43549256 0.65434280
vn -0.57268176 0.81295698 0.10552988
vn 0.00000000 0.00000000 -1.00000000
vn 0.00000000 0.00000000 -1.00000000
vn -0.15181742 -0.87551310 -0.45872463
vn 0.98098444 -0.17010657 0.09345205
vn 0.14863933 0.85718540 0.49309181
vn -0.98098444 0.17010657 0.09345205
vn 0.00000000 0.00000000 -1.00000000
vn 0.00000000 0.00000000 -1.00000000
vn 0.81651055 -0.56715087 -0.10793712
vn 0.56891620 0.81905206 0.07408159
vn -0.81239165 0.56428986 0.14695834
vn -0.56891620 -0.81905206 0.07408159
vn 0.00000000 0.00000000 -1.00000000
vn 0.00000000 0.00000000 -1.00000000
vn 0.53565603 -0.56390292 -0.62855876
vn 0.72098417 0.68486880 0.10552988
vn -0.52080456 0.54826828 0.65434280
vn -0.72098417 -0.68486880 0.10552988
vn 0.00000000 0.00000000 -1.00000000
vn 0.00000000 0.00000000 -1.00000000
vn 0.88828542 -0.02281942 -0.45872463
vn 0.02556843 0.99529542 0.09345205
vn -0.86969035 0.02234173 0.49309181
vn -0.02556843 -0.99529542 0.09345205
vn 0.00000000 0.00000000 -1.00000000
vn 0.00000000 0.00000000 -1.00000000
vn 0.61045890 0.57987994 -0.53951755
vn -0.68628933 0.72247961 0.08384611
vn -0.59785220 -0.56790473 0.56573578
vn 0.68628933 -0.72247961 0.08384611
vn 0.00000000 0.00000000 -1.00000000
vn 0.00000000 0.00000000 -1.00000000
vn 0.02217926 0.86336618 -0.50409019
vn -0.99408817 0.02553742 0.10552988
vn -0.02162220 -0.84168152 0.53954120
vn 0.99408817 -0.02553742 0.10552988
vn 0.00000000 0.00000000 -1.00000000
vn 0.00000000 0.00000000 -1.00000000
vn -0.56029333 0.58983943 -0.58151598
vn -0.72185975 -0.68570053 0.09345205
vn 0.54691758 -0.57575833 0.60776929
vn 0.72185975 0.68570053 0.09345205
vn 0.00000000 0.00000000 -1.00000000
vn 0.00000000 0.00000000 -1.00000000
vn -0.90722979 0.02330609 -0.41998920
vn -0.02559039 -0.99615007 0.08384611
vn 0.89122936 -0.02289505 0.45297467
vn 0.02559039 0.99615007 0.08384611
vn 0.00000000 0.00000000 -1.00000000
vn 0.00000000 0.00000000 -1.00000000
vn -0.56390292 -0.53565603 -0.62855876
vn 0.68486880 -0.72098417 0.10552988
vn 0.54826828 0.52080456 0.65434280
vn -0.68486880 0.72098417 0.10552988
vn 0.00000000 0.00000000 -1.00000000
vn 0.00000000 0.00000000 -1.00000000
vn -0.02281942 -0.88828542 -0.45872463
vn 0.99529542 -0.02556843 0.09345205
vn 0.02234173 0.86969035 0.49309181
vn -0.99529542 0.02556843 0.09345205
vn 0.00000000 0.00000000 -1.00000000
vn 0.00000000 0.00000000 -1.00000000
vn 0.89033953 -0.44231787 -0.10793712
vn 0.44369465 0.89311084 0.07408159
vn -0.88584820 0.44008659 0.14695834
vn -0.44369465 -0.89311084 0.07408159
vn 0.00000000 0.00000000 -1.00000000
vn 0.00000000 0.00000000 -1.00000000
vn -0.52828570 -0.57081355 -0.62855876
vn 0.72981982 -0.67544539 0.10552988
vn 0.51363858 0.55498730 0.65434280
vn -0.72981982 0.67544539 0.10552988
vn 0.00000000 0.00000000 -1.00000000
vn 0.00000000 0.00000000 -1.00000000
vn 0.03435638 -0.88791405 -0.45872463
vn 0.99487931 0.03849522 0.09345205
vn -0.03363717 0.86932675 0.49309181
vn -0.99487931 -0.03849522 0.09345205
vn 0.00000000 0.00000000 -1.00000000
vn 0.00000000 0.00000000 -1.00000000
vn 0.61794007 -0.57190112 -0.53951755
vn 0.67684637 0.73133359 0.08384611
vn -0.60517887 0.56009067 0.56573578
vn -0.67684637 -0.73133359 0.08384611
vn 0.00000000 0.00000000 -1.00000000
vn 0.00000000 0.00000000 -1.00000000
vn 0.86300522 0.03339257 -0.50409019
vn -0.03844853 0.99367256 0.10552988
vn -0.84132963 -0.03255387 0.53954120
vn 0.03844853 -0.99367256 0.10552988
vn 0.00000000 0.00000000 -1.00000000
vn 0.00000000 0.00000000 -1.00000000
vn 0.55258401 0.59706790 -0.58151598
vn -0.73070614 0.67626567 0.09345205
vn -0.53939230 -0.58281424 0.60776929
vn 0.73070614 -0.67626567 0.09345205
vn 0.00000000 0.00000000 -1.00000000
vn 0.00000000 0.00000000 -1.00000000
vn -0.03508909 0.90685050 -0.41998920
vn -0.99573360 -0.03852828 0.08384611
vn 0.03447024 -0.89085675 0.45297467
vn 0.99573360 0.03852828 0.08384611
vn 0.00000000 0.00000000 -1.00000000
vn 0.00000000 0.00000000 -1.00000000
vn -0.57081355 0.52828570 -0.62855876
vn -0.67544539 -0.72981982 0.10552988
vn 0.55498730 -0.51363858 0.65434280
vn 0.67544539 0.72981982 0.10552988
vn 0.00000000 0.00000000 -1.00000000
vn 0.00000000 0.00000000 -1.00000000
vn -0.88791405 -0.03435638 -0.45872463
vn 0.03849522 -0.99487931 0.09345205
vn 0.86932675 0.03363717 0.49309181
vn -0.03849522 0.99487931 0.09345205
vn 0.00000000 0.00000000 -1.00000000
vn 0.00000000 0.00000000 -1.00000000
vn -0.38414150 -0.91694323 -0.10793712
vn 0.91979735 -0.38533719 0.07408159
vn 0.38220369 0.91231770 0.14695834
vn -0.91979735 0.38533719 0.07408159
vn 0.00000000 0.00000000 -1.00000000
vn 0.00000000 0.00000000 -1.00000000
vn -0.59701375 -0.49848617 -0.62855876
vn 0.63734488 -0.76331838 0.10552988
vn 0.58046109 0.48466527 0.65434280
vn -0.63734488 0.76331838 0.10552988
vn 0.00000000 0.00000000 -1.00000000
vn 0.00000000 0.00000000 -1.00000000
vn -0.07959611 -0.88500631 -0.45872463
vn 0.99162128 -0.08918489 0.09345205
vn 0.07792987 0.86647989 0.49309181
vn -0.99162128 0.08918489 0.09345205
vn 0.00000000 0.00000000 -1.00000000
vn 0.00000000 0.00000000 -1.00000000
vn 0.53964133 -0.64630337 -0.53951755
vn 0.76490163 0.63866684 0.08384611
vn -0.52849709 0.63295644 0.56573578
vn -0.76490163 -0.63866684 0.08384611
vn 0.00000000 0.00000000 -1.00000000
vn 0.00000000 0.00000000 -1.00000000
vn 0.86017906 -0.07736318 -0.50409019
vn 0.08907671 0.99041849 0.10552988
vn -0.83857445 0.07542009 0.53954120
vn -0.08907671 -0.99041849 0.10552988
vn 0.00000000 0.00000000 -1.00000000
vn 0.00000000 0.00000000 -1.00000000
vn 0.62447318 0.52141386 -0.58151598
vn -0.63811889 0.76424538 0.09345205
vn -0.60956528 -0.50896627 0.60776929
vn 0.63811889 -0.76424538 0.09345205
vn 0.00000000 0.00000000 -1.00000000
vn 0.00000000 0.00000000 -1.00000000
vn 0.08129364 0.90388075 -0.41998920
vn -0.99247278 0.08926147 0.08384611
vn -0.07985990 -0.88793938 0.45297467
vn 0.99247278 -0.08926147 0.08384611
vn 0.00000000 0.00000000 -1.00000000
vn 0.00000000 0.00000000 -1.00000000
vn -0.49848617 0.59701375 -0.62855876
vn -0.76331838 -0.63734488 0.10552988
vn 0.48466527 -0.58046109 0.65434280
vn 0.76331838 0.63734488 0.10552988
vn 0.00000000 0.00000000 -1.00000000
vn 0.00000000 0.00000000 -1.00000000
vn -0.88500631 0.07959611 -0.45872463
vn -0.08918489 -0.99162128 0.09345205
vn 0.86647989 -0.07792987 0.49309181
vn 0.08918489 0.99162128 0.09345205
vn 0.00000000 0.00000000 -1.00000000
vn 0.00000000 0.00000000 -1.00000000
vn -0.49836676 -0.86022099 -0.10793712
vn 0.86289856 -0.49991799 0.07408159
vn 0.49585273 0.85588160 0.14695834
vn -0.86289856 0.49991799 0.07408159
vn 0.00000000 0.00000000 -1.00000000
vn 0.00000000 0.00000000 -1.00000000
vn 0.20212925 0.75103771 -0.62855876
vn -0.96024738 0.25843454 0.10552988
vn -0.19652507 -0.73021462 0.65434280
vn 0.96024738 -0.25843454 0.10552988
vn 0.00000000 0.00000000 -1.00000000
vn 0.00000000 0.00000000 -1.00000000
vn -0.44343906 0.77002176 -0.45872463
vn -0.86278477 -0.49685929 0.09345205
vn 0.43415625 -0.75390239 0.49309181
vn 0.86278477 0.49685929 0.09345205
vn 0.00000000 0.00000000 -1.00000000
vn 0.00000000 0.00000000 -1.00000000
vn -0.81304360 0.21881710 -0.53951755
vn -0.25897058 -0.96223909 0.08384611
vn 0.79625328 -0.21429827 0.56573578
vn 0.25897058 0.96223909 0.08384611
vn 0.00000000 0.00000000 -1.00000000
vn 0.00000000 0.00000000 -1.00000000
vn -0.74842020 -0.43099918 -0.50409019
vn 0.49625662 -0.86173825 0.10552988
vn 0.72962256 0.42017402 0.53954120
vn -0.49625662 0.86173825 0.10552988
vn 0.00000000 0.00000000 -1.00000000
vn 0.00000000 0.00000000 -1.00000000
vn -0.21142612 -0.78558142 -0.58151598
vn 0.96141353 -0.25874839 0.09345205
vn 0.20637879 0.76682742 0.60776929
vn -0.96141353 0.25874839 0.09345205
vn 0.00000000 0.00000000 -1.00000000
vn 0.00000000 0.00000000 -1.00000000
vn 0.45289624 -0.78644394 -0.41998920
vn 0.86352564 0.49728594 0.08384611
vn -0.44490869 0.77257375 0.45297467
vn -0.86352564 -0.49728594 0.08384611
vn 0.00000000 0.00000000 -1.00000000
vn 0.00000000 0.00000000 -1.00000000
vn 0.75103771 -0.20212925 -0.62855876
vn 0.25843454 0.96024738 0.10552988
vn -0.73021462 0.19652507 0.65434280
vn -0.25843454 -0.96024738 0.10552988
vn 0.00000000 0.00000000 -1.00000000
vn 0.00000000 0.00000000 -1.00000000
vn 0.77002176 0.44343906 -0.45872463
vn -0.49685929 0.86278477 0.09345205
vn -0.75390239 -0.43415625 0.49309181
vn 0.49685929 -0.86278477 0.09345205
vn 0.00000000 0.00000000 -1.00000000
vn 0.00000000 0.00000000 -1.00000000
vn -0.08647788 0.99038940 -0.10793712
vn -0.99347213 -0.08674706 0.07408159
vn 0.08604165 -0.98539336 0.14695834
vn 0.99347213 0.08674706 0.07408159
vn 0.00000000 0.00000000 -1.00000000
vn 0.00000000 0.00000000 -1.00000000
vn -0.46727341 -0.62174709 -0.62855876
vn 0.79494145 -0.59743747 0.10552988
vn 0.45431790 0.60450868 0.65434280
vn -0.79494145 0.59743747 0.10552988
vn 0.00000000 0.00000000 -1.00000000
vn 0.00000000 0.00000000 -1.00000000
vn 0.12479250 -0.87977187 -0.45872463
vn 0.98575626 0.13982601 0.09345205
vn -0.12218014 0.86135502 0.49309181
vn -0.98575626 -0.13982601 0.09345205
vn 0.00000000 0.00000000 -1.00000000
vn 0.00000000 0.00000000 -1.00000000
vn 0.67307870 -0.50585164 -0.53951755
vn 0.59867665 0.79659029 0.08384611
vn -0.65917882 0.49540520 0.56573578
vn -0.59867665 -0.79659029 0.08384611
vn 0.00000000 0.00000000 -1.00000000
vn 0.00000000 0.00000000 -1.00000000
vn 0.85509146 0.12129168 -0.50409019
vn -0.13965641 0.98456058 0.10552988
vn -0.83361463 -0.11824526 0.53954120
vn 0.13965641 -0.98456058 0.10552988
vn 0.00000000 0.00000000 -1.00000000
vn 0.00000000 0.00000000 -1.00000000
vn 0.48876548 0.65034412 -0.58151598
vn -0.79590686 0.59816301 0.09345205
vn -0.47709730 -0.63481860 0.60776929
vn 0.79590686 -0.59816301 0.09345205
vn 0.00000000 0.00000000 -1.00000000
vn 0.00000000 0.00000000 -1.00000000
vn -0.12745394 0.89853468 -0.41998920
vn -0.98660272 -0.13994608 0.08384611
vn 0.12520609 -0.88268759 0.45297467
vn 0.98660272 0.13994608 0.08384611
vn 0.00000000 0.00000000 -1.00000000
vn 0.00000000 0.00000000 -1.00000000
vn -0.62174709 0.46727341 -0.62855876
vn -0.59743747 -0.79494145 0.10552988
vn 0.60450868 -0.45431790 0.65434280
vn 0.59743747 0.79494145 0.10552988
vn 0.00000000 0.00000000 -1.00000000
vn 0.00000000 0.00000000 -1.00000000
vn -0.87977187 -0.12479250 -0.45872463
vn 0.13982601 -0.98575626 0.09345205
vn 0.86135502 0.12218014 0.49309181
vn -0.13982601 0.98575626 0.09345205
vn 0.00000000 0.00000000 -1.00000000
vn 0.00000000 0.00000000 -1.00000000
vn -0.28855777 -0.95135902 -0.10793712
vn 0.95432027 -0.28945594 0.07408159
vn 0.28710213 0.94655988 0.14695834
vn -0.95432027 0.28945594 0.07408159
vn 0.00000000 0.00000000 -1.00000000
vn 0.00000000 0.00000000 -1.00000000
vn 0.73933291 0.24145544 -0.62855876
vn -0.30871546 0.94528208 0.10552988
vn -0.71883435 -0.23476090 0.65434280
vn 0.30871546 -0.94528208 0.10552988
vn 0.00000000 0.00000000 -1.00000000
vn 0.00000000 0.00000000 -1.00000000
vn 0.40221336 0.79233587 -0.45872463
vn -0.88778701 0.45066722 0.09345205
vn -0.39379357 -0.77574937 0.49309181
vn 0.88778701 -0.45066722 0.09345205
vn 0.00000000 0.00000000 -1.00000000
vn 0.00000000 0.00000000 -1.00000000
vn -0.26139006 0.80037244 -0.53951755
vn -0.94724275 -0.30935578 0.08384611
vn 0.25599205 -0.78384380 0.56573578
vn 0.94724275 0.30935578 0.08384611
vn 0.00000000 0.00000000 -1.00000000
vn 0.00000000 0.00000000 -1.00000000
vn -0.77010832 0.39093000 -0.50409019
vn -0.45012058 -0.88671016 0.10552988
vn 0.75076596 -0.38111124 0.53954120
vn 0.45012058 0.88671016 0.10552988
vn 0.00000000 0.00000000 -1.00000000
vn 0.00000000 0.00000000 -1.00000000
vn -0.77333826 -0.25256109 -0.58151598
vn 0.30909037 -0.94643006 0.09345205
vn 0.75487653 0.24653176 0.60776929
vn -0.30909037 0.94643006 0.09345205
vn 0.00000000 0.00000000 -1.00000000
vn 0.00000000 0.00000000 -1.00000000
vn -0.41079133 -0.80923393 -0.41998920
vn 0.88854934 -0.45105420 0.08384611
vn 0.40354637 0.79496181 0.45297467
vn -0.88854934 0.45105420 0.08384611
vn 0.00000000 0.00000000 -1.00000000
vn 0.00000000 0.00000000 -1.00000000
vn 0.24145544 -0.73933291 -0.62855876
vn 0.94528208 0.30871546 0.10552988
vn -0.23476090 0.71883435 0.65434280
vn -0.94528208 -0.30871546 0.10552988
vn 0.00000000 0.00000000 -1.00000000
vn 0.00000000 0.00000000 -1.00000000
vn 0.79233587 -0.40221336 -0.45872463
vn 0.45066722 0.88778701 0.09345205
vn -0.77574937 0.39379357 0.49309181
vn -0.45066722 -0.88778701 0.09345205
vn 0.00000000 0.00000000 -1.00000000
vn 0.00000000 0.00000000 -1.00000000
vn 0.78191110 0.61397444 -0.10793712
vn -0.61588553 0.78434491 0.07408159
vn -0.77796674 -0.61087724 0.14695834
vn 0.61588553 -0.78434491 0.07408159
vn 0.00000000 0.00000000 -1.00000000
vn 0.00000000 0.00000000 -1.00000000
vn -0.15633800 0.76188734 -0.62855876
vn -0.97411928 -0.19988764 0.10552988
vn 0.15200341 -0.74076343 0.65434280
vn 0.97411928 0.19988764 0.10552988
vn 0.00000000 0.00000000 -1.00000000
vn 0.00000000 0.00000000 -1.00000000
vn -0.74179395 0.48919674 -0.45872463
vn -0.54812930 -0.83115641 0.09345205
vn 0.72626549 -0.47895606 0.49309181
vn 0.54812930 0.83115641 0.09345205
vn 0.00000000 0.00000000 -1.00000000
vn 0.00000000 0.00000000 -1.00000000
vn -0.82478897 -0.16924531 -0.53951755
vn 0.20030224 -0.97613977 0.08384611
vn 0.80775609 0.16575019 0.56573578
vn -0.20030224 0.97613977 0.08384611
vn 0.00000000 0.00000000 -1.00000000
vn 0.00000000 0.00000000 -1.00000000
vn -0.47547321 -0.72098427 -0.50409019
vn 0.83014825 -0.54746445 0.10552988
vn 0.46353102 0.70287573 0.53954120
vn -0.83014825 0.54746445 0.10552988
vn 0.00000000 0.00000000 -1.00000000
vn 0.00000000 0.00000000 -1.00000000
vn 0.16352871 -0.79693006 -0.58151598
vn 0.97530228 0.20013039 0.09345205
vn -0.15962483 0.77790514 0.60776929
vn -0.97530228 -0.20013039 0.09345205
vn 0.00000000 0.00000000 -1.00000000
vn 0.00000000 0.00000000 -1.00000000
vn 0.75761412 -0.49962978 -0.41998920
vn 0.54859998 0.83187012 0.08384611
vn -0.74425239 0.49081802 0.45297467
vn -0.54859998 -0.83187012 0.08384611
vn 0.00000000 0.00000000 -1.00000000
vn 0.00000000 0.00000000 -1.00000000
vn 0.76188734 0.15633800 -0.62855876
vn -0.19988764 0.97411928 0.10552988
vn -0.74076343 -0.15200341 0.65434280
vn 0.19988764 -0.97411928 0.10552988
vn 0.00000000 0.00000000 -1.00000000
vn 0.00000000 0.00000000 -1.00000000
vn 0.48919674 0.74179395 -0.45872463
vn -0.83115641 0.54812930 0.09345205
vn -0.47895606 -0.72626549 0.49309181
vn 0.83115641 -0.54812930 0.09345205
vn 0.00000000 0.00000000 -1.00000000
vn 0.00000000 0.00000000 -1.00000000
vn -0.52165676 0.84630007 -0.10793712
vn -0.84893429 -0.52328050 0.07408159
vn 0.51902527 -0.84203089 0.14695834
vn 0.84893429 0.52328050 0.07408159
vn 0.00000000 0.00000000 -1.00000000
vn 0.00000000 0.00000000 -1.00000000
vn 0.49880984 -0.59674336 -0.62855876
vn 0.76297266 0.63775870 0.10552988
vn -0.48497995 0.58019819 0.65434280
vn -0.76297266 -0.63775870 0.10552988
vn 0.00000000 0.00000000 -1.00000000
vn 0.00000000 0.00000000 -1.00000000
vn 0.88504934 -0.07911619 -0.45872463
vn 0.08864717 0.99166950 0.09345205
vn -0.86652202 0.07746000 0.49309181
vn -0.08864717 -0.99166950 0.09345205
vn 0.00000000 0.00000000 -1.00000000
vn 0.00000000 0.00000000 -1.00000000
vn 0.64601065 0.53999171 -0.53951755
vn -0.63908152 0.76455519 0.08384611
vn -0.63266976 -0.52884024 0.56573578
vn 0.63908152 -0.76455519 0.08384611
vn 0.00000000 0.00000000 -1.00000000
vn 0.00000000 0.00000000 -1.00000000
vn 0.07689673 0.86022089 -0.50409019
vn -0.99046665 0.08853964 0.10552988
vn -0.07496536 -0.83861522 0.53954120
vn 0.99046665 -0.08853964 0.10552988
vn 0.00000000 0.00000000 -1.00000000
vn 0.00000000 0.00000000 -1.00000000
vn -0.52175241 0.62419035 -0.58151598
vn -0.76389924 -0.63853322 0.09345205
vn 0.50929674 -0.60928920 0.60776929
vn 0.76389924 0.63853322 0.09345205
vn 0.00000000 0.00000000 -1.00000000
vn 0.00000000 0.00000000 -1.00000000
vn -0.90392470 0.08080350 -0.41998920
vn -0.08872329 -0.99252104 0.08384611
vn 0.88798255 -0.07937840 0.45297467
vn 0.08872329 0.99252104 0.08384611
vn 0.00000000 0.00000000 -1.00000000
vn 0.00000000 0.00000000 -1.00000000
vn -0.59674336 -0.49880984 -0.62855876
vn 0.63775870 -0.76297266 0.10552988
vn 0.58019819 0.48497995 0.65434280
vn -0.63775870 0.76297266 0.10552988
vn 0.00000000 0.00000000 -1.00000000
vn 0.00000000 0.00000000 -1.00000000
vn -0.07911619 -0.88504934 -0.45872463
vn 0.99166950 -0.08864717 0.09345205
vn 0.07746000 0.86652202 0.49309181
vn -0.99166950 0.08864717 0.09345205
vn 0.00000000 0.00000000 -1.00000000
vn 0.00000000 0.00000000 -1.00000000
vn 0.86049111 -0.49790022 -0.10793712
vn 0.49945001 0.86316951 0.07408159
vn -0.85615035 0.49538855 0.14695834
vn -0.49945001 -0.86316951 0.07408159
vn 0.00000000 0.00000000 -1.00000000
vn 0.00000000 0.00000000 -1.00000000
vn 0.30370640 -0.71601418 -0.62855876
vn 0.91546767 0.38830709 0.10552988
vn -0.29528591 0.69616214 0.65434280
vn -0.91546767 -0.38830709 0.10552988
vn 0.00000000 0.00000000 -1.00000000
vn 0.00000000 0.00000000 -1.00000000
vn 0.82378751 -0.33308537 -0.45872463
vn 0.37321150 0.92302757 0.09345205
vn -0.80654262 0.32611267 0.49309181
vn -0.37321150 -0.92302757 0.09345205
vn 0.00000000 0.00000000 -1.00000000
vn 0.00000000 0.00000000 -1.00000000
vn 0.77512851 0.32878048 -0.53951755
vn -0.38911251 0.91736650 0.08384611
vn -0.75912118 -0.32199077 0.56573578
vn 0.38911251 -0.91736650 0.08384611
vn 0.00000000 0.00000000 -1.00000000
vn 0.00000000 0.00000000 -1.00000000
vn 0.32374126 0.80067764 -0.50409019
vn -0.92190797 0.37275882 0.10552988
vn -0.31561004 -0.78056748 0.53954120
vn 0.92190797 -0.37275882 0.10552988
vn 0.00000000 0.00000000 -1.00000000
vn 0.00000000 0.00000000 -1.00000000
vn -0.31767526 0.74894699 -0.58151598
vn -0.91657944 -0.38877867 0.09345205
vn 0.31009147 -0.73106755 0.60776929
vn 0.91657944 0.38877867 0.09345205
vn 0.00000000 0.00000000 -1.00000000
vn 0.00000000 0.00000000 -1.00000000
vn -0.84135634 0.34018904 -0.41998920
vn -0.37353198 -0.92382016 0.08384611
vn 0.82651768 -0.33418927 0.45297467
vn 0.37353198 0.92382016 0.08384611
vn 0.00000000 0.00000000 -1.00000000
vn 0.00000000 0.00000000 -1.00000000
vn -0.71601418 -0.30370640 -0.62855876
vn 0.38830709 -0.91546767 0.10552988
vn 0.69616214 0.29528591 0.65434280
vn -0.38830709 0.91546767 0.10552988
vn 0.00000000 0.00000000 -1.00000000
vn 0.00000000 0.00000000 -1.00000000
vn -0.33308537 -0.82378751 -0.45872463
vn 0.92302757 -0.37321150 0.09345205
vn 0.32611267 0.80654262 0.49309181
vn -0.92302757 0.37321150 0.09345205
vn 0.00000000 0.00000000 -1.00000000
vn 0.00000000 0.00000000 -1.00000000
vn 0.67850058 -0.72662683 -0.10793712
vn 0.72888855 0.68061252 0.07408159
vn -0.67507788 0.72296134 0.14695834
vn -0.72888855 -0.68061252 0.07408159
vn 0.00000000 0.00000000 -1.00000000
vn 0.00000000 0.00000000 -1.00000000
vn 0.25407776 -0.73509073 -0.62855876
vn 0.93985819 0.32485386 0.10552988
vn -0.24703326 0.71470978 0.65434280
vn -0.93985819 -0.32485386 0.10552988
vn 0.00000000 0.00000000 -1.00000000
vn 0.00000000 0.00000000 -1.00000000
vn 0.79910581 -0.38858927 -0.45872463
vn 0.43540185 0.89537251 0.09345205
vn -0.78237760 0.38045467 0.49309181
vn -0.43540185 -0.89537251 0.09345205
vn 0.00000000 0.00000000 -1.00000000
vn 0.00000000 0.00000000 -1.00000000
vn 0.79578002 0.27505449 -0.53951755
vn -0.32552766 0.94180761 0.08384611
vn -0.77934621 -0.26937428 0.56573578
vn 0.32552766 -0.94180761 0.08384611
vn 0.00000000 0.00000000 -1.00000000
vn 0.00000000 0.00000000 -1.00000000
vn 0.37768810 0.77668834 -0.50409019
vn -0.89428647 0.43487373 0.10552988
vn -0.36820193 -0.75718071 0.53954120
vn 0.89428647 -0.43487373 0.10552988
vn 0.00000000 0.00000000 -1.00000000
vn 0.00000000 0.00000000 -1.00000000
vn -0.26576397 0.76890095 -0.58151598
vn -0.94099958 -0.32524837 0.09345205
vn 0.25941945 -0.75054516 0.60776929
vn 0.94099958 0.32524837 0.09345205
vn 0.00000000 0.00000000 -1.00000000
vn 0.00000000 0.00000000 -1.00000000
vn -0.81614826 0.39687667 -0.41998920
vn -0.43577573 -0.89614136 0.08384611
vn 0.80175419 -0.38987712 0.45297467
vn 0.43577573 0.89614136 0.08384611
vn 0.00000000 0.00000000 -1.00000000
vn 0.00000000 0.00000000 -1.00000000
vn -0.73509073 -0.25407776 -0.62855876
vn 0.32485386 -0.93985819 0.10552988
vn 0.71470978 0.24703326 0.65434280
vn -0.32485386 0.93985819 0.10552988
vn 0.00000000 0.00000000 -1.00000000
vn 0.00000000 0.00000000 -1.00000000
vn -0.38858927 -0.79910581 -0.45872463
vn 0.89537251 -0.43540185 0.09345205
vn 0.38045467 0.78237760 0.49309181
vn -0.89537251 0.43540185 0.09345205
vn 0.00000000 0.00000000 -1.00000000
vn 0.00000000 0.00000000 -1.00000000
vn 0.62727112 -0.77128498 -0.10793712
vn 0.77368572 0.62922359 0.07408159
vn -0.62410685 0.76739422 0.14695834
vn -0.77368572 -0.62922359 0.07408159
vn 0.00000000 0.00000000 -1.00000000
vn 0.00000000 0.00000000 -1.00000000
vn -0.70374715 0.33114019 -0.62855876
vn -0.42338287 -0.89978352 0.10552988
vn 0.68423523 -0.32195908 0.65434280
vn 0.42338287 0.89978352 0.10552988
vn 0.00000000 0.00000000 -1.00000000
vn 0.00000000 0.00000000 -1.00000000
vn -0.83604007 -0.30101281 -0.45872463
vn 0.33727523 -0.93675618 0.09345205
vn 0.81853869 0.29471151 0.49309181
vn -0.33727523 0.93675618 0.09345205
vn 0.00000000 0.00000000 -1.00000000
vn 0.00000000 0.00000000 -1.00000000
vn -0.35847922 -0.76184871 -0.53951755
vn 0.90164982 -0.42426104 0.08384611
vn 0.35107620 0.74611563 0.56573578
vn -0.90164982 0.42426104 0.08384611
vn 0.00000000 0.00000000 -1.00000000
vn 0.00000000 0.00000000 -1.00000000
vn 0.29256844 -0.81258648 -0.50409019
vn 0.93561993 0.33686613 0.10552988
vn -0.28522017 0.79217722 0.53954120
vn -0.93561993 -0.33686613 0.10552988
vn 0.00000000 0.00000000 -1.00000000
vn 0.00000000 0.00000000 -1.00000000
vn 0.73611574 -0.34637087 -0.58151598
vn 0.42389704 0.90087625 0.09345205
vn -0.71854262 0.33810204 0.60776929
vn -0.42389704 -0.90087625 0.09345205
vn 0.00000000 0.00000000 -1.00000000
vn 0.00000000 0.00000000 -1.00000000
vn 0.85387021 0.30743248 -0.41998920
vn -0.33756485 0.93756056 0.08384611
vn -0.83881086 -0.30201042 0.45297467
vn 0.33756485 -0.93756056 0.08384611
vn 0.00000000 0.00000000 -1.00000000
vn 0.00000000 0.00000000 -1.00000000
vn 0.33114019 0.70374715 -0.62855876
vn -0.89978352 0.42338287 0.10552988
vn -0.32195908 -0.68423523 0.65434280
vn 0.89978352 -0.42338287 0.10552988
vn 0.00000000 0.00000000 -1.00000000
vn 0.00000000 0.00000000 -1.00000000
vn -0.30101281 0.83604007 -0.45872463
vn -0.93675618 -0.33727523 0.09345205
vn 0.29471151 -0.81853869 0.49309181
vn 0.93675618 0.33727523 0.09345205
vn 0.00000000 0.00000000 -1.00000000
vn 0.00000000 0.00000000 -1.00000000
vn -0.99015178 0.08915735 -0.10793712
vn -0.08943486 -0.99323377 0.07408159
vn 0.98515695 -0.08870759 0.14695834
vn 0.08943486 0.99323377 0.07408159
vn 0.00000000 0.00000000 -1.00000000
vn 0.00000000 0.00000000 -1.00000000
vn -0.77774107 0.00571930 -0.62855876
vn -0.00731248 -0.99438925 0.10552988
vn 0.75617761 -0.00556073 0.65434280
vn 0.00731248 0.99438925 0.10552988
vn 0.00000000 0.00000000 -1.00000000
vn 0.00000000 0.00000000 -1.00000000
vn -0.63292326 -0.62368251 -0.45872463
vn 0.69881631 -0.70917027 0.09345205
vn 0.61967385 0.61062655 0.49309181
vn -0.69881631 0.70917027 0.09345205
vn 0.00000000 0.00000000 -1.00000000
vn 0.00000000 0.00000000 -1.00000000
vn -0.00619149 -0.84195159 -0.53951755
vn 0.99645177 -0.00732765 0.08384611
vn 0.00606363 0.82456428 0.56573578
vn -0.99645177 0.00732765 0.08384611
vn 0.00000000 0.00000000 -1.00000000
vn 0.00000000 0.00000000 -1.00000000
vn 0.60618622 -0.61516774 -0.50409019
vn 0.70831008 0.69796868 0.10552988
vn -0.59096100 0.59971693 0.53954120
vn -0.70831008 -0.69796868 0.10552988
vn 0.00000000 0.00000000 -1.00000000
vn 0.00000000 0.00000000 -1.00000000
vn 0.81351298 -0.00598236 -0.58151598
vn 0.00732136 0.99559686 0.09345205
vn -0.79409218 0.00583955 0.60776929
vn -0.00732136 -0.99559686 0.09345205
vn 0.00000000 0.00000000 -1.00000000
vn 0.00000000 0.00000000 -1.00000000
vn 0.64642154 0.63698372 -0.41998920
vn -0.69941638 0.70977923 0.08384611
vn -0.63502087 -0.62574950 0.45297467
vn 0.69941638 -0.70977923 0.08384611
vn 0.00000000 0.00000000 -1.00000000
vn 0.00000000 0.00000000 -1.00000000
vn 0.00571930 0.77774107 -0.62855876
vn -0.99438925 0.00731248 0.10552988
vn -0.00556073 -0.75617761 0.65434280
vn 0.99438925 -0.00731248 0.10552988
vn 0.00000000 0.00000000 -1.00000000
vn 0.00000000 0.00000000 -1.00000000
vn -0.62368251 0.63292326 -0.45872463
vn -0.70917027 -0.69881631 0.09345205
vn 0.61062655 -0.61967385 0.49309181
vn 0.70917027 0.69881631 0.09345205
vn 0.00000000 0.00000000 -1.00000000
vn 0.00000000 0.00000000 -1.00000000
vn -0.93636617 -0.33401793 -0.10793712
vn 0.33505761 -0.93928074 0.07408159
vn 0.93164266 0.33233298 0.14695834
vn -0.33505761 0.93928074 0.07408159
vn 0.00000000 0.00000000 -1.00000000
vn 0.00000000 0.00000000 -1.00000000
vn -0.20028375 0.75153197 -0.62855876
vn -0.96087932 -0.25607495 0.10552988
vn 0.19473073 -0.73069518 0.65434280
vn 0.96087932 0.25607495 0.10552988
vn 0.00000000 0.00000000 -1.00000000
vn 0.00000000 0.00000000 -1.00000000
vn -0.76893015 0.44532925 -0.45872463
vn -0.49897719 -0.86156165 0.09345205
vn 0.75283363 -0.43600687 0.49309181
vn 0.49897719 0.86156165 0.09345205
vn 0.00000000 0.00000000 -1.00000000
vn 0.00000000 0.00000000 -1.00000000
vn -0.81357866 -0.21681923 -0.53951755
vn 0.25660609 -0.96287234 0.08384611
vn 0.79677729 0.21234166 0.56573578
vn -0.25660609 0.96287234 0.08384611
vn 0.00000000 0.00000000 -1.00000000
vn 0.00000000 0.00000000 -1.00000000
vn -0.43283634 -0.74735921 -0.50409019
vn 0.86051662 -0.49837195 0.10552988
vn 0.42196504 0.72858822 0.53954120
vn -0.86051662 0.49837195 0.10552988
vn 0.00000000 0.00000000 -1.00000000
vn 0.00000000 0.00000000 -1.00000000
vn 0.20949573 -0.78609841 -0.58151598
vn 0.96204624 0.25638594 0.09345205
vn -0.20449448 0.76733206 0.60776929
vn -0.96204624 -0.25638594 0.09345205
vn 0.00000000 0.00000000 -1.00000000
vn 0.00000000 0.00000000 -1.00000000
vn 0.78532905 -0.45482674 -0.41998920
vn 0.49940565 0.86230147 0.08384611
vn -0.77147852 0.44680515 0.45297467
vn -0.49940565 -0.86230147 0.08384611
vn 0.00000000 0.00000000 -1.00000000
vn 0.00000000 0.00000000 -1.00000000
vn 0.75153197 0.20028375 -0.62855876
vn -0.25607495 0.96087932 0.10552988
vn -0.73069518 -0.19473073 0.65434280
vn 0.25607495 -0.96087932 0.10552988
vn 0.00000000 0.00000000 -1.00000000
vn 0.00000000 0.00000000 -1.00000000
vn 0.44532925 0.76893015 -0.45872463
vn -0.86156165 0.49897719 0.09345205
vn -0.43600687 -0.75283363 0.49309181
vn 0.86156165 -0.49897719 0.09345205
vn 0.00000000 0.00000000 -1.00000000
vn 0.00000000 0.00000000 -1.00000000
vn -0.56988510 0.81460454 -0.10793712
vn -0.81714011 -0.57165896 0.07408159
vn 0.56701032 -0.81049525 0.14695834
vn 0.81714011 0.57165896 0.07408159
vn 0.00000000 0.00000000 -1.00000000
vn 0.00000000 0.00000000 -1.00000000
vn 0.76979539 -0.11103580 -0.62855876
vn 0.14196602 0.98423020 0.10552988
vn -0.74845222 0.10795725 0.65434280
vn -0.14196602 -0.98423020 0.10552988
vn 0.00000000 0.00000000 -1.00000000
vn 0.00000000 0.00000000 -1.00000000
vn 0.71158486 0.53218296 -0.45872463
vn -0.59629399 0.79730809 0.09345205
vn -0.69668878 -0.52104242 0.49309181
vn 0.59629399 -0.79730809 0.09345205
vn 0.00000000 0.00000000 -1.00000000
vn 0.00000000 0.00000000 -1.00000000
vn 0.12020295 0.83334991 -0.53951755
vn -0.98627166 0.14226048 0.08384611
vn -0.11772061 -0.81614024 0.56573578
vn 0.98627166 -0.14226048 0.08384611
vn 0.00000000 0.00000000 -1.00000000
vn 0.00000000 0.00000000 -1.00000000
vn -0.51725353 0.69162263 -0.50409019
vn -0.79634099 -0.59557071 0.10552988
vn 0.50426197 -0.67425155 0.53954120
vn 0.79634099 0.59557071 0.10552988
vn 0.00000000 0.00000000 -1.00000000
vn 0.00000000 0.00000000 -1.00000000
vn -0.80520184 0.11614285 -0.58151598
vn -0.14213843 -0.98542548 0.09345205
vn 0.78597944 -0.11337020 0.60776929
vn 0.14213843 0.98542548 0.09345205
vn 0.00000000 0.00000000 -1.00000000
vn 0.00000000 0.00000000 -1.00000000
vn -0.72676076 -0.54353277 -0.41998920
vn 0.59680603 -0.79799273 0.08384611
vn 0.71394318 0.53394671 0.45297467
vn -0.59680603 0.79799273 0.08384611
vn 0.00000000 0.00000000 -1.00000000
vn 0.00000000 0.00000000 -1.00000000
vn -0.11103580 -0.76979539 -0.62855876
vn 0.98423020 -0.14196602 0.10552988
vn 0.10795725 0.74845222 0.65434280
vn -0.98423020 0.14196602 0.10552988
vn 0.00000000 0.00000000 -1.00000000
vn 0.00000000 0.00000000 -1.00000000
vn 0.53218296 -0.71158486 -0.45872463
vn 0.79730809 0.59629399 0.09345205
vn -0.52104242 0.69668878 0.49309181
vn -0.79730809 -0.59629399 0.09345205
vn 0.00000000 0.00000000 -1.00000000
vn 0.00000000 0.00000000 -1.00000000
vn 0.97298593 0.20407832 -0.10793712
vn -0.20471355 0.97601449 0.07408159
vn -0.96807769 -0.20304885 0.14695834
vn 0.20471355 -0.97601449 0.07408159
vn 0.00000000 0.00000000 -1.00000000
vn 0.00000000 0.00000000 -1.00000000
vn 0.73636160 0.25037069 -0.62855876
vn -0.32011414 0.94148307 0.10552988
vn -0.71594541 -0.24342897 0.65434280
vn 0.32011414 -0.94148307 0.10552988
vn 0.00000000 0.00000000 -1.00000000
vn 0.00000000 0.00000000 -1.00000000
vn 0.39261073 0.79713771 -0.45872463
vn -0.89316732 0.43990777 0.09345205
vn -0.38439195 -0.78045070 0.49309181
vn 0.89316732 -0.43990777 0.09345205
vn 0.00000000 0.00000000 -1.00000000
vn 0.00000000 0.00000000 -1.00000000
vn -0.27104136 0.79715582 -0.53951755
vn -0.94343587 -0.32077811 0.08384611
vn 0.26544403 -0.78069360 0.56573578
vn 0.94343587 0.32077811 0.08384611
vn 0.00000000 0.00000000 -1.00000000
vn 0.00000000 0.00000000 -1.00000000
vn -0.77477545 0.38159675 -0.50409019
vn -0.43937418 -0.89208395 0.10552988
vn 0.75531587 -0.37201240 0.53954120
vn 0.43937418 0.89208395 0.10552988
vn 0.00000000 0.00000000 -1.00000000
vn 0.00000000 0.00000000 -1.00000000
vn -0.77023028 -0.26188639 -0.58151598
vn 0.32050290 -0.94262644 0.09345205
vn 0.75184275 0.25563444 0.60776929
vn -0.32050290 0.94262644 0.09345205
vn 0.00000000 0.00000000 -1.00000000
vn 0.00000000 0.00000000 -1.00000000
vn -0.40098390 -0.81413818 -0.41998920
vn 0.89393428 -0.44028552 0.08384611
vn 0.39391191 0.79977956 0.45297467
vn -0.89393428 0.44028552 0.08384611
vn 0.00000000 0.00000000 -1.00000000
vn 0.00000000 0.00000000 -1.00000000
vn 0.25037069 -0.73636160 -0.62855876
vn 0.94148307 0.32011414 0.10552988
vn -0.24342897 0.71594541 0.65434280
vn -0.94148307 -0.32011414 0.10552988
vn 0.00000000 0.00000000 -1.00000000
vn 0.00000000 0.00000000 -1.00000000
vn 0.79713771 -0.39261073 -0.45872463
vn 0.43990777 0.89316732 0.09345205
vn -0.78045070 0.38439195 0.49309181
vn -0.43990777 -0.89316732 0.09345205
vn 0.00000000 0.00000000 -1.00000000
vn 0.00000000 0.00000000 -1.00000000
vn 0.77443578 0.62337694 -0.10793712
vn -0.62531729 0.77684632 0.07408159
vn -0.77052912 -0.62023231 0.14695834
vn 0.62531729 -0.77684632 0.07408159
vn 0.00000000 0.00000000 -1.00000000
vn 0.00000000 0.00000000 -1.00000000
vn -0.59896129 0.49614440 -0.62855876
vn -0.63435078 -0.76580842 0.10552988
vn 0.58235463 -0.48238841 0.65434280
vn 0.63435078 0.76580842 0.10552988
vn 0.00000000 0.00000000 -1.00000000
vn 0.00000000 0.00000000 -1.00000000
vn -0.88468782 -0.08306125 -0.45872463
vn 0.09306748 -0.99126442 0.09345205
vn 0.86616807 0.08132248 0.49309181
vn -0.09306748 0.99126442 0.09345205
vn 0.00000000 0.00000000 -1.00000000
vn 0.00000000 0.00000000 -1.00000000
vn -0.53710622 -0.64841170 -0.53951755
vn 0.76739683 -0.63566652 0.08384611
vn 0.52601433 0.63502122 0.56573578
vn -0.76739683 0.63566652 0.08384611
vn 0.00000000 0.00000000 -1.00000000
vn 0.00000000 0.00000000 -1.00000000
vn 0.08073112 -0.85986951 -0.50409019
vn 0.99006206 0.09295459 0.10552988
vn -0.07870344 0.83827267 0.53954120
vn -0.99006206 -0.09295459 0.10552988
vn 0.00000000 0.00000000 -1.00000000
vn 0.00000000 0.00000000 -1.00000000
vn 0.62651029 -0.51896437 -0.58151598
vn 0.63512115 0.76673844 0.09345205
vn -0.61155376 0.50657526 0.60776929
vn -0.63512115 -0.76673844 0.09345205
vn 0.00000000 0.00000000 -1.00000000
vn 0.00000000 0.00000000 -1.00000000
vn 0.90355547 0.08483269 -0.41998920
vn -0.09314740 0.99211561 0.08384611
vn -0.88761983 -0.08333653 0.45297467
vn 0.09314740 -0.99211561 0.08384611
vn 0.00000000 0.00000000 -1.00000000
vn 0.00000000 0.00000000 -1.00000000
vn 0.49614440 0.59896129 -0.62855876
vn -0.76580842 0.63435078 0.10552988
vn -0.48238841 -0.58235463 0.65434280
vn 0.76580842 -0.63435078 0.10552988
vn 0.00000000 0.00000000 -1.00000000
vn 0.00000000 0.00000000 -1.00000000
vn -0.08306125 0.88468782 -0.45872463
vn -0.99126442 -0.09306748 0.09345205
vn 0.08132248 -0.86616807 0.49309181
vn 0.99126442 0.09306748 0.09345205
vn 0.00000000 0.00000000 -1.00000000
vn 0.00000000 0.00000000 -1.00000000
vn -0.93665356 0.33321117 -0.10793712
vn -0.33424834 -0.93956903 0.07408159
vn 0.93192860 -0.33153028 0.14695834
vn 0.33424834 0.93956903 0.07408159
vn 0.00000000 0.00000000 -1.00000000
vn 0.00000000 0.00000000 -1.00000000
vn 0.43571457 -0.64425670 -0.62855876
vn 0.82372136 0.55708757 0.10552988
vn -0.42363405 0.62639419 0.65434280
vn -0.82372136 -0.55708757 0.10552988
vn 0.00000000 0.00000000 -1.00000000
vn 0.00000000 0.00000000 -1.00000000
vn 0.87246140 -0.16847203 -0.45872463
vn 0.18876753 0.97756511 0.09345205
vn -0.85419758 0.16494530 0.49309181
vn -0.18876753 -0.97756511 0.09345205
vn 0.00000000 0.00000000 -1.00000000
vn 0.00000000 0.00000000 -1.00000000
vn 0.69744671 0.47168729 -0.53951755
vn -0.55824306 0.82542989 0.08384611
vn -0.68304360 -0.46194638 0.56573578
vn 0.55824306 -0.82542989 0.08384611
vn 0.00000000 0.00000000 -1.00000000
vn 0.00000000 0.00000000 -1.00000000
vn 0.16374585 0.84798607 -0.50409019
vn -0.97637936 0.18853856 0.10552988
vn -0.15963315 -0.82668770 0.53954120
vn 0.97637936 -0.18853856 0.10552988
vn 0.00000000 0.00000000 -1.00000000
vn 0.00000000 0.00000000 -1.00000000
vn -0.45575510 0.67388905 -0.58151598
vn -0.82472171 -0.55776412 0.09345205
vn 0.44487497 -0.65780145 0.60776929
vn 0.82472171 0.55776412 0.09345205
vn 0.00000000 0.00000000 -1.00000000
vn 0.00000000 0.00000000 -1.00000000
vn -0.89106829 0.17206502 -0.41998920
vn -0.18892962 -0.97840453 0.08384611
vn 0.87535289 -0.16903038 0.45297467
vn 0.18892962 0.97840453 0.08384611
vn 0.00000000 0.00000000 -1.00000000
vn 0.00000000 0.00000000 -1.00000000
vn -0.64425670 -0.43571457 -0.62855876
vn 0.55708757 -0.82372136 0.10552988
vn 0.62639419 0.42363405 0.65434280
vn -0.55708757 0.82372136 0.10552988
vn 0.00000000 0.00000000 -1.00000000
vn 0.00000000 0.00000000 -1.00000000
vn -0.16847203 -0.87246140 -0.45872463
vn 0.97756511 -0.18876753 0.09345205
vn 0.16494530 0.85419758 0.49309181
vn -0.97756511 0.18876753 0.09345205
vn 0.00000000 0.00000000 -1.00000000
vn 0.00000000 0.00000000 -1.00000000
vn 0.80555572 -0.58260583 -0.10793712
vn 0.58441927 0.80806314 0.07408159
vn -0.80149209 0.57966686 0.14695834
vn -0.58441927 -0.80806314 0.07408159
vn 0.00000000 0.00000000 -1.00000000
vn 0.00000000 0.00000000 -1.00000000
vn -0.73862157 0.24362278 -0.62855876
vn -0.31148654 -0.94437259 0.10552988
vn 0.71814272 -0.23686816 0.65434280
vn 0.31148654 0.94437259 0.10552988
vn 0.00000000 0.00000000 -1.00000000
vn 0.00000000 0.00000000 -1.00000000
vn -0.79351211 -0.39988780 -0.45872463
vn 0.44806149 -0.88910495 0.09345205
vn 0.77690099 0.39151668 0.49309181
vn -0.44806149 0.88910495 0.09345205
vn 0.00000000 0.00000000 -1.00000000
vn 0.00000000 0.00000000 -1.00000000
vn -0.26373635 -0.79960237 -0.53951755
vn 0.94633137 -0.31213261 0.08384611
vn 0.25828988 0.78308963 0.56573578
vn -0.94633137 0.31213261 0.08384611
vn 0.00000000 0.00000000 -1.00000000
vn 0.00000000 0.00000000 -1.00000000
vn 0.38866967 -0.77125156 -0.50409019
vn 0.88802650 0.44751802 0.10552988
vn -0.37890768 0.75188049 0.53954120
vn -0.88802650 -0.44751802 0.10552988
vn 0.00000000 0.00000000 -1.00000000
vn 0.00000000 0.00000000 -1.00000000
vn 0.77259420 -0.25482812 -0.58151598
vn 0.31186482 0.94551946 0.09345205
vn -0.75415024 0.24874467 0.60776929
vn -0.31186482 -0.94551946 0.09345205
vn 0.00000000 0.00000000 -1.00000000
vn 0.00000000 0.00000000 -1.00000000
vn 0.81043526 0.40841616 -0.41998920
vn -0.44844624 0.88986842 0.08384611
vn -0.79614195 -0.40121310 0.45297467
vn 0.44844624 -0.88986842 0.08384611
vn 0.00000000 0.00000000 -1.00000000
vn 0.00000000 0.00000000 -1.00000000
vn 0.24362278 0.73862157 -0.62855876
vn -0.94437259 0.31148654 0.10552988
vn -0.23686816 -0.71814272 0.65434280
vn 0.94437259 -0.31148654 0.10552988
vn 0.00000000 0.00000000 -1.00000000
vn 0.00000000 0.00000000 -1.00000000
vn -0.39988780 0.79351211 -0.45872463
vn -0.88910495 -0.44806149 0.09345205
vn 0.39151668 -0.77690099 0.49309181
vn 0.88910495 0.44806149 0.09345205
vn 0.00000000 0.00000000 -1.00000000
vn 0.00000000 0.00000000 -1.00000000
vn -0.99366761 -0.03121322 -0.10793712
vn 0.03131038 -0.99676054 0.07408159
vn 0.98865504 0.03105577 0.14695834
vn -0.03131038 0.99676054 0.07408159
vn 0.00000000 0.00000000 -1.00000000
vn 0.00000000 0.00000000 -1.00000000
vn -0.29532445 0.71951189 -0.62855876
vn -0.91993969 -0.37759026 0.10552988
vn 0.28713635 -0.69956287 0.65434280
vn 0.91993969 0.37759026 0.10552988
vn 0.00000000 0.00000000 -1.00000000
vn 0.00000000 0.00000000 -1.00000000
vn -0.81984174 0.34268242 -0.45872463
vn -0.38396469 -0.91860646 0.09345205
vn 0.80267945 -0.33550882 0.49309181
vn 0.38396469 0.91860646 0.09345205
vn 0.00000000 0.00000000 -1.00000000
vn 0.00000000 0.00000000 -1.00000000
vn -0.77891499 -0.31970652 -0.53951755
vn 0.37837345 -0.92184780 0.08384611
vn 0.76282946 0.31310420 0.56573578
vn -0.37837345 0.92184780 0.08384611
vn 0.00000000 0.00000000 -1.00000000
vn 0.00000000 0.00000000 -1.00000000
vn -0.33306908 -0.79684256 -0.50409019
vn 0.91749223 -0.38349896 0.10552988
vn 0.32470358 0.77682873 0.53954120
vn -0.91749223 0.38349896 0.10552988
vn 0.00000000 0.00000000 -1.00000000
vn 0.00000000 0.00000000 -1.00000000
vn 0.30890779 -0.75260557 -0.58151598
vn 0.92105689 0.37804882 0.09345205
vn -0.30153330 0.73463879 0.60776929
vn -0.92105689 -0.37804882 0.09345205
vn 0.00000000 0.00000000 -1.00000000
vn 0.00000000 0.00000000 -1.00000000
vn 0.83732642 -0.34999077 -0.41998920
vn 0.38429440 0.91939526 0.08384611
vn -0.82255884 0.34381813 0.45297467
vn -0.38429440 -0.91939526 0.08384611
vn 0.00000000 0.00000000 -1.00000000
vn 0.00000000 0.00000000 -1.00000000
vn 0.71951189 0.29532445 -0.62855876
vn -0.37759026 0.91993969 0.10552988
vn -0.69956287 -0.28713635 0.65434280
vn 0.37759026 -0.91993969 0.10552988
vn 0.00000000 0.00000000 -1.00000000
vn 0.00000000 0.00000000 -1.00000000
vn 0.34268242 0.81984174 -0.45872463
vn -0.91860646 0.38396469 0.09345205
vn -0.33550882 -0.80267945 0.49309181
vn 0.91860646 -0.38396469 0.09345205
vn 0.00000000 0.00000000 -1.00000000
vn 0.00000000 0.00000000 -1.00000000
vn -0.66996915 0.73450046 -0.10793712
vn -0.73678669 -0.67205453 0.07408159
vn 0.66658949 -0.73079525 0.14695834
vn 0.73678669 0.67205453 0.07408159
vn 0.00000000 0.00000000 -1.00000000
vn 0.00000000 0.00000000 -1.00000000
vn 0.34125221 0.69889971 -0.62855876
vn -0.89358578 0.43631170 0.10552988
vn -0.33179074 -0.67952219 0.65434280
vn 0.89358578 -0.43631170 0.10552988
vn 0.00000000 0.00000000 -1.00000000
vn 0.00000000 0.00000000 -1.00000000
vn -0.28892772 0.84029310 -0.45872463
vn -0.94152155 -0.32373427 0.09345205
vn 0.28287941 -0.82270268 0.49309181
vn 0.94152155 0.32373427 0.09345205
vn 0.00000000 0.00000000 -1.00000000
vn 0.00000000 0.00000000 -1.00000000
vn -0.75660107 0.36942609 -0.53951755
vn -0.43721669 -0.89543922 0.08384611
vn 0.74097635 -0.36179700 0.56573578
vn 0.43721669 0.89543922 0.08384611
vn 0.00000000 0.00000000 -1.00000000
vn 0.00000000 0.00000000 -1.00000000
vn -0.81672019 -0.28082238 -0.50409019
vn 0.32334160 -0.94037953 0.10552988
vn 0.79620711 0.27376912 0.53954120
vn -0.32334160 0.94037953 0.10552988
vn 0.00000000 0.00000000 -1.00000000
vn 0.00000000 0.00000000 -1.00000000
vn -0.35694798 -0.73104535 -0.58151598
vn 0.89467098 -0.43684157 0.09345205
vn 0.34842665 0.71359327 0.60776929
vn -0.89467098 0.43684157 0.09345205
vn 0.00000000 0.00000000 -1.00000000
vn 0.00000000 0.00000000 -1.00000000
vn 0.29508965 -0.85821394 -0.41998920
vn 0.94233003 0.32401226 0.08384611
vn -0.28988528 0.84307798 0.45297467
vn -0.94233003 -0.32401226 0.08384611
vn 0.00000000 0.00000000 -1.00000000
vn 0.00000000 0.00000000 -1.00000000
vn 0.69889971 -0.34125221 -0.62855876
vn 0.43631170 0.89358578 0.10552988
vn -0.67952219 0.33179074 0.65434280
vn -0.43631170 -0.89358578 0.10552988
vn 0.00000000 0.00000000 -1.00000000
vn 0.00000000 0.00000000 -1.00000000
vn 0.84029310 0.28892772 -0.45872463
vn -0.32373427 0.94152155 0.09345205
vn -0.82270268 -0.28287941 0.49309181
vn 0.32373427 -0.94152155 0.09345205
vn 0.00000000 0.00000000 -1.00000000
vn 0.00000000 0.00000000 -1.00000000
vn 0.10342383 0.98876341 -0.10793712
vn -0.99184109 0.10374574 0.07408159
vn -0.10290209 -0.98377559 0.14695834
vn 0.99184109 -0.10374574 0.07408159
vn 0.00000000 0.00000000 -1.00000000
vn 0.00000000 0.00000000 -1.00000000
vn 0.70365080 -0.33134490 -0.62855876
vn 0.42364460 0.89966032 0.10552988
vn -0.68414154 0.32215811 0.65434280
vn -0.42364460 -0.89966032 0.10552988
vn 0.00000000 0.00000000 -1.00000000
vn 0.00000000 0.00000000 -1.00000000
vn 0.83612760 0.30076960 -0.45872463
vn -0.33700272 0.93685425 0.09345205
vn -0.81862439 -0.29447339 0.49309181
vn 0.33700272 -0.93685425 0.09345205
vn 0.00000000 0.00000000 -1.00000000
vn 0.00000000 0.00000000 -1.00000000
vn 0.35870082 0.76174440 -0.53951755
vn -0.90152637 0.42452331 0.08384611
vn -0.35129322 -0.74601347 0.56573578
vn 0.90152637 -0.42452331 0.08384611
vn 0.00000000 0.00000000 -1.00000000
vn 0.00000000 0.00000000 -1.00000000
vn -0.29233205 0.81267155 -0.50409019
vn -0.93571788 -0.33659395 0.10552988
vn 0.28498972 -0.79226016 0.53954120
vn 0.93571788 0.33659395 0.10552988
vn 0.00000000 0.00000000 -1.00000000
vn 0.00000000 0.00000000 -1.00000000
vn -0.73601495 0.34658498 -0.58151598
vn -0.42415908 -0.90075290 0.09345205
vn 0.71844424 -0.33831104 0.60776929
vn 0.42415908 0.90075290 0.09345205
vn 0.00000000 0.00000000 -1.00000000
vn 0.00000000 0.00000000 -1.00000000
vn -0.85395961 -0.30718408 -0.41998920
vn 0.33729210 -0.93765872 0.08384611
vn 0.83889867 0.30176640 0.45297467
vn -0.33729210 0.93765872 0.08384611
vn 0.00000000 0.00000000 -1.00000000
vn 0.00000000 0.00000000 -1.00000000
vn -0.33134490 -0.70365080 -0.62855876
vn 0.89966032 -0.42364460 0.10552988
vn 0.32215811 0.68414154 0.65434280
vn -0.89966032 0.42364460 0.10552988
vn 0.00000000 0.00000000 -1.00000000
vn 0.00000000 0.00000000 -1.00000000
vn 0.30076960 -0.83612760 -0.45872463
vn 0.93685425 0.33700272 0.09345205
vn -0.29447339 0.81862439 0.49309181
vn -0.93685425 -0.33700272 0.09345205
vn 0.00000000 0.00000000 -1.00000000
vn 0.00000000 0.00000000 -1.00000000
vn 0.99012580 -0.08944538 -0.10793712
vn 0.08972378 0.99320771 0.07408159
vn -0.98513110 0.08899416 0.14695834
vn -0.08972378 -0.99320771 0.07408159
vn 0.00000000 0.00000000 -1.00000000
vn 0.00000000 0.00000000 -1.00000000
vn -0.10643881 0.77044446 -0.62855876
vn -0.98506008 -0.13608849 0.10552988
vn 0.10348771 -0.74908330 0.65434280
vn 0.98506008 0.13608849 0.10552988
vn 0.00000000 0.00000000 -1.00000000
vn 0.00000000 0.00000000 -1.00000000
vn -0.70839551 0.53642103 -0.45872463
vn -0.60104261 -0.79373452 0.09345205
vn 0.69356620 -0.52519177 0.49309181
vn 0.60104261 0.79373452 0.09345205
vn 0.00000000 0.00000000 -1.00000000
vn 0.00000000 0.00000000 -1.00000000
vn -0.83405257 -0.11522643 -0.53951755
vn 0.13637076 -0.98710326 0.08384611
vn 0.81682839 0.11284686 0.56573578
vn -0.13637076 0.98710326 0.08384611
vn 0.00000000 0.00000000 -1.00000000
vn 0.00000000 0.00000000 -1.00000000
vn -0.52137270 -0.68852275 -0.50409019
vn 0.79277176 -0.60031357 0.10552988
vn 0.50827769 0.67122953 0.53954120
vn -0.79277176 0.60031357 0.10552988
vn 0.00000000 0.00000000 -1.00000000
vn 0.00000000 0.00000000 -1.00000000
vn 0.11133442 -0.80588077 -0.58151598
vn 0.98625637 0.13625376 0.09345205
vn -0.10867656 0.78664216 0.60776929
vn -0.98625637 -0.13625376 0.09345205
vn 0.00000000 0.00000000 -1.00000000
vn 0.00000000 0.00000000 -1.00000000
vn 0.72350339 -0.54786122 -0.41998920
vn 0.60155872 0.79441610 0.08384611
vn -0.71074326 0.53819882 0.45297467
vn -0.60155872 -0.79441610 0.08384611
vn 0.00000000 0.00000000 -1.00000000
vn 0.00000000 0.00000000 -1.00000000
vn 0.77044446 0.10643881 -0.62855876
vn -0.13608849 0.98506008 0.10552988
vn -0.74908330 -0.10348771 0.65434280
vn 0.13608849 -0.98506008 0.10552988
vn 0.00000000 0.00000000 -1.00000000
vn 0.00000000 0.00000000 -1.00000000
vn 0.53642103 0.70839551 -0.45872463
vn -0.79373452 0.60104261 0.09345205
vn -0.52519177 -0.69356620 0.49309181
vn 0.79373452 -0.60104261 0.09345205
vn 0.00000000 0.00000000 -1.00000000
vn 0.00000000 0.00000000 -1.00000000
vn -0.46549176 0.87844579 -0.10793712
vn -0.88118008 -0.46694067 0.07408159
vn 0.46314358 -0.87401445 0.14695834
vn 0.88118008 0.46694067 0.07408159
vn 0.00000000 0.00000000 -1.00000000
vn 0.00000000 0.00000000 -1.00000000
vn -0.77747749 -0.02103900 -0.62855876
vn 0.02689964 -0.99405224 0.10552988
vn 0.75592133 0.02045568 0.65434280
vn -0.02689964 0.99405224 0.10552988
vn 0.00000000 0.00000000 -1.00000000
vn 0.00000000 0.00000000 -1.00000000
vn -0.61109346 -0.64508643 -0.45872463
vn 0.72279872 -0.68471069 0.09345205
vn 0.59830104 0.63158241 0.49309181
vn -0.72279872 0.68471069 0.09345205
vn 0.00000000 0.00000000 -1.00000000
vn 0.00000000 0.00000000 -1.00000000
vn 0.02277598 -0.84166625 -0.53951755
vn 0.99611407 0.02695543 0.08384611
vn -0.02230563 0.82428483 0.56573578
vn -0.99611407 -0.02695543 0.08384611
vn 0.00000000 0.00000000 -1.00000000
vn 0.00000000 0.00000000 -1.00000000
vn 0.62698969 -0.59395034 -0.50409019
vn 0.68388016 0.72192200 0.10552988
vn -0.61124196 0.57903243 0.53954120
vn -0.68388016 -0.72192200 0.10552988
vn 0.00000000 0.00000000 -1.00000000
vn 0.00000000 0.00000000 -1.00000000
vn 0.81323728 0.02200668 -0.58151598
vn -0.02693231 0.99525945 0.09345205
vn -0.79382306 -0.02148132 0.60776929
vn 0.02693231 -0.99525945 0.09345205
vn 0.00000000 0.00000000 -1.00000000
vn 0.00000000 0.00000000 -1.00000000
vn 0.62412619 0.65884412 -0.41998920
vn -0.72341938 0.68529864 0.08384611
vn -0.61311873 -0.64722436 0.45297467
vn 0.72341938 -0.68529864 0.08384611
vn 0.00000000 0.00000000 -1.00000000
vn 0.00000000 0.00000000 -1.00000000
vn -0.02103900 0.77747749 -0.62855876
vn -0.99405224 -0.02689964 0.10552988
vn 0.02045568 -0.75592133 0.65434280
vn 0.99405224 0.02689964 0.10552988
vn 0.00000000 0.00000000 -1.00000000
vn 0.00000000 0.00000000 -1.00000000
vn -0.64508643 0.61109346 -0.45872463
vn -0.68471069 -0.72279872 0.09345205
vn 0.63158241 -0.59830104 0.49309181
vn 0.68471069 0.72279872 0.09345205
vn 0.00000000 0.00000000 -1.00000000
vn 0.00000000 0.00000000 -1.00000000
vn -0.92432147 -0.36603197 -0.10793712
vn 0.36717131 -0.92719855 0.07408159
vn 0.91965871 0.36418553 0.14695834
vn -0.36717131 0.92719855 0.07408159
vn 0.00000000 0.00000000 -1.00000000
vn 0.00000000 0.00000000 -1.00000000
vn -0.20288173 -0.75083480 -0.62855876
vn 0.95998794 -0.25939662 0.10552988
vn 0.19725667 0.73001733 0.65434280
vn -0.95998794 0.25939662 0.10552988
vn 0.00000000 0.00000000 -1.00000000
vn 0.00000000 0.00000000 -1.00000000
vn 0.44266724 -0.77046572 -0.45872463
vn 0.86328221 0.49599449 0.09345205
vn -0.43340059 0.75433705 0.49309181
vn -0.86328221 -0.49599449 0.09345205
vn 0.00000000 0.00000000 -1.00000000
vn 0.00000000 0.00000000 -1.00000000
vn 0.81282393 -0.21963170 -0.53951755
vn 0.25993465 0.96197911 0.08384611
vn -0.79603814 0.21509604 0.56573578
vn -0.25993465 -0.96197911 0.08384611
vn 0.00000000 0.00000000 -1.00000000
vn 0.00000000 0.00000000 -1.00000000
vn 0.74885170 0.43024901 -0.50409019
vn -0.49539287 0.86223509 0.10552988
vn -0.73004323 -0.41944270 0.53954120
vn 0.49539287 -0.86223509 0.10552988
vn 0.00000000 0.00000000 -1.00000000
vn 0.00000000 0.00000000 -1.00000000
vn 0.21221320 0.78536916 -0.58151598
vn -0.96115377 0.25971164 0.09345205
vn -0.20714708 -0.76662023 0.60776929
vn 0.96115377 -0.25971164 0.09345205
vn 0.00000000 0.00000000 -1.00000000
vn 0.00000000 0.00000000 -1.00000000
vn -0.45210796 0.78689737 -0.41998920
vn -0.86402351 -0.49642040 0.08384611
vn 0.44413432 -0.77301918 0.45297467
vn 0.86402351 0.49642040 0.08384611
vn 0.00000000 0.00000000 -1.00000000
vn 0.00000000 0.00000000 -1.00000000
vn -0.75083480 0.20288173 -0.62855876
vn -0.25939662 -0.95998794 0.10552988
vn 0.73001733 -0.19725667 0.65434280
vn 0.25939662 0.95998794 0.10552988
vn 0.00000000 0.00000000 -1.00000000
vn 0.00000000 0.00000000 -1.00000000
vn -0.77046572 -0.44266724 -0.45872463
vn 0.49599449 -0.86328221 0.09345205
vn 0.75433705 0.43340059 0.49309181
vn -0.49599449 0.86328221 0.09345205
vn 0.00000000 0.00000000 -1.00000000
vn 0.00000000 0.00000000 -1.00000000
vn 0.08548543 -0.99047555 -0.10793712
vn 0.99355855 0.08575152 0.07408159
vn -0.08505420 0.98547909 0.14695834
vn -0.99355855 -0.08575152 0.07408159
vn 0.00000000 0.00000000 -1.00000000
vn 0.00000000 0.00000000 -1.00000000
vn 0.61525478 -0.47578928 -0.62855876
vn 0.60832552 0.78664064 0.10552988
vn -0.59819637 0.46259766 0.65434280
vn -0.60832552 -0.78664064 0.10552988
vn 0.00000000 0.00000000 -1.00000000
vn 0.00000000 0.00000000 -1.00000000
vn 0.88140662 0.11266806 -0.45872463
vn -0.12624096 0.98758794 0.09345205
vn -0.86295555 -0.11030950 0.49309181
vn 0.12624096 -0.98758794 0.09345205
vn 0.00000000 0.00000000 -1.00000000
vn 0.00000000 0.00000000 -1.00000000
vn 0.51507058 0.66605039 -0.53951755
vn -0.78827227 0.60958729 0.08384611
vn -0.50443375 -0.65229565 0.56573578
vn 0.78827227 -0.60958729 0.08384611
vn 0.00000000 0.00000000 -1.00000000
vn 0.00000000 0.00000000 -1.00000000
vn -0.10950736 0.85668035 -0.50409019
vn -0.98639004 -0.12608783 0.10552988
vn 0.10675693 -0.83516361 0.53954120
vn 0.98639004 0.12608783 0.10552988
vn 0.00000000 0.00000000 -1.00000000
vn 0.00000000 0.00000000 -1.00000000
vn -0.64355320 0.49767303 -0.58151598
vn -0.60906429 -0.78759597 0.09345205
vn 0.62818980 -0.48579220 0.60776929
vn 0.60906429 0.78759597 0.09345205
vn 0.00000000 0.00000000 -1.00000000
vn 0.00000000 0.00000000 -1.00000000
vn -0.90020428 -0.11507092 -0.41998920
vn 0.12634936 -0.98843597 0.08384611
vn 0.88432775 0.11304146 0.45297467
vn -0.12634936 0.98843597 0.08384611
vn 0.00000000 0.00000000 -1.00000000
vn 0.00000000 0.00000000 -1.00000000
vn -0.47578928 -0.61525478 -0.62855876
vn 0.78664064 -0.60832552 0.10552988
vn 0.46259766 0.59819637 0.65434280
vn -0.78664064 0.60832552 0.10552988
vn 0.00000000 0.00000000 -1.00000000
vn 0.00000000 0.00000000 -1.00000000
vn 0.11266806 -0.88140662 -0.45872463
vn 0.98758794 0.12624096 0.09345205
vn -0.11030950 0.86295555 0.49309181
vn -0.98758794 -0.12624096 0.09345205
vn 0.00000000 0.00000000 -1.00000000
vn 0.00000000 0.00000000 -1.00000000
vn 0.94729601 -0.30162865 -0.10793712
vn 0.30256750 0.95024461 0.07408159
vn -0.94251737 0.30010707 0.14695834
vn -0.30256750 -0.95024461 0.07408159
vn 0.00000000 0.00000000 -1.00000000
vn 0.00000000 0.00000000 -1.00000000
vn 0.48723369 0.60623199 -0.62855876
vn -0.77510445 0.62295789 0.10552988
vn -0.47372476 -0.58942374 0.65434280
vn 0.77510445 -0.62295789 0.10552988
vn 0.00000000 0.00000000 -1.00000000
vn 0.00000000 0.00000000 -1.00000000
vn -0.09613350 0.88336293 -0.45872463
vn -0.98977992 -0.10771452 0.09345205
vn 0.09412108 -0.86487091 0.49309181
vn 0.98977992 0.10771452 0.09345205
vn 0.00000000 0.00000000 -1.00000000
vn 0.00000000 0.00000000 -1.00000000
vn -0.65628267 0.52745983 -0.53951755
vn -0.62425001 -0.77671215 0.08384611
vn 0.64272965 -0.51656716 0.56573578
vn 0.62425001 0.77671215 0.08384611
vn 0.00000000 0.00000000 -1.00000000
vn 0.00000000 0.00000000 -1.00000000
vn -0.85858178 -0.09343665 -0.50409019
vn 0.10758387 -0.98857936 0.10552988
vn 0.83701728 0.09108986 0.53954120
vn -0.10758387 0.98857936 0.10552988
vn 0.00000000 0.00000000 -1.00000000
vn 0.00000000 0.00000000 -1.00000000
vn -0.50964382 -0.63411540 -0.58151598
vn 0.77604576 -0.62371443 0.09345205
vn 0.49747721 0.61897731 0.60776929
vn -0.77604576 0.62371443 0.09345205
vn 0.00000000 0.00000000 -1.00000000
vn 0.00000000 0.00000000 -1.00000000
vn 0.09818373 -0.90220232 -0.41998920
vn 0.99062984 0.10780701 0.08384611
vn -0.09645211 0.88629055 0.45297467
vn -0.99062984 -0.10780701 0.08384611
vn 0.00000000 0.00000000 -1.00000000
vn 0.00000000 0.00000000 -1.00000000
vn 0.60623199 -0.48723369 -0.62855876
vn 0.62295789 0.77510445 0.10552988
vn -0.58942374 0.47372476 0.65434280
vn -0.62295789 -0.77510445 0.10552988
vn 0.00000000 0.00000000 -1.00000000
vn 0.00000000 0.00000000 -1.00000000
vn 0.88336293 0.09613350 -0.45872463
vn -0.10771452 0.98977992 0.09345205
vn -0.86487091 -0.09412108 0.49309181
vn 0.10771452 -0.98977992 0.09345205
vn 0.00000000 0.00000000 -1.00000000
vn 0.00000000 0.00000000 -1.00000000
vn 0.31932503 0.94147815 -0.10793712
vn -0.94440864 0.32031897 0.07408159
vn -0.31771418 -0.93672885 0.14695834
vn 0.94440864 -0.32031897 0.07408159
vn 0.00000000 0.00000000 -1.00000000
vn 0.00000000 0.00000000 -1.00000000
vn 0.63871749 -0.44379483 -0.62855876
vn 0.56741867 0.81663915 0.10552988
vn -0.62100856 0.43149028 0.65434280
vn -0.56741867 -0.81663915 0.10552988
vn 0.00000000 0.00000000 -1.00000000
vn 0.00000000 0.00000000 -1.00000000
vn 0.87451420 0.15746946 -0.45872463
vn -0.17643950 0.97986520 0.09345205
vn -0.85620741 -0.15417305 0.49309181
vn 0.17643950 -0.97986520 0.09345205
vn 0.00000000 0.00000000 -1.00000000
vn 0.00000000 0.00000000 -1.00000000
vn 0.48043465 0.69145019 -0.53951755
vn -0.81833299 0.56859559 0.08384611
vn -0.47051310 -0.67717091 0.56573578
vn 0.81833299 -0.56859559 0.08384611
vn 0.00000000 0.00000000 -1.00000000
vn 0.00000000 0.00000000 -1.00000000
vn -0.15305194 0.84998128 -0.50409019
vn -0.97867667 -0.17622549 0.10552988
vn 0.14920783 -0.82863280 0.53954120
vn 0.97867667 0.17622549 0.10552988
vn 0.00000000 0.00000000 -1.00000000
vn 0.00000000 0.00000000 -1.00000000
vn -0.66809507 0.46420701 -0.58151598
vn -0.56810776 -0.81763090 0.09345205
vn 0.65214579 -0.45312510 0.60776929
vn 0.56810776 0.81763090 0.09345205
vn 0.00000000 0.00000000 -1.00000000
vn 0.00000000 0.00000000 -1.00000000
vn -0.89316487 -0.16082780 -0.41998920
vn 0.17659101 -0.98070661 0.08384611
vn 0.87741249 0.15799135 0.45297467
vn -0.17659101 0.98070661 0.08384611
vn 0.00000000 0.00000000 -1.00000000
vn 0.00000000 0.00000000 -1.00000000
vn -0.44379483 -0.63871749 -0.62855876
vn 0.81663915 -0.56741867 0.10552988
vn 0.43149028 0.62100856 0.65434280
vn -0.81663915 0.56741867 0.10552988
vn 0.00000000 0.00000000 -1.00000000
vn 0.00000000 0.00000000 -1.00000000
vn 0.15746946 -0.87451420 -0.45872463
vn 0.97986520 0.17643950 0.09345205
vn -0.15417305 0.85620741 0.49309181
vn -0.97986520 -0.17643950 0.09345205
vn 0.00000000 0.00000000 -1.00000000
vn 0.00000000 0.00000000 -1.00000000
vn 0.96144524 -0.25292811 -0.10793712
vn 0.25371537 0.96443788 0.07408159
vn -0.95659522 0.25165220 0.14695834
vn -0.25371537 -0.96443788 0.07408159
vn 0.00000000 0.00000000 -1.00000000
vn 0.00000000 0.00000000 -1.00000000
vn -0.02234504 0.77744105 -0.62855876
vn -0.99400565 -0.02856950 0.10552988
vn 0.02172551 -0.75588590 0.65434280
vn 0.99400565 0.02856950 0.10552988
vn 0.00000000 0.00000000 -1.00000000
vn 0.00000000 0.00000000 -1.00000000
vn -0.64611209 0.61000892 -0.45872463
vn -0.68349550 -0.72394794 0.09345205
vn 0.63258659 -0.59723920 0.49309181
vn 0.68349550 0.72394794 0.09345205
vn 0.00000000 0.00000000 -1.00000000
vn 0.00000000 0.00000000 -1.00000000
vn -0.84162680 -0.02418986 -0.53951755
vn 0.02862875 -0.99606738 0.08384611
vn 0.82424620 0.02369031 0.56573578
vn -0.02862875 0.99606738 0.08384611
vn 0.00000000 0.00000000 -1.00000000
vn 0.00000000 0.00000000 -1.00000000
vn -0.59289623 -0.62798658 -0.50409019
vn 0.72306982 -0.68266645 0.10552988
vn 0.57800480 0.61221381 0.53954120
vn -0.72306982 0.68266645 0.10552988
vn 0.00000000 0.00000000 -1.00000000
vn 0.00000000 0.00000000 -1.00000000
vn 0.02337280 -0.81319916 -0.58151598
vn 0.99521280 0.02860419 0.09345205
vn -0.02281482 0.79378585 0.60776929
vn -0.99521280 -0.02860419 0.09345205
vn 0.00000000 0.00000000 -1.00000000
vn 0.00000000 0.00000000 -1.00000000
vn 0.65989165 -0.62301852 -0.41998920
vn 0.68408241 0.72456959 0.08384611
vn -0.64825341 0.61203060 0.45297467
vn -0.68408241 -0.72456959 0.08384611
vn 0.00000000 0.00000000 -1.00000000
vn 0.00000000 0.00000000 -1.00000000
vn 0.77744105 0.02234504 -0.62855876
vn -0.02856950 0.99400565 0.10552988
vn -0.75588590 -0.02172551 0.65434280
vn 0.02856950 -0.99400565 0.10552988
vn 0.00000000 0.00000000 -1.00000000
vn 0.00000000 0.00000000 -1.00000000
vn 0.61000892 0.64611209 -0.45872463
vn -0.72394794 0.68349550 0.09345205
vn -0.59723920 -0.63258659 0.49309181
vn 0.72394794 -0.68349550 0.09345205
vn 0.00000000 0.00000000 -1.00000000
vn 0.00000000 0.00000000 -1.00000000
vn -0.36758421 0.92370527 -0.10793712
vn -0.92658043 -0.36872838 0.07408159
vn 0.36572994 -0.91904562 0.14695834
vn 0.92658043 0.36872838 0.07408159
vn 0.00000000 0.00000000 -1.00000000
vn 0.00000000 0.00000000 -1.00000000
vn -0.30720266 -0.71452111 -0.62855876
vn 0.91355868 -0.39277728 0.10552988
vn 0.29868523 0.69471046 0.65434280
vn -0.91355868 0.39277728 0.10552988
vn 0.00000000 0.00000000 -1.00000000
vn 0.00000000 0.00000000 -1.00000000
vn 0.32905470 -0.82540579 -0.45872463
vn 0.92484080 0.36869527 0.09345205
vn -0.32216638 0.80812702 0.49309181
vn -0.92484080 -0.36869527 0.09345205
vn 0.00000000 0.00000000 -1.00000000
vn 0.00000000 0.00000000 -1.00000000
vn 0.77351217 -0.33256539 -0.53951755
vn 0.39359196 0.91545355 0.08384611
vn -0.75753822 0.32569752 0.56573578
vn -0.39359196 -0.91545355 0.08384611
vn 0.00000000 0.00000000 -1.00000000
vn 0.00000000 0.00000000 -1.00000000
vn 0.80225052 0.31982367 -0.50409019
vn -0.36824806 0.92371901 0.10552988
vn -0.78210087 -0.31179084 0.53954120
vn 0.36824806 -0.92371901 0.10552988
vn 0.00000000 0.00000000 -1.00000000
vn 0.00000000 0.00000000 -1.00000000
vn 0.32133233 0.74738524 -0.58151598
vn -0.91466813 0.39325428 0.09345205
vn -0.31366124 -0.72954309 0.60776929
vn 0.91466813 -0.39325428 0.09345205
vn 0.00000000 0.00000000 -1.00000000
vn 0.00000000 0.00000000 -1.00000000
vn -0.33607242 0.84300914 -0.41998920
vn -0.92563496 -0.36901187 0.08384611
vn 0.33014525 -0.82814133 0.45297467
vn 0.92563496 0.36901187 0.08384611
vn 0.00000000 0.00000000 -1.00000000
vn 0.00000000 0.00000000 -1.00000000
vn -0.71452111 0.30720266 -0.62855876
vn -0.39277728 -0.91355868 0.10552988
vn 0.69471046 -0.29868523 0.65434280
vn 0.39277728 0.91355868 0.10552988
vn 0.00000000 0.00000000 -1.00000000
vn 0.00000000 0.00000000 -1.00000000
vn -0.82540579 -0.32905470 -0.45872463
vn 0.36869527 -0.92484080 0.09345205
vn 0.80812702 0.32216638 0.49309181
vn -0.36869527 0.92484080 0.09345205
vn 0.00000000 0.00000000 -1.00000000
vn 0.00000000 0.00000000 -1.00000000
vn -0.05569252 -0.99259656 -0.10793712
vn 0.99568616 -0.05586586 0.07408159
vn 0.05541157 0.98758939 0.14695834
vn -0.99568616 0.05586586 0.07408159
vn 0.00000000 0.00000000 -1.00000000
vn 0.00000000 0.00000000 -1.00000000
vn -0.65034057 0.42658062 -0.62855876
vn -0.54540926 -0.83149996 0.10552988
vn 0.63230938 -0.41475335 0.65434280
vn 0.54540926 0.83149996 0.10552988
vn 0.00000000 0.00000000 -1.00000000
vn 0.00000000 0.00000000 -1.00000000
vn -0.86999737 -0.18076584 -0.45872463
vn 0.20254234 -0.97480424 0.09345205
vn 0.85178514 0.17698175 0.49309181
vn -0.20254234 0.97480424 0.09345205
vn 0.00000000 0.00000000 -1.00000000
vn 0.00000000 0.00000000 -1.00000000
vn -0.46179924 -0.70403287 -0.53951755
vn 0.83322463 -0.54654053 0.08384611
vn 0.45226253 0.68949375 0.56573578
vn -0.83322463 0.54654053 0.08384611
vn 0.00000000 0.00000000 -1.00000000
vn 0.00000000 0.00000000 -1.00000000
vn 0.17569478 -0.84559117 -0.50409019
vn 0.97362185 0.20229667 0.10552988
vn -0.17128196 0.82435295 0.53954120
vn -0.97362185 -0.20229667 0.10552988
vn 0.00000000 0.00000000 -1.00000000
vn 0.00000000 0.00000000 -1.00000000
vn 0.68025274 -0.44620104 -0.58151598
vn 0.54607163 0.83250976 0.09345205
vn -0.66401323 0.43554899 0.60776929
vn -0.54607163 -0.83250976 0.09345205
vn 0.00000000 0.00000000 -1.00000000
vn 0.00000000 0.00000000 -1.00000000
vn 0.88855172 0.18462101 -0.41998920
vn -0.20271627 0.97564130 0.08384611
vn -0.87288070 -0.18136493 0.45297467
vn 0.20271627 -0.97564130 0.08384611
vn 0.00000000 0.00000000 -1.00000000
vn 0.00000000 0.00000000 -1.00000000
vn 0.42658062 0.65034057 -0.62855876
vn -0.83149996 0.54540926 0.10552988
vn -0.41475335 -0.63230938 0.65434280
vn 0.83149996 -0.54540926 0.10552988
vn 0.00000000 0.00000000 -1.00000000
vn 0.00000000 0.00000000 -1.00000000
vn -0.18076584 0.86999737 -0.45872463
vn -0.97480424 -0.20254234 0.09345205
vn 0.17698175 -0.85178514 0.49309181
vn 0.97480424 0.20254234 0.09345205
vn 0.00000000 0.00000000 -1.00000000
vn 0.00000000 0.00000000 -1.00000000
vn -0.96785644 0.22716403 -0.10793712
vn -0.22787110 -0.97086903 0.07408159
vn 0.96297408 -0.22601809 0.14695834
vn 0.22787110 0.97086903 0.07408159
vn 0.00000000 0.00000000 -1.00000000
vn 0.00000000 0.00000000 -1.00000000
vn -0.72977144 0.26897496 -0.62855876
vn -0.34390084 -0.93305716 0.10552988
vn 0.70953797 -0.26151742 0.65434280
vn 0.34390084 0.93305716 0.10552988
vn 0.00000000 0.00000000 -1.00000000
vn 0.00000000 0.00000000 -1.00000000
vn -0.80684339 -0.37225725 -0.45872463
vn 0.41710235 -0.90404222 0.09345205
vn 0.78995320 0.36446455 0.49309181
vn -0.41710235 0.90404222 0.09345205
vn 0.00000000 0.00000000 -1.00000000
vn 0.00000000 0.00000000 -1.00000000
vn -0.29118161 -0.79002157 -0.53951755
vn 0.93499247 -0.34461415 0.08384611
vn 0.28516836 0.77370668 0.56573578
vn -0.93499247 0.34461415 0.08384611
vn 0.00000000 0.00000000 -1.00000000
vn 0.00000000 0.00000000 -1.00000000
vn 0.36181425 -0.78420885 -0.50409019
vn 0.90294566 0.41659643 0.10552988
vn -0.35272677 0.76451234 0.53954120
vn -0.90294566 -0.41659643 0.10552988
vn 0.00000000 0.00000000 -1.00000000
vn 0.00000000 0.00000000 -1.00000000
vn 0.76333701 -0.28134636 -0.58151598
vn 0.34431848 0.93419029 0.09345205
vn -0.74511404 0.27462985 0.60776929
vn -0.34431848 -0.93419029 0.09345205
vn 0.00000000 0.00000000 -1.00000000
vn 0.00000000 0.00000000 -1.00000000
vn 0.82405085 0.38019635 -0.41998920
vn -0.41746052 0.90481852 0.08384611
vn -0.80951741 -0.37349098 0.45297467
vn 0.41746052 -0.90481852 0.08384611
vn 0.00000000 0.00000000 -1.00000000
vn 0.00000000 0.00000000 -1.00000000
vn 0.26897496 0.72977144 -0.62855876
vn -0.93305716 0.34390084 0.10552988
vn -0.26151742 -0.70953797 0.65434280
vn 0.93305716 -0.34390084 0.10552988
vn 0.00000000 0.00000000 -1.00000000
vn 0.00000000 0.00000000 -1.00000000
vn -0.37225725 0.80684339 -0.45872463
vn -0.90404222 -0.41710235 0.09345205
vn 0.36446455 -0.78995320 0.49309181
vn 0.90404222 0.41710235 0.09345205
vn 0.00000000 0.00000000 -1.00000000
vn 0.00000000 0.00000000 -1.00000000
vn -0.99415287 0.00310701 -0.10793712
vn -0.00311667 -0.99724731 0.07408159
vn 0.98913785 -0.00309133 0.14695834
vn 0.00311667 0.99724731 0.07408159
vn 0.00000000 0.00000000 -1.00000000
vn 0.00000000 0.00000000 -1.00000000
vn 0.62690331 -0.46033263 -0.62855876
vn 0.58856325 0.80153400 0.10552988
vn -0.60952194 0.44756955 0.65434280
vn -0.58856325 -0.80153400 0.10552988
vn 0.00000000 0.00000000 -1.00000000
vn 0.00000000 0.00000000 -1.00000000
vn 0.87833020 0.13456515 -0.45872463
vn -0.15077594 0.98414091 0.09345205
vn -0.85994353 -0.13174820 0.49309181
vn 0.15077594 -0.98414091 0.09345205
vn 0.00000000 0.00000000 -1.00000000
vn 0.00000000 0.00000000 -1.00000000
vn 0.49833781 0.67866062 -0.53951755
vn -0.80319651 0.58978403 0.08384611
vn -0.48804654 -0.66464547 0.56573578
vn 0.80319651 -0.58978403 0.08384611
vn 0.00000000 0.00000000 -1.00000000
vn 0.00000000 0.00000000 -1.00000000
vn -0.13079016 0.85369023 -0.50409019
vn -0.98294719 -0.15059306 0.10552988
vn 0.12750518 -0.83224859 0.53954120
vn 0.98294719 0.15059306 0.10552988
vn 0.00000000 0.00000000 -1.00000000
vn 0.00000000 0.00000000 -1.00000000
vn -0.65573750 0.48150545 -0.58151598
vn -0.58927802 -0.80250740 0.09345205
vn 0.64008323 -0.47001059 0.60776929
vn 0.58927802 0.80250740 0.09345205
vn 0.00000000 0.00000000 -1.00000000
vn 0.00000000 0.00000000 -1.00000000
vn -0.89706226 -0.13743500 -0.41998920
vn 0.15090541 -0.98498598 0.08384611
vn 0.88124114 0.13501112 0.45297467
vn -0.15090541 0.98498598 0.08384611
vn 0.00000000 0.00000000 -1.00000000
vn 0.00000000 0.00000000 -1.00000000
vn -0.46033263 -0.62690331 -0.62855876
vn 0.80153400 -0.58856325 0.10552988
vn 0.44756955 0.60952194 0.65434280
vn -0.80153400 0.58856325 0.10552988
vn 0.00000000 0.00000000 -1.00000000
vn 0.00000000 0.00000000 -1.00000000
vn 0.13456515 -0.87833020 -0.45872463
vn 0.98414091 0.15077594 0.09345205
vn -0.13174820 0.85994353 0.49309181
vn -0.98414091 -0.15077594 0.09345205
vn 0.00000000 0.00000000 -1.00000000
vn 0.00000000 0.00000000 -1.00000000
vn 0.95450811 -0.27796376 -0.10793712
vn 0.27882896 0.95747915 0.07408159
vn -0.94969308 0.27656156 0.14695834
vn -0.27882896 -0.95747915 0.07408159
vn 0.00000000 0.00000000 -1.00000000
vn 0.00000000 0.00000000 -1.00000000
vn -0.15965911 0.76119830 -0.62855876
vn -0.97323831 -0.20413388 0.10552988
vn 0.15523244 -0.74009350 0.65434280
vn 0.97323831 0.20413388 0.10552988
vn 0.00000000 0.00000000 -1.00000000
vn 0.00000000 0.00000000 -1.00000000
vn -0.74392029 0.48595711 -0.45872463
vn -0.54449941 -0.83353891 0.09345205
vn 0.72834732 -0.47578425 0.49309181
vn 0.54449941 0.83353891 0.09345205
vn 0.00000000 0.00000000 -1.00000000
vn 0.00000000 0.00000000 -1.00000000
vn -0.82404304 -0.17284061 -0.53951755
vn 0.20455729 -0.97525696 0.08384611
vn 0.80702557 0.16927125 0.56573578
vn -0.20455729 0.97525696 0.08384611
vn 0.00000000 0.00000000 -1.00000000
vn 0.00000000 0.00000000 -1.00000000
vn -0.47232446 -0.72305095 -0.50409019
vn 0.83252786 -0.54383895 0.10552988
vn 0.46046137 0.70489051 0.53954120
vn -0.83252786 0.54383895 0.10552988
vn 0.00000000 0.00000000 -1.00000000
vn 0.00000000 0.00000000 -1.00000000
vn 0.16700258 -0.79620933 -0.58151598
vn 0.97442024 0.20438179 0.09345205
vn -0.16301576 0.77720162 0.60776929
vn -0.97442024 -0.20438179 0.09345205
vn 0.00000000 0.00000000 -1.00000000
vn 0.00000000 0.00000000 -1.00000000
vn 0.75978580 -0.49632107 -0.41998920
vn 0.54496696 0.83425466 0.08384611
vn -0.74638578 0.48756766 0.45297467
vn -0.54496696 -0.83425466 0.08384611
vn 0.00000000 0.00000000 -1.00000000
vn 0.00000000 0.00000000 -1.00000000
vn 0.76119830 0.15965911 -0.62855876
vn -0.20413388 0.97323831 0.10552988
vn -0.74009350 -0.15523244 0.65434280
vn 0.20413388 -0.97323831 0.10552988
vn 0.00000000 0.00000000 -1.00000000
vn 0.00000000 0.00000000 -1.00000000
vn 0.48595711 0.74392029 -0.45872463
vn -0.83353891 0.54449941 0.09345205
vn -0.47578425 -0.72834732 0.49309181
vn 0.83353891 -0.54449941 0.09345205
vn 0.00000000 0.00000000 -1.00000000
vn 0.00000000 0.00000000 -1.00000000
vn -0.52534253 0.84401707 -0.10793712
vn -0.84664419 -0.52697774 0.07408159
vn 0.52269244 -0.83975941 0.14695834
vn 0.84664419 0.52697774 0.07408159
vn 0.00000000 0.00000000 -1.00000000
vn 0.00000000 0.00000000 -1.00000000
usemtl grass_mid
f 4//1 3//1 5//1
f 3//2 2//2 5//2
f 2//3 1//3 5//3
f 1//4 4//4 5//4
f 4//5 2//5 3//5
f 4//6 1//6 2//6
f 19//19 18//19 20//19
f 18//20 17//20 20//20
f 17//21 16//21 20//21
f 16//22 19//22 20//22
f 19//23 17//23 18//23
f 19//24 16//24 17//24
f 34//37 33//37 35//37
f 33//38 32//38 35//38
f 32//39 31//39 35//39
f 31//40 34//40 35//40
f 34//41 32//41 33//41
f 34//42 31//42 32//42
f 49//55 48//55 50//55
f 48//56 47//56 50//56
f 47//57 46//57 50//57
f 46//58 49//58 50//58
f 49//59 47//59 48//59
f 49//60 46//60 47//60
f 64//73 63//73 65//73
f 63//74 62//74 65//74
f 62//75 61//75 65//75
f 61//76 64//76 65//76
f 64//77 62//77 63//77
f 64//78 61//78 62//78
f 79//91 78//91 80//91
f 78//92 77//92 80//92
f 77//93 76//93 80//93
f 76//94 79//94 80//94
f 79//95 77//95 78//95
f 79//96 76//96 77//96
f 94//109 93//109 95//109
f 93//110 92//110 95//110
f 92//111 91//111 95//111
f 91//112 94//112 95//112
f 94//113 92//113 93//113
f 94//114 91//114 92//114
f 109//127 108//127 110//127
f 108//128 107//128 110//128
f 107//129 106//129 110//129
f 106//130 109//130 110//130
f 109//131 107//131 108//131
f 109//132 106//132 107//132
f 124//145 123//145 125//145
f 123//146 122//146 125//146
f 122//147 121//147 125//147
f 121//148 124//148 125//148
f 124//149 122//149 123//149
f 124//150 121//150 122//150
f 139//163 138//163 140//163
f 138//164 137//164 140//164
f 137//165 136//165 140//165
f 136//166 139//166 140//166
f 139//167 137//167 138//167
f 139//168 136//168 137//168
f 154//181 153//181 155//181
f 153//182 152//182 155//182
f 152//183 151//183 155//183
f 151//184 154//184 155//184
f 154//185 152//185 153//185
f 154//186 151//186 152//186
f 169//199 168//199 170//199
f 168//200 167//200 170//200
f 167//201 166//201 170//201
f 166//202 169//202 170//202
f 169//203 167//203 168//203
f 169//204 166//204 167//204
f 184//217 183//217 185//217
f 183//218 182//218 185//218
f 182//219 181//219 185//219
f 181//220 184//220 185//220
f 184//221 182//221 183//221
f 184//222 181//222 182//222
f 199//235 198//235 200//235
f 198//236 197//236 200//236
f 197//237 196//237 200//237
f 196//238 199//238 200//238
f 199//239 197//239 198//239
f 199//240 196//240 197//240
f 214//253 213//253 215//253
f 213//254 212//254 215//254
f 212//255 211//255 215//255
f 211//256 214//256 215//256
f 214//257 212//257 213//257
f 214//258 211//258 212//258
f 229//271 228//271 230//271
f 228//272 227//272 230//272
f 227//273 226//273 230//273
f 226//274 229//274 230//274
f 229//275 227//275 228//275
f 229//276 226//276 227//276
f 244//289 243//289 245//289
f 243//290 242//290 245//290
f 242//291 241//291 245//291
f 241//292 244//292 245//292
f 244//293 242//293 243//293
f 244//294 241//294 242//294
f 259//307 258//307 260//307
f 258//308 257//308 260//308
f 257//309 256//309 260//309
f 256//310 259//310 260//310
f 259//311 257//311 258//311
f 259//312 256//312 257//312
f 274//325 273//325 275//325
f 273//326 272//326 275//326
f 272//327 271//327 275//327
f 271//328 274//328 275//328
f 274//329 272//329 273//329
f 274//330 271//330 272//330
f 289//343 288//343 290//343
f 288//344 287//344 290//344
f 287//345 286//345 290//345
f 286//346 289//346 290//346
f 289//347 287//347 288//347
f 289//348 286//348 287//348
f 304//361 303//361 305//361
f 303//362 302//362 305//362
f 302//363 301//363 305//363
f 301//364 304//364 305//364
f 304//365 302//365 303//365
f 304//366 301//366 302//366
f 319//379 318//379 320//379
f 318//380 317//380 320//380
f 317//381 316//381 320//381
f 316//382 319//382 320//382
f 319//383 317//383 318//383
f 319//384 316//384 317//384
f 334//397 333//397 335//397
f 333//398 332//398 335//398
f 332//399 331//399 335//399
f 331//400 334//400 335//400
f 334//401 332//401 333//401
f 334//402 331//402 332//402
f 349//415 348//415 350//415
f 348//416 347//416 350//416
f 347//417 346//417 350//417
f 346//418 349//418 350//418
f 349//419 347//419 348//419
f 349//420 346//420 347//420
f 364//433 363//433 365//433
f 363//434 362//434 365//434
f 362//435 361//435 365//435
f 361//436 364//436 365//436
f 364//437 362//437 363//437
f 364//438 361//438 362//438
f 379//451 378//451 380//451
f 378//452 377//452 380//452
f 377//453 376//453 380//453
f 376//454 379//454 380//454
f 379//455 377//455 378//455
f 379//456 376//456 377//456
f 394//469 393//469 395//469
f 393//470 392//470 395//470
f 392//471 391//471 395//471
f 391//472 394//472 395//472
f 394//473 392//473 393//473
f 394//474 391//474 392//474
f 409//487 408//487 410//487
f 408//488 407//488 410//488
f 407//489 406//489 410//489
f 406//490 409//490 410//490
f 409//491 407//491 408//491
f 409//492 406//492 407//492
f 424//505 423//505 425//505
f 423//506 422//506 425//506
f 422//507 421//507 425//507
f 421//508 424//508 425//508
f 424//509 422//509 423//509
f 424//510 421//510 422//510
f 439//523 438//523 440//523
f 438//524 437//524 440//524
f 437//525 436//525 440//525
f 436//526 439//526 440//526
f 439//527 437//527 438//527
f 439//528 436//528 437//528
f 454//541 453//541 455//541
f 453//542 452//542 455//542
f 452//543 451//543 455//543
f 451//544 454//544 455//544
f 454//545 452//545 453//545
f 454//546 451//546 452//546
f 469//559 468//559 470//559
f 468//560 467//560 470//560
f 467//561 466//561 470//561
f 466//562 469//562 470//562
f 469//563 467//563 468//563
f 469//564 466//564 467//564
f 484//577 483//577 485//577
f 483//578 482//578 485//578
f 482//579 481//579 485//579
f 481//580 484//580 485//580
f 484//581 482//581 483//581
f 484//582 481//582 482//582
f 499//595 498//595 500//595
f 498//596 497//596 500//596
f 497//597 496//597 500//597
f 496//598 499//598 500//598
f 499//599 497//599 498//599
f 499//600 496//600 497//600
f 514//613 513//613 515//613
f 513//614 512//614 515//614
f 512//615 511//615 515//615
f 511//616 514//616 515//616
f 514//617 512//617 513//617
f 514//618 511//618 512//618
f 529//631 528//631 530//631
f 528//632 527//632 530//632
f 527//633 526//633 530//633
f 526//634 529//634 530//634
f 529//635 527//635 528//635
f 529//636 526//636 527//636
f 544//649 543//649 545//649
f 543//650 542//650 545//650
f 542//651 541//651 545//651
f 541//652 544//652 545//652
f 544//653 542//653 543//653
f 544//654 541//654 542//654
f 559//667 558//667 560//667
f 558//668 557//668 560//668
f 557//669 556//669 560//669
f 556//670 559//670 560//670
f 559//671 557//671 558//671
f 559//672 556//672 557//672
f 574//685 573//685 575//685
f 573//686 572//686 575//686
f 572//687 571//687 575//687
f 571//688 574//688 575//688
f 574//689 572//689 573//689
f 574//690 571//690 572//690
f 589//703 588//703 590//703
f 588//704 587//704 590//704
f 587//705 586//705 590//705
f 586//706 589//706 590//706
f 589//707 587//707 588//707
f 589//708 586//708 587//708
f 604//721 603//721 605//721
f 603//722 602//722 605//722
f 602//723 601//723 605//723
f 601//724 604//724 605//724
f 604//725 602//725 603//725
f 604//726 601//726 602//726
f 619//739 618//739 620//739
f 618//740 617//740 620//740
f 617//741 616//741 620//741
f 616//742 619//742 620//742
f 619//743 617//743 618//743
f 619//744 616//744 617//744
f 634//757 633//757 635//757
f 633//758 632//758 635//758
f 632//759 631//759 635//759
f 631//760 634//760 635//760
f 634//761 632//761 633//761
f 634//762 631//762 632//762
f 649//775 648//775 650//775
f 648//776 647//776 650//776
f 647//777 646//777 650//777
f 646//778 649//778 650//778
f 649//779 647//779 648//779
f 649//780 646//780 647//780
f 664//793 663//793 665//793
f 663//794 662//794 665//794
f 662//795 661//795 665//795
f 661//796 664//796 665//796
f 664//797 662//797 663//797
f 664//798 661//798 662//798
f 679//811 678//811 680//811
f 678//812 677//812 680//812
f 677//813 676//813 680//813
f 676//814 679//814 680//814
f 679//815 677//815 678//815
f 679//816 676//816 677//816
f 694//829 693//829 695//829
f 693//830 692//830 695//830
f 692//831 691//831 695//831
f 691//832 694//832 695//832
f 694//833 692//833 693//833
f 694//834 691//834 692//834
f 709//847 708//847 710//847
f 708//848 707//848 710//848
f 707//849 706//849 710//849
f 706//850 709//850 710//850
f 709//851 707//851 708//851
f 709//852 706//852 707//852
f 724//865 723//865 725//865
f 723//866 722//866 725//866
f 722//867 721//867 725//867
f 721//868 724//868 725//868
f 724//869 722//869 723//869
f 724//870 721//870 722//870
f 739//883 738//883 740//883
f 738//884 737//884 740//884
f 737//885 736//885 740//885
f 736//886 739//886 740//886
f 739//887 737//887 738//887
f 739//888 736//888 737//888
f 754//901 753//901 755//901
f 753//902 752//902 755//902
f 752//903 751//903 755//903
f 751//904 754//904 755//904
f 754//905 752//905 753//905
f 754//906 751//906 752//906
f 769//919 768//919 770//919
f 768//920 767//920 770//920
f 767//921 766//921 770//921
f 766//922 769//922 770//922
f 769//923 767//923 768//923
f 769//924 766//924 767//924
f 784//937 783//937 785//937
f 783//938 782//938 785//938
f 782//939 781//939 785//939
f 781//940 784//940 785//940
f 784//941 782//941 783//941
f 784//942 781//942 782//942
f 799//955 798//955 800//955
f 798//956 797//956 800//956
f 797//957 796//957 800//957
f 796//958 799//958 800//958
f 799//959 797//959 798//959
f 799//960 796//960 797//960
f 814//973 813//973 815//973
f 813//974 812//974 815//974
f 812//975 811//975 815//975
f 811//976 814//976 815//976
f 814//977 812//977 813//977
f 814//978 811//978 812//978
f 829//991 828//991 830//991
f 828//992 827//992 830//992
f 827//993 826//993 830//993
f 826//994 829//994 830//994
f 829//995 827//995 828//995
f 829//996 826//996 827//996
f 844//1009 843//1009 845//1009
f 843//1010 842//1010 845//1010
f 842//1011 841//1011 845//1011
f 841//1012 844//1012 845//1012
f 844//1013 842//1013 843//1013
f 844//1014 841//1014 842//1014
f 859//1027 858//1027 860//1027
f 858//1028 857//1028 860//1028
f 857//1029 856//1029 860//1029
f 856//1030 859//1030 860//1030
f 859//1031 857//1031 858//1031
f 859//1032 856//1032 857//1032
f 874//1045 873//1045 875//1045
f 873//1046 872//1046 875//1046
f 872//1047 871//1047 875//1047
f 871//1048 874//1048 875//1048
f 874//1049 872//1049 873//1049
f 874//1050 871//1050 872//1050
f 889//1063 888//1063 890//1063
f 888//1064 887//1064 890//1064
f 887//1065 886//1065 890//1065
f 886//1066 889//1066 890//1066
f 889//1067 887//1067 888//1067
f 889//1068 886//1068 887//1068
f 904//1081 903//1081 905//1081
f 903//1082 902//1082 905//1082
f 902//1083 901//1083 905//1083
f 901//1084 904//1084 905//1084
f 904//1085 902//1085 903//1085
f 904//1086 901//1086 902//1086
f 919//1099 918//1099 920//1099
f 918//1100 917//1100 920//1100
f 917//1101 916//1101 920//1101
f 916//1102 919//1102 920//1102
f 919//1103 917//1103 918//1103
f 919//1104 916//1104 917//1104
f 934//1117 933//1117 935//1117
f 933//1118 932//1118 935//1118
f 932//1119 931//1119 935//1119
f 931//1120 934//1120 935//1120
f 934//1121 932//1121 933//1121
f 934//1122 931//1122 932//1122
f 949//1135 948//1135 950//1135
f 948//1136 947//1136 950//1136
f 947//1137 946//1137 950//1137
f 946//1138 949//1138 950//1138
f 949//1139 947//1139 948//1139
f 949//1140 946//1140 947//1140
f 964//1153 963//1153 965//1153
f 963//1154 962//1154 965//1154
f 962//1155 961//1155 965//1155
f 961//1156 964//1156 965//1156
f 964//1157 962//1157 963//1157
f 964//1158 961//1158 962//1158
f 979//1171 978//1171 980//1171
f 978//1172 977//1172 980//1172
f 977//1173 976//1173 980//1173
f 976//1174 979//1174 980//1174
f 979//1175 977//1175 978//1175
f 979//1176 976//1176 977//1176
f 994//1189 993//1189 995//1189
f 993//1190 992//1190 995//1190
f 992//1191 991//1191 995//1191
f 991//1192 994//1192 995//1192
f 994//1193 992//1193 993//1193
f 994//1194 991//1194 992//1194
f 1009//1207 1008//1207 1010//1207
f 1008//1208 1007//1208 1010//1208
f 1007//1209 1006//1209 1010//1209
f 1006//1210 1009//1210 1010//1210
f 1009//1211 1007//1211 1008//1211
f 1009//1212 1006//1212 1007//1212
f 1024//1225 1023//1225 1025//1225
f 1023//1226 1022//1226 1025//1226
f 1022//1227 1021//1227 1025//1227
f 1021//1228 1024//1228 1025//1228
f 1024//1229 1022//1229 1023//1229
f 1024//1230 1021//1230 1022//1230
f 1039//1243 1038//1243 1040//1243
f 1038//1244 1037//1244 1040//1244
f 1037//1245 1036//1245 1040//1245
f 1036//1246 1039//1246 1040//1246
f 1039//1247 1037//1247 1038//1247
f 1039//1248 1036//1248 1037//1248
f 1054//1261 1053//1261 1055//1261
f 1053//1262 1052//1262 1055//1262
f 1052//1263 1051//1263 1055//1263
f 1051//1264 1054//1264 1055//1264
f 1054//1265 1052//1265 1053//1265
f 1054//1266 1051//1266 1052//1266
f 1069//1279 1068//1279 1070//1279
f 1068//1280 1067//1280 1070//1280
f 1067//1281 1066//1281 1070//1281
f 1066//1282 1069//1282 1070//1282
f 1069//1283 1067//1283 1068//1283
f 1069//1284 1066//1284 1067//1284
f 1084//1297 1083//1297 1085//1297
f 1083//1298 1082//1298 1085//1298
f 1082//1299 1081//1299 1085//1299
f 1081//1300 1084//1300 1085//1300
f 1084//1301 1082//1301 1083//1301
f 1084//1302 1081//1302 1082//1302
f 1099//1315 1098//1315 1100//1315
f 1098//1316 1097//1316 1100//1316
f 1097//1317 1096//1317 1100//1317
f 1096//1318 1099//1318 1100//1318
f 1099//1319 1097//1319 1098//1319
f 1099//1320 1096//1320 1097//1320
f 1114//1333 1113//1333 1115//1333
f 1113//1334 1112//1334 1115//1334
f 1112//1335 1111//1335 1115//1335
f 1111//1336 1114//1336 1115//1336
f 1114//1337 1112//1337 1113//1337
f 1114//1338 1111//1338 1112//1338
f 1129//1351 1128//1351 1130//1351
f 1128//1352 1127//1352 1130//1352
f 1127//1353 1126//1353 1130//1353
f 1126//1354 1129//1354 1130//1354
f 1129//1355 1127//1355 1128//1355
f 1129//1356 1126//1356 1127//1356
f 1144//1369 1143//1369 1145//1369
f 1143//1370 1142//1370 1145//1370
f 1142//1371 1141//1371 1145//1371
f 1141//1372 1144//1372 1145//1372
f 1144//1373 1142//1373 1143//1373
f 1144//1374 1141//1374 1142//1374
f 1159//1387 1158//1387 1160//1387
f 1158//1388 1157//1388 1160//1388
f 1157//1389 1156//1389 1160//1389
f 1156//1390 1159//1390 1160//1390
f 1159//1391 1157//1391 1158//1391
f 1159//1392 1156//1392 1157//1392
f 1174//1405 1173//1405 1175//1405
f 1173//1406 1172//1406 1175//1406
f 1172//1407 1171//1407 1175//1407
f 1171//1408 1174//1408 1175//1408
f 1174//1409 1172//1409 1173//1409
f 1174//1410 1171//1410 1172//1410
f 1189//1423 1188//1423 1190//1423
f 1188//1424 1187//1424 1190//1424
f 1187//1425 1186//1425 1190//1425
f 1186//1426 1189//1426 1190//1426
f 1189//1427 1187//1427 1188//1427
f 1189//1428 1186//1428 1187//1428
f 1204//1441 1203//1441 1205//1441
f 1203//1442 1202//1442 1205//1442
f 1202//1443 1201//1443 1205//1443
f 1201//1444 1204//1444 1205//1444
f 1204//1445 1202//1445 1203//1445
f 1204//1446 1201//1446 1202//1446
f 1219//1459 1218//1459 1220//1459
f 1218//1460 1217//1460 1220//1460
f 1217//1461 1216//1461 1220//1461
f 1216//1462 1219//1462 1220//1462
f 1219//1463 1217//1463 1218//1463
f 1219//1464 1216//1464 1217//1464
f 1234//1477 1233//1477 1235//1477
f 1233//1478 1232//1478 1235//1478
f 1232//1479 1231//1479 1235//1479
f 1231//1480 1234//1480 1235//1480
f 1234//1481 1232//1481 1233//1481
f 1234//1482 1231//1482 1232//1482
f 1249//1495 1248//1495 1250//1495
f 1248//1496 1247//1496 1250//1496
f 1247//1497 1246//1497 1250//1497
f 1246//1498 1249//1498 1250//1498
f 1249//1499 1247//1499 1248//1499
f 1249//1500 1246//1500 1247//1500
f 1264//1513 1263//1513 1265//1513
f 1263//1514 1262//1514 1265//1514
f 1262//1515 1261//1515 1265//1515
f 1261//1516 1264//1516 1265//1516
f 1264//1517 1262//1517 1263//1517
f 1264//1518 1261//1518 1262//1518
f 1279//1531 1278//1531 1280//1531
f 1278//1532 1277//1532 1280//1532
f 1277//1533 1276//1533 1280//1533
f 1276//1534 1279//1534 1280//1534
f 1279//1535 1277//1535 1278//1535
f 1279//1536 1276//1536 1277//1536
f 1294//1549 1293//1549 1295//1549
f 1293//1550 1292//1550 1295//1550
f 1292//1551 1291//1551 1295//1551
f 1291//1552 1294//1552 1295//1552
f 1294//1553 1292//1553 1293//1553
f 1294//1554 1291//1554 1292//1554
f 1309//1567 1308//1567 1310//1567
f 1308//1568 1307//1568 1310//1568
f 1307//1569 1306//1569 1310//1569
f 1306//1570 1309//1570 1310//1570
f 1309//1571 1307//1571 1308//1571
f 1309//1572 1306//1572 1307//1572
f 1324//1585 1323//1585 1325//1585
f 1323//1586 1322//1586 1325//1586
f 1322//1587 1321//1587 1325//1587
f 1321//1588 1324//1588 1325//1588
f 1324//1589 1322//1589 1323//1589
f 1324//1590 1321//1590 1322//1590
f 1339//1603 1338//1603 1340//1603
f 1338//1604 1337//1604 1340//1604
f 1337//1605 1336//1605 1340//1605
f 1336//1606 1339//1606 1340//1606
f 1339//1607 1337//1607 1338//1607
f 1339//1608 1336//1608 1337//1608
f 1354//1621 1353//1621 1355//1621
f 1353//1622 1352//1622 1355//1622
f 1352//1623 1351//1623 1355//1623
f 1351//1624 1354//1624 1355//1624
f 1354//1625 1352//1625 1353//1625
f 1354//1626 1351//1626 1352//1626
f 1369//1639 1368//1639 1370//1639
f 1368//1640 1367//1640 1370//1640
f 1367//1641 1366//1641 1370//1641
f 1366//1642 1369//1642 1370//1642
f 1369//1643 1367//1643 1368//1643
f 1369//1644 1366//1644 1367//1644
f 1384//1657 1383//1657 1385//1657
f 1383//1658 1382//1658 1385//1658
f 1382//1659 1381//1659 1385//1659
f 1381//1660 1384//1660 1385//1660
f 1384//1661 1382//1661 1383//1661
f 1384//1662 1381//1662 1382//1662
f 1399//1675 1398//1675 1400//1675
f 1398//1676 1397//1676 1400//1676
f 1397//1677 1396//1677 1400//1677
f 1396//1678 1399//1678 1400//1678
f 1399//1679 1397//1679 1398//1679
f 1399//1680 1396//1680 1397//1680
f 1414//1693 1413//1693 1415//1693
f 1413//1694 1412//1694 1415//1694
f 1412//1695 1411//1695 1415//1695
f 1411//1696 1414//1696 1415//1696
f 1414//1697 1412//1697 1413//1697
f 1414//1698 1411//1698 1412//1698
f 1429//1711 1428//1711 1430//1711
f 1428//1712 1427//1712 1430//1712
f 1427//1713 1426//1713 1430//1713
f 1426//1714 1429//1714 1430//1714
f 1429//1715 1427//1715 1428//1715
f 1429//1716 1426//1716 1427//1716
f 1444//1729 1443//1729 1445//1729
f 1443//1730 1442//1730 1445//1730
f 1442//1731 1441//1731 1445//1731
f 1441//1732 1444//1732 1445//1732
f 1444//1733 1442//1733 1443//1733
f 1444//1734 1441//1734 1442//1734
f 1459//1747 1458//1747 1460//1747
f 1458//1748 1457//1748 1460//1748
f 1457//1749 1456//1749 1460//1749
f 1456//1750 1459//1750 1460//1750
f 1459//1751 1457//1751 1458//1751
f 1459//1752 1456//1752 1457//1752
f 1474//1765 1473//1765 1475//1765
f 1473//1766 1472//1766 1475//1766
f 1472//1767 1471//1767 1475//1767
f 1471//1768 1474//1768 1475//1768
f 1474//1769 1472//1769 1473//1769
f 1474//1770 1471//1770 1472//1770
f 1489//1783 1488//1783 1490//1783
f 1488//1784 1487//1784 1490//1784
f 1487//1785 1486//1785 1490//1785
f 1486//1786 1489//1786 1490//1786
f 1489//1787 1487//1787 1488//1787
f 1489//1788 1486//1788 1487//1788
f 1504//1801 1503//1801 1505//1801
f 1503//1802 1502//1802 1505//1802
f 1502//1803 1501//1803 1505//1803
f 1501//1804 1504//1804 1505//1804
f 1504//1805 1502//1805 1503//1805
f 1504//1806 1501//1806 1502//1806
f 1519//1819 1518//1819 1520//1819
f 1518//1820 1517//1820 1520//1820
f 1517//1821 1516//1821 1520//1821
f 1516//1822 1519//1822 1520//1822
f 1519//1823 1517//1823 1518//1823
f 1519//1824 1516//1824 1517//1824
f 1534//1837 1533//1837 1535//1837
f 1533//1838 1532//1838 1535//1838
f 1532//1839 1531//1839 1535//1839
f 1531//1840 1534//1840 1535//1840
f 1534//1841 1532//1841 1533//1841
f 1534//1842 1531//1842 1532//1842
f 1549//1855 1548//1855 1550//1855
f 1548//1856 1547//1856 1550//1856
f 1547//1857 1546//1857 1550//1857
f 1546//1858 1549//1858 1550//1858
f 1549//1859 1547//1859 1548//1859
f 1549//1860 1546//1860 1547//1860
f 1564//1873 1563//1873 1565//1873
f 1563//1874 1562//1874 1565//1874
f 1562//1875 1561//1875 1565//1875
f 1561//1876 1564//1876 1565//1876
f 1564//1877 1562//1877 1563//1877
f 1564//1878 1561//1878 1562//1878
f 1579//1891 1578//1891 1580//1891
f 1578//1892 1577//1892 1580//1892
f 1577//1893 1576//1893 1580//1893
f 1576//1894 1579//1894 1580//1894
f 1579//1895 1577//1895 1578//1895
f 1579//1896 1576//1896 1577//1896
f 1594//1909 1593//1909 1595//1909
f 1593//1910 1592//1910 1595//1910
f 1592//1911 1591//1911 1595//1911
f 1591//1912 1594//1912 1595//1912
f 1594//1913 1592//1913 1593//1913
f 1594//1914 1591//1914 1592//1914
f 1609//1927 1608//1927 1610//1927
f 1608//1928 1607//1928 1610//1928
f 1607//1929 1606//1929 1610//1929
f 1606//1930 1609//1930 1610//1930
f 1609//1931 1607//1931 1608//1931
f 1609//1932 1606//1932 1607//1932
f 1624//1945 1623//1945 1625//1945
f 1623//1946 1622//1946 1625//1946
f 1622//1947 1621//1947 1625//1947
f 1621//1948 1624//1948 1625//1948
f 1624//1949 1622//1949 1623//1949
f 1624//1950 1621//1950 1622//1950
f 1639//1963 1638//1963 1640//1963
f 1638//1964 1637//1964 1640//1964
f 1637//1965 1636//1965 1640//1965
f 1636//1966 1639//1966 1640//1966
f 1639//1967 1637//1967 1638//1967
f 1639//1968 1636//1968 1637//1968
f 1654//1981 1653//1981 1655//1981
f 1653//1982 1652//1982 1655//1982
f 1652//1983 1651//1983 1655//1983
f 1651//1984 1654//1984 1655//1984
f 1654//1985 1652//1985 1653//1985
f 1654//1986 1651//1986 1652//1986
f 1669//1999 1668//1999 1670//1999
f 1668//2000 1667//2000 1670//2000
f 1667//2001 1666//2001 1670//2001
f 1666//2002 1669//2002 1670//2002
f 1669//2003 1667//2003 1668//2003
f 1669//2004 1666//2004 1667//2004
f 1684//2017 1683//2017 1685//2017
f 1683//2018 1682//2018 1685//2018
f 1682//2019 1681//2019 1685//2019
f 1681//2020 1684//2020 1685//2020
f 1684//2021 1682//2021 1683//2021
f 1684//2022 1681//2022 1682//2022
f 1699//2035 1698//2035 1700//2035
f 1698//2036 1697//2036 1700//2036
f 1697//2037 1696//2037 1700//2037
f 1696//2038 1699//2038 1700//2038
f 1699//2039 1697//2039 1698//2039
f 1699//2040 1696//2040 1697//2040
f 1714//2053 1713//2053 1715//2053
f 1713//2054 1712//2054 1715//2054
f 1712//2055 1711//2055 1715//2055
f 1711//2056 1714//2056 1715//2056
f 1714//2057 1712//2057 1713//2057
f 1714//2058 1711//2058 1712//2058
f 1729//2071 1728//2071 1730//2071
f 1728//2072 1727//2072 1730//2072
f 1727//2073 1726//2073 1730//2073
f 1726//2074 1729//2074 1730//2074
f 1729//2075 1727//2075 1728//2075
f 1729//2076 1726//2076 1727//2076
f 1744//2089 1743//2089 1745//2089
f 1743//2090 1742//2090 1745//2090
f 1742//2091 1741//2091 1745//2091
f 1741//2092 1744//2092 1745//2092
f 1744//2093 1742//2093 1743//2093
f 1744//2094 1741//2094 1742//2094
f 1759//2107 1758//2107 1760//2107
f 1758//2108 1757//2108 1760//2108
f 1757//2109 1756//2109 1760//2109
f 1756//2110 1759//2110 1760//2110
f 1759//2111 1757//2111 1758//2111
f 1759//2112 1756//2112 1757//2112
f 1774//2125 1773//2125 1775//2125
f 1773//2126 1772//2126 1775//2126
f 1772//2127 1771//2127 1775//2127
f 1771//2128 1774//2128 1775//2128
f 1774//2129 1772//2129 1773//2129
f 1774//2130 1771//2130 1772//2130
f 1789//2143 1788//2143 1790//2143
f 1788//2144 1787//2144 1790//2144
f 1787//2145 1786//2145 1790//2145
f 1786//2146 1789//2146 1790//2146
f 1789//2147 1787//2147 1788//2147
f 1789//2148 1786//2148 1787//2148
f 1804//2161 1803//2161 1805//2161
f 1803//2162 1802//2162 1805//2162
f 1802//2163 1801//2163 1805//2163
f 1801//2164 1804//2164 1805//2164
f 1804//2165 1802//2165 1803//2165
f 1804//2166 1801//2166 1802//2166
f 1819//2179 1818//2179 1820//2179
f 1818//2180 1817//2180 1820//2180
f 1817//2181 1816//2181 1820//2181
f 1816//2182 1819//2182 1820//2182
f 1819//2183 1817//2183 1818//2183
f 1819//2184 1816//2184 1817//2184
f 1834//2197 1833//2197 1835//2197
f 1833//2198 1832//2198 1835//2198
f 1832//2199 1831//2199 1835//2199
f 1831//2200 1834//2200 1835//2200
f 1834//2201 1832//2201 1833//2201
f 1834//2202 1831//2202 1832//2202
f 1849//2215 1848//2215 1850//2215
f 1848//2216 1847//2216 1850//2216
f 1847//2217 1846//2217 1850//2217
f 1846//2218 1849//2218 1850//2218
f 1849//2219 1847//2219 1848//2219
f 1849//2220 1846//2220 1847//2220
f 1864//2233 1863//2233 1865//2233
f 1863//2234 1862//2234 1865//2234
f 1862//2235 1861//2235 1865//2235
f 1861//2236 1864//2236 1865//2236
f 1864//2237 1862//2237 1863//2237
f 1864//2238 1861//2238 1862//2238
f 1879//2251 1878//2251 1880//2251
f 1878//2252 1877//2252 1880//2252
f 1877//2253 1876//2253 1880//2253
f 1876//2254 1879//2254 1880//2254
f 1879//2255 1877//2255 1878//2255
f 1879//2256 1876//2256 1877//2256
f 1894//2269 1893//2269 1895//2269
f 1893//2270 1892//2270 1895//2270
f 1892//2271 1891//2271 1895//2271
f 1891//2272 1894//2272 1895//2272
f 1894//2273 1892//2273 1893//2273
f 1894//2274 1891//2274 1892//2274
f 1909//2287 1908//2287 1910//2287
f 1908//2288 1907//2288 1910//2288
f 1907//2289 1906//2289 1910//2289
f 1906//2290 1909//2290 1910//2290
f 1909//2291 1907//2291 1908//2291
f 1909//2292 1906//2292 1907//2292
f 1924//2305 1923//2305 1925//2305
f 1923//2306 1922//2306 1925//2306
f 1922//2307 1921//2307 1925//2307
f 1921//2308 1924//2308 1925//2308
f 1924//2309 1922//2309 1923//2309
f 1924//2310 1921//2310 1922//2310
f 1939//2323 1938//2323 1940//2323
f 1938//2324 1937//2324 1940//2324
f 1937//2325 1936//2325 1940//2325
f 1936//2326 1939//2326 1940//2326
f 1939//2327 1937//2327 1938//2327
f 1939//2328 1936//2328 1937//2328
f 1954//2341 1953//2341 1955//2341
f 1953//2342 1952//2342 1955//2342
f 1952//2343 1951//2343 1955//2343
f 1951//2344 1954//2344 1955//2344
f 1954//2345 1952//2345 1953//2345
f 1954//2346 1951//2346 1952//2346
f 1969//2359 1968//2359 1970//2359
f 1968//2360 1967//2360 1970//2360
f 1967//2361 1966//2361 1970//2361
f 1966//2362 1969//2362 1970//2362
f 1969//2363 1967//2363 1968//2363
f 1969//2364 1966//2364 1967//2364
f 1984//2377 1983//2377 1985//2377
f 1983//2378 1982//2378 1985//2378
f 1982//2379 1981//2379 1985//2379
f 1981//2380 1984//2380 1985//2380
f 1984//2381 1982//2381 1983//2381
f 1984//2382 1981//2382 1982//2382
f 1999//2395 1998//2395 2000//2395
f 1998//2396 1997//2396 2000//2396
f 1997//2397 1996//2397 2000//2397
f 1996//2398 1999//2398 2000//2398
f 1999//2399 1997//2399 1998//2399
f 1999//2400 1996//2400 1997//2400
f 2014//2413 2013//2413 2015//2413
f 2013//2414 2012//2414 2015//2414
f 2012//2415 2011//2415 2015//2415
f 2011//2416 2014//2416 2015//2416
f 2014//2417 2012//2417 2013//2417
f 2014//2418 2011//2418 2012//2418
f 2029//2431 2028//2431 2030//2431
f 2028//2432 2027//2432 2030//2432
f 2027//2433 2026//2433 2030//2433
f 2026//2434 2029//2434 2030//2434
f 2029//2435 2027//2435 2028//2435
f 2029//2436 2026//2436 2027//2436
f 2044//2449 2043//2449 2045//2449
f 2043//2450 2042//2450 2045//2450
f 2042//2451 2041//2451 2045//2451
f 2041//2452 2044//2452 2045//2452
f 2044//2453 2042//2453 2043//2453
f 2044//2454 2041//2454 2042//2454
f 2059//2467 2058//2467 2060//2467
f 2058//2468 2057//2468 2060//2468
f 2057//2469 2056//2469 2060//2469
f 2056//2470 2059//2470 2060//2470
f 2059//2471 2057//2471 2058//2471
f 2059//2472 2056//2472 2057//2472
f 2074//2485 2073//2485 2075//2485
f 2073//2486 2072//2486 2075//2486
f 2072//2487 2071//2487 2075//2487
f 2071//2488 2074//2488 2075//2488
f 2074//2489 2072//2489 2073//2489
f 2074//2490 2071//2490 2072//2490
f 2089//2503 2088//2503 2090//2503
f 2088//2504 2087//2504 2090//2504
f 2087//2505 2086//2505 2090//2505
f 2086//2506 2089//2506 2090//2506
f 2089//2507 2087//2507 2088//2507
f 2089//2508 2086//2508 2087//2508
f 2104//2521 2103//2521 2105//2521
f 2103//2522 2102//2522 2105//2522
f 2102//2523 2101//2523 2105//2523
f 2101//2524 2104//2524 2105//2524
f 2104//2525 2102//2525 2103//2525
f 2104//2526 2101//2526 2102//2526
f 2119//2539 2118//2539 2120//2539
f 2118//2540 2117//2540 2120//2540
f 2117//2541 2116//2541 2120//2541
f 2116//2542 2119//2542 2120//2542
f 2119//2543 2117//2543 2118//2543
f 2119//2544 2116//2544 2117//2544
f 2134//2557 2133//2557 2135//2557
f 2133//2558 2132//2558 2135//2558
f 2132//2559 2131//2559 2135//2559
f 2131//2560 2134//2560 2135//2560
f 2134//2561 2132//2561 2133//2561
f 2134//2562 2131//2562 2132//2562
f 2149//2575 2148//2575 2150//2575
f 2148//2576 2147//2576 2150//2576
f 2147//2577 2146//2577 2150//2577
f 2146//2578 2149//2578 2150//2578
f 2149//2579 2147//2579 2148//2579
f 2149//2580 2146//2580 2147//2580
f 2164//2593 2163//2593 2165//2593
f 2163//2594 2162//2594 2165//2594
f 2162//2595 2161//2595 2165//2595
f 2161//2596 2164//2596 2165//2596
f 2164//2597 2162//2597 2163//2597
f 2164//2598 2161//2598 2162//2598
f 2179//2611 2178//2611 2180//2611
f 2178//2612 2177//2612 2180//2612
f 2177//2613 2176//2613 2180//2613
f 2176//2614 2179//2614 2180//2614
f 2179//2615 2177//2615 2178//2615
f 2179//2616 2176//2616 2177//2616
f 2194//2629 2193//2629 2195//2629
f 2193//2630 2192//2630 2195//2630
f 2192//2631 2191//2631 2195//2631
f 2191//2632 2194//2632 2195//2632
f 2194//2633 2192//2633 2193//2633
f 2194//2634 2191//2634 2192//2634
f 2209//2647 2208//2647 2210//2647
f 2208//2648 2207//2648 2210//2648
f 2207//2649 2206//2649 2210//2649
f 2206//2650 2209//2650 2210//2650
f 2209//2651 2207//2651 2208//2651
f 2209//2652 2206//2652 2207//2652
f 2224//2665 2223//2665 2225//2665
f 2223//2666 2222//2666 2225//2666
f 2222//2667 2221//2667 2225//2667
f 2221//2668 2224//2668 2225//2668
f 2224//2669 2222//2669 2223//2669
f 2224//2670 2221//2670 2222//2670
f 2239//2683 2238//2683 2240//2683
f 2238//2684 2237//2684 2240//2684
f 2237//2685 2236//2685 2240//2685
f 2236//2686 2239//2686 2240//2686
f 2239//2687 2237//2687 2238//2687
f 2239//2688 2236//2688 2237//2688
f 2254//2701 2253//2701 2255//2701
f 2253//2702 2252//2702 2255//2702
f 2252//2703 2251//2703 2255//2703
f 2251//2704 2254//2704 2255//2704
f 2254//2705 2252//2705 2253//2705
f 2254//2706 2251//2706 2252//2706
f 2269//2719 2268//2719 2270//2719
f 2268//2720 2267//2720 2270//2720
f 2267//2721 2266//2721 2270//2721
f 2266//2722 2269//2722 2270//2722
f 2269//2723 2267//2723 2268//2723
f 2269//2724 2266//2724 2267//2724
f 2284//2737 2283//2737 2285//2737
f 2283//2738 2282//2738 2285//2738
f 2282//2739 2281//2739 2285//2739
f 2281//2740 2284//2740 2285//2740
f 2284//2741 2282//2741 2283//2741
f 2284//2742 2281//2742 2282//2742
f 2299//2755 2298//2755 2300//2755
f 2298//2756 2297//2756 2300//2756
f 2297//2757 2296//2757 2300//2757
f 2296//2758 2299//2758 2300//2758
f 2299//2759 2297//2759 2298//2759
f 2299//2760 2296//2760 2297//2760
f 2314//2773 2313//2773 2315//2773
f 2313//2774 2312//2774 2315//2774
f 2312//2775 2311//2775 2315//2775
f 2311//2776 2314//2776 2315//2776
f 2314//2777 2312//2777 2313//2777
f 2314//2778 2311//2778 2312//2778
f 2329//2791 2328//2791 2330//2791
f 2328//2792 2327//2792 2330//2792
f 2327//2793 2326//2793 2330//2793
f 2326//2794 2329//2794 2330//2794
f 2329//2795 2327//2795 2328//2795
f 2329//2796 2326//2796 2327//2796
f 2344//2809 2343//2809 2345//2809
f 2343//2810 2342//2810 2345//2810
f 2342//2811 2341//2811 2345//2811
f 2341//2812 2344//2812 2345//2812
f 2344//2813 2342//2813 2343//2813
f 2344//2814 2341//2814 2342//2814
f 2359//2827 2358//2827 2360//2827
f 2358//2828 2357//2828 2360//2828
f 2357//2829 2356//2829 2360//2829
f 2356//2830 2359//2830 2360//2830
f 2359//2831 2357//2831 2358//2831
f 2359//2832 2356//2832 2357//2832
f 2374//2845 2373//2845 2375//2845
f 2373//2846 2372//2846 2375//2846
f 2372//2847 2371//2847 2375//2847
f 2371//2848 2374//2848 2375//2848
f 2374//2849 2372//2849 2373//2849
f 2374//2850 2371//2850 2372//2850
f 2389//2863 2388//2863 2390//2863
f 2388//2864 2387//2864 2390//2864
f 2387//2865 2386//2865 2390//2865
f 2386//2866 2389//2866 2390//2866
f 2389//2867 2387//2867 2388//2867
f 2389//2868 2386//2868 2387//2868
f 2404//2881 2403//2881 2405//2881
f 2403//2882 2402//2882 2405//2882
f 2402//2883 2401//2883 2405//2883
f 2401//2884 2404//2884 2405//2884
f 2404//2885 2402//2885 2403//2885
f 2404//2886 2401//2886 2402//2886
f 2419//2899 2418//2899 2420//2899
f 2418//2900 2417//2900 2420//2900
f 2417//2901 2416//2901 2420//2901
f 2416//2902 2419//2902 2420//2902
f 2419//2903 2417//2903 2418//2903
f 2419//2904 2416//2904 2417//2904
f 2434//2917 2433//2917 2435//2917
f 2433//2918 2432//2918 2435//2918
f 2432//2919 2431//2919 2435//2919
f 2431//2920 2434//2920 2435//2920
f 2434//2921 2432//2921 2433//2921
f 2434//2922 2431//2922 2432//2922
f 2449//2935 2448//2935 2450//2935
f 2448//2936 2447//2936 2450//2936
f 2447//2937 2446//2937 2450//2937
f 2446//2938 2449//2938 2450//2938
f 2449//2939 2447//2939 2448//2939
f 2449//2940 2446//2940 2447//2940
f 2464//2953 2463//2953 2465//2953
f 2463//2954 2462//2954 2465//2954
f 2462//2955 2461//2955 2465//2955
f 2461//2956 2464//2956 2465//2956
f 2464//2957 2462//2957 2463//2957
f 2464//2958 2461//2958 2462//2958
f 2479//2971 2478//2971 2480//2971
f 2478//2972 2477//2972 2480//2972
f 2477//2973 2476//2973 2480//2973
f 2476//2974 2479//2974 2480//2974
f 2479//2975 2477//2975 2478//2975
f 2479//2976 2476//2976 2477//2976
f 2494//2989 2493//2989 2495//2989
f 2493//2990 2492//2990 2495//2990
f 2492//2991 2491//2991 2495//2991
f 2491//2992 2494//2992 2495//2992
f 2494//2993 2492//2993 2493//2993
f 2494//2994 2491//2994 2492//2994
f 2509//3007 2508//3007 2510//3007
f 2508//3008 2507//3008 2510//3008
f 2507//3009 2506//3009 2510//3009
f 2506//3010 2509//3010 2510//3010
f 2509//3011 2507//3011 2508//3011
f 2509//3012 2506//3012 2507//3012
f 2524//3025 2523//3025 2525//3025
f 2523//3026 2522//3026 2525//3026
f 2522//3027 2521//3027 2525//3027
f 2521//3028 2524//3028 2525//3028
f 2524//3029 2522//3029 2523//3029
f 2524//3030 2521//3030 2522//3030
f 2539//3043 2538//3043 2540//3043
f 2538//3044 2537//3044 2540//3044
f 2537//3045 2536//3045 2540//3045
f 2536//3046 2539//3046 2540//3046
f 2539//3047 2537//3047 2538//3047
f 2539//3048 2536//3048 2537//3048
f 2554//3061 2553//3061 2555//3061
f 2553//3062 2552//3062 2555//3062
f 2552//3063 2551//3063 2555//3063
f 2551//3064 2554//3064 2555//3064
f 2554//3065 2552//3065 2553//3065
f 2554//3066 2551//3066 2552//3066
f 2569//3079 2568//3079 2570//3079
f 2568//3080 2567//3080 2570//3080
f 2567//3081 2566//3081 2570//3081
f 2566//3082 2569//3082 2570//3082
f 2569//3083 2567//3083 2568//3083
f 2569//3084 2566//3084 2567//3084
f 2584//3097 2583//3097 2585//3097
f 2583//3098 2582//3098 2585//3098
f 2582//3099 2581//3099 2585//3099
f 2581//3100 2584//3100 2585//3100
f 2584//3101 2582//3101 2583//3101
f 2584//3102 2581//3102 2582//3102
f 2599//3115 2598//3115 2600//3115
f 2598//3116 2597//3116 2600//3116
f 2597//3117 2596//3117 2600//3117
f 2596//3118 2599//3118 2600//3118
f 2599//3119 2597//3119 2598//3119
f 2599//3120 2596//3120 2597//3120
f 2614//3133 2613//3133 2615//3133
f 2613//3134 2612//3134 2615//3134
f 2612//3135 2611//3135 2615//3135
f 2611//3136 2614//3136 2615//3136
f 2614//3137 2612//3137 2613//3137
f 2614//3138 2611//3138 2612//3138
f 2629//3151 2628//3151 2630//3151
f 2628//3152 2627//3152 2630//3152
f 2627//3153 2626//3153 2630//3153
f 2626//3154 2629//3154 2630//3154
f 2629//3155 2627//3155 2628//3155
f 2629//3156 2626//3156 2627//3156
f 2644//3169 2643//3169 2645//3169
f 2643//3170 2642//3170 2645//3170
f 2642//3171 2641//3171 2645//3171
f 2641//3172 2644//3172 2645//3172
f 2644//3173 2642//3173 2643//3173
f 2644//3174 2641//3174 2642//3174
f 2659//3187 2658//3187 2660//3187
f 2658//3188 2657//3188 2660//3188
f 2657//3189 2656//3189 2660//3189
f 2656//3190 2659//3190 2660//3190
f 2659//3191 2657//3191 2658//3191
f 2659//3192 2656//3192 2657//3192
f 2674//3205 2673//3205 2675//3205
f 2673//3206 2672//3206 2675//3206
f 2672//3207 2671//3207 2675//3207
f 2671//3208 2674//3208 2675//3208
f 2674//3209 2672//3209 2673//3209
f 2674//3210 2671//3210 2672//3210
f 2689//3223 2688//3223 2690//3223
f 2688//3224 2687//3224 2690//3224
f 2687//3225 2686//3225 2690//3225
f 2686//3226 2689//3226 2690//3226
f 2689//3227 2687//3227 2688//3227
f 2689//3228 2686//3228 2687//3228
f 2704//3241 2703//3241 2705//3241
f 2703//3242 2702//3242 2705//3242
f 2702//3243 2701//3243 2705//3243
f 2701//3244 2704//3244 2705//3244
f 2704//3245 2702//3245 2703//3245
f 2704//3246 2701//3246 2702//3246
f 2719//3259 2718//3259 2720//3259
f 2718//3260 2717//3260 2720//3260
f 2717//3261 2716//3261 2720//3261
f 2716//3262 2719//3262 2720//3262
f 2719//3263 2717//3263 2718//3263
f 2719//3264 2716//3264 2717//3264
f 2734//3277 2733//3277 2735//3277
f 2733//3278 2732//3278 2735//3278
f 2732//3279 2731//3279 2735//3279
f 2731//3280 2734//3280 2735//3280
f 2734//3281 2732//3281 2733//3281
f 2734//3282 2731//3282 2732//3282
f 2749//3295 2748//3295 2750//3295
f 2748//3296 2747//3296 2750//3296
f 2747//3297 2746//3297 2750//3297
f 2746//3298 2749//3298 2750//3298
f 2749//3299 2747//3299 2748//3299
f 2749//3300 2746//3300 2747//3300
f 2764//3313 2763//3313 2765//3313
f 2763//3314 2762//3314 2765//3314
f 2762//3315 2761//3315 2765//3315
f 2761//3316 2764//3316 2765//3316
f 2764//3317 2762//3317 2763//3317
f 2764//3318 2761//3318 2762//3318
f 2779//3331 2778//3331 2780//3331
f 2778//3332 2777//3332 2780//3332
f 2777//3333 2776//3333 2780//3333
f 2776//3334 2779//3334 2780//3334
f 2779//3335 2777//3335 2778//3335
f 2779//3336 2776//3336 2777//3336
f 2794//3349 2793//3349 2795//3349
f 2793//3350 2792//3350 2795//3350
f 2792//3351 2791//3351 2795//3351
f 2791//3352 2794//3352 2795//3352
f 2794//3353 2792//3353 2793//3353
f 2794//3354 2791//3354 2792//3354
f 2809//3367 2808//3367 2810//3367
f 2808//3368 2807//3368 2810//3368
f 2807//3369 2806//3369 2810//3369
f 2806//3370 2809//3370 2810//3370
f 2809//3371 2807//3371 2808//3371
f 2809//3372 2806//3372 2807//3372
f 2824//3385 2823//3385 2825//3385
f 2823//3386 2822//3386 2825//3386
f 2822//3387 2821//3387 2825//3387
f 2821//3388 2824//3388 2825//3388
f 2824//3389 2822//3389 2823//3389
f 2824//3390 2821//3390 2822//3390
f 2839//3403 2838//3403 2840//3403
f 2838//3404 2837//3404 2840//3404
f 2837//3405 2836//3405 2840//3405
f 2836//3406 2839//3406 2840//3406
f 2839//3407 2837//3407 2838//3407
f 2839//3408 2836//3408 2837//3408
f 2854//3421 2853//3421 2855//3421
f 2853//3422 2852//3422 2855//3422
f 2852//3423 2851//3423 2855//3423
f 2851//3424 2854//3424 2855//3424
f 2854//3425 2852//3425 2853//3425
f 2854//3426 2851//3426 2852//3426
f 2869//3439 2868//3439 2870//3439
f 2868//3440 2867//3440 2870//3440
f 2867//3441 2866//3441 2870//3441
f 2866//3442 2869//3442 2870//3442
f 2869//3443 2867//3443 2868//3443
f 2869//3444 2866//3444 2867//3444
f 2884//3457 2883//3457 2885//3457
f 2883//3458 2882//3458 2885//3458
f 2882//3459 2881//3459 2885//3459
f 2881//3460 2884//3460 2885//3460
f 2884//3461 2882//3461 2883//3461
f 2884//3462 2881//3462 2882//3462
f 2899//3475 2898//3475 2900//3475
f 2898//3476 2897//3476 2900//3476
f 2897//3477 2896//3477 2900//3477
f 2896//3478 2899//3478 2900//3478
f 2899//3479 2897//3479 2898//3479
f 2899//3480 2896//3480 2897//3480
f 2914//3493 2913//3493 2915//3493
f 2913//3494 2912//3494 2915//3494
f 2912//3495 2911//3495 2915//3495
f 2911//3496 2914//3496 2915//3496
f 2914//3497 2912//3497 2913//3497
f 2914//3498 2911//3498 2912//3498
f 2929//3511 2928//3511 2930//3511
f 2928//3512 2927//3512 2930//3512
f 2927//3513 2926//3513 2930//3513
f 2926//3514 2929//3514 2930//3514
f 2929//3515 2927//3515 2928//3515
f 2929//3516 2926//3516 2927//3516
f 2944//3529 2943//3529 2945//3529
f 2943//3530 2942//3530 2945//3530
f 2942//3531 2941//3531 2945//3531
f 2941//3532 2944//3532 2945//3532
f 2944//3533 2942//3533 2943//3533
f 2944//3534 2941//3534 2942//3534
f 2959//3547 2958//3547 2960//3547
f 2958//3548 2957//3548 2960//3548
f 2957//3549 2956//3549 2960//3549
f 2956//3550 2959//3550 2960//3550
f 2959//3551 2957//3551 2958//3551
f 2959//3552 2956//3552 2957//3552
f 2974//3565 2973//3565 2975//3565
f 2973//3566 2972//3566 2975//3566
f 2972//3567 2971//3567 2975//3567
f 2971//3568 2974//3568 2975//3568
f 2974//3569 2972//3569 2973//3569
f 2974//3570 2971//3570 2972//3570
f 2989//3583 2988//3583 2990//3583
f 2988//3584 2987//3584 2990//3584
f 2987//3585 2986//3585 2990//3585
f 2986//3586 2989//3586 2990//3586
f 2989//3587 2987//3587 2988//3587
f 2989//3588 2986//3588 2987//3588
f 3004//3601 3003//3601 3005//3601
f 3003//3602 3002//3602 3005//3602
f 3002//3603 3001//3603 3005//3603
f 3001//3604 3004//3604 3005//3604
f 3004//3605 3002//3605 3003//3605
f 3004//3606 3001//3606 3002//3606
f 3019//3619 3018//3619 3020//3619
f 3018//3620 3017//3620 3020//3620
f 3017//3621 3016//3621 3020//3621
f 3016//3622 3019//3622 3020//3622
f 3019//3623 3017//3623 3018//3623
f 3019//3624 3016//3624 3017//3624
f 3034//3637 3033//3637 3035//3637
f 3033//3638 3032//3638 3035//3638
f 3032//3639 3031//3639 3035//3639
f 3031//3640 3034//3640 3035//3640
f 3034//3641 3032//3641 3033//3641
f 3034//3642 3031//3642 3032//3642
f 3049//3655 3048//3655 3050//3655
f 3048//3656 3047//3656 3050//3656
f 3047//3657 3046//3657 3050//3657
f 3046//3658 3049//3658 3050//3658
f 3049//3659 3047//3659 3048//3659
f 3049//3660 3046//3660 3047//3660
f 3064//3673 3063//3673 3065//3673
f 3063//3674 3062//3674 3065//3674
f 3062//3675 3061//3675 3065//3675
f 3061//3676 3064//3676 3065//3676
f 3064//3677 3062//3677 3063//3677
f 3064//3678 3061//3678 3062//3678
f 3079//3691 3078//3691 3080//3691
f 3078//3692 3077//3692 3080//3692
f 3077//3693 3076//3693 3080//3693
f 3076//3694 3079//3694 3080//3694
f 3079//3695 3077//3695 3078//3695
f 3079//3696 3076//3696 3077//3696
f 3094//3709 3093//3709 3095//3709
f 3093//3710 3092//3710 3095//3710
f 3092//3711 3091//3711 3095//3711
f 3091//3712 3094//3712 3095//3712
f 3094//3713 3092//3713 3093//3713
f 3094//3714 3091//3714 3092//3714
f 3109//3727 3108//3727 3110//3727
f 3108//3728 3107//3728 3110//3728
f 3107//3729 3106//3729 3110//3729
f 3106//3730 3109//3730 3110//3730
f 3109//3731 3107//3731 3108//3731
f 3109//3732 3106//3732 3107//3732
f 3124//3745 3123//3745 3125//3745
f 3123//3746 3122//3746 3125//3746
f 3122//3747 3121//3747 3125//3747
f 3121//3748 3124//3748 3125//3748
f 3124//3749 3122//3749 3123//3749
f 3124//3750 3121//3750 3122//3750
f 3139//3763 3138//3763 3140//3763
f 3138//3764 3137//3764 3140//3764
f 3137//3765 3136//3765 3140//3765
f 3136//3766 3139//3766 3140//3766
f 3139//3767 3137//3767 3138//3767
f 3139//3768 3136//3768 3137//3768
f 3154//3781 3153//3781 3155//3781
f 3153//3782 3152//3782 3155//3782
f 3152//3783 3151//3783 3155//3783
f 3151//3784 3154//3784 3155//3784
f 3154//3785 3152//3785 3153//3785
f 3154//3786 3151//3786 3152//3786
f 3169//3799 3168//3799 3170//3799
f 3168//3800 3167//3800 3170//3800
f 3167//3801 3166//3801 3170//3801
f 3166//3802 3169//3802 3170//3802
f 3169//3803 3167//3803 3168//3803
f 3169//3804 3166//3804 3167//3804
f 3184//3817 3183//3817 3185//3817
f 3183//3818 3182//3818 3185//3818
f 3182//3819 3181//3819 3185//3819
f 3181//3820 3184//3820 3185//3820
f 3184//3821 3182//3821 3183//3821
f 3184//3822 3181//3822 3182//3822
f 3199//3835 3198//3835 3200//3835
f 3198//3836 3197//3836 3200//3836
f 3197//3837 3196//3837 3200//3837
f 3196//3838 3199//3838 3200//3838
f 3199//3839 3197//3839 3198//3839
f 3199//3840 3196//3840 3197//3840
f 3214//3853 3213//3853 3215//3853
f 3213//3854 3212//3854 3215//3854
f 3212//3855 3211//3855 3215//3855
f 3211//3856 3214//3856 3215//3856
f 3214//3857 3212//3857 3213//3857
f 3214//3858 3211//3858 3212//3858
f 3229//3871 3228//3871 3230//3871
f 3228//3872 3227//3872 3230//3872
f 3227//3873 3226//3873 3230//3873
f 3226//3874 3229//3874 3230//3874
f 3229//3875 3227//3875 3228//3875
f 3229//3876 3226//3876 3227//3876
f 3244//3889 3243//3889 3245//3889
f 3243//3890 3242//3890 3245//3890
f 3242//3891 3241//3891 3245//3891
f 3241//3892 3244//3892 3245//3892
f 3244//3893 3242//3893 3243//3893
f 3244//3894 3241//3894 3242//3894
f 3259//3907 3258//3907 3260//3907
f 3258//3908 3257//3908 3260//3908
f 3257//3909 3256//3909 3260//3909
f 3256//3910 3259//3910 3260//3910
f 3259//3911 3257//3911 3258//3911
f 3259//3912 3256//3912 3257//3912
f 3274//3925 3273//3925 3275//3925
f 3273//3926 3272//3926 3275//3926
f 3272//3927 3271//3927 3275//3927
f 3271//3928 3274//3928 3275//3928
f 3274//3929 3272//3929 3273//3929
f 3274//3930 3271//3930 3272//3930
f 3289//3943 3288//3943 3290//3943
f 3288//3944 3287//3944 3290//3944
f 3287//3945 3286//3945 3290//3945
f 3286//3946 3289//3946 3290//3946
f 3289//3947 3287//3947 3288//3947
f 3289//3948 3286//3948 3287//3948
f 3304//3961 3303//3961 3305//3961
f 3303//3962 3302//3962 3305//3962
f 3302//3963 3301//3963 3305//3963
f 3301//3964 3304//3964 3305//3964
f 3304//3965 3302//3965 3303//3965
f 3304//3966 3301//3966 3302//3966
f 3319//3979 3318//3979 3320//3979
f 3318//3980 3317//3980 3320//3980
f 3317//3981 3316//3981 3320//3981
f 3316//3982 3319//3982 3320//3982
f 3319//3983 3317//3983 3318//3983
f 3319//3984 3316//3984 3317//3984
f 3334//3997 3333//3997 3335//3997
f 3333//3998 3332//3998 3335//3998
f 3332//3999 3331//3999 3335//3999
f 3331//4000 3334//4000 3335//4000
f 3334//4001 3332//4001 3333//4001
f 3334//4002 3331//4002 3332//4002
f 3349//4015 3348//4015 3350//4015
f 3348//4016 3347//4016 3350//4016
f 3347//4017 3346//4017 3350//4017
f 3346//4018 3349//4018 3350//4018
f 3349//4019 3347//4019 3348//4019
f 3349//4020 3346//4020 3347//4020
f 3364//4033 3363//4033 3365//4033
f 3363//4034 3362//4034 3365//4034
f 3362//4035 3361//4035 3365//4035
f 3361//4036 3364//4036 3365//4036
f 3364//4037 3362//4037 3363//4037
f 3364//4038 3361//4038 3362//4038
f 3379//4051 3378//4051 3380//4051
f 3378//4052 3377//4052 3380//4052
f 3377//4053 3376//4053 3380//4053
f 3376//4054 3379//4054 3380//4054
f 3379//4055 3377//4055 3378//4055
f 3379//4056 3376//4056 3377//4056
f 3394//4069 3393//4069 3395//4069
f 3393//4070 3392//4070 3395//4070
f 3392//4071 3391//4071 3395//4071
f 3391//4072 3394//4072 3395//4072
f 3394//4073 3392//4073 3393//4073
f 3394//4074 3391//4074 3392//4074
f 3409//4087 3408//4087 3410//4087
f 3408//4088 3407//4088 3410//4088
f 3407//4089 3406//4089 3410//4089
f 3406//4090 3409//4090 3410//4090
f 3409//4091 3407//4091 3408//4091
f 3409//4092 3406//4092 3407//4092
f 3424//4105 3423//4105 3425//4105
f 3423//4106 3422//4106 3425//4106
f 3422//4107 3421//4107 3425//4107
f 3421//4108 3424//4108 3425//4108
f 3424//4109 3422//4109 3423//4109
f 3424//4110 3421//4110 3422//4110
f 3439//4123 3438//4123 3440//4123
f 3438//4124 3437//4124 3440//4124
f 3437//4125 3436//4125 3440//4125
f 3436//4126 3439//4126 3440//4126
f 3439//4127 3437//4127 3438//4127
f 3439//4128 3436//4128 3437//4128
f 3454//4141 3453//4141 3455//4141
f 3453//4142 3452//4142 3455//4142
f 3452//4143 3451//4143 3455//4143
f 3451//4144 3454//4144 3455//4144
f 3454//4145 3452//4145 3453//4145
f 3454//4146 3451//4146 3452//4146
f 3469//4159 3468//4159 3470//4159
f 3468//4160 3467//4160 3470//4160
f 3467//4161 3466//4161 3470//4161
f 3466//4162 3469//4162 3470//4162
f 3469//4163 3467//4163 3468//4163
f 3469//4164 3466//4164 3467//4164
f 3484//4177 3483//4177 3485//4177
f 3483//4178 3482//4178 3485//4178
f 3482//4179 3481//4179 3485//4179
f 3481//4180 3484//4180 3485//4180
f 3484//4181 3482//4181 3483//4181
f 3484//4182 3481//4182 3482//4182
f 3499//4195 3498//4195 3500//4195
f 3498//4196 3497//4196 3500//4196
f 3497//4197 3496//4197 3500//4197
f 3496//4198 3499//4198 3500//4198
f 3499//4199 3497//4199 3498//4199
f 3499//4200 3496//4200 3497//4200
f 3514//4213 3513//4213 3515//4213
f 3513//4214 3512//4214 3515//4214
f 3512//4215 3511//4215 3515//4215
f 3511//4216 3514//4216 3515//4216
f 3514//4217 3512//4217 3513//4217
f 3514//4218 3511//4218 3512//4218
f 3529//4231 3528//4231 3530//4231
f 3528//4232 3527//4232 3530//4232
f 3527//4233 3526//4233 3530//4233
f 3526//4234 3529//4234 3530//4234
f 3529//4235 3527//4235 3528//4235
f 3529//4236 3526//4236 3527//4236
f 3544//4249 3543//4249 3545//4249
f 3543//4250 3542//4250 3545//4250
f 3542//4251 3541//4251 3545//4251
f 3541//4252 3544//4252 3545//4252
f 3544//4253 3542//4253 3543//4253
f 3544//4254 3541//4254 3542//4254
f 3559//4267 3558//4267 3560//4267
f 3558//4268 3557//4268 3560//4268
f 3557//4269 3556//4269 3560//4269
f 3556//4270 3559//4270 3560//4270
f 3559//4271 3557//4271 3558//4271
f 3559//4272 3556//4272 3557//4272
f 3574//4285 3573//4285 3575//4285
f 3573//4286 3572//4286 3575//4286
f 3572//4287 3571//4287 3575//4287
f 3571//4288 3574//4288 3575//4288
f 3574//4289 3572//4289 3573//4289
f 3574//4290 3571//4290 3572//4290
f 3589//4303 3588//4303 3590//4303
f 3588//4304 3587//4304 3590//4304
f 3587//4305 3586//4305 3590//4305
f 3586//4306 3589//4306 3590//4306
f 3589//4307 3587//4307 3588//4307
f 3589//4308 3586//4308 3587//4308
f 3604//4321 3603//4321 3605//4321
f 3603//4322 3602//4322 3605//4322
f 3602//4323 3601//4323 3605//4323
f 3601//4324 3604//4324 3605//4324
f 3604//4325 3602//4325 3603//4325
f 3604//4326 3601//4326 3602//4326
f 3619//4339 3618//4339 3620//4339
f 3618//4340 3617//4340 3620//4340
f 3617//4341 3616//4341 3620//4341
f 3616//4342 3619//4342 3620//4342
f 3619//4343 3617//4343 3618//4343
f 3619//4344 3616//4344 3617//4344
f 3634//4357 3633//4357 3635//4357
f 3633//4358 3632//4358 3635//4358
f 3632//4359 3631//4359 3635//4359
f 3631//4360 3634//4360 3635//4360
f 3634//4361 3632//4361 3633//4361
f 3634//4362 3631//4362 3632//4362
f 3649//4375 3648//4375 3650//4375
f 3648//4376 3647//4376 3650//4376
f 3647//4377 3646//4377 3650//4377
f 3646//4378 3649//4378 3650//4378
f 3649//4379 3647//4379 3648//4379
f 3649//4380 3646//4380 3647//4380
f 3664//4393 3663//4393 3665//4393
f 3663//4394 3662//4394 3665//4394
f 3662//4395 3661//4395 3665//4395
f 3661//4396 3664//4396 3665//4396
f 3664//4397 3662//4397 3663//4397
f 3664//4398 3661//4398 3662//4398
f 3679//4411 3678//4411 3680//4411
f 3678//4412 3677//4412 3680//4412
f 3677//4413 3676//4413 3680//4413
f 3676//4414 3679//4414 3680//4414
f 3679//4415 3677//4415 3678//4415
f 3679//4416 3676//4416 3677//4416
f 3694//4429 3693//4429 3695//4429
f 3693//4430 3692//4430 3695//4430
f 3692//4431 3691//4431 3695//4431
f 3691//4432 3694//4432 3695//4432
f 3694//4433 3692//4433 3693//4433
f 3694//4434 3691//4434 3692//4434
f 3709//4447 3708//4447 3710//4447
f 3708//4448 3707//4448 3710//4448
f 3707//4449 3706//4449 3710//4449
f 3706//4450 3709//4450 3710//4450
f 3709//4451 3707//4451 3708//4451
f 3709//4452 3706//4452 3707//4452
f 3724//4465 3723//4465 3725//4465
f 3723//4466 3722//4466 3725//4466
f 3722//4467 3721//4467 3725//4467
f 3721//4468 3724//4468 3725//4468
f 3724//4469 3722//4469 3723//4469
f 3724//4470 3721//4470 3722//4470
f 3739//4483 3738//4483 3740//4483
f 3738//4484 3737//4484 3740//4484
f 3737//4485 3736//4485 3740//4485
f 3736//4486 3739//4486 3740//4486
f 3739//4487 3737//4487 3738//4487
f 3739//4488 3736//4488 3737//4488
f 3754//4501 3753//4501 3755//4501
f 3753//4502 3752//4502 3755//4502
f 3752//4503 3751//4503 3755//4503
f 3751//4504 3754//4504 3755//4504
f 3754//4505 3752//4505 3753//4505
f 3754//4506 3751//4506 3752//4506
f 3769//4519 3768//4519 3770//4519
f 3768//4520 3767//4520 3770//4520
f 3767//4521 3766//4521 3770//4521
f 3766//4522 3769//4522 3770//4522
f 3769//4523 3767//4523 3768//4523
f 3769//4524 3766//4524 3767//4524
f 3784//4537 3783//4537 3785//4537
f 3783//4538 3782//4538 3785//4538
f 3782//4539 3781//4539 3785//4539
f 3781//4540 3784//4540 3785//4540
f 3784//4541 3782//4541 3783//4541
f 3784//4542 3781//4542 3782//4542
f 3799//4555 3798//4555 3800//4555
f 3798//4556 3797//4556 3800//4556
f 3797//4557 3796//4557 3800//4557
f 3796//4558 3799//4558 3800//4558
f 3799//4559 3797//4559 3798//4559
f 3799//4560 3796//4560 3797//4560
f 3814//4573 3813//4573 3815//4573
f 3813//4574 3812//4574 3815//4574
f 3812//4575 3811//4575 3815//4575
f 3811//4576 3814//4576 3815//4576
f 3814//4577 3812//4577 3813//4577
f 3814//4578 3811//4578 3812//4578
f 3829//4591 3828//4591 3830//4591
f 3828//4592 3827//4592 3830//4592
f 3827//4593 3826//4593 3830//4593
f 3826//4594 3829//4594 3830//4594
f 3829//4595 3827//4595 3828//4595
f 3829//4596 3826//4596 3827//4596
f 3844//4609 3843//4609 3845//4609
f 3843//4610 3842//4610 3845//4610
f 3842//4611 3841//4611 3845//4611
f 3841//4612 3844//4612 3845//4612
f 3844//4613 3842//4613 3843//4613
f 3844//4614 3841//4614 3842//4614
f 3859//4627 3858//4627 3860//4627
f 3858//4628 3857//4628 3860//4628
f 3857//4629 3856//4629 3860//4629
f 3856//4630 3859//4630 3860//4630
f 3859//4631 3857//4631 3858//4631
f 3859//4632 3856//4632 3857//4632
f 3874//4645 3873//4645 3875//4645
f 3873//4646 3872//4646 3875//4646
f 3872//4647 3871//4647 3875//4647
f 3871//4648 3874//4648 3875//4648
f 3874//4649 3872//4649 3873//4649
f 3874//4650 3871//4650 3872//4650
f 3889//4663 3888//4663 3890//4663
f 3888//4664 3887//4664 3890//4664
f 3887//4665 3886//4665 3890//4665
f 3886//4666 3889//4666 3890//4666
f 3889//4667 3887//4667 3888//4667
f 3889//4668 3886//4668 3887//4668
f 3904//4681 3903//4681 3905//4681
f 3903//4682 3902//4682 3905//4682
f 3902//4683 3901//4683 3905//4683
f 3901//4684 3904//4684 3905//4684
f 3904//4685 3902//4685 3903//4685
f 3904//4686 3901//4686 3902//4686
f 3919//4699 3918//4699 3920//4699
f 3918//4700 3917//4700 3920//4700
f 3917//4701 3916//4701 3920//4701
f 3916//4702 3919//4702 3920//4702
f 3919//4703 3917//4703 3918//4703
f 3919//4704 3916//4704 3917//4704
f 3934//4717 3933//4717 3935//4717
f 3933//4718 3932//4718 3935//4718
f 3932//4719 3931//4719 3935//4719
f 3931//4720 3934//4720 3935//4720
f 3934//4721 3932//4721 3933//4721
f 3934//4722 3931//4722 3932//4722
f 3949//4735 3948//4735 3950//4735
f 3948//4736 3947//4736 3950//4736
f 3947//4737 3946//4737 3950//4737
f 3946//4738 3949//4738 3950//4738
f 3949//4739 3947//4739 3948//4739
f 3949//4740 3946//4740 3947//4740
f 3964//4753 3963//4753 3965//4753
f 3963//4754 3962//4754 3965//4754
f 3962//4755 3961//4755 3965//4755
f 3961//4756 3964//4756 3965//4756
f 3964//4757 3962//4757 3963//4757
f 3964//4758 3961//4758 3962//4758
f 3979//4771 3978//4771 3980//4771
f 3978//4772 3977//4772 3980//4772
f 3977//4773 3976//4773 3980//4773
f 3976//4774 3979//4774 3980//4774
f 3979//4775 3977//4775 3978//4775
f 3979//4776 3976//4776 3977//4776
f 3994//4789 3993//4789 3995//4789
f 3993//4790 3992//4790 3995//4790
f 3992//4791 3991//4791 3995//4791
f 3991//4792 3994//4792 3995//4792
f 3994//4793 3992//4793 3993//4793
f 3994//4794 3991//4794 3992//4794
f 4009//4807 4008//4807 4010//4807
f 4008//4808 4007//4808 4010//4808
f 4007//4809 4006//4809 4010//4809
f 4006//4810 4009//4810 4010//4810
f 4009//4811 4007//4811 4008//4811
f 4009//4812 4006//4812 4007//4812
f 4024//4825 4023//4825 4025//4825
f 4023//4826 4022//4826 4025//4826
f 4022//4827 4021//4827 4025//4827
f 4021//4828 4024//4828 4025//4828
f 4024//4829 4022//4829 4023//4829
f 4024//4830 4021//4830 4022//4830
f 4039//4843 4038//4843 4040//4843
f 4038//4844 4037//4844 4040//4844
f 4037//4845 4036//4845 4040//4845
f 4036//4846 4039//4846 4040//4846
f 4039//4847 4037//4847 4038//4847
f 4039//4848 4036//4848 4037//4848
f 4054//4861 4053//4861 4055//4861
f 4053//4862 4052//4862 4055//4862
f 4052//4863 4051//4863 4055//4863
f 4051//4864 4054//4864 4055//4864
f 4054//4865 4052//4865 4053//4865
f 4054//4866 4051//4866 4052//4866
f 4069//4879 4068//4879 4070//4879
f 4068//4880 4067//4880 4070//4880
f 4067//4881 4066//4881 4070//4881
f 4066//4882 4069//4882 4070//4882
f 4069//4883 4067//4883 4068//4883
f 4069//4884 4066//4884 4067//4884
f 4084//4897 4083//4897 4085//4897
f 4083//4898 4082//4898 4085//4898
f 4082//4899 4081//4899 4085//4899
f 4081//4900 4084//4900 4085//4900
f 4084//4901 4082//4901 4083//4901
f 4084//4902 4081//4902 4082//4902
f 4099//4915 4098//4915 4100//4915
f 4098//4916 4097//4916 4100//4916
f 4097//4917 4096//4917 4100//4917
f 4096//4918 4099//4918 4100//4918
f 4099//4919 4097//4919 4098//4919
f 4099//4920 4096//4920 4097//4920
f 4114//4933 4113//4933 4115//4933
f 4113//4934 4112//4934 4115//4934
f 4112//4935 4111//4935 4115//4935
f 4111//4936 4114//4936 4115//4936
f 4114//4937 4112//4937 4113//4937
f 4114//4938 4111//4938 4112//4938
f 4129//4951 4128//4951 4130//4951
f 4128//4952 4127//4952 4130//4952
f 4127//4953 4126//4953 4130//4953
f 4126//4954 4129//4954 4130//4954
f 4129//4955 4127//4955 4128//4955
f 4129//4956 4126//4956 4127//4956
f 4144//4969 4143//4969 4145//4969
f 4143//4970 4142//4970 4145//4970
f 4142//4971 4141//4971 4145//4971
f 4141//4972 4144//4972 4145//4972
f 4144//4973 4142//4973 4143//4973
f 4144//4974 4141//4974 4142//4974
f 4159//4987 4158//4987 4160//4987
f 4158//4988 4157//4988 4160//4988
f 4157//4989 4156//4989 4160//4989
f 4156//4990 4159//4990 4160//4990
f 4159//4991 4157//4991 4158//4991
f 4159//4992 4156//4992 4157//4992
f 4174//5005 4173//5005 4175//5005
f 4173//5006 4172//5006 4175//5006
f 4172//5007 4171//5007 4175//5007
f 4171//5008 4174//5008 4175//5008
f 4174//5009 4172//5009 4173//5009
f 4174//5010 4171//5010 4172//5010
f 4189//5023 4188//5023 4190//5023
f 4188//5024 4187//5024 4190//5024
f 4187//5025 4186//5025 4190//5025
f 4186//5026 4189//5026 4190//5026
f 4189//5027 4187//5027 4188//5027
f 4189//5028 4186//5028 4187//5028
f 4204//5041 4203//5041 4205//5041
f 4203//5042 4202//5042 4205//5042
f 4202//5043 4201//5043 4205//5043
f 4201//5044 4204//5044 4205//5044
f 4204//5045 4202//5045 4203//5045
f 4204//5046 4201//5046 4202//5046
f 4219//5059 4218//5059 4220//5059
f 4218//5060 4217//5060 4220//5060
f 4217//5061 4216//5061 4220//5061
f 4216//5062 4219//5062 4220//5062
f 4219//5063 4217//5063 4218//5063
f 4219//5064 4216//5064 4217//5064
f 4234//5077 4233//5077 4235//5077
f 4233//5078 4232//5078 4235//5078
f 4232//5079 4231//5079 4235//5079
f 4231//5080 4234//5080 4235//5080
f 4234//5081 4232//5081 4233//5081
f 4234//5082 4231//5082 4232//5082
f 4249//5095 4248//5095 4250//5095
f 4248//5096 4247//5096 4250//5096
f 4247//5097 4246//5097 4250//5097
f 4246//5098 4249//5098 4250//5098
f 4249//5099 4247//5099 4248//5099
f 4249//5100 4246//5100 4247//5100
f 4264//5113 4263//5113 4265//5113
f 4263//5114 4262//5114 4265//5114
f 4262//5115 4261//5115 4265//5115
f 4261//5116 4264//5116 4265//5116
f 4264//5117 4262//5117 4263//5117
f 4264//5118 4261//5118 4262//5118
f 4279//5131 4278//5131 4280//5131
f 4278//5132 4277//5132 4280//5132
f 4277//5133 4276//5133 4280//5133
f 4276//5134 4279//5134 4280//5134
f 4279//5135 4277//5135 4278//5135
f 4279//5136 4276//5136 4277//5136
f 4294//5149 4293//5149 4295//5149
f 4293//5150 4292//5150 4295//5150
f 4292//5151 4291//5151 4295//5151
f 4291//5152 4294//5152 4295//5152
f 4294//5153 4292//5153 4293//5153
f 4294//5154 4291//5154 4292//5154
f 4309//5167 4308//5167 4310//5167
f 4308//5168 4307//5168 4310//5168
f 4307//5169 4306//5169 4310//5169
f 4306//5170 4309//5170 4310//5170
f 4309//5171 4307//5171 4308//5171
f 4309//5172 4306//5172 4307//5172
f 4324//5185 4323//5185 4325//5185
f 4323//5186 4322//5186 4325//5186
f 4322//5187 4321//5187 4325//5187
f 4321//5188 4324//5188 4325//5188
f 4324//5189 4322//5189 4323//5189
f 4324//5190 4321//5190 4322//5190
f 4339//5203 4338//5203 4340//5203
f 4338//5204 4337//5204 4340//5204
f 4337//5205 4336//5205 4340//5205
f 4336//5206 4339//5206 4340//5206
f 4339//5207 4337//5207 4338//5207
f 4339//5208 4336//5208 4337//5208
f 4354//5221 4353//5221 4355//5221
f 4353//5222 4352//5222 4355//5222
f 4352//5223 4351//5223 4355//5223
f 4351//5224 4354//5224 4355//5224
f 4354//5225 4352//5225 4353//5225
f 4354//5226 4351//5226 4352//5226
f 4369//5239 4368//5239 4370//5239
f 4368//5240 4367//5240 4370//5240
f 4367//5241 4366//5241 4370//5241
f 4366//5242 4369//5242 4370//5242
f 4369//5243 4367//5243 4368//5243
f 4369//5244 4366//5244 4367//5244
f 4384//5257 4383//5257 4385//5257
f 4383//5258 4382//5258 4385//5258
f 4382//5259 4381//5259 4385//5259
f 4381//5260 4384//5260 4385//5260
f 4384//5261 4382//5261 4383//5261
f 4384//5262 4381//5262 4382//5262
f 4399//5275 4398//5275 4400//5275
f 4398//5276 4397//5276 4400//5276
f 4397//5277 4396//5277 4400//5277
f 4396//5278 4399//5278 4400//5278
f 4399//5279 4397//5279 4398//5279
f 4399//5280 4396//5280 4397//5280
f 4414//5293 4413//5293 4415//5293
f 4413//5294 4412//5294 4415//5294
f 4412//5295 4411//5295 4415//5295
f 4411//5296 4414//5296 4415//5296
f 4414//5297 4412//5297 4413//5297
f 4414//5298 4411//5298 4412//5298
f 4429//5311 4428//5311 4430//5311
f 4428//5312 4427//5312 4430//5312
f 4427//5313 4426//5313 4430//5313
f 4426//5314 4429//5314 4430//5314
f 4429//5315 4427//5315 4428//5315
f 4429//5316 4426//5316 4427//5316
f 4444//5329 4443//5329 4445//5329
f 4443//5330 4442//5330 4445//5330
f 4442//5331 4441//5331 4445//5331
f 4441//5332 4444//5332 4445//5332
f 4444//5333 4442//5333 4443//5333
f 4444//5334 4441//5334 4442//5334
f 4459//5347 4458//5347 4460//5347
f 4458//5348 4457//5348 4460//5348
f 4457//5349 4456//5349 4460//5349
f 4456//5350 4459//5350 4460//5350
f 4459//5351 4457//5351 4458//5351
f 4459//5352 4456//5352 4457//5352
f 4474//5365 4473//5365 4475//5365
f 4473//5366 4472//5366 4475//5366
f 4472//5367 4471//5367 4475//5367
f 4471//5368 4474//5368 4475//5368
f 4474//5369 4472//5369 4473//5369
f 4474//5370 4471//5370 4472//5370
f 4489//5383 4488//5383 4490//5383
f 4488//5384 4487//5384 4490//5384
f 4487//5385 4486//5385 4490//5385
f 4486//5386 4489//5386 4490//5386
f 4489//5387 4487//5387 4488//5387
f 4489//5388 4486//5388 4487//5388
f 4504//5401 4503//5401 4505//5401
f 4503//5402 4502//5402 4505//5402
f 4502//5403 4501//5403 4505//5403
f 4501//5404 4504//5404 4505//5404
f 4504//5405 4502//5405 4503//5405
f 4504//5406 4501//5406 4502//5406
f 4519//5419 4518//5419 4520//5419
f 4518//5420 4517//5420 4520//5420
f 4517//5421 4516//5421 4520//5421
f 4516//5422 4519//5422 4520//5422
f 4519//5423 4517//5423 4518//5423
f 4519//5424 4516//5424 4517//5424
f 4534//5437 4533//5437 4535//5437
f 4533//5438 4532//5438 4535//5438
f 4532//5439 4531//5439 4535//5439
f 4531//5440 4534//5440 4535//5440
f 4534//5441 4532//5441 4533//5441
f 4534//5442 4531//5442 4532//5442
f 4549//5455 4548//5455 4550//5455
f 4548//5456 4547//5456 4550//5456
f 4547//5457 4546//5457 4550//5457
f 4546//5458 4549//5458 4550//5458
f 4549//5459 4547//5459 4548//5459
f 4549//5460 4546//5460 4547//5460
f 4564//5473 4563//5473 4565//5473
f 4563//5474 4562//5474 4565//5474
f 4562//5475 4561//5475 4565//5475
f 4561//5476 4564//5476 4565//5476
f 4564//5477 4562//5477 4563//5477
f 4564//5478 4561//5478 4562//5478
f 4579//5491 4578//5491 4580//5491
f 4578//5492 4577//5492 4580//5492
f 4577//5493 4576//5493 4580//5493
f 4576//5494 4579//5494 4580//5494
f 4579//5495 4577//5495 4578//5495
f 4579//5496 4576//5496 4577//5496
f 4594//5509 4593//5509 4595//5509
f 4593//5510 4592//5510 4595//5510
f 4592//5511 4591//5511 4595//5511
f 4591//5512 4594//5512 4595//5512
f 4594//5513 4592//5513 4593//5513
f 4594//5514 4591//5514 4592//5514
f 4609//5527 4608//5527 4610//5527
f 4608//5528 4607//5528 4610//5528
f 4607//5529 4606//5529 4610//5529
f 4606//5530 4609//5530 4610//5530
f 4609//5531 4607//5531 4608//5531
f 4609//5532 4606//5532 4607//5532
f 4624//5545 4623//5545 4625//5545
f 4623//5546 4622//5546 4625//5546
f 4622//5547 4621//5547 4625//5547
f 4621//5548 4624//5548 4625//5548
f 4624//5549 4622//5549 4623//5549
f 4624//5550 4621//5550 4622//5550
f 4639//5563 4638//5563 4640//5563
f 4638//5564 4637//5564 4640//5564
f 4637//5565 4636//5565 4640//5565
f 4636//5566 4639//5566 4640//5566
f 4639//5567 4637//5567 4638//5567
f 4639//5568 4636//5568 4637//5568
f 4654//5581 4653//5581 4655//5581
f 4653//5582 4652//5582 4655//5582
f 4652//5583 4651//5583 4655//5583
f 4651//5584 4654//5584 4655//5584
f 4654//5585 4652//5585 4653//5585
f 4654//5586 4651//5586 4652//5586
f 4669//5599 4668//5599 4670//5599
f 4668//5600 4667//5600 4670//5600
f 4667//5601 4666//5601 4670//5601
f 4666//5602 4669//5602 4670//5602
f 4669//5603 4667//5603 4668//5603
f 4669//5604 4666//5604 4667//5604
f 4684//5617 4683//5617 4685//5617
f 4683//5618 4682//5618 4685//5618
f 4682//5619 4681//5619 4685//5619
f 4681//5620 4684//5620 4685//5620
f 4684//5621 4682//5621 4683//5621
f 4684//5622 4681//5622 4682//5622
f 4699//5635 4698//5635 4700//5635
f 4698//5636 4697//5636 4700//5636
f 4697//5637 4696//5637 4700//5637
f 4696//5638 4699//5638 4700//5638
f 4699//5639 4697//5639 4698//5639
f 4699//5640 4696//5640 4697//5640
f 4714//5653 4713//5653 4715//5653
f 4713//5654 4712//5654 4715//5654
f 4712//5655 4711//5655 4715//5655
f 4711//5656 4714//5656 4715//5656
f 4714//5657 4712//5657 4713//5657
f 4714//5658 4711//5658 4712//5658
f 4729//5671 4728//5671 4730//5671
f 4728//5672 4727//5672 4730//5672
f 4727//5673 4726//5673 4730//5673
f 4726//5674 4729//5674 4730//5674
f 4729//5675 4727//5675 4728//5675
f 4729//5676 4726//5676 4727//5676
f 4744//5689 4743//5689 4745//5689
f 4743//5690 4742//5690 4745//5690
f 4742//5691 4741//5691 4745//5691
f 4741//5692 4744//5692 4745//5692
f 4744//5693 4742//5693 4743//5693
f 4744//5694 4741//5694 4742//5694
f 4759//5707 4758//5707 4760//5707
f 4758//5708 4757//5708 4760//5708
f 4757//5709 4756//5709 4760//5709
f 4756//5710 4759//5710 4760//5710
f 4759//5711 4757//5711 4758//5711
f 4759//5712 4756//5712 4757//5712
f 4774//5725 4773//5725 4775//5725
f 4773//5726 4772//5726 4775//5726
f 4772//5727 4771//5727 4775//5727
f 4771//5728 4774//5728 4775//5728
f 4774//5729 4772//5729 4773//5729
f 4774//5730 4771//5730 4772//5730
f 4789//5743 4788//5743 4790//5743
f 4788//5744 4787//5744 4790//5744
f 4787//5745 4786//5745 4790//5745
f 4786//5746 4789//5746 4790//5746
f 4789//5747 4787//5747 4788//5747
f 4789//5748 4786//5748 4787//5748
f 4804//5761 4803//5761 4805//5761
f 4803//5762 4802//5762 4805//5762
f 4802//5763 4801//5763 4805//5763
f 4801//5764 4804//5764 4805//5764
f 4804//5765 4802//5765 4803//5765
f 4804//5766 4801//5766 4802//5766
f 4819//5779 4818//5779 4820//5779
f 4818//5780 4817//5780 4820//5780
f 4817//5781 4816//5781 4820//5781
f 4816//5782 4819//5782 4820//5782
f 4819//5783 4817//5783 4818//5783
f 4819//5784 4816//5784 4817//5784
f 4834//5797 4833//5797 4835//5797
f 4833//5798 4832//5798 4835//5798
f 4832//5799 4831//5799 4835//5799
f 4831//5800 4834//5800 4835//5800
f 4834//5801 4832//5801 4833//5801
f 4834//5802 4831//5802 4832//5802
f 4849//5815 4848//5815 4850//5815
f 4848//5816 4847//5816 4850//5816
f 4847//5817 4846//5817 4850//5817
f 4846//5818 4849//5818 4850//5818
f 4849//5819 4847//5819 4848//5819
f 4849//5820 4846//5820 4847//5820
f 4864//5833 4863//5833 4865//5833
f 4863//5834 4862//5834 4865//5834
f 4862//5835 4861//5835 4865//5835
f 4861//5836 4864//5836 4865//5836
f 4864//5837 4862//5837 4863//5837
f 4864//5838 4861//5838 4862//5838
f 4879//5851 4878//5851 4880//5851
f 4878//5852 4877//5852 4880//5852
f 4877//5853 4876//5853 4880//5853
f 4876//5854 4879//5854 4880//5854
f 4879//5855 4877//5855 4878//5855
f 4879//5856 4876//5856 4877//5856
f 4894//5869 4893//5869 4895//5869
f 4893//5870 4892//5870 4895//5870
f 4892//5871 4891//5871 4895//5871
f 4891//5872 4894//5872 4895//5872
f 4894//5873 4892//5873 4893//5873
f 4894//5874 4891//5874 4892//5874
f 4909//5887 4908//5887 4910//5887
f 4908//5888 4907//5888 4910//5888
f 4907//5889 4906//5889 4910//5889
f 4906//5890 4909//5890 4910//5890
f 4909//5891 4907//5891 4908//5891
f 4909//5892 4906//5892 4907//5892
f 4924//5905 4923//5905 4925//5905
f 4923//5906 4922//5906 4925//5906
f 4922//5907 4921//5907 4925//5907
f 4921//5908 4924//5908 4925//5908
f 4924//5909 4922//5909 4923//5909
f 4924//5910 4921//5910 4922//5910
f 4939//5923 4938//5923 4940//5923
f 4938//5924 4937//5924 4940//5924
f 4937//5925 4936//5925 4940//5925
f 4936//5926 4939//5926 4940//5926
f 4939//5927 4937//5927 4938//5927
f 4939//5928 4936//5928 4937//5928
f 4954//5941 4953//5941 4955//5941
f 4953//5942 4952//5942 4955//5942
f 4952//5943 4951//5943 4955//5943
f 4951//5944 4954//5944 4955//5944
f 4954//5945 4952//5945 4953//5945
f 4954//5946 4951//5946 4952//5946
f 4969//5959 4968//5959 4970//5959
f 4968//5960 4967//5960 4970//5960
f 4967//5961 4966//5961 4970//5961
f 4966//5962 4969//5962 4970//5962
f 4969//5963 4967//5963 4968//5963
f 4969//5964 4966//5964 4967//5964
f 4984//5977 4983//5977 4985//5977
f 4983//5978 4982//5978 4985//5978
f 4982//5979 4981//5979 4985//5979
f 4981//5980 4984//5980 4985//5980
f 4984//5981 4982//5981 4983//5981
f 4984//5982 4981//5982 4982//5982
f 4999//5995 4998//5995 5000//5995
f 4998//5996 4997//5996 5000//5996
f 4997//5997 4996//5997 5000//5997
f 4996//5998 4999//5998 5000//5998
f 4999//5999 4997//5999 4998//5999
f 4999//6000 4996//6000 4997//6000
f 5014//6013 5013//6013 5015//6013
f 5013//6014 5012//6014 5015//6014
f 5012//6015 5011//6015 5015//6015
f 5011//6016 5014//6016 5015//6016
f 5014//6017 5012//6017 5013//6017
f 5014//6018 5011//6018 5012//6018
f 5029//6031 5028//6031 5030//6031
f 5028//6032 5027//6032 5030//6032
f 5027//6033 5026//6033 5030//6033
f 5026//6034 5029//6034 5030//6034
f 5029//6035 5027//6035 5028//6035
f 5029//6036 5026//6036 5027//6036
f 5044//6049 5043//6049 5045//6049
f 5043//6050 5042//6050 5045//6050
f 5042//6051 5041//6051 5045//6051
f 5041//6052 5044//6052 5045//6052
f 5044//6053 5042//6053 5043//6053
f 5044//6054 5041//6054 5042//6054
f 5059//6067 5058//6067 5060//6067
f 5058//6068 5057//6068 5060//6068
f 5057//6069 5056//6069 5060//6069
f 5056//6070 5059//6070 5060//6070
f 5059//6071 5057//6071 5058//6071
f 5059//6072 5056//6072 5057//6072
f 5074//6085 5073//6085 5075//6085
f 5073//6086 5072//6086 5075//6086
f 5072//6087 5071//6087 5075//6087
f 5071//6088 5074//6088 5075//6088
f 5074//6089 5072//6089 5073//6089
f 5074//6090 5071//6090 5072//6090
f 5089//6103 5088//6103 5090//6103
f 5088//6104 5087//6104 5090//6104
f 5087//6105 5086//6105 5090//6105
f 5086//6106 5089//6106 5090//6106
f 5089//6107 5087//6107 5088//6107
f 5089//6108 5086//6108 5087//6108
f 5104//6121 5103//6121 5105//6121
f 5103//6122 5102//6122 5105//6122
f 5102//6123 5101//6123 5105//6123
f 5101//6124 5104//6124 5105//6124
f 5104//6125 5102//6125 5103//6125
f 5104//6126 5101//6126 5102//6126
f 5119//6139 5118//6139 5120//6139
f 5118//6140 5117//6140 5120//6140
f 5117//6141 5116//6141 5120//6141
f 5116//6142 5119//6142 5120//6142
f 5119//6143 5117//6143 5118//6143
f 5119//6144 5116//6144 5117//6144
f 5134//6157 5133//6157 5135//6157
f 5133//6158 5132//6158 5135//6158
f 5132//6159 5131//6159 5135//6159
f 5131//6160 5134//6160 5135//6160
f 5134//6161 5132//6161 5133//6161
f 5134//6162 5131//6162 5132//6162
f 5149//6175 5148//6175 5150//6175
f 5148//6176 5147//6176 5150//6176
f 5147//6177 5146//6177 5150//6177
f 5146//6178 5149//6178 5150//6178
f 5149//6179 5147//6179 5148//6179
f 5149//6180 5146//6180 5147//6180
f 5164//6193 5163//6193 5165//6193
f 5163//6194 5162//6194 5165//6194
f 5162//6195 5161//6195 5165//6195
f 5161//6196 5164//6196 5165//6196
f 5164//6197 5162//6197 5163//6197
f 5164//6198 5161//6198 5162//6198
f 5179//6211 5178//6211 5180//6211
f 5178//6212 5177//6212 5180//6212
f 5177//6213 5176//6213 5180//6213
f 5176//6214 5179//6214 5180//6214
f 5179//6215 5177//6215 5178//6215
f 5179//6216 5176//6216 5177//6216
f 5194//6229 5193//6229 5195//6229
f 5193//6230 5192//6230 5195//6230
f 5192//6231 5191//6231 5195//6231
f 5191//6232 5194//6232 5195//6232
f 5194//6233 5192//6233 5193//6233
f 5194//6234 5191//6234 5192//6234
f 5209//6247 5208//6247 5210//6247
f 5208//6248 5207//6248 5210//6248
f 5207//6249 5206//6249 5210//6249
f 5206//6250 5209//6250 5210//6250
f 5209//6251 5207//6251 5208//6251
f 5209//6252 5206//6252 5207//6252
f 5224//6265 5223//6265 5225//6265
f 5223//6266 5222//6266 5225//6266
f 5222//6267 5221//6267 5225//6267
f 5221//6268 5224//6268 5225//6268
f 5224//6269 5222//6269 5223//6269
f 5224//6270 5221//6270 5222//6270
f 5239//6283 5238//6283 5240//6283
f 5238//6284 5237//6284 5240//6284
f 5237//6285 5236//6285 5240//6285
f 5236//6286 5239//6286 5240//6286
f 5239//6287 5237//6287 5238//6287
f 5239//6288 5236//6288 5237//6288
f 5254//6301 5253//6301 5255//6301
f 5253//6302 5252//6302 5255//6302
f 5252//6303 5251//6303 5255//6303
f 5251//6304 5254//6304 5255//6304
f 5254//6305 5252//6305 5253//6305
f 5254//6306 5251//6306 5252//6306
f 5269//6319 5268//6319 5270//6319
f 5268//6320 5267//6320 5270//6320
f 5267//6321 5266//6321 5270//6321
f 5266//6322 5269//6322 5270//6322
f 5269//6323 5267//6323 5268//6323
f 5269//6324 5266//6324 5267//6324
f 5284//6337 5283//6337 5285//6337
f 5283//6338 5282//6338 5285//6338
f 5282//6339 5281//6339 5285//6339
f 5281//6340 5284//6340 5285//6340
f 5284//6341 5282//6341 5283//6341
f 5284//6342 5281//6342 5282//6342
f 5299//6355 5298//6355 5300//6355
f 5298//6356 5297//6356 5300//6356
f 5297//6357 5296//6357 5300//6357
f 5296//6358 5299//6358 5300//6358
f 5299//6359 5297//6359 5298//6359
f 5299//6360 5296//6360 5297//6360
f 5314//6373 5313//6373 5315//6373
f 5313//6374 5312//6374 5315//6374
f 5312//6375 5311//6375 5315//6375
f 5311//6376 5314//6376 5315//6376
f 5314//6377 5312//6377 5313//6377
f 5314//6378 5311//6378 5312//6378
f 5329//6391 5328//6391 5330//6391
f 5328//6392 5327//6392 5330//6392
f 5327//6393 5326//6393 5330//6393
f 5326//6394 5329//6394 5330//6394
f 5329//6395 5327//6395 5328//6395
f 5329//6396 5326//6396 5327//6396
f 5344//6409 5343//6409 5345//6409
f 5343//6410 5342//6410 5345//6410
f 5342//6411 5341//6411 5345//6411
f 5341//6412 5344//6412 5345//6412
f 5344//6413 5342//6413 5343//6413
f 5344//6414 5341//6414 5342//6414
f 5359//6427 5358//6427 5360//6427
f 5358//6428 5357//6428 5360//6428
f 5357//6429 5356//6429 5360//6429
f 5356//6430 5359//6430 5360//6430
f 5359//6431 5357//6431 5358//6431
f 5359//6432 5356//6432 5357//6432
f 5374//6445 5373//6445 5375//6445
f 5373//6446 5372//6446 5375//6446
f 5372//6447 5371//6447 5375//6447
f 5371//6448 5374//6448 5375//6448
f 5374//6449 5372//6449 5373//6449
f 5374//6450 5371//6450 5372//6450
f 5389//6463 5388//6463 5390//6463
f 5388//6464 5387//6464 5390//6464
f 5387//6465 5386//6465 5390//6465
f 5386//6466 5389//6466 5390//6466
f 5389//6467 5387//6467 5388//6467
f 5389//6468 5386//6468 5387//6468
f 5404//6481 5403//6481 5405//6481
f 5403//6482 5402//6482 5405//6482
f 5402//6483 5401//6483 5405//6483
f 5401//6484 5404//6484 5405//6484
f 5404//6485 5402//6485 5403//6485
f 5404//6486 5401//6486 5402//6486
f 5419//6499 5418//6499 5420//6499
f 5418//6500 5417//6500 5420//6500
f 5417//6501 5416//6501 5420//6501
f 5416//6502 5419//6502 5420//6502
f 5419//6503 5417//6503 5418//6503
f 5419//6504 5416//6504 5417//6504
f 5434//6517 5433//6517 5435//6517
f 5433//6518 5432//6518 5435//6518
f 5432//6519 5431//6519 5435//6519
f 5431//6520 5434//6520 5435//6520
f 5434//6521 5432//6521 5433//6521
f 5434//6522 5431//6522 5432//6522
f 5449//6535 5448//6535 5450//6535
f 5448//6536 5447//6536 5450//6536
f 5447//6537 5446//6537 5450//6537
f 5446//6538 5449//6538 5450//6538
f 5449//6539 5447//6539 5448//6539
f 5449//6540 5446//6540 5447//6540
f 5464//6553 5463//6553 5465//6553
f 5463//6554 5462//6554 5465//6554
f 5462//6555 5461//6555 5465//6555
f 5461//6556 5464//6556 5465//6556
f 5464//6557 5462//6557 5463//6557
f 5464//6558 5461//6558 5462//6558
f 5479//6571 5478//6571 5480//6571
f 5478//6572 5477//6572 5480//6572
f 5477//6573 5476//6573 5480//6573
f 5476//6574 5479//6574 5480//6574
f 5479//6575 5477//6575 5478//6575
f 5479//6576 5476//6576 5477//6576
f 5494//6589 5493//6589 5495//6589
f 5493//6590 5492//6590 5495//6590
f 5492//6591 5491//6591 5495//6591
f 5491//6592 5494//6592 5495//6592
f 5494//6593 5492//6593 5493//6593
f 5494//6594 5491//6594 5492//6594
f 5509//6607 5508//6607 5510//6607
f 5508//6608 5507//6608 5510//6608
f 5507//6609 5506//6609 5510//6609
f 5506//6610 5509//6610 5510//6610
f 5509//6611 5507//6611 5508//6611
f 5509//6612 5506//6612 5507//6612
f 5524//6625 5523//6625 5525//6625
f 5523//6626 5522//6626 5525//6626
f 5522//6627 5521//6627 5525//6627
f 5521//6628 5524//6628 5525//6628
f 5524//6629 5522//6629 5523//6629
f 5524//6630 5521//6630 5522//6630
f 5539//6643 5538//6643 5540//6643
f 5538//6644 5537//6644 5540//6644
f 5537//6645 5536//6645 5540//6645
f 5536//6646 5539//6646 5540//6646
f 5539//6647 5537//6647 5538//6647
f 5539//6648 5536//6648 5537//6648
f 5554//6661 5553//6661 5555//6661
f 5553//6662 5552//6662 5555//6662
f 5552//6663 5551//6663 5555//6663
f 5551//6664 5554//6664 5555//6664
f 5554//6665 5552//6665 5553//6665
f 5554//6666 5551//6666 5552//6666
f 5569//6679 5568//6679 5570//6679
f 5568//6680 5567//6680 5570//6680
f 5567//6681 5566//6681 5570//6681
f 5566//6682 5569//6682 5570//6682
f 5569//6683 5567//6683 5568//6683
f 5569//6684 5566//6684 5567//6684
f 5584//6697 5583//6697 5585//6697
f 5583//6698 5582//6698 5585//6698
f 5582//6699 5581//6699 5585//6699
f 5581//6700 5584//6700 5585//6700
f 5584//6701 5582//6701 5583//6701
f 5584//6702 5581//6702 5582//6702
f 5599//6715 5598//6715 5600//6715
f 5598//6716 5597//6716 5600//6716
f 5597//6717 5596//6717 5600//6717
f 5596//6718 5599//6718 5600//6718
f 5599//6719 5597//6719 5598//6719
f 5599//6720 5596//6720 5597//6720
f 5614//6733 5613//6733 5615//6733
f 5613//6734 5612//6734 5615//6734
f 5612//6735 5611//6735 5615//6735
f 5611//6736 5614//6736 5615//6736
f 5614//6737 5612//6737 5613//6737
f 5614//6738 5611//6738 5612//6738
f 5629//6751 5628//6751 5630//6751
f 5628//6752 5627//6752 5630//6752
f 5627//6753 5626//6753 5630//6753
f 5626//6754 5629//6754 5630//6754
f 5629//6755 5627//6755 5628//6755
f 5629//6756 5626//6756 5627//6756
f 5644//6769 5643//6769 5645//6769
f 5643//6770 5642//6770 5645//6770
f 5642//6771 5641//6771 5645//6771
f 5641//6772 5644//6772 5645//6772
f 5644//6773 5642//6773 5643//6773
f 5644//6774 5641//6774 5642//6774
f 5659//6787 5658//6787 5660//6787
f 5658//6788 5657//6788 5660//6788
f 5657//6789 5656//6789 5660//6789
f 5656//6790 5659//6790 5660//6790
f 5659//6791 5657//6791 5658//6791
f 5659//6792 5656//6792 5657//6792
f 5674//6805 5673//6805 5675//6805
f 5673//6806 5672//6806 5675//6806
f 5672//6807 5671//6807 5675//6807
f 5671//6808 5674//6808 5675//6808
f 5674//6809 5672//6809 5673//6809
f 5674//6810 5671//6810 5672//6810
f 5689//6823 5688//6823 5690//6823
f 5688//6824 5687//6824 5690//6824
f 5687//6825 5686//6825 5690//6825
f 5686//6826 5689//6826 5690//6826
f 5689//6827 5687//6827 5688//6827
f 5689//6828 5686//6828 5687//6828
f 5704//6841 5703//6841 5705//6841
f 5703//6842 5702//6842 5705//6842
f 5702//6843 5701//6843 5705//6843
f 5701//6844 5704//6844 5705//6844
f 5704//6845 5702//6845 5703//6845
f 5704//6846 5701//6846 5702//6846
f 5719//6859 5718//6859 5720//6859
f 5718//6860 5717//6860 5720//6860
f 5717//6861 5716//6861 5720//6861
f 5716//6862 5719//6862 5720//6862
f 5719//6863 5717//6863 5718//6863
f 5719//6864 5716//6864 5717//6864
f 5734//6877 5733//6877 5735//6877
f 5733//6878 5732//6878 5735//6878
f 5732//6879 5731//6879 5735//6879
f 5731//6880 5734//6880 5735//6880
f 5734//6881 5732//6881 5733//6881
f 5734//6882 5731//6882 5732//6882
f 5749//6895 5748//6895 5750//6895
f 5748//6896 5747//6896 5750//6896
f 5747//6897 5746//6897 5750//6897
f 5746//6898 5749//6898 5750//6898
f 5749//6899 5747//6899 5748//6899
f 5749//6900 5746//6900 5747//6900
f 5764//6913 5763//6913 5765//6913
f 5763//6914 5762//6914 5765//6914
f 5762//6915 5761//6915 5765//6915
f 5761//6916 5764//6916 5765//6916
f 5764//6917 5762//6917 5763//6917
f 5764//6918 5761//6918 5762//6918
f 5779//6931 5778//6931 5780//6931
f 5778//6932 5777//6932 5780//6932
f 5777//6933 5776//6933 5780//6933
f 5776//6934 5779//6934 5780//6934
f 5779//6935 5777//6935 5778//6935
f 5779//6936 5776//6936 5777//6936
f 5794//6949 5793//6949 5795//6949
f 5793//6950 5792//6950 5795//6950
f 5792//6951 5791//6951 5795//6951
f 5791//6952 5794//6952 5795//6952
f 5794//6953 5792//6953 5793//6953
f 5794//6954 5791//6954 5792//6954
f 5809//6967 5808//6967 5810//6967
f 5808//6968 5807//6968 5810//6968
f 5807//6969 5806//6969 5810//6969
f 5806//6970 5809//6970 5810//6970
f 5809//6971 5807//6971 5808//6971
f 5809//6972 5806//6972 5807//6972
f 5824//6985 5823//6985 5825//6985
f 5823//6986 5822//6986 5825//6986
f 5822//6987 5821//6987 5825//6987
f 5821//6988 5824//6988 5825//6988
f 5824//6989 5822//6989 5823//6989
f 5824//6990 5821//6990 5822//6990
f 5839//7003 5838//7003 5840//7003
f 5838//7004 5837//7004 5840//7004
f 5837//7005 5836//7005 5840//7005
f 5836//7006 5839//7006 5840//7006
f 5839//7007 5837//7007 5838//7007
f 5839//7008 5836//7008 5837//7008
f 5854//7021 5853//7021 5855//7021
f 5853//7022 5852//7022 5855//7022
f 5852//7023 5851//7023 5855//7023
f 5851//7024 5854//7024 5855//7024
f 5854//7025 5852//7025 5853//7025
f 5854//7026 5851//7026 5852//7026
f 5869//7039 5868//7039 5870//7039
f 5868//7040 5867//7040 5870//7040
f 5867//7041 5866//7041 5870//7041
f 5866//7042 5869//7042 5870//7042
f 5869//7043 5867//7043 5868//7043
f 5869//7044 5866//7044 5867//7044
f 5884//7057 5883//7057 5885//7057
f 5883//7058 5882//7058 5885//7058
f 5882//7059 5881//7059 5885//7059
f 5881//7060 5884//7060 5885//7060
f 5884//7061 5882//7061 5883//7061
f 5884//7062 5881//7062 5882//7062
f 5899//7075 5898//7075 5900//7075
f 5898//7076 5897//7076 5900//7076
f 5897//7077 5896//7077 5900//7077
f 5896//7078 5899//7078 5900//7078
f 5899//7079 5897//7079 5898//7079
f 5899//7080 5896//7080 5897//7080
f 5914//7093 5913//7093 5915//7093
f 5913//7094 5912//7094 5915//7094
f 5912//7095 5911//7095 5915//7095
f 5911//7096 5914//7096 5915//7096
f 5914//7097 5912//7097 5913//7097
f 5914//7098 5911//7098 5912//7098
f 5929//7111 5928//7111 5930//7111
f 5928//7112 5927//7112 5930//7112
f 5927//7113 5926//7113 5930//7113
f 5926//7114 5929//7114 5930//7114
f 5929//7115 5927//7115 5928//7115
f 5929//7116 5926//7116 5927//7116
f 5944//7129 5943//7129 5945//7129
f 5943//7130 5942//7130 5945//7130
f 5942//7131 5941//7131 5945//7131
f 5941//7132 5944//7132 5945//7132
f 5944//7133 5942//7133 5943//7133
f 5944//7134 5941//7134 5942//7134
f 5959//7147 5958//7147 5960//7147
f 5958//7148 5957//7148 5960//7148
f 5957//7149 5956//7149 5960//7149
f 5956//7150 5959//7150 5960//7150
f 5959//7151 5957//7151 5958//7151
f 5959//7152 5956//7152 5957//7152
f 5974//7165 5973//7165 5975//7165
f 5973//7166 5972//7166 5975//7166
f 5972//7167 5971//7167 5975//7167
f 5971//7168 5974//7168 5975//7168
f 5974//7169 5972//7169 5973//7169
f 5974//7170 5971//7170 5972//7170
f 5989//7183 5988//7183 5990//7183
f 5988//7184 5987//7184 5990//7184
f 5987//7185 5986//7185 5990//7185
f 5986//7186 5989//7186 5990//7186
f 5989//7187 5987//7187 5988//7187
f 5989//7188 5986//7188 5987//7188
f 6004//7201 6003//7201 6005//7201
f 6003//7202 6002//7202 6005//7202
f 6002//7203 6001//7203 6005//7203
f 6001//7204 6004//7204 6005//7204
f 6004//7205 6002//7205 6003//7205
f 6004//7206 6001//7206 6002//7206
f 6019//7219 6018//7219 6020//7219
f 6018//7220 6017//7220 6020//7220
f 6017//7221 6016//7221 6020//7221
f 6016//7222 6019//7222 6020//7222
f 6019//7223 6017//7223 6018//7223
f 6019//7224 6016//7224 6017//7224
f 6034//7237 6033//7237 6035//7237
f 6033//7238 6032//7238 6035//7238
f 6032//7239 6031//7239 6035//7239
f 6031//7240 6034//7240 6035//7240
f 6034//7241 6032//7241 6033//7241
f 6034//7242 6031//7242 6032//7242
f 6049//7255 6048//7255 6050//7255
f 6048//7256 6047//7256 6050//7256
f 6047//7257 6046//7257 6050//7257
f 6046//7258 6049//7258 6050//7258
f 6049//7259 6047//7259 6048//7259
f 6049//7260 6046//7260 6047//7260
f 6064//7273 6063//7273 6065//7273
f 6063//7274 6062//7274 6065//7274
f 6062//7275 6061//7275 6065//7275
f 6061//7276 6064//7276 6065//7276
f 6064//7277 6062//7277 6063//7277
f 6064//7278 6061//7278 6062//7278
f 6079//7291 6078//7291 6080//7291
f 6078//7292 6077//7292 6080//7292
f 6077//7293 6076//7293 6080//7293
f 6076//7294 6079//7294 6080//7294
f 6079//7295 6077//7295 6078//7295
f 6079//7296 6076//7296 6077//7296
f 6094//7309 6093//7309 6095//7309
f 6093//7310 6092//7310 6095//7310
f 6092//7311 6091//7311 6095//7311
f 6091//7312 6094//7312 6095//7312
f 6094//7313 6092//7313 6093//7313
f 6094//7314 6091//7314 6092//7314
f 6109//7327 6108//7327 6110//7327
f 6108//7328 6107//7328 6110//7328
f 6107//7329 6106//7329 6110//7329
f 6106//7330 6109//7330 6110//7330
f 6109//7331 6107//7331 6108//7331
f 6109//7332 6106//7332 6107//7332
f 6124//7345 6123//7345 6125//7345
f 6123//7346 6122//7346 6125//7346
f 6122//7347 6121//7347 6125//7347
f 6121//7348 6124//7348 6125//7348
f 6124//7349 6122//7349 6123//7349
f 6124//7350 6121//7350 6122//7350
f 6139//7363 6138//7363 6140//7363
f 6138//7364 6137//7364 6140//7364
f 6137//7365 6136//7365 6140//7365
f 6136//7366 6139//7366 6140//7366
f 6139//7367 6137//7367 6138//7367
f 6139//7368 6136//7368 6137//7368
f 6154//7381 6153//7381 6155//7381
f 6153//7382 6152//7382 6155//7382
f 6152//7383 6151//7383 6155//7383
f 6151//7384 6154//7384 6155//7384
f 6154//7385 6152//7385 6153//7385
f 6154//7386 6151//7386 6152//7386
f 6169//7399 6168//7399 6170//7399
f 6168//7400 6167//7400 6170//7400
f 6167//7401 6166//7401 6170//7401
f 6166//7402 6169//7402 6170//7402
f 6169//7403 6167//7403 6168//7403
f 6169//7404 6166//7404 6167//7404
f 6184//7417 6183//7417 6185//7417
f 6183//7418 6182//7418 6185//7418
f 6182//7419 6181//7419 6185//7419
f 6181//7420 6184//7420 6185//7420
f 6184//7421 6182//7421 6183//7421
f 6184//7422 6181//7422 6182//7422
f 6199//7435 6198//7435 6200//7435
f 6198//7436 6197//7436 6200//7436
f 6197//7437 6196//7437 6200//7437
f 6196//7438 6199//7438 6200//7438
f 6199//7439 6197//7439 6198//7439
f 6199//7440 6196//7440 6197//7440
f 6214//7453 6213//7453 6215//7453
f 6213//7454 6212//7454 6215//7454
f 6212//7455 6211//7455 6215//7455
f 6211//7456 6214//7456 6215//7456
f 6214//7457 6212//7457 6213//7457
f 6214//7458 6211//7458 6212//7458
f 6229//7471 6228//7471 6230//7471
f 6228//7472 6227//7472 6230//7472
f 6227//7473 6226//7473 6230//7473
f 6226//7474 6229//7474 6230//7474
f 6229//7475 6227//7475 6228//7475
f 6229//7476 6226//7476 6227//7476
f 6244//7489 6243//7489 6245//7489
f 6243//7490 6242//7490 6245//7490
f 6242//7491 6241//7491 6245//7491
f 6241//7492 6244//7492 6245//7492
f 6244//7493 6242//7493 6243//7493
f 6244//7494 6241//7494 6242//7494
f 6259//7507 6258//7507 6260//7507
f 6258//7508 6257//7508 6260//7508
f 6257//7509 6256//7509 6260//7509
f 6256//7510 6259//7510 6260//7510
f 6259//7511 6257//7511 6258//7511
f 6259//7512 6256//7512 6257//7512
f 6274//7525 6273//7525 6275//7525
f 6273//7526 6272//7526 6275//7526
f 6272//7527 6271//7527 6275//7527
f 6271//7528 6274//7528 6275//7528
f 6274//7529 6272//7529 6273//7529
f 6274//7530 6271//7530 6272//7530
f 6289//7543 6288//7543 6290//7543
f 6288//7544 6287//7544 6290//7544
f 6287//7545 6286//7545 6290//7545
f 6286//7546 6289//7546 6290//7546
f 6289//7547 6287//7547 6288//7547
f 6289//7548 6286//7548 6287//7548
f 6304//7561 6303//7561 6305//7561
f 6303//7562 6302//7562 6305//7562
f 6302//7563 6301//7563 6305//7563
f 6301//7564 6304//7564 6305//7564
f 6304//7565 6302//7565 6303//7565
f 6304//7566 6301//7566 6302//7566
f 6319//7579 6318//7579 6320//7579
f 6318//7580 6317//7580 6320//7580
f 6317//7581 6316//7581 6320//7581
f 6316//7582 6319//7582 6320//7582
f 6319//7583 6317//7583 6318//7583
f 6319//7584 6316//7584 6317//7584
f 6334//7597 6333//7597 6335//7597
f 6333//7598 6332//7598 6335//7598
f 6332//7599 6331//7599 6335//7599
f 6331//7600 6334//7600 6335//7600
f 6334//7601 6332//7601 6333//7601
f 6334//7602 6331//7602 6332//7602
f 6349//7615 6348//7615 6350//7615
f 6348//7616 6347//7616 6350//7616
f 6347//7617 6346//7617 6350//7617
f 6346//7618 6349//7618 6350//7618
f 6349//7619 6347//7619 6348//7619
f 6349//7620 6346//7620 6347//7620
f 6364//7633 6363//7633 6365//7633
f 6363//7634 6362//7634 6365//7634
f 6362//7635 6361//7635 6365//7635
f 6361//7636 6364//7636 6365//7636
f 6364//7637 6362//7637 6363//7637
f 6364//7638 6361//7638 6362//7638
f 6379//7651 6378//7651 6380//7651
f 6378//7652 6377//7652 6380//7652
f 6377//7653 6376//7653 6380//7653
f 6376//7654 6379//7654 6380//7654
f 6379//7655 6377//7655 6378//7655
f 6379//7656 6376//7656 6377//7656
f 6394//7669 6393//7669 6395//7669
f 6393//7670 6392//7670 6395//7670
f 6392//7671 6391//7671 6395//7671
f 6391//7672 6394//7672 6395//7672
f 6394//7673 6392//7673 6393//7673
f 6394//7674 6391//7674 6392//7674
f 6409//7687 6408//7687 6410//7687
f 6408//7688 6407//7688 6410//7688
f 6407//7689 6406//7689 6410//7689
f 6406//7690 6409//7690 6410//7690
f 6409//7691 6407//7691 6408//7691
f 6409//7692 6406//7692 6407//7692
f 6424//7705 6423//7705 6425//7705
f 6423//7706 6422//7706 6425//7706
f 6422//7707 6421//7707 6425//7707
f 6421//7708 6424//7708 6425//7708
f 6424//7709 6422//7709 6423//7709
f 6424//7710 6421//7710 6422//7710
f 6439//7723 6438//7723 6440//7723
f 6438//7724 6437//7724 6440//7724
f 6437//7725 6436//7725 6440//7725
f 6436//7726 6439//7726 6440//7726
f 6439//7727 6437//7727 6438//7727
f 6439//7728 6436//7728 6437//7728
f 6454//7741 6453//7741 6455//7741
f 6453//7742 6452//7742 6455//7742
f 6452//7743 6451//7743 6455//7743
f 6451//7744 6454//7744 6455//7744
f 6454//7745 6452//7745 6453//7745
f 6454//7746 6451//7746 6452//7746
f 6469//7759 6468//7759 6470//7759
f 6468//7760 6467//7760 6470//7760
f 6467//7761 6466//7761 6470//7761
f 6466//7762 6469//7762 6470//7762
f 6469//7763 6467//7763 6468//7763
f 6469//7764 6466//7764 6467//7764
f 6484//7777 6483//7777 6485//7777
f 6483//7778 6482//7778 6485//7778
f 6482//7779 6481//7779 6485//7779
f 6481//7780 6484//7780 6485//7780
f 6484//7781 6482//7781 6483//7781
f 6484//7782 6481//7782 6482//7782
f 6499//7795 6498//7795 6500//7795
f 6498//7796 6497//7796 6500//7796
f 6497//7797 6496//7797 6500//7797
f 6496//7798 6499//7798 6500//7798
f 6499//7799 6497//7799 6498//7799
f 6499//7800 6496//7800 6497//7800
f 6514//7813 6513//7813 6515//7813
f 6513//7814 6512//7814 6515//7814
f 6512//7815 6511//7815 6515//7815
f 6511//7816 6514//7816 6515//7816
f 6514//7817 6512//7817 6513//7817
f 6514//7818 6511//7818 6512//7818
f 6529//7831 6528//7831 6530//7831
f 6528//7832 6527//7832 6530//7832
f 6527//7833 6526//7833 6530//7833
f 6526//7834 6529//7834 6530//7834
f 6529//7835 6527//7835 6528//7835
f 6529//7836 6526//7836 6527//7836
f 6544//7849 6543//7849 6545//7849
f 6543//7850 6542//7850 6545//7850
f 6542//7851 6541//7851 6545//7851
f 6541//7852 6544//7852 6545//7852
f 6544//7853 6542//7853 6543//7853
f 6544//7854 6541//7854 6542//7854
f 6559//7867 6558//7867 6560//7867
f 6558//7868 6557//7868 6560//7868
f 6557//7869 6556//7869 6560//7869
f 6556//7870 6559//7870 6560//7870
f 6559//7871 6557//7871 6558//7871
f 6559//7872 6556//7872 6557//7872
f 6574//7885 6573//7885 6575//7885
f 6573//7886 6572//7886 6575//7886
f 6572//7887 6571//7887 6575//7887
f 6571//7888 6574//7888 6575//7888
f 6574//7889 6572//7889 6573//7889
f 6574//7890 6571//7890 6572//7890
f 6589//7903 6588//7903 6590//7903
f 6588//7904 6587//7904 6590//7904
f 6587//7905 6586//7905 6590//7905
f 6586//7906 6589//7906 6590//7906
f 6589//7907 6587//7907 6588//7907
f 6589//7908 6586//7908 6587//7908
f 6604//7921 6603//7921 6605//7921
f 6603//7922 6602//7922 6605//7922
f 6602//7923 6601//7923 6605//7923
f 6601//7924 6604//7924 6605//7924
f 6604//7925 6602//7925 6603//7925
f 6604//7926 6601//7926 6602//7926
f 6619//7939 6618//7939 6620//7939
f 6618//7940 6617//7940 6620//7940
f 6617//7941 6616//7941 6620//7941
f 6616//7942 6619//7942 6620//7942
f 6619//7943 6617//7943 6618//7943
f 6619//7944 6616//7944 6617//7944
f 6634//7957 6633//7957 6635//7957
f 6633//7958 6632//7958 6635//7958
f 6632//7959 6631//7959 6635//7959
f 6631//7960 6634//7960 6635//7960
f 6634//7961 6632//7961 6633//7961
f 6634//7962 6631//7962 6632//7962
f 6649//7975 6648//7975 6650//7975
f 6648//7976 6647//7976 6650//7976
f 6647//7977 6646//7977 6650//7977
f 6646//7978 6649//7978 6650//7978
f 6649//7979 6647//7979 6648//7979
f 6649//7980 6646//7980 6647//7980
f 6664//7993 6663//7993 6665//7993
f 6663//7994 6662//7994 6665//7994
f 6662//7995 6661//7995 6665//7995
f 6661//7996 6664//7996 6665//7996
f 6664//7997 6662//7997 6663//7997
f 6664//7998 6661//7998 6662//7998
f 6679//8011 6678//8011 6680//8011
f 6678//8012 6677//8012 6680//8012
f 6677//8013 6676//8013 6680//8013
f 6676//8014 6679//8014 6680//8014
f 6679//8015 6677//8015 6678//8015
f 6679//8016 6676//8016 6677//8016
f 6694//8029 6693//8029 6695//8029
f 6693//8030 6692//8030 6695//8030
f 6692//8031 6691//8031 6695//8031
f 6691//8032 6694//8032 6695//8032
f 6694//8033 6692//8033 6693//8033
f 6694//8034 6691//8034 6692//8034
f 6709//8047 6708//8047 6710//8047
f 6708//8048 6707//8048 6710//8048
f 6707//8049 6706//8049 6710//8049
f 6706//8050 6709//8050 6710//8050
f 6709//8051 6707//8051 6708//8051
f 6709//8052 6706//8052 6707//8052
f 6724//8065 6723//8065 6725//8065
f 6723//8066 6722//8066 6725//8066
f 6722//8067 6721//8067 6725//8067
f 6721//8068 6724//8068 6725//8068
f 6724//8069 6722//8069 6723//8069
f 6724//8070 6721//8070 6722//8070
f 6739//8083 6738//8083 6740//8083
f 6738//8084 6737//8084 6740//8084
f 6737//8085 6736//8085 6740//8085
f 6736//8086 6739//8086 6740//8086
f 6739//8087 6737//8087 6738//8087
f 6739//8088 6736//8088 6737//8088
f 6754//8101 6753//8101 6755//8101
f 6753//8102 6752//8102 6755//8102
f 6752//8103 6751//8103 6755//8103
f 6751//8104 6754//8104 6755//8104
f 6754//8105 6752//8105 6753//8105
f 6754//8106 6751//8106 6752//8106
f 6769//8119 6768//8119 6770//8119
f 6768//8120 6767//8120 6770//8120
f 6767//8121 6766//8121 6770//8121
f 6766//8122 6769//8122 6770//8122
f 6769//8123 6767//8123 6768//8123
f 6769//8124 6766//8124 6767//8124
f 6784//8137 6783//8137 6785//8137
f 6783//8138 6782//8138 6785//8138
f 6782//8139 6781//8139 6785//8139
f 6781//8140 6784//8140 6785//8140
f 6784//8141 6782//8141 6783//8141
f 6784//8142 6781//8142 6782//8142
f 6799//8155 6798//8155 6800//8155
f 6798//8156 6797//8156 6800//8156
f 6797//8157 6796//8157 6800//8157
f 6796//8158 6799//8158 6800//8158
f 6799//8159 6797//8159 6798//8159
f 6799//8160 6796//8160 6797//8160
f 6814//8173 6813//8173 6815//8173
f 6813//8174 6812//8174 6815//8174
f 6812//8175 6811//8175 6815//8175
f 6811//8176 6814//8176 6815//8176
f 6814//8177 6812//8177 6813//8177
f 6814//8178 6811//8178 6812//8178
f 6829//8191 6828//8191 6830//8191
f 6828//8192 6827//8192 6830//8192
f 6827//8193 6826//8193 6830//8193
f 6826//8194 6829//8194 6830//8194
f 6829//8195 6827//8195 6828//8195
f 6829//8196 6826//8196 6827//8196
f 6844//8209 6843//8209 6845//8209
f 6843//8210 6842//8210 6845//8210
f 6842//8211 6841//8211 6845//8211
f 6841//8212 6844//8212 6845//8212
f 6844//8213 6842//8213 6843//8213
f 6844//8214 6841//8214 6842//8214
f 6859//8227 6858//8227 6860//8227
f 6858//8228 6857//8228 6860//8228
f 6857//8229 6856//8229 6860//8229
f 6856//8230 6859//8230 6860//8230
f 6859//8231 6857//8231 6858//8231
f 6859//8232 6856//8232 6857//8232
f 6874//8245 6873//8245 6875//8245
f 6873//8246 6872//8246 6875//8246
f 6872//8247 6871//8247 6875//8247
f 6871//8248 6874//8248 6875//8248
f 6874//8249 6872//8249 6873//8249
f 6874//8250 6871//8250 6872//8250
f 6889//8263 6888//8263 6890//8263
f 6888//8264 6887//8264 6890//8264
f 6887//8265 6886//8265 6890//8265
f 6886//8266 6889//8266 6890//8266
f 6889//8267 6887//8267 6888//8267
f 6889//8268 6886//8268 6887//8268
f 6904//8281 6903//8281 6905//8281
f 6903//8282 6902//8282 6905//8282
f 6902//8283 6901//8283 6905//8283
f 6901//8284 6904//8284 6905//8284
f 6904//8285 6902//8285 6903//8285
f 6904//8286 6901//8286 6902//8286
f 6919//8299 6918//8299 6920//8299
f 6918//8300 6917//8300 6920//8300
f 6917//8301 6916//8301 6920//8301
f 6916//8302 6919//8302 6920//8302
f 6919//8303 6917//8303 6918//8303
f 6919//8304 6916//8304 6917//8304
f 6934//8317 6933//8317 6935//8317
f 6933//8318 6932//8318 6935//8318
f 6932//8319 6931//8319 6935//8319
f 6931//8320 6934//8320 6935//8320
f 6934//8321 6932//8321 6933//8321
f 6934//8322 6931//8322 6932//8322
f 6949//8335 6948//8335 6950//8335
f 6948//8336 6947//8336 6950//8336
f 6947//8337 6946//8337 6950//8337
f 6946//8338 6949//8338 6950//8338
f 6949//8339 6947//8339 6948//8339
f 6949//8340 6946//8340 6947//8340
f 6964//8353 6963//8353 6965//8353
f 6963//8354 6962//8354 6965//8354
f 6962//8355 6961//8355 6965//8355
f 6961//8356 6964//8356 6965//8356
f 6964//8357 6962//8357 6963//8357
f 6964//8358 6961//8358 6962//8358
f 6979//8371 6978//8371 6980//8371
f 6978//8372 6977//8372 6980//8372
f 6977//8373 6976//8373 6980//8373
f 6976//8374 6979//8374 6980//8374
f 6979//8375 6977//8375 6978//8375
f 6979//8376 6976//8376 6977//8376
f 6994//8389 6993//8389 6995//8389
f 6993//8390 6992//8390 6995//8390
f 6992//8391 6991//8391 6995//8391
f 6991//8392 6994//8392 6995//8392
f 6994//8393 6992//8393 6993//8393
f 6994//8394 6991//8394 6992//8394
f 7009//8407 7008//8407 7010//8407
f 7008//8408 7007//8408 7010//8408
f 7007//8409 7006//8409 7010//8409
f 7006//8410 7009//8410 7010//8410
f 7009//8411 7007//8411 7008//8411
f 7009//8412 7006//8412 7007//8412
f 7024//8425 7023//8425 7025//8425
f 7023//8426 7022//8426 7025//8426
f 7022//8427 7021//8427 7025//8427
f 7021//8428 7024//8428 7025//8428
f 7024//8429 7022//8429 7023//8429
f 7024//8430 7021//8430 7022//8430
f 7039//8443 7038//8443 7040//8443
f 7038//8444 7037//8444 7040//8444
f 7037//8445 7036//8445 7040//8445
f 7036//8446 7039//8446 7040//8446
f 7039//8447 7037//8447 7038//8447
f 7039//8448 7036//8448 7037//8448
f 7054//8461 7053//8461 7055//8461
f 7053//8462 7052//8462 7055//8462
f 7052//8463 7051//8463 7055//8463
f 7051//8464 7054//8464 7055//8464
f 7054//8465 7052//8465 7053//8465
f 7054//8466 7051//8466 7052//8466
usemtl grass_dark
f 9//7 8//7 10//7
f 8//8 7//8 10//8
f 7//9 6//9 10//9
f 6//10 9//10 10//10
f 9//11 7//11 8//11
f 9//12 6//12 7//12
f 24//25 23//25 25//25
f 23//26 22//26 25//26
f 22//27 21//27 25//27
f 21//28 24//28 25//28
f 24//29 22//29 23//29
f 24//30 21//30 22//30
f 39//43 38//43 40//43
f 38//44 37//44 40//44
f 37//45 36//45 40//45
f 36//46 39//46 40//46
f 39//47 37//47 38//47
f 39//48 36//48 37//48
f 54//61 53//61 55//61
f 53//62 52//62 55//62
f 52//63 51//63 55//63
f 51//64 54//64 55//64
f 54//65 52//65 53//65
f 54//66 51//66 52//66
f 69//79 68//79 70//79
f 68//80 67//80 70//80
f 67//81 66//81 70//81
f 66//82 69//82 70//82
f 69//83 67//83 68//83
f 69//84 66//84 67//84
f 84//97 83//97 85//97
f 83//98 82//98 85//98
f 82//99 81//99 85//99
f 81//100 84//100 85//100
f 84//101 82//101 83//101
f 84//102 81//102 82//102
f 99//115 98//115 100//115
f 98//116 97//116 100//116
f 97//117 96//117 100//117
f 96//118 99//118 100//118
f 99//119 97//119 98//119
f 99//120 96//120 97//120
f 114//133 113//133 115//133
f 113//134 112//134 115//134
f 112//135 111//135 115//135
f 111//136 114//136 115//136
f 114//137 112//137 113//137
f 114//138 111//138 112//138
f 129//151 128//151 130//151
f 128//152 127//152 130//152
f 127//153 126//153 130//153
f 126//154 129//154 130//154
f 129//155 127//155 128//155
f 129//156 126//156 127//156
f 144//169 143//169 145//169
f 143//170 142//170 145//170
f 142//171 141//171 145//171
f 141//172 144//172 145//172
f 144//173 142//173 143//173
f 144//174 141//174 142//174
f 159//187 158//187 160//187
f 158//188 157//188 160//188
f 157//189 156//189 160//189
f 156//190 159//190 160//190
f 159//191 157//191 158//191
f 159//192 156//192 157//192
f 174//205 173//205 175//205
f 173//206 172//206 175//206
f 172//207 171//207 175//207
f 171//208 174//208 175//208
f 174//209 172//209 173//209
f 174//210 171//210 172//210
f 189//223 188//223 190//223
f 188//224 187//224 190//224
f 187//225 186//225 190//225
f 186//226 189//226 190//226
f 189//227 187//227 188//227
f 189//228 186//228 187//228
f 204//241 203//241 205//241
f 203//242 202//242 205//242
f 202//243 201//243 205//243
f 201//244 204//244 205//244
f 204//245 202//245 203//245
f 204//246 201//246 202//246
f 219//259 218//259 220//259
f 218//260 217//260 220//260
f 217//261 216//261 220//261
f 216//262 219//262 220//262
f 219//263 217//263 218//263
f 219//264 216//264 217//264
f 234//277 233//277 235//277
f 233//278 232//278 235//278
f 232//279 231//279 235//279
f 231//280 234//280 235//280
f 234//281 232//281 233//281
f 234//282 231//282 232//282
f 249//295 248//295 250//295
f 248//296 247//296 250//296
f 247//297 246//297 250//297
f 246//298 249//298 250//298
f 249//299 247//299 248//299
f 249//300 246//300 247//300
f 264//313 263//313 265//313
f 263//314 262//314 265//314
f 262//315 261//315 265//315
f 261//316 264//316 265//316
f 264//317 262//317 263//317
f 264//318 261//318 262//318
f 279//331 278//331 280//331
f 278//332 277//332 280//332
f 277//333 276//333 280//333
f 276//334 279//334 280//334
f 279//335 277//335 278//335
f 279//336 276//336 277//336
f 294//349 293//349 295//349
f 293//350 292//350 295//350
f 292//351 291//351 295//351
f 291//352 294//352 295//352
f 294//353 292//353 293//353
f 294//354 291//354 292//354
f 309//367 308//367 310//367
f 308//368 307//368 310//368
f 307//369 306//369 310//369
f 306//370 309//370 310//370
f 309//371 307//371 308//371
f 309//372 306//372 307//372
f 324//385 323//385 325//385
f 323//386 322//386 325//386
f 322//387 321//387 325//387
f 321//388 324//388 325//388
f 324//389 322//389 323//389
f 324//390 321//390 322//390
f 339//403 338//403 340//403
f 338//404 337//404 340//404
f 337//405 336//405 340//405
f 336//406 339//406 340//406
f 339//407 337//407 338//407
f 339//408 336//408 337//408
f 354//421 353//421 355//421
f 353//422 352//422 355//422
f 352//423 351//423 355//423
f 351//424 354//424 355//424
f 354//425 352//425 353//425
f 354//426 351//426 352//426
f 369//439 368//439 370//439
f 368//440 367//440 370//440
f 367//441 366//441 370//441
f 366//442 369//442 370//442
f 369//443 367//443 368//443
f 369//444 366//444 367//444
f 384//457 383//457 385//457
f 383//458 382//458 385//458
f 382//459 381//459 385//459
f 381//460 384//460 385//460
f 384//461 382//461 383//461
f 384//462 381//462 382//462
f 399//475 398//475 400//475
f 398//476 397//476 400//476
f 397//477 396//477 400//477
f 396//478 399//478 400//478
f 399//479 397//479 398//479
f 399//480 396//480 397//480
f 414//493 413//493 415//493
f 413//494 412//494 415//494
f 412//495 411//495 415//495
f 411//496 414//496 415//496
f 414//497 412//497 413//497
f 414//498 411//498 412//498
f 429//511 428//511 430//511
f 428//512 427//512 430//512
f 427//513 426//513 430//513
f 426//514 429//514 430//514
f 429//515 427//515 428//515
f 429//516 426//516 427//516
f 444//529 443//529 445//529
f 443//530 442//530 445//530
f 442//531 441//531 445//531
f 441//532 444//532 445//532
f 444//533 442//533 443//533
f 444//534 441//534 442//534
f 459//547 458//547 460//547
f 458//548 457//548 460//548
f 457//549 456//549 460//549
f 456//550 459//550 460//550
f 459//551 457//551 458//551
f 459//552 456//552 457//552
f 474//565 473//565 475//565
f 473//566 472//566 475//566
f 472//567 471//567 475//567
f 471//568 474//568 475//568
f 474//569 472//569 473//569
f 474//570 471//570 472//570
f 489//583 488//583 490//583
f 488//584 487//584 490//584
f 487//585 486//585 490//585
f 486//586 489//586 490//586
f 489//587 487//587 488//587
f 489//588 486//588 487//588
f 504//601 503//601 505//601
f 503//602 502//602 505//602
f 502//603 501//603 505//603
f 501//604 504//604 505//604
f 504//605 502//605 503//605
f 504//606 501//606 502//606
f 519//619 518//619 520//619
f 518//620 517//620 520//620
f 517//621 516//621 520//621
f 516//622 519//622 520//622
f 519//623 517//623 518//623
f 519//624 516//624 517//624
f 534//637 533//637 535//637
f 533//638 532//638 535//638
f 532//639 531//639 535//639
f 531//640 534//640 535//640
f 534//641 532//641 533//641
f 534//642 531//642 532//642
f 549//655 548//655 550//655
f 548//656 547//656 550//656
f 547//657 546//657 550//657
f 546//658 549//658 550//658
f 549//659 547//659 548//659
f 549//660 546//660 547//660
f 564//673 563//673 565//673
f 563//674 562//674 565//674
f 562//675 561//675 565//675
f 561//676 564//676 565//676
f 564//677 562//677 563//677
f 564//678 561//678 562//678
f 579//691 578//691 580//691
f 578//692 577//692 580//692
f 577//693 576//693 580//693
f 576//694 579//694 580//694
f 579//695 577//695 578//695
f 579//696 576//696 577//696
f 594//709 593//709 595//709
f 593//710 592//710 595//710
f 592//711 591//711 595//711
f 591//712 594//712 595//712
f 594//713 592//713 593//713
f 594//714 591//714 592//714
f 609//727 608//727 610//727
f 608//728 607//728 610//728
f 607//729 606//729 610//729
f 606//730 609//730 610//730
f 609//731 607//731 608//731
f 609//732 606//732 607//732
f 624//745 623//745 625//745
f 623//746 622//746 625//746
f 622//747 621//747 625//747
f 621//748 624//748 625//748
f 624//749 622//749 623//749
f 624//750 621//750 622//750
f 639//763 638//763 640//763
f 638//764 637//764 640//764
f 637//765 636//765 640//765
f 636//766 639//766 640//766
f 639//767 637//767 638//767
f 639//768 636//768 637//768
f 654//781 653//781 655//781
f 653//782 652//782 655//782
f 652//783 651//783 655//783
f 651//784 654//784 655//784
f 654//785 652//785 653//785
f 654//786 651//786 652//786
f 669//799 668//799 670//799
f 668//800 667//800 670//800
f 667//801 666//801 670//801
f 666//802 669//802 670//802
f 669//803 667//803 668//803
f 669//804 666//804 667//804
f 684//817 683//817 685//817
f 683//818 682//818 685//818
f 682//819 681//819 685//819
f 681//820 684//820 685//820
f 684//821 682//821 683//821
f 684//822 681//822 682//822
f 699//835 698//835 700//835
f 698//836 697//836 700//836
f 697//837 696//837 700//837
f 696//838 699//838 700//838
f 699//839 697//839 698//839
f 699//840 696//840 697//840
f 714//853 713//853 715//853
f 713//854 712//854 715//854
f 712//855 711//855 715//855
f 711//856 714//856 715//856
f 714//857 712//857 713//857
f 714//858 711//858 712//858
f 729//871 728//871 730//871
f 728//872 727//872 730//872
f 727//873 726//873 730//873
f 726//874 729//874 730//874
f 729//875 727//875 728//875
f 729//876 726//876 727//876
f 744//889 743//889 745//889
f 743//890 742//890 745//890
f 742//891 741//891 745//891
f 741//892 744//892 745//892
f 744//893 742//893 743//893
f 744//894 741//894 742//894
f 759//907 758//907 760//907
f 758//908 757//908 760//908
f 757//909 756//909 760//909
f 756//910 759//910 760//910
f 759//911 757//911 758//911
f 759//912 756//912 757//912
f 774//925 773//925 775//925
f 773//926 772//926 775//926
f 772//927 771//927 775//927
f 771//928 774//928 775//928
f 774//929 772//929 773//929
f 774//930 771//930 772//930
f 789//943 788//943 790//943
f 788//944 787//944 790//944
f 787//945 786//945 790//945
f 786//946 789//946 790//946
f 789//947 787//947 788//947
f 789//948 786//948 787//948
f 804//961 803//961 805//961
f 803//962 802//962 805//962
f 802//963 801//963 805//963
f 801//964 804//964 805//964
f 804//965 802//965 803//965
f 804//966 801//966 802//966
f 819//979 818//979 820//979
f 818//980 817//980 820//980
f 817//981 816//981 820//981
f 816//982 819//982 820//982
f 819//983 817//983 818//983
f 819//984 816//984 817//984
f 834//997 833//997 835//997
f 833//998 832//998 835//998
f 832//999 831//999 835//999
f 831//1000 834//1000 835//1000
f 834//1001 832//1001 833//1001
f 834//1002 831//1002 832//1002
f 849//1015 848//1015 850//1015
f 848//1016 847//1016 850//1016
f 847//1017 846//1017 850//1017
f 846//1018 849//1018 850//1018
f 849//1019 847//1019 848//1019
f 849//1020 846//1020 847//1020
f 864//1033 863//1033 865//1033
f 863//1034 862//1034 865//1034
f 862//1035 861//1035 865//1035
f 861//1036 864//1036 865//1036
f 864//1037 862//1037 863//1037
f 864//1038 861//1038 862//1038
f 879//1051 878//1051 880//1051
f 878//1052 877//1052 880//1052
f 877//1053 876//1053 880//1053
f 876//1054 879//1054 880//1054
f 879//1055 877//1055 878//1055
f 879//1056 876//1056 877//1056
f 894//1069 893//1069 895//1069
f 893//1070 892//1070 895//1070
f 892//1071 891//1071 895//1071
f 891//1072 894//1072 895//1072
f 894//1073 892//1073 893//1073
f 894//1074 891//1074 892//1074
f 909//1087 908//1087 910//1087
f 908//1088 907//1088 910//1088
f 907//1089 906//1089 910//1089
f 906//1090 909//1090 910//1090
f 909//1091 907//1091 908//1091
f 909//1092 906//1092 907//1092
f 924//1105 923//1105 925//1105
f 923//1106 922//1106 925//1106
f 922//1107 921//1107 925//1107
f 921//1108 924//1108 925//1108
f 924//1109 922//1109 923//1109
f 924//1110 921//1110 922//1110
f 939//1123 938//1123 940//1123
f 938//1124 937//1124 940//1124
f 937//1125 936//1125 940//1125
f 936//1126 939//1126 940//1126
f 939//1127 937//1127 938//1127
f 939//1128 936//1128 937//1128
f 954//1141 953//1141 955//1141
f 953//1142 952//1142 955//1142
f 952//1143 951//1143 955//1143
f 951//1144 954//1144 955//1144
f 954//1145 952//1145 953//1145
f 954//1146 951//1146 952//1146
f 969//1159 968//1159 970//1159
f 968//1160 967//1160 970//1160
f 967//1161 966//1161 970//1161
f 966//1162 969//1162 970//1162
f 969//1163 967//1163 968//1163
f 969//1164 966//1164 967//1164
f 984//1177 983//1177 985//1177
f 983//1178 982//1178 985//1178
f 982//1179 981//1179 985//1179
f 981//1180 984//1180 985//1180
f 984//1181 982//1181 983//1181
f 984//1182 981//1182 982//1182
f 999//1195 998//1195 1000//1195
f 998//1196 997//1196 1000//1196
f 997//1197 996//1197 1000//1197
f 996//1198 999//1198 1000//1198
f 999//1199 997//1199 998//1199
f 999//1200 996//1200 997//1200
f 1014//1213 1013//1213 1015//1213
f 1013//1214 1012//1214 1015//1214
f 1012//1215 1011//1215 1015//1215
f 1011//1216 1014//1216 1015//1216
f 1014//1217 1012//1217 1013//1217
f 1014//1218 1011//1218 1012//1218
f 1029//1231 1028//1231 1030//1231
f 1028//1232 1027//1232 1030//1232
f 1027//1233 1026//1233 1030//1233
f 1026//1234 1029//1234 1030//1234
f 1029//1235 1027//1235 1028//1235
f 1029//1236 1026//1236 1027//1236
f 1044//1249 1043//1249 1045//1249
f 1043//1250 1042//1250 1045//1250
f 1042//1251 1041//1251 1045//1251
f 1041//1252 1044//1252 1045//1252
f 1044//1253 1042//1253 1043//1253
f 1044//1254 1041//1254 1042//1254
f 1059//1267 1058//1267 1060//1267
f 1058//1268 1057//1268 1060//1268
f 1057//1269 1056//1269 1060//1269
f 1056//1270 1059//1270 1060//1270
f 1059//1271 1057//1271 1058//1271
f 1059//1272 1056//1272 1057//1272
f 1074//1285 1073//1285 1075//1285
f 1073//1286 1072//1286 1075//1286
f 1072//1287 1071//1287 1075//1287
f 1071//1288 1074//1288 1075//1288
f 1074//1289 1072//1289 1073//1289
f 1074//1290 1071//1290 1072//1290
f 1089//1303 1088//1303 1090//1303
f 1088//1304 1087//1304 1090//1304
f 1087//1305 1086//1305 1090//1305
f 1086//1306 1089//1306 1090//1306
f 1089//1307 1087//1307 1088//1307
f 1089//1308 1086//1308 1087//1308
f 1104//1321 1103//1321 1105//1321
f 1103//1322 1102//1322 1105//1322
f 1102//1323 1101//1323 1105//1323
f 1101//1324 1104//1324 1105//1324
f 1104//1325 1102//1325 1103//1325
f 1104//1326 1101//1326 1102//1326
f 1119//1339 1118//1339 1120//1339
f 1118//1340 1117//1340 1120//1340
f 1117//1341 1116//1341 1120//1341
f 1116//1342 1119//1342 1120//1342
f 1119//1343 1117//1343 1118//1343
f 1119//1344 1116//1344 1117//1344
f 1134//1357 1133//1357 1135//1357
f 1133//1358 1132//1358 1135//1358
f 1132//1359 1131//1359 1135//1359
f 1131//1360 1134//1360 1135//1360
f 1134//1361 1132//1361 1133//1361
f 1134//1362 1131//1362 1132//1362
f 1149//1375 1148//1375 1150//1375
f 1148//1376 1147//1376 1150//1376
f 1147//1377 1146//1377 1150//1377
f 1146//1378 1149//1378 1150//1378
f 1149//1379 1147//1379 1148//1379
f 1149//1380 1146//1380 1147//1380
f 1164//1393 1163//1393 1165//1393
f 1163//1394 1162//1394 1165//1394
f 1162//1395 1161//1395 1165//1395
f 1161//1396 1164//1396 1165//1396
f 1164//1397 1162//1397 1163//1397
f 1164//1398 1161//1398 1162//1398
f 1179//1411 1178//1411 1180//1411
f 1178//1412 1177//1412 1180//1412
f 1177//1413 1176//1413 1180//1413
f 1176//1414 1179//1414 1180//1414
f 1179//1415 1177//1415 1178//1415
f 1179//1416 1176//1416 1177//1416
f 1194//1429 1193//1429 1195//1429
f 1193//1430 1192//1430 1195//1430
f 1192//1431 1191//1431 1195//1431
f 1191//1432 1194//1432 1195//1432
f 1194//1433 1192//1433 1193//1433
f 1194//1434 1191//1434 1192//1434
f 1209//1447 1208//1447 1210//1447
f 1208//1448 1207//1448 1210//1448
f 1207//1449 1206//1449 1210//1449
f 1206//1450 1209//1450 1210//1450
f 1209//1451 1207//1451 1208//1451
f 1209//1452 1206//1452 1207//1452
f 1224//1465 1223//1465 1225//1465
f 1223//1466 1222//1466 1225//1466
f 1222//1467 1221//1467 1225//1467
f 1221//1468 1224//1468 1225//1468
f 1224//1469 1222//1469 1223//1469
f 1224//1470 1221//1470 1222//1470
f 1239//1483 1238//1483 1240//1483
f 1238//1484 1237//1484 1240//1484
f 1237//1485 1236//1485 1240//1485
f 1236//1486 1239//1486 1240//1486
f 1239//1487 1237//1487 1238//1487
f 1239//1488 1236//1488 1237//1488
f 1254//1501 1253//1501 1255//1501
f 1253//1502 1252//1502 1255//1502
f 1252//1503 1251//1503 1255//1503
f 1251//1504 1254//1504 1255//1504
f 1254//1505 1252//1505 1253//1505
f 1254//1506 1251//1506 1252//1506
f 1269//1519 1268//1519 1270//1519
f 1268//1520 1267//1520 1270//1520
f 1267//1521 1266//1521 1270//1521
f 1266//1522 1269//1522 1270//1522
f 1269//1523 1267//1523 1268//1523
f 1269//1524 1266//1524 1267//1524
f 1284//1537 1283//1537 1285//1537
f 1283//1538 1282//1538 1285//1538
f 1282//1539 1281//1539 1285//1539
f 1281//1540 1284//1540 1285//1540
f 1284//1541 1282//1541 1283//1541
f 1284//1542 1281//1542 1282//1542
f 1299//1555 1298//1555 1300//1555
f 1298//1556 1297//1556 1300//1556
f 1297//1557 1296//1557 1300//1557
f 1296//1558 1299//1558 1300//1558
f 1299//1559 1297//1559 1298//1559
f 1299//1560 1296//1560 1297//1560
f 1314//1573 1313//1573 1315//1573
f 1313//1574 1312//1574 1315//1574
f 1312//1575 1311//1575 1315//1575
f 1311//1576 1314//1576 1315//1576
f 1314//1577 1312//1577 1313//1577
f 1314//1578 1311//1578 1312//1578
f 1329//1591 1328//1591 1330//1591
f 1328//1592 1327//1592 1330//1592
f 1327//1593 1326//1593 1330//1593
f 1326//1594 1329//1594 1330//1594
f 1329//1595 1327//1595 1328//1595
f 1329//1596 1326//1596 1327//1596
f 1344//1609 1343//1609 1345//1609
f 1343//1610 1342//1610 1345//1610
f 1342//1611 1341//1611 1345//1611
f 1341//1612 1344//1612 1345//1612
f 1344//1613 1342//1613 1343//1613
f 1344//1614 1341//1614 1342//1614
f 1359//1627 1358//1627 1360//1627
f 1358//1628 1357//1628 1360//1628
f 1357//1629 1356//1629 1360//1629
f 1356//1630 1359//1630 1360//1630
f 1359//1631 1357//1631 1358//1631
f 1359//1632 1356//1632 1357//1632
f 1374//1645 1373//1645 1375//1645
f 1373//1646 1372//1646 1375//1646
f 1372//1647 1371//1647 1375//1647
f 1371//1648 1374//1648 1375//1648
f 1374//1649 1372//1649 1373//1649
f 1374//1650 1371//1650 1372//1650
f 1389//1663 1388//1663 1390//1663
f 1388//1664 1387//1664 1390//1664
f 1387//1665 1386//1665 1390//1665
f 1386//1666 1389//1666 1390//1666
f 1389//1667 1387//1667 1388//1667
f 1389//1668 1386//1668 1387//1668
f 1404//1681 1403//1681 1405//1681
f 1403//1682 1402//1682 1405//1682
f 1402//1683 1401//1683 1405//1683
f 1401//1684 1404//1684 1405//1684
f 1404//1685 1402//1685 1403//1685
f 1404//1686 1401//1686 1402//1686
f 1419//1699 1418//1699 1420//1699
f 1418//1700 1417//1700 1420//1700
f 1417//1701 1416//1701 1420//1701
f 1416//1702 1419//1702 1420//1702
f 1419//1703 1417//1703 1418//1703
f 1419//1704 1416//1704 1417//1704
f 1434//1717 1433//1717 1435//1717
f 1433//1718 1432//1718 1435//1718
f 1432//1719 1431//1719 1435//1719
f 1431//1720 1434//1720 1435//1720
f 1434//1721 1432//1721 1433//1721
f 1434//1722 1431//1722 1432//1722
f 1449//1735 1448//1735 1450//1735
f 1448//1736 1447//1736 1450//1736
f 1447//1737 1446//1737 1450//1737
f 1446//1738 1449//1738 1450//1738
f 1449//1739 1447//1739 1448//1739
f 1449//1740 1446//1740 1447//1740
f 1464//1753 1463//1753 1465//1753
f 1463//1754 1462//1754 1465//1754
f 1462//1755 1461//1755 1465//1755
f 1461//1756 1464//1756 1465//1756
f 1464//1757 1462//1757 1463//1757
f 1464//1758 1461//1758 1462//1758
f 1479//1771 1478//1771 1480//1771
f 1478//1772 1477//1772 1480//1772
f 1477//1773 1476//1773 1480//1773
f 1476//1774 1479//1774 1480//1774
f 1479//1775 1477//1775 1478//1775
f 1479//1776 1476//1776 1477//1776
f 1494//1789 1493//1789 1495//1789
f 1493//1790 1492//1790 1495//1790
f 1492//1791 1491//1791 1495//1791
f 1491//1792 1494//1792 1495//1792
f 1494//1793 1492//1793 1493//1793
f 1494//1794 1491//1794 1492//1794
f 1509//1807 1508//1807 1510//1807
f 1508//1808 1507//1808 1510//1808
f 1507//1809 1506//1809 1510//1809
f 1506//1810 1509//1810 1510//1810
f 1509//1811 1507//1811 1508//1811
f 1509//1812 1506//1812 1507//1812
f 1524//1825 1523//1825 1525//1825
f 1523//1826 1522//1826 1525//1826
f 1522//1827 1521//1827 1525//1827
f 1521//1828 1524//1828 1525//1828
f 1524//1829 1522//1829 1523//1829
f 1524//1830 1521//1830 1522//1830
f 1539//1843 1538//1843 1540//1843
f 1538//1844 1537//1844 1540//1844
f 1537//1845 1536//1845 1540//1845
f 1536//1846 1539//1846 1540//1846
f 1539//1847 1537//1847 1538//1847
f 1539//1848 1536//1848 1537//1848
f 1554//1861 1553//1861 1555//1861
f 1553//1862 1552//1862 1555//1862
f 1552//1863 1551//1863 1555//1863
f 1551//1864 1554//1864 1555//1864
f 1554//1865 1552//1865 1553//1865
f 1554//1866 1551//1866 1552//1866
f 1569//1879 1568//1879 1570//1879
f 1568//1880 1567//1880 1570//1880
f 1567//1881 1566//1881 1570//1881
f 1566//1882 1569//1882 1570//1882
f 1569//1883 1567//1883 1568//1883
f 1569//1884 1566//1884 1567//1884
f 1584//1897 1583//1897 1585//1897
f 1583//1898 1582//1898 1585//1898
f 1582//1899 1581//1899 1585//1899
f 1581//1900 1584//1900 1585//1900
f 1584//1901 1582//1901 1583//1901
f 1584//1902 1581//1902 1582//1902
f 1599//1915 1598//1915 1600//1915
f 1598//1916 1597//1916 1600//1916
f 1597//1917 1596//1917 1600//1917
f 1596//1918 1599//1918 1600//1918
f 1599//1919 1597//1919 1598//1919
f 1599//1920 1596//1920 1597//1920
f 1614//1933 1613//1933 1615//1933
f 1613//1934 1612//1934 1615//1934
f 1612//1935 1611//1935 1615//1935
f 1611//1936 1614//1936 1615//1936
f 1614//1937 1612//1937 1613//1937
f 1614//1938 1611//1938 1612//1938
f 1629//1951 1628//1951 1630//1951
f 1628//1952 1627//1952 1630//1952
f 1627//1953 1626//1953 1630//1953
f 1626//1954 1629//1954 1630//1954
f 1629//1955 1627//1955 1628//1955
f 1629//1956 1626//1956 1627//1956
f 1644//1969 1643//1969 1645//1969
f 1643//1970 1642//1970 1645//1970
f 1642//1971 1641//1971 1645//1971
f 1641//1972 1644//1972 1645//1972
f 1644//1973 1642//1973 1643//1973
f 1644//1974 1641//1974 1642//1974
f 1659//1987 1658//1987 1660//1987
f 1658//1988 1657//1988 1660//1988
f 1657//1989 1656//1989 1660//1989
f 1656//1990 1659//1990 1660//1990
f 1659//1991 1657//1991 1658//1991
f 1659//1992 1656//1992 1657//1992
f 1674//2005 1673//2005 1675//2005
f 1673//2006 1672//2006 1675//2006
f 1672//2007 1671//2007 1675//2007
f 1671//2008 1674//2008 1675//2008
f 1674//2009 1672//2009 1673//2009
f 1674//2010 1671//2010 1672//2010
f 1689//2023 1688//2023 1690//2023
f 1688//2024 1687//2024 1690//2024
f 1687//2025 1686//2025 1690//2025
f 1686//2026 1689//2026 1690//2026
f 1689//2027 1687//2027 1688//2027
f 1689//2028 1686//2028 1687//2028
f 1704//2041 1703//2041 1705//2041
f 1703//2042 1702//2042 1705//2042
f 1702//2043 1701//2043 1705//2043
f 1701//2044 1704//2044 1705//2044
f 1704//2045 1702//2045 1703//2045
f 1704//2046 1701//2046 1702//2046
f 1719//2059 1718//2059 1720//2059
f 1718//2060 1717//2060 1720//2060
f 1717//2061 1716//2061 1720//2061
f 1716//2062 1719//2062 1720//2062
f 1719//2063 1717//2063 1718//2063
f 1719//2064 1716//2064 1717//2064
f 1734//2077 1733//2077 1735//2077
f 1733//2078 1732//2078 1735//2078
f 1732//2079 1731//2079 1735//2079
f 1731//2080 1734//2080 1735//2080
f 1734//2081 1732//2081 1733//2081
f 1734//2082 1731//2082 1732//2082
f 1749//2095 1748//2095 1750//2095
f 1748//2096 1747//2096 1750//2096
f 1747//2097 1746//2097 1750//2097
f 1746//2098 1749//2098 1750//2098
f 1749//2099 1747//2099 1748//2099
f 1749//2100 1746//2100 1747//2100
f 1764//2113 1763//2113 1765//2113
f 1763//2114 1762//2114 1765//2114
f 1762//2115 1761//2115 1765//2115
f 1761//2116 1764//2116 1765//2116
f 1764//2117 1762//2117 1763//2117
f 1764//2118 1761//2118 1762//2118
f 1779//2131 1778//2131 1780//2131
f 1778//2132 1777//2132 1780//2132
f 1777//2133 1776//2133 1780//2133
f 1776//2134 1779//2134 1780//2134
f 1779//2135 1777//2135 1778//2135
f 1779//2136 1776//2136 1777//2136
f 1794//2149 1793//2149 1795//2149
f 1793//2150 1792//2150 1795//2150
f 1792//2151 1791//2151 1795//2151
f 1791//2152 1794//2152 1795//2152
f 1794//2153 1792//2153 1793//2153
f 1794//2154 1791//2154 1792//2154
f 1809//2167 1808//2167 1810//2167
f 1808//2168 1807//2168 1810//2168
f 1807//2169 1806//2169 1810//2169
f 1806//2170 1809//2170 1810//2170
f 1809//2171 1807//2171 1808//2171
f 1809//2172 1806//2172 1807//2172
f 1824//2185 1823//2185 1825//2185
f 1823//2186 1822//2186 1825//2186
f 1822//2187 1821//2187 1825//2187
f 1821//2188 1824//2188 1825//2188
f 1824//2189 1822//2189 1823//2189
f 1824//2190 1821//2190 1822//2190
f 1839//2203 1838//2203 1840//2203
f 1838//2204 1837//2204 1840//2204
f 1837//2205 1836//2205 1840//2205
f 1836//2206 1839//2206 1840//2206
f 1839//2207 1837//2207 1838//2207
f 1839//2208 1836//2208 1837//2208
f 1854//2221 1853//2221 1855//2221
f 1853//2222 1852//2222 1855//2222
f 1852//2223 1851//2223 1855//2223
f 1851//2224 1854//2224 1855//2224
f 1854//2225 1852//2225 1853//2225
f 1854//2226 1851//2226 1852//2226
f 1869//2239 1868//2239 1870//2239
f 1868//2240 1867//2240 1870//2240
f 1867//2241 1866//2241 1870//2241
f 1866//2242 1869//2242 1870//2242
f 1869//2243 1867//2243 1868//2243
f 1869//2244 1866//2244 1867//2244
f 1884//2257 1883//2257 1885//2257
f 1883//2258 1882//2258 1885//2258
f 1882//2259 1881//2259 1885//2259
f 1881//2260 1884//2260 1885//2260
f 1884//2261 1882//2261 1883//2261
f 1884//2262 1881//2262 1882//2262
f 1899//2275 1898//2275 1900//2275
f 1898//2276 1897//2276 1900//2276
f 1897//2277 1896//2277 1900//2277
f 1896//2278 1899//2278 1900//2278
f 1899//2279 1897//2279 1898//2279
f 1899//2280 1896//2280 1897//2280
f 1914//2293 1913//2293 1915//2293
f 1913//2294 1912//2294 1915//2294
f 1912//2295 1911//2295 1915//2295
f 1911//2296 1914//2296 1915//2296
f 1914//2297 1912//2297 1913//2297
f 1914//2298 1911//2298 1912//2298
f 1929//2311 1928//2311 1930//2311
f 1928//2312 1927//2312 1930//2312
f 1927//2313 1926//2313 1930//2313
f 1926//2314 1929//2314 1930//2314
f 1929//2315 1927//2315 1928//2315
f 1929//2316 1926//2316 1927//2316
f 1944//2329 1943//2329 1945//2329
f 1943//2330 1942//2330 1945//2330
f 1942//2331 1941//2331 1945//2331
f 1941//2332 1944//2332 1945//2332
f 1944//2333 1942//2333 1943//2333
f 1944//2334 1941//2334 1942//2334
f 1959//2347 1958//2347 1960//2347
f 1958//2348 1957//2348 1960//2348
f 1957//2349 1956//2349 1960//2349
f 1956//2350 1959//2350 1960//2350
f 1959//2351 1957//2351 1958//2351
f 1959//2352 1956//2352 1957//2352
f 1974//2365 1973//2365 1975//2365
f 1973//2366 1972//2366 1975//2366
f 1972//2367 1971//2367 1975//2367
f 1971//2368 1974//2368 1975//2368
f 1974//2369 1972//2369 1973//2369
f 1974//2370 1971//2370 1972//2370
f 1989//2383 1988//2383 1990//2383
f 1988//2384 1987//2384 1990//2384
f 1987//2385 1986//2385 1990//2385
f 1986//2386 1989//2386 1990//2386
f 1989//2387 1987//2387 1988//2387
f 1989//2388 1986//2388 1987//2388
f 2004//2401 2003//2401 2005//2401
f 2003//2402 2002//2402 2005//2402
f 2002//2403 2001//2403 2005//2403
f 2001//2404 2004//2404 2005//2404
f 2004//2405 2002//2405 2003//2405
f 2004//2406 2001//2406 2002//2406
f 2019//2419 2018//2419 2020//2419
f 2018//2420 2017//2420 2020//2420
f 2017//2421 2016//2421 2020//2421
f 2016//2422 2019//2422 2020//2422
f 2019//2423 2017//2423 2018//2423
f 2019//2424 2016//2424 2017//2424
f 2034//2437 2033//2437 2035//2437
f 2033//2438 2032//2438 2035//2438
f 2032//2439 2031//2439 2035//2439
f 2031//2440 2034//2440 2035//2440
f 2034//2441 2032//2441 2033//2441
f 2034//2442 2031//2442 2032//2442
f 2049//2455 2048//2455 2050//2455
f 2048//2456 2047//2456 2050//2456
f 2047//2457 2046//2457 2050//2457
f 2046//2458 2049//2458 2050//2458
f 2049//2459 2047//2459 2048//2459
f 2049//2460 2046//2460 2047//2460
f 2064//2473 2063//2473 2065//2473
f 2063//2474 2062//2474 2065//2474
f 2062//2475 2061//2475 2065//2475
f 2061//2476 2064//2476 2065//2476
f 2064//2477 2062//2477 2063//2477
f 2064//2478 2061//2478 2062//2478
f 2079//2491 2078//2491 2080//2491
f 2078//2492 2077//2492 2080//2492
f 2077//2493 2076//2493 2080//2493
f 2076//2494 2079//2494 2080//2494
f 2079//2495 2077//2495 2078//2495
f 2079//2496 2076//2496 2077//2496
f 2094//2509 2093//2509 2095//2509
f 2093//2510 2092//2510 2095//2510
f 2092//2511 2091//2511 2095//2511
f 2091//2512 2094//2512 2095//2512
f 2094//2513 2092//2513 2093//2513
f 2094//2514 2091//2514 2092//2514
f 2109//2527 2108//2527 2110//2527
f 2108//2528 2107//2528 2110//2528
f 2107//2529 2106//2529 2110//2529
f 2106//2530 2109//2530 2110//2530
f 2109//2531 2107//2531 2108//2531
f 2109//2532 2106//2532 2107//2532
f 2124//2545 2123//2545 2125//2545
f 2123//2546 2122//2546 2125//2546
f 2122//2547 2121//2547 2125//2547
f 2121//2548 2124//2548 2125//2548
f 2124//2549 2122//2549 2123//2549
f 2124//2550 2121//2550 2122//2550
f 2139//2563 2138//2563 2140//2563
f 2138//2564 2137//2564 2140//2564
f 2137//2565 2136//2565 2140//2565
f 2136//2566 2139//2566 2140//2566
f 2139//2567 2137//2567 2138//2567
f 2139//2568 2136//2568 2137//2568
f 2154//2581 2153//2581 2155//2581
f 2153//2582 2152//2582 2155//2582
f 2152//2583 2151//2583 2155//2583
f 2151//2584 2154//2584 2155//2584
f 2154//2585 2152//2585 2153//2585
f 2154//2586 2151//2586 2152//2586
f 2169//2599 2168//2599 2170//2599
f 2168//2600 2167//2600 2170//2600
f 2167//2601 2166//2601 2170//2601
f 2166//2602 2169//2602 2170//2602
f 2169//2603 2167//2603 2168//2603
f 2169//2604 2166//2604 2167//2604
f 2184//2617 2183//2617 2185//2617
f 2183//2618 2182//2618 2185//2618
f 2182//2619 2181//2619 2185//2619
f 2181//2620 2184//2620 2185//2620
f 2184//2621 2182//2621 2183//2621
f 2184//2622 2181//2622 2182//2622
f 2199//2635 2198//2635 2200//2635
f 2198//2636 2197//2636 2200//2636
f 2197//2637 2196//2637 2200//2637
f 2196//2638 2199//2638 2200//2638
f 2199//2639 2197//2639 2198//2639
f 2199//2640 2196//2640 2197//2640
f 2214//2653 2213//2653 2215//2653
f 2213//2654 2212//2654 2215//2654
f 2212//2655 2211//2655 2215//2655
f 2211//2656 2214//2656 2215//2656
f 2214//2657 2212//2657 2213//2657
f 2214//2658 2211//2658 2212//2658
f 2229//2671 2228//2671 2230//2671
f 2228//2672 2227//2672 2230//2672
f 2227//2673 2226//2673 2230//2673
f 2226//2674 2229//2674 2230//2674
f 2229//2675 2227//2675 2228//2675
f 2229//2676 2226//2676 2227//2676
f 2244//2689 2243//2689 2245//2689
f 2243//2690 2242//2690 2245//2690
f 2242//2691 2241//2691 2245//2691
f 2241//2692 2244//2692 2245//2692
f 2244//2693 2242//2693 2243//2693
f 2244//2694 2241//2694 2242//2694
f 2259//2707 2258//2707 2260//2707
f 2258//2708 2257//2708 2260//2708
f 2257//2709 2256//2709 2260//2709
f 2256//2710 2259//2710 2260//2710
f 2259//2711 2257//2711 2258//2711
f 2259//2712 2256//2712 2257//2712
f 2274//2725 2273//2725 2275//2725
f 2273//2726 2272//2726 2275//2726
f 2272//2727 2271//2727 2275//2727
f 2271//2728 2274//2728 2275//2728
f 2274//2729 2272//2729 2273//2729
f 2274//2730 2271//2730 2272//2730
f 2289//2743 2288//2743 2290//2743
f 2288//2744 2287//2744 2290//2744
f 2287//2745 2286//2745 2290//2745
f 2286//2746 2289//2746 2290//2746
f 2289//2747 2287//2747 2288//2747
f 2289//2748 2286//2748 2287//2748
f 2304//2761 2303//2761 2305//2761
f 2303//2762 2302//2762 2305//2762
f 2302//2763 2301//2763 2305//2763
f 2301//2764 2304//2764 2305//2764
f 2304//2765 2302//2765 2303//2765
f 2304//2766 2301//2766 2302//2766
f 2319//2779 2318//2779 2320//2779
f 2318//2780 2317//2780 2320//2780
f 2317//2781 2316//2781 2320//2781
f 2316//2782 2319//2782 2320//2782
f 2319//2783 2317//2783 2318//2783
f 2319//2784 2316//2784 2317//2784
f 2334//2797 2333//2797 2335//2797
f 2333//2798 2332//2798 2335//2798
f 2332//2799 2331//2799 2335//2799
f 2331//2800 2334//2800 2335//2800
f 2334//2801 2332//2801 2333//2801
f 2334//2802 2331//2802 2332//2802
f 2349//2815 2348//2815 2350//2815
f 2348//2816 2347//2816 2350//2816
f 2347//2817 2346//2817 2350//2817
f 2346//2818 2349//2818 2350//2818
f 2349//2819 2347//2819 2348//2819
f 2349//2820 2346//2820 2347//2820
f 2364//2833 2363//2833 2365//2833
f 2363//2834 2362//2834 2365//2834
f 2362//2835 2361//2835 2365//2835
f 2361//2836 2364//2836 2365//2836
f 2364//2837 2362//2837 2363//2837
f 2364//2838 2361//2838 2362//2838
f 2379//2851 2378//2851 2380//2851
f 2378//2852 2377//2852 2380//2852
f 2377//2853 2376//2853 2380//2853
f 2376//2854 2379//2854 2380//2854
f 2379//2855 2377//2855 2378//2855
f 2379//2856 2376//2856 2377//2856
f 2394//2869 2393//2869 2395//2869
f 2393//2870 2392//2870 2395//2870
f 2392//2871 2391//2871 2395//2871
f 2391//2872 2394//2872 2395//2872
f 2394//2873 2392//2873 2393//2873
f 2394//2874 2391//2874 2392//2874
f 2409//2887 2408//2887 2410//2887
f 2408//2888 2407//2888 2410//2888
f 2407//2889 2406//2889 2410//2889
f 2406//2890 2409//2890 2410//2890
f 2409//2891 2407//2891 2408//2891
f 2409//2892 2406//2892 2407//2892
f 2424//2905 2423//2905 2425//2905
f 2423//2906 2422//2906 2425//2906
f 2422//2907 2421//2907 2425//2907
f 2421//2908 2424//2908 2425//2908
f 2424//2909 2422//2909 2423//2909
f 2424//2910 2421//2910 2422//2910
f 2439//2923 2438//2923 2440//2923
f 2438//2924 2437//2924 2440//2924
f 2437//2925 2436//2925 2440//2925
f 2436//2926 2439//2926 2440//2926
f 2439//2927 2437//2927 2438//2927
f 2439//2928 2436//2928 2437//2928
f 2454//2941 2453//2941 2455//2941
f 2453//2942 2452//2942 2455//2942
f 2452//2943 2451//2943 2455//2943
f 2451//2944 2454//2944 2455//2944
f 2454//2945 2452//2945 2453//2945
f 2454//2946 2451//2946 2452//2946
f 2469//2959 2468//2959 2470//2959
f 2468//2960 2467//2960 2470//2960
f 2467//2961 2466//2961 2470//2961
f 2466//2962 2469//2962 2470//2962
f 2469//2963 2467//2963 2468//2963
f 2469//2964 2466//2964 2467//2964
f 2484//2977 2483//2977 2485//2977
f 2483//2978 2482//2978 2485//2978
f 2482//2979 2481//2979 2485//2979
f 2481//2980 2484//2980 2485//2980
f 2484//2981 2482//2981 2483//2981
f 2484//2982 2481//2982 2482//2982
f 2499//2995 2498//2995 2500//2995
f 2498//2996 2497//2996 2500//2996
f 2497//2997 2496//2997 2500//2997
f 2496//2998 2499//2998 2500//2998
f 2499//2999 2497//2999 2498//2999
f 2499//3000 2496//3000 2497//3000
f 2514//3013 2513//3013 2515//3013
f 2513//3014 2512//3014 2515//3014
f 2512//3015 2511//3015 2515//3015
f 2511//3016 2514//3016 2515//3016
f 2514//3017 2512//3017 2513//3017
f 2514//3018 2511//3018 2512//3018
f 2529//3031 2528//3031 2530//3031
f 2528//3032 2527//3032 2530//3032
f 2527//3033 2526//3033 2530//3033
f 2526//3034 2529//3034 2530//3034
f 2529//3035 2527//3035 2528//3035
f 2529//3036 2526//3036 2527//3036
f 2544//3049 2543//3049 2545//3049
f 2543//3050 2542//3050 2545//3050
f 2542//3051 2541//3051 2545//3051
f 2541//3052 2544//3052 2545//3052
f 2544//3053 2542//3053 2543//3053
f 2544//3054 2541//3054 2542//3054
f 2559//3067 2558//3067 2560//3067
f 2558//3068 2557//3068 2560//3068
f 2557//3069 2556//3069 2560//3069
f 2556//3070 2559//3070 2560//3070
f 2559//3071 2557//3071 2558//3071
f 2559//3072 2556//3072 2557//3072
f 2574//3085 2573//3085 2575//3085
f 2573//3086 2572//3086 2575//3086
f 2572//3087 2571//3087 2575//3087
f 2571//3088 2574//3088 2575//3088
f 2574//3089 2572//3089 2573//3089
f 2574//3090 2571//3090 2572//3090
f 2589//3103 2588//3103 2590//3103
f 2588//3104 2587//3104 2590//3104
f 2587//3105 2586//3105 2590//3105
f 2586//3106 2589//3106 2590//3106
f 2589//3107 2587//3107 2588//3107
f 2589//3108 2586//3108 2587//3108
f 2604//3121 2603//3121 2605//3121
f 2603//3122 2602//3122 2605//3122
f 2602//3123 2601//3123 2605//3123
f 2601//3124 2604//3124 2605//3124
f 2604//3125 2602//3125 2603//3125
f 2604//3126 2601//3126 2602//3126
f 2619//3139 2618//3139 2620//3139
f 2618//3140 2617//3140 2620//3140
f 2617//3141 2616//3141 2620//3141
f 2616//3142 2619//3142 2620//3142
f 2619//3143 2617//3143 2618//3143
f 2619//3144 2616//3144 2617//3144
f 2634//3157 2633//3157 2635//3157
f 2633//3158 2632//3158 2635//3158
f 2632//3159 2631//3159 2635//3159
f 2631//3160 2634//3160 2635//3160
f 2634//3161 2632//3161 2633//3161
f 2634//3162 2631//3162 2632//3162
f 2649//3175 2648//3175 2650//3175
f 2648//3176 2647//3176 2650//3176
f 2647//3177 2646//3177 2650//3177
f 2646//3178 2649//3178 2650//3178
f 2649//3179 2647//3179 2648//3179
f 2649//3180 2646//3180 2647//3180
f 2664//3193 2663//3193 2665//3193
f 2663//3194 2662//3194 2665//3194
f 2662//3195 2661//3195 2665//3195
f 2661//3196 2664//3196 2665//3196
f 2664//3197 2662//3197 2663//3197
f 2664//3198 2661//3198 2662//3198
f 2679//3211 2678//3211 2680//3211
f 2678//3212 2677//3212 2680//3212
f 2677//3213 2676//3213 2680//3213
f 2676//3214 2679//3214 2680//3214
f 2679//3215 2677//3215 2678//3215
f 2679//3216 2676//3216 2677//3216
f 2694//3229 2693//3229 2695//3229
f 2693//3230 2692//3230 2695//3230
f 2692//3231 2691//3231 2695//3231
f 2691//3232 2694//3232 2695//3232
f 2694//3233 2692//3233 2693//3233
f 2694//3234 2691//3234 2692//3234
f 2709//3247 2708//3247 2710//3247
f 2708//3248 2707//3248 2710//3248
f 2707//3249 2706//3249 2710//3249
f 2706//3250 2709//3250 2710//3250
f 2709//3251 2707//3251 2708//3251
f 2709//3252 2706//3252 2707//3252
f 2724//3265 2723//3265 2725//3265
f 2723//3266 2722//3266 2725//3266
f 2722//3267 2721//3267 2725//3267
f 2721//3268 2724//3268 2725//3268
f 2724//3269 2722//3269 2723//3269
f 2724//3270 2721//3270 2722//3270
f 2739//3283 2738//3283 2740//3283
f 2738//3284 2737//3284 2740//3284
f 2737//3285 2736//3285 2740//3285
f 2736//3286 2739//3286 2740//3286
f 2739//3287 2737//3287 2738//3287
f 2739//3288 2736//3288 2737//3288
f 2754//3301 2753//3301 2755//3301
f 2753//3302 2752//3302 2755//3302
f 2752//3303 2751//3303 2755//3303
f 2751//3304 2754//3304 2755//3304
f 2754//3305 2752//3305 2753//3305
f 2754//3306 2751//3306 2752//3306
f 2769//3319 2768//3319 2770//3319
f 2768//3320 2767//3320 2770//3320
f 2767//3321 2766//3321 2770//3321
f 2766//3322 2769//3322 2770//3322
f 2769//3323 2767//3323 2768//3323
f 2769//3324 2766//3324 2767//3324
f 2784//3337 2783//3337 2785//3337
f 2783//3338 2782//3338 2785//3338
f 2782//3339 2781//3339 2785//3339
f 2781//3340 2784//3340 2785//3340
f 2784//3341 2782//3341 2783//3341
f 2784//3342 2781//3342 2782//3342
f 2799//3355 2798//3355 2800//3355
f 2798//3356 2797//3356 2800//3356
f 2797//3357 2796//3357 2800//3357
f 2796//3358 2799//3358 2800//3358
f 2799//3359 2797//3359 2798//3359
f 2799//3360 2796//3360 2797//3360
f 2814//3373 2813//3373 2815//3373
f 2813//3374 2812//3374 2815//3374
f 2812//3375 2811//3375 2815//3375
f 2811//3376 2814//3376 2815//3376
f 2814//3377 2812//3377 2813//3377
f 2814//3378 2811//3378 2812//3378
f 2829//3391 2828//3391 2830//3391
f 2828//3392 2827//3392 2830//3392
f 2827//3393 2826//3393 2830//3393
f 2826//3394 2829//3394 2830//3394
f 2829//3395 2827//3395 2828//3395
f 2829//3396 2826//3396 2827//3396
f 2844//3409 2843//3409 2845//3409
f 2843//3410 2842//3410 2845//3410
f 2842//3411 2841//3411 2845//3411
f 2841//3412 2844//3412 2845//3412
f 2844//3413 2842//3413 2843//3413
f 2844//3414 2841//3414 2842//3414
f 2859//3427 2858//3427 2860//3427
f 2858//3428 2857//3428 2860//3428
f 2857//3429 2856//3429 2860//3429
f 2856//3430 2859//3430 2860//3430
f 2859//3431 2857//3431 2858//3431
f 2859//3432 2856//3432 2857//3432
f 2874//3445 2873//3445 2875//3445
f 2873//3446 2872//3446 2875//3446
f 2872//3447 2871//3447 2875//3447
f 2871//3448 2874//3448 2875//3448
f 2874//3449 2872//3449 2873//3449
f 2874//3450 2871//3450 2872//3450
f 2889//3463 2888//3463 2890//3463
f 2888//3464 2887//3464 2890//3464
f 2887//3465 2886//3465 2890//3465
f 2886//3466 2889//3466 2890//3466
f 2889//3467 2887//3467 2888//3467
f 2889//3468 2886//3468 2887//3468
f 2904//3481 2903//3481 2905//3481
f 2903//3482 2902//3482 2905//3482
f 2902//3483 2901//3483 2905//3483
f 2901//3484 2904//3484 2905//3484
f 2904//3485 2902//3485 2903//3485
f 2904//3486 2901//3486 2902//3486
f 2919//3499 2918//3499 2920//3499
f 2918//3500 2917//3500 2920//3500
f 2917//3501 2916//3501 2920//3501
f 2916//3502 2919//3502 2920//3502
f 2919//3503 2917//3503 2918//3503
f 2919//3504 2916//3504 2917//3504
f 2934//3517 2933//3517 2935//3517
f 2933//3518 2932//3518 2935//3518
f 2932//3519 2931//3519 2935//3519
f 2931//3520 2934//3520 2935//3520
f 2934//3521 2932//3521 2933//3521
f 2934//3522 2931//3522 2932//3522
f 2949//3535 2948//3535 2950//3535
f 2948//3536 2947//3536 2950//3536
f 2947//3537 2946//3537 2950//3537
f 2946//3538 2949//3538 2950//3538
f 2949//3539 2947//3539 2948//3539
f 2949//3540 2946//3540 2947//3540
f 2964//3553 2963//3553 2965//3553
f 2963//3554 2962//3554 2965//3554
f 2962//3555 2961//3555 2965//3555
f 2961//3556 2964//3556 2965//3556
f 2964//3557 2962//3557 2963//3557
f 2964//3558 2961//3558 2962//3558
f 2979//3571 2978//3571 2980//3571
f 2978//3572 2977//3572 2980//3572
f 2977//3573 2976//3573 2980//3573
f 2976//3574 2979//3574 2980//3574
f 2979//3575 2977//3575 2978//3575
f 2979//3576 2976//3576 2977//3576
f 2994//3589 2993//3589 2995//3589
f 2993//3590 2992//3590 2995//3590
f 2992//3591 2991//3591 2995//3591
f 2991//3592 2994//3592 2995//3592
f 2994//3593 2992//3593 2993//3593
f 2994//3594 2991//3594 2992//3594
f 3009//3607 3008//3607 3010//3607
f 3008//3608 3007//3608 3010//3608
f 3007//3609 3006//3609 3010//3609
f 3006//3610 3009//3610 3010//3610
f 3009//3611 3007//3611 3008//3611
f 3009//3612 3006//3612 3007//3612
f 3024//3625 3023//3625 3025//3625
f 3023//3626 3022//3626 3025//3626
f 3022//3627 3021//3627 3025//3627
f 3021//3628 3024//3628 3025//3628
f 3024//3629 3022//3629 3023//3629
f 3024//3630 3021//3630 3022//3630
f 3039//3643 3038//3643 3040//3643
f 3038//3644 3037//3644 3040//3644
f 3037//3645 3036//3645 3040//3645
f 3036//3646 3039//3646 3040//3646
f 3039//3647 3037//3647 3038//3647
f 3039//3648 3036//3648 3037//3648
f 3054//3661 3053//3661 3055//3661
f 3053//3662 3052//3662 3055//3662
f 3052//3663 3051//3663 3055//3663
f 3051//3664 3054//3664 3055//3664
f 3054//3665 3052//3665 3053//3665
f 3054//3666 3051//3666 3052//3666
f 3069//3679 3068//3679 3070//3679
f 3068//3680 3067//3680 3070//3680
f 3067//3681 3066//3681 3070//3681
f 3066//3682 3069//3682 3070//3682
f 3069//3683 3067//3683 3068//3683
f 3069//3684 3066//3684 3067//3684
f 3084//3697 3083//3697 3085//3697
f 3083//3698 3082//3698 3085//3698
f 3082//3699 3081//3699 3085//3699
f 3081//3700 3084//3700 3085//3700
f 3084//3701 3082//3701 3083//3701
f 3084//3702 3081//3702 3082//3702
f 3099//3715 3098//3715 3100//3715
f 3098//3716 3097//3716 3100//3716
f 3097//3717 3096//3717 3100//3717
f 3096//3718 3099//3718 3100//3718
f 3099//3719 3097//3719 3098//3719
f 3099//3720 3096//3720 3097//3720
f 3114//3733 3113//3733 3115//3733
f 3113//3734 3112//3734 3115//3734
f 3112//3735 3111//3735 3115//3735
f 3111//3736 3114//3736 3115//3736
f 3114//3737 3112//3737 3113//3737
f 3114//3738 3111//3738 3112//3738
f 3129//3751 3128//3751 3130//3751
f 3128//3752 3127//3752 3130//3752
f 3127//3753 3126//3753 3130//3753
f 3126//3754 3129//3754 3130//3754
f 3129//3755 3127//3755 3128//3755
f 3129//3756 3126//3756 3127//3756
f 3144//3769 3143//3769 3145//3769
f 3143//3770 3142//3770 3145//3770
f 3142//3771 3141//3771 3145//3771
f 3141//3772 3144//3772 3145//3772
f 3144//3773 3142//3773 3143//3773
f 3144//3774 3141//3774 3142//3774
f 3159//3787 3158//3787 3160//3787
f 3158//3788 3157//3788 3160//3788
f 3157//3789 3156//3789 3160//3789
f 3156//3790 3159//3790 3160//3790
f 3159//3791 3157//3791 3158//3791
f 3159//3792 3156//3792 3157//3792
f 3174//3805 3173//3805 3175//3805
f 3173//3806 3172//3806 3175//3806
f 3172//3807 3171//3807 3175//3807
f 3171//3808 3174//3808 3175//3808
f 3174//3809 3172//3809 3173//3809
f 3174//3810 3171//3810 3172//3810
f 3189//3823 3188//3823 3190//3823
f 3188//3824 3187//3824 3190//3824
f 3187//3825 3186//3825 3190//3825
f 3186//3826 3189//3826 3190//3826
f 3189//3827 3187//3827 3188//3827
f 3189//3828 3186//3828 3187//3828
f 3204//3841 3203//3841 3205//3841
f 3203//3842 3202//3842 3205//3842
f 3202//3843 3201//3843 3205//3843
f 3201//3844 3204//3844 3205//3844
f 3204//3845 3202//3845 3203//3845
f 3204//3846 3201//3846 3202//3846
f 3219//3859 3218//3859 3220//3859
f 3218//3860 3217//3860 3220//3860
f 3217//3861 3216//3861 3220//3861
f 3216//3862 3219//3862 3220//3862
f 3219//3863 3217//3863 3218//3863
f 3219//3864 3216//3864 3217//3864
f 3234//3877 3233//3877 3235//3877
f 3233//3878 3232//3878 3235//3878
f 3232//3879 3231//3879 3235//3879
f 3231//3880 3234//3880 3235//3880
f 3234//3881 3232//3881 3233//3881
f 3234//3882 3231//3882 3232//3882
f 3249//3895 3248//3895 3250//3895
f 3248//3896 3247//3896 3250//3896
f 3247//3897 3246//3897 3250//3897
f 3246//3898 3249//3898 3250//3898
f 3249//3899 3247//3899 3248//3899
f 3249//3900 3246//3900 3247//3900
f 3264//3913 3263//3913 3265//3913
f 3263//3914 3262//3914 3265//3914
f 3262//3915 3261//3915 3265//3915
f 3261//3916 3264//3916 3265//3916
f 3264//3917 3262//3917 3263//3917
f 3264//3918 3261//3918 3262//3918
f 3279//3931 3278//3931 3280//3931
f 3278//3932 3277//3932 3280//3932
f 3277//3933 3276//3933 3280//3933
f 3276//3934 3279//3934 3280//3934
f 3279//3935 3277//3935 3278//3935
f 3279//3936 3276//3936 3277//3936
f 3294//3949 3293//3949 3295//3949
f 3293//3950 3292//3950 3295//3950
f 3292//3951 3291//3951 3295//3951
f 3291//3952 3294//3952 3295//3952
f 3294//3953 3292//3953 3293//3953
f 3294//3954 3291//3954 3292//3954
f 3309//3967 3308//3967 3310//3967
f 3308//3968 3307//3968 3310//3968
f 3307//3969 3306//3969 3310//3969
f 3306//3970 3309//3970 3310//3970
f 3309//3971 3307//3971 3308//3971
f 3309//3972 3306//3972 3307//3972
f 3324//3985 3323//3985 3325//3985
f 3323//3986 3322//3986 3325//3986
f 3322//3987 3321//3987 3325//3987
f 3321//3988 3324//3988 3325//3988
f 3324//3989 3322//3989 3323//3989
f 3324//3990 3321//3990 3322//3990
f 3339//4003 3338//4003 3340//4003
f 3338//4004 3337//4004 3340//4004
f 3337//4005 3336//4005 3340//4005
f 3336//4006 3339//4006 3340//4006
f 3339//4007 3337//4007 3338//4007
f 3339//4008 3336//4008 3337//4008
f 3354//4021 3353//4021 3355//4021
f 3353//4022 3352//4022 3355//4022
f 3352//4023 3351//4023 3355//4023
f 3351//4024 3354//4024 3355//4024
f 3354//4025 3352//4025 3353//4025
f 3354//4026 3351//4026 3352//4026
f 3369//4039 3368//4039 3370//4039
f 3368//4040 3367//4040 3370//4040
f 3367//4041 3366//4041 3370//4041
f 3366//4042 3369//4042 3370//4042
f 3369//4043 3367//4043 3368//4043
f 3369//4044 3366//4044 3367//4044
f 3384//4057 3383//4057 3385//4057
f 3383//4058 3382//4058 3385//4058
f 3382//4059 3381//4059 3385//4059
f 3381//4060 3384//4060 3385//4060
f 3384//4061 3382//4061 3383//4061
f 3384//4062 3381//4062 3382//4062
f 3399//4075 3398//4075 3400//4075
f 3398//4076 3397//4076 3400//4076
f 3397//4077 3396//4077 3400//4077
f 3396//4078 3399//4078 3400//4078
f 3399//4079 3397//4079 3398//4079
f 3399//4080 3396//4080 3397//4080
f 3414//4093 3413//4093 3415//4093
f 3413//4094 3412//4094 3415//4094
f 3412//4095 3411//4095 3415//4095
f 3411//4096 3414//4096 3415//4096
f 3414//4097 3412//4097 3413//4097
f 3414//4098 3411//4098 3412//4098
f 3429//4111 3428//4111 3430//4111
f 3428//4112 3427//4112 3430//4112
f 3427//4113 3426//4113 3430//4113
f 3426//4114 3429//4114 3430//4114
f 3429//4115 3427//4115 3428//4115
f 3429//4116 3426//4116 3427//4116
f 3444//4129 3443//4129 3445//4129
f 3443//4130 3442//4130 3445//4130
f 3442//4131 3441//4131 3445//4131
f 3441//4132 3444//4132 3445//4132
f 3444//4133 3442//4133 3443//4133
f 3444//4134 3441//4134 3442//4134
f 3459//4147 3458//4147 3460//4147
f 3458//4148 3457//4148 3460//4148
f 3457//4149 3456//4149 3460//4149
f 3456//4150 3459//4150 3460//4150
f 3459//4151 3457//4151 3458//4151
f 3459//4152 3456//4152 3457//4152
f 3474//4165 3473//4165 3475//4165
f 3473//4166 3472//4166 3475//4166
f 3472//4167 3471//4167 3475//4167
f 3471//4168 3474//4168 3475//4168
f 3474//4169 3472//4169 3473//4169
f 3474//4170 3471//4170 3472//4170
f 3489//4183 3488//4183 3490//4183
f 3488//4184 3487//4184 3490//4184
f 3487//4185 3486//4185 3490//4185
f 3486//4186 3489//4186 3490//4186
f 3489//4187 3487//4187 3488//4187
f 3489//4188 3486//4188 3487//4188
f 3504//4201 3503//4201 3505//4201
f 3503//4202 3502//4202 3505//4202
f 3502//4203 3501//4203 3505//4203
f 3501//4204 3504//4204 3505//4204
f 3504//4205 3502//4205 3503//4205
f 3504//4206 3501//4206 3502//4206
f 3519//4219 3518//4219 3520//4219
f 3518//4220 3517//4220 3520//4220
f 3517//4221 3516//4221 3520//4221
f 3516//4222 3519//4222 3520//4222
f 3519//4223 3517//4223 3518//4223
f 3519//4224 3516//4224 3517//4224
f 3534//4237 3533//4237 3535//4237
f 3533//4238 3532//4238 3535//4238
f 3532//4239 3531//4239 3535//4239
f 3531//4240 3534//4240 3535//4240
f 3534//4241 3532//4241 3533//4241
f 3534//4242 3531//4242 3532//4242
f 3549//4255 3548//4255 3550//4255
f 3548//4256 3547//4256 3550//4256
f 3547//4257 3546//4257 3550//4257
f 3546//4258 3549//4258 3550//4258
f 3549//4259 3547//4259 3548//4259
f 3549//4260 3546//4260 3547//4260
f 3564//4273 3563//4273 3565//4273
f 3563//4274 3562//4274 3565//4274
f 3562//4275 3561//4275 3565//4275
f 3561//4276 3564//4276 3565//4276
f 3564//4277 3562//4277 3563//4277
f 3564//4278 3561//4278 3562//4278
f 3579//4291 3578//4291 3580//4291
f 3578//4292 3577//4292 3580//4292
f 3577//4293 3576//4293 3580//4293
f 3576//4294 3579//4294 3580//4294
f 3579//4295 3577//4295 3578//4295
f 3579//4296 3576//4296 3577//4296
f 3594//4309 3593//4309 3595//4309
f 3593//4310 3592//4310 3595//4310
f 3592//4311 3591//4311 3595//4311
f 3591//4312 3594//4312 3595//4312
f 3594//4313 3592//4313 3593//4313
f 3594//4314 3591//4314 3592//4314
f 3609//4327 3608//4327 3610//4327
f 3608//4328 3607//4328 3610//4328
f 3607//4329 3606//4329 3610//4329
f 3606//4330 3609//4330 3610//4330
f 3609//4331 3607//4331 3608//4331
f 3609//4332 3606//4332 3607//4332
f 3624//4345 3623//4345 3625//4345
f 3623//4346 3622//4346 3625//4346
f 3622//4347 3621//4347 3625//4347
f 3621//4348 3624//4348 3625//4348
f 3624//4349 3622//4349 3623//4349
f 3624//4350 3621//4350 3622//4350
f 3639//4363 3638//4363 3640//4363
f 3638//4364 3637//4364 3640//4364
f 3637//4365 3636//4365 3640//4365
f 3636//4366 3639//4366 3640//4366
f 3639//4367 3637//4367 3638//4367
f 3639//4368 3636//4368 3637//4368
f 3654//4381 3653//4381 3655//4381
f 3653//4382 3652//4382 3655//4382
f 3652//4383 3651//4383 3655//4383
f 3651//4384 3654//4384 3655//4384
f 3654//4385 3652//4385 3653//4385
f 3654//4386 3651//4386 3652//4386
f 3669//4399 3668//4399 3670//4399
f 3668//4400 3667//4400 3670//4400
f 3667//4401 3666//4401 3670//4401
f 3666//4402 3669//4402 3670//4402
f 3669//4403 3667//4403 3668//4403
f 3669//4404 3666//4404 3667//4404
f 3684//4417 3683//4417 3685//4417
f 3683//4418 3682//4418 3685//4418
f 3682//4419 3681//4419 3685//4419
f 3681//4420 3684//4420 3685//4420
f 3684//4421 3682//4421 3683//4421
f 3684//4422 3681//4422 3682//4422
f 3699//4435 3698//4435 3700//4435
f 3698//4436 3697//4436 3700//4436
f 3697//4437 3696//4437 3700//4437
f 3696//4438 3699//4438 3700//4438
f 3699//4439 3697//4439 3698//4439
f 3699//4440 3696//4440 3697//4440
f 3714//4453 3713//4453 3715//4453
f 3713//4454 3712//4454 3715//4454
f 3712//4455 3711//4455 3715//4455
f 3711//4456 3714//4456 3715//4456
f 3714//4457 3712//4457 3713//4457
f 3714//4458 3711//4458 3712//4458
f 3729//4471 3728//4471 3730//4471
f 3728//4472 3727//4472 3730//4472
f 3727//4473 3726//4473 3730//4473
f 3726//4474 3729//4474 3730//4474
f 3729//4475 3727//4475 3728//4475
f 3729//4476 3726//4476 3727//4476
f 3744//4489 3743//4489 3745//4489
f 3743//4490 3742//4490 3745//4490
f 3742//4491 3741//4491 3745//4491
f 3741//4492 3744//4492 3745//4492
f 3744//4493 3742//4493 3743//4493
f 3744//4494 3741//4494 3742//4494
f 3759//4507 3758//4507 3760//4507
f 3758//4508 3757//4508 3760//4508
f 3757//4509 3756//4509 3760//4509
f 3756//4510 3759//4510 3760//4510
f 3759//4511 3757//4511 3758//4511
f 3759//4512 3756//4512 3757//4512
f 3774//4525 3773//4525 3775//4525
f 3773//4526 3772//4526 3775//4526
f 3772//4527 3771//4527 3775//4527
f 3771//4528 3774//4528 3775//4528
f 3774//4529 3772//4529 3773//4529
f 3774//4530 3771//4530 3772//4530
f 3789//4543 3788//4543 3790//4543
f 3788//4544 3787//4544 3790//4544
f 3787//4545 3786//4545 3790//4545
f 3786//4546 3789//4546 3790//4546
f 3789//4547 3787//4547 3788//4547
f 3789//4548 3786//4548 3787//4548
f 3804//4561 3803//4561 3805//4561
f 3803//4562 3802//4562 3805//4562
f 3802//4563 3801//4563 3805//4563
f 3801//4564 3804//4564 3805//4564
f 3804//4565 3802//4565 3803//4565
f 3804//4566 3801//4566 3802//4566
f 3819//4579 3818//4579 3820//4579
f 3818//4580 3817//4580 3820//4580
f 3817//4581 3816//4581 3820//4581
f 3816//4582 3819//4582 3820//4582
f 3819//4583 3817//4583 3818//4583
f 3819//4584 3816//4584 3817//4584
f 3834//4597 3833//4597 3835//4597
f 3833//4598 3832//4598 3835//4598
f 3832//4599 3831//4599 3835//4599
f 3831//4600 3834//4600 3835//4600
f 3834//4601 3832//4601 3833//4601
f 3834//4602 3831//4602 3832//4602
f 3849//4615 3848//4615 3850//4615
f 3848//4616 3847//4616 3850//4616
f 3847//4617 3846//4617 3850//4617
f 3846//4618 3849//4618 3850//4618
f 3849//4619 3847//4619 3848//4619
f 3849//4620 3846//4620 3847//4620
f 3864//4633 3863//4633 3865//4633
f 3863//4634 3862//4634 3865//4634
f 3862//4635 3861//4635 3865//4635
f 3861//4636 3864//4636 3865//4636
f 3864//4637 3862//4637 3863//4637
f 3864//4638 3861//4638 3862//4638
f 3879//4651 3878//4651 3880//4651
f 3878//4652 3877//4652 3880//4652
f 3877//4653 3876//4653 3880//4653
f 3876//4654 3879//4654 3880//4654
f 3879//4655 3877//4655 3878//4655
f 3879//4656 3876//4656 3877//4656
f 3894//4669 3893//4669 3895//4669
f 3893//4670 3892//4670 3895//4670
f 3892//4671 3891//4671 3895//4671
f 3891//4672 3894//4672 3895//4672
f 3894//4673 3892//4673 3893//4673
f 3894//4674 3891//4674 3892//4674
f 3909//4687 3908//4687 3910//4687
f 3908//4688 3907//4688 3910//4688
f 3907//4689 3906//4689 3910//4689
f 3906//4690 3909//4690 3910//4690
f 3909//4691 3907//4691 3908//4691
f 3909//4692 3906//4692 3907//4692
f 3924//4705 3923//4705 3925//4705
f 3923//4706 3922//4706 3925//4706
f 3922//4707 3921//4707 3925//4707
f 3921//4708 3924//4708 3925//4708
f 3924//4709 3922//4709 3923//4709
f 3924//4710 3921//4710 3922//4710
f 3939//4723 3938//4723 3940//4723
f 3938//4724 3937//4724 3940//4724
f 3937//4725 3936//4725 3940//4725
f 3936//4726 3939//4726 3940//4726
f 3939//4727 3937//4727 3938//4727
f 3939//4728 3936//4728 3937//4728
f 3954//4741 3953//4741 3955//4741
f 3953//4742 3952//4742 3955//4742
f 3952//4743 3951//4743 3955//4743
f 3951//4744 3954//4744 3955//4744
f 3954//4745 3952//4745 3953//4745
f 3954//4746 3951//4746 3952//4746
f 3969//4759 3968//4759 3970//4759
f 3968//4760 3967//4760 3970//4760
f 3967//4761 3966//4761 3970//4761
f 3966//4762 3969//4762 3970//4762
f 3969//4763 3967//4763 3968//4763
f 3969//4764 3966//4764 3967//4764
f 3984//4777 3983//4777 3985//4777
f 3983//4778 3982//4778 3985//4778
f 3982//4779 3981//4779 3985//4779
f 3981//4780 3984//4780 3985//4780
f 3984//4781 3982//4781 3983//4781
f 3984//4782 3981//4782 3982//4782
f 3999//4795 3998//4795 4000//4795
f 3998//4796 3997//4796 4000//4796
f 3997//4797 3996//4797 4000//4797
f 3996//4798 3999//4798 4000//4798
f 3999//4799 3997//4799 3998//4799
f 3999//4800 3996//4800 3997//4800
f 4014//4813 4013//4813 4015//4813
f 4013//4814 4012//4814 4015//4814
f 4012//4815 4011//4815 4015//4815
f 4011//4816 4014//4816 4015//4816
f 4014//4817 4012//4817 4013//4817
f 4014//4818 4011//4818 4012//4818
f 4029//4831 4028//4831 4030//4831
f 4028//4832 4027//4832 4030//4832
f 4027//4833 4026//4833 4030//4833
f 4026//4834 4029//4834 4030//4834
f 4029//4835 4027//4835 4028//4835
f 4029//4836 4026//4836 4027//4836
f 4044//4849 4043//4849 4045//4849
f 4043//4850 4042//4850 4045//4850
f 4042//4851 4041//4851 4045//4851
f 4041//4852 4044//4852 4045//4852
f 4044//4853 4042//4853 4043//4853
f 4044//4854 4041//4854 4042//4854
f 4059//4867 4058//4867 4060//4867
f 4058//4868 4057//4868 4060//4868
f 4057//4869 4056//4869 4060//4869
f 4056//4870 4059//4870 4060//4870
f 4059//4871 4057//4871 4058//4871
f 4059//4872 4056//4872 4057//4872
f 4074//4885 4073//4885 4075//4885
f 4073//4886 4072//4886 4075//4886
f 4072//4887 4071//4887 4075//4887
f 4071//4888 4074//4888 4075//4888
f 4074//4889 4072//4889 4073//4889
f 4074//4890 4071//4890 4072//4890
f 4089//4903 4088//4903 4090//4903
f 4088//4904 4087//4904 4090//4904
f 4087//4905 4086//4905 4090//4905
f 4086//4906 4089//4906 4090//4906
f 4089//4907 4087//4907 4088//4907
f 4089//4908 4086//4908 4087//4908
f 4104//4921 4103//4921 4105//4921
f 4103//4922 4102//4922 4105//4922
f 4102//4923 4101//4923 4105//4923
f 4101//4924 4104//4924 4105//4924
f 4104//4925 4102//4925 4103//4925
f 4104//4926 4101//4926 4102//4926
f 4119//4939 4118//4939 4120//4939
f 4118//4940 4117//4940 4120//4940
f 4117//4941 4116//4941 4120//4941
f 4116//4942 4119//4942 4120//4942
f 4119//4943 4117//4943 4118//4943
f 4119//4944 4116//4944 4117//4944
f 4134//4957 4133//4957 4135//4957
f 4133//4958 4132//4958 4135//4958
f 4132//4959 4131//4959 4135//4959
f 4131//4960 4134//4960 4135//4960
f 4134//4961 4132//4961 4133//4961
f 4134//4962 4131//4962 4132//4962
f 4149//4975 4148//4975 4150//4975
f 4148//4976 4147//4976 4150//4976
f 4147//4977 4146//4977 4150//4977
f 4146//4978 4149//4978 4150//4978
f 4149//4979 4147//4979 4148//4979
f 4149//4980 4146//4980 4147//4980
f 4164//4993 4163//4993 4165//4993
f 4163//4994 4162//4994 4165//4994
f 4162//4995 4161//4995 4165//4995
f 4161//4996 4164//4996 4165//4996
f 4164//4997 4162//4997 4163//4997
f 4164//4998 4161//4998 4162//4998
f 4179//5011 4178//5011 4180//5011
f 4178//5012 4177//5012 4180//5012
f 4177//5013 4176//5013 4180//5013
f 4176//5014 4179//5014 4180//5014
f 4179//5015 4177//5015 4178//5015
f 4179//5016 4176//5016 4177//5016
f 4194//5029 4193//5029 4195//5029
f 4193//5030 4192//5030 4195//5030
f 4192//5031 4191//5031 4195//5031
f 4191//5032 4194//5032 4195//5032
f 4194//5033 4192//5033 4193//5033
f 4194//5034 4191//5034 4192//5034
f 4209//5047 4208//5047 4210//5047
f 4208//5048 4207//5048 4210//5048
f 4207//5049 4206//5049 4210//5049
f 4206//5050 4209//5050 4210//5050
f 4209//5051 4207//5051 4208//5051
f 4209//5052 4206//5052 4207//5052
f 4224//5065 4223//5065 4225//5065
f 4223//5066 4222//5066 4225//5066
f 4222//5067 4221//5067 4225//5067
f 4221//5068 4224//5068 4225//5068
f 4224//5069 4222//5069 4223//5069
f 4224//5070 4221//5070 4222//5070
f 4239//5083 4238//5083 4240//5083
f 4238//5084 4237//5084 4240//5084
f 4237//5085 4236//5085 4240//5085
f 4236//5086 4239//5086 4240//5086
f 4239//5087 4237//5087 4238//5087
f 4239//5088 4236//5088 4237//5088
f 4254//5101 4253//5101 4255//5101
f 4253//5102 4252//5102 4255//5102
f 4252//5103 4251//5103 4255//5103
f 4251//5104 4254//5104 4255//5104
f 4254//5105 4252//5105 4253//5105
f 4254//5106 4251//5106 4252//5106
f 4269//5119 4268//5119 4270//5119
f 4268//5120 4267//5120 4270//5120
f 4267//5121 4266//5121 4270//5121
f 4266//5122 4269//5122 4270//5122
f 4269//5123 4267//5123 4268//5123
f 4269//5124 4266//5124 4267//5124
f 4284//5137 4283//5137 4285//5137
f 4283//5138 4282//5138 4285//5138
f 4282//5139 4281//5139 4285//5139
f 4281//5140 4284//5140 4285//5140
f 4284//5141 4282//5141 4283//5141
f 4284//5142 4281//5142 4282//5142
f 4299//5155 4298//5155 4300//5155
f 4298//5156 4297//5156 4300//5156
f 4297//5157 4296//5157 4300//5157
f 4296//5158 4299//5158 4300//5158
f 4299//5159 4297//5159 4298//5159
f 4299//5160 4296//5160 4297//5160
f 4314//5173 4313//5173 4315//5173
f 4313//5174 4312//5174 4315//5174
f 4312//5175 4311//5175 4315//5175
f 4311//5176 4314//5176 4315//5176
f 4314//5177 4312//5177 4313//5177
f 4314//5178 4311//5178 4312//5178
f 4329//5191 4328//5191 4330//5191
f 4328//5192 4327//5192 4330//5192
f 4327//5193 4326//5193 4330//5193
f 4326//5194 4329//5194 4330//5194
f 4329//5195 4327//5195 4328//5195
f 4329//5196 4326//5196 4327//5196
f 4344//5209 4343//5209 4345//5209
f 4343//5210 4342//5210 4345//5210
f 4342//5211 4341//5211 4345//5211
f 4341//5212 4344//5212 4345//5212
f 4344//5213 4342//5213 4343//5213
f 4344//5214 4341//5214 4342//5214
f 4359//5227 4358//5227 4360//5227
f 4358//5228 4357//5228 4360//5228
f 4357//5229 4356//5229 4360//5229
f 4356//5230 4359//5230 4360//5230
f 4359//5231 4357//5231 4358//5231
f 4359//5232 4356//5232 4357//5232
f 4374//5245 4373//5245 4375//5245
f 4373//5246 4372//5246 4375//5246
f 4372//5247 4371//5247 4375//5247
f 4371//5248 4374//5248 4375//5248
f 4374//5249 4372//5249 4373//5249
f 4374//5250 4371//5250 4372//5250
f 4389//5263 4388//5263 4390//5263
f 4388//5264 4387//5264 4390//5264
f 4387//5265 4386//5265 4390//5265
f 4386//5266 4389//5266 4390//5266
f 4389//5267 4387//5267 4388//5267
f 4389//5268 4386//5268 4387//5268
f 4404//5281 4403//5281 4405//5281
f 4403//5282 4402//5282 4405//5282
f 4402//5283 4401//5283 4405//5283
f 4401//5284 4404//5284 4405//5284
f 4404//5285 4402//5285 4403//5285
f 4404//5286 4401//5286 4402//5286
f 4419//5299 4418//5299 4420//5299
f 4418//5300 4417//5300 4420//5300
f 4417//5301 4416//5301 4420//5301
f 4416//5302 4419//5302 4420//5302
f 4419//5303 4417//5303 4418//5303
f 4419//5304 4416//5304 4417//5304
f 4434//5317 4433//5317 4435//5317
f 4433//5318 4432//5318 4435//5318
f 4432//5319 4431//5319 4435//5319
f 4431//5320 4434//5320 4435//5320
f 4434//5321 4432//5321 4433//5321
f 4434//5322 4431//5322 4432//5322
f 4449//5335 4448//5335 4450//5335
f 4448//5336 4447//5336 4450//5336
f 4447//5337 4446//5337 4450//5337
f 4446//5338 4449//5338 4450//5338
f 4449//5339 4447//5339 4448//5339
f 4449//5340 4446//5340 4447//5340
f 4464//5353 4463//5353 4465//5353
f 4463//5354 4462//5354 4465//5354
f 4462//5355 4461//5355 4465//5355
f 4461//5356 4464//5356 4465//5356
f 4464//5357 4462//5357 4463//5357
f 4464//5358 4461//5358 4462//5358
f 4479//5371 4478//5371 4480//5371
f 4478//5372 4477//5372 4480//5372
f 4477//5373 4476//5373 4480//5373
f 4476//5374 4479//5374 4480//5374
f 4479//5375 4477//5375 4478//5375
f 4479//5376 4476//5376 4477//5376
f 4494//5389 4493//5389 4495//5389
f 4493//5390 4492//5390 4495//5390
f 4492//5391 4491//5391 4495//5391
f 4491//5392 4494//5392 4495//5392
f 4494//5393 4492//5393 4493//5393
f 4494//5394 4491//5394 4492//5394
f 4509//5407 4508//5407 4510//5407
f 4508//5408 4507//5408 4510//5408
f 4507//5409 4506//5409 4510//5409
f 4506//5410 4509//5410 4510//5410
f 4509//5411 4507//5411 4508//5411
f 4509//5412 4506//5412 4507//5412
f 4524//5425 4523//5425 4525//5425
f 4523//5426 4522//5426 4525//5426
f 4522//5427 4521//5427 4525//5427
f 4521//5428 4524//5428 4525//5428
f 4524//5429 4522//5429 4523//5429
f 4524//5430 4521//5430 4522//5430
f 4539//5443 4538//5443 4540//5443
f 4538//5444 4537//5444 4540//5444
f 4537//5445 4536//5445 4540//5445
f 4536//5446 4539//5446 4540//5446
f 4539//5447 4537//5447 4538//5447
f 4539//5448 4536//5448 4537//5448
f 4554//5461 4553//5461 4555//5461
f 4553//5462 4552//5462 4555//5462
f 4552//5463 4551//5463 4555//5463
f 4551//5464 4554//5464 4555//5464
f 4554//5465 4552//5465 4553//5465
f 4554//5466 4551//5466 4552//5466
f 4569//5479 4568//5479 4570//5479
f 4568//5480 4567//5480 4570//5480
f 4567//5481 4566//5481 4570//5481
f 4566//5482 4569//5482 4570//5482
f 4569//5483 4567//5483 4568//5483
f 4569//5484 4566//5484 4567//5484
f 4584//5497 4583//5497 4585//5497
f 4583//5498 4582//5498 4585//5498
f 4582//5499 4581//5499 4585//5499
f 4581//5500 4584//5500 4585//5500
f 4584//5501 4582//5501 4583//5501
f 4584//5502 4581//5502 4582//5502
f 4599//5515 4598//5515 4600//5515
f 4598//5516 4597//5516 4600//5516
f 4597//5517 4596//5517 4600//5517
f 4596//5518 4599//5518 4600//5518
f 4599//5519 4597//5519 4598//5519
f 4599//5520 4596//5520 4597//5520
f 4614//5533 4613//5533 4615//5533
f 4613//5534 4612//5534 4615//5534
f 4612//5535 4611//5535 4615//5535
f 4611//5536 4614//5536 4615//5536
f 4614//5537 4612//5537 4613//5537
f 4614//5538 4611//5538 4612//5538
f 4629//5551 4628//5551 4630//5551
f 4628//5552 4627//5552 4630//5552
f 4627//5553 4626//5553 4630//5553
f 4626//5554 4629//5554 4630//5554
f 4629//5555 4627//5555 4628//5555
f 4629//5556 4626//5556 4627//5556
f 4644//5569 4643//5569 4645//5569
f 4643//5570 4642//5570 4645//5570
f 4642//5571 4641//5571 4645//5571
f 4641//5572 4644//5572 4645//5572
f 4644//5573 4642//5573 4643//5573
f 4644//5574 4641//5574 4642//5574
f 4659//5587 4658//5587 4660//5587
f 4658//5588 4657//5588 4660//5588
f 4657//5589 4656//5589 4660//5589
f 4656//5590 4659//5590 4660//5590
f 4659//5591 4657//5591 4658//5591
f 4659//5592 4656//5592 4657//5592
f 4674//5605 4673//5605 4675//5605
f 4673//5606 4672//5606 4675//5606
f 4672//5607 4671//5607 4675//5607
f 4671//5608 4674//5608 4675//5608
f 4674//5609 4672//5609 4673//5609
f 4674//5610 4671//5610 4672//5610
f 4689//5623 4688//5623 4690//5623
f 4688//5624 4687//5624 4690//5624
f 4687//5625 4686//5625 4690//5625
f 4686//5626 4689//5626 4690//5626
f 4689//5627 4687//5627 4688//5627
f 4689//5628 4686//5628 4687//5628
f 4704//5641 4703//5641 4705//5641
f 4703//5642 4702//5642 4705//5642
f 4702//5643 4701//5643 4705//5643
f 4701//5644 4704//5644 4705//5644
f 4704//5645 4702//5645 4703//5645
f 4704//5646 4701//5646 4702//5646
f 4719//5659 4718//5659 4720//5659
f 4718//5660 4717//5660 4720//5660
f 4717//5661 4716//5661 4720//5661
f 4716//5662 4719//5662 4720//5662
f 4719//5663 4717//5663 4718//5663
f 4719//5664 4716//5664 4717//5664
f 4734//5677 4733//5677 4735//5677
f 4733//5678 4732//5678 4735//5678
f 4732//5679 4731//5679 4735//5679
f 4731//5680 4734//5680 4735//5680
f 4734//5681 4732//5681 4733//5681
f 4734//5682 4731//5682 4732//5682
f 4749//5695 4748//5695 4750//5695
f 4748//5696 4747//5696 4750//5696
f 4747//5697 4746//5697 4750//5697
f 4746//5698 4749//5698 4750//5698
f 4749//5699 4747//5699 4748//5699
f 4749//5700 4746//5700 4747//5700
f 4764//5713 4763//5713 4765//5713
f 4763//5714 4762//5714 4765//5714
f 4762//5715 4761//5715 4765//5715
f 4761//5716 4764//5716 4765//5716
f 4764//5717 4762//5717 4763//5717
f 4764//5718 4761//5718 4762//5718
f 4779//5731 4778//5731 4780//5731
f 4778//5732 4777//5732 4780//5732
f 4777//5733 4776//5733 4780//5733
f 4776//5734 4779//5734 4780//5734
f 4779//5735 4777//5735 4778//5735
f 4779//5736 4776//5736 4777//5736
f 4794//5749 4793//5749 4795//5749
f 4793//5750 4792//5750 4795//5750
f 4792//5751 4791//5751 4795//5751
f 4791//5752 4794//5752 4795//5752
f 4794//5753 4792//5753 4793//5753
f 4794//5754 4791//5754 4792//5754
f 4809//5767 4808//5767 4810//5767
f 4808//5768 4807//5768 4810//5768
f 4807//5769 4806//5769 4810//5769
f 4806//5770 4809//5770 4810//5770
f 4809//5771 4807//5771 4808//5771
f 4809//5772 4806//5772 4807//5772
f 4824//5785 4823//5785 4825//5785
f 4823//5786 4822//5786 4825//5786
f 4822//5787 4821//5787 4825//5787
f 4821//5788 4824//5788 4825//5788
f 4824//5789 4822//5789 4823//5789
f 4824//5790 4821//5790 4822//5790
f 4839//5803 4838//5803 4840//5803
f 4838//5804 4837//5804 4840//5804
f 4837//5805 4836//5805 4840//5805
f 4836//5806 4839//5806 4840//5806
f 4839//5807 4837//5807 4838//5807
f 4839//5808 4836//5808 4837//5808
f 4854//5821 4853//5821 4855//5821
f 4853//5822 4852//5822 4855//5822
f 4852//5823 4851//5823 4855//5823
f 4851//5824 4854//5824 4855//5824
f 4854//5825 4852//5825 4853//5825
f 4854//5826 4851//5826 4852//5826
f 4869//5839 4868//5839 4870//5839
f 4868//5840 4867//5840 4870//5840
f 4867//5841 4866//5841 4870//5841
f 4866//5842 4869//5842 4870//5842
f 4869//5843 4867//5843 4868//5843
f 4869//5844 4866//5844 4867//5844
f 4884//5857 4883//5857 4885//5857
f 4883//5858 4882//5858 4885//5858
f 4882//5859 4881//5859 4885//5859
f 4881//5860 4884//5860 4885//5860
f 4884//5861 4882//5861 4883//5861
f 4884//5862 4881//5862 4882//5862
f 4899//5875 4898//5875 4900//5875
f 4898//5876 4897//5876 4900//5876
f 4897//5877 4896//5877 4900//5877
f 4896//5878 4899//5878 4900//5878
f 4899//5879 4897//5879 4898//5879
f 4899//5880 4896//5880 4897//5880
f 4914//5893 4913//5893 4915//5893
f 4913//5894 4912//5894 4915//5894
f 4912//5895 4911//5895 4915//5895
f 4911//5896 4914//5896 4915//5896
f 4914//5897 4912//5897 4913//5897
f 4914//5898 4911//5898 4912//5898
f 4929//5911 4928//5911 4930//5911
f 4928//5912 4927//5912 4930//5912
f 4927//5913 4926//5913 4930//5913
f 4926//5914 4929//5914 4930//5914
f 4929//5915 4927//5915 4928//5915
f 4929//5916 4926//5916 4927//5916
f 4944//5929 4943//5929 4945//5929
f 4943//5930 4942//5930 4945//5930
f 4942//5931 4941//5931 4945//5931
f 4941//5932 4944//5932 4945//5932
f 4944//5933 4942//5933 4943//5933
f 4944//5934 4941//5934 4942//5934
f 4959//5947 4958//5947 4960//5947
f 4958//5948 4957//5948 4960//5948
f 4957//5949 4956//5949 4960//5949
f 4956//5950 4959//5950 4960//5950
f 4959//5951 4957//5951 4958//5951
f 4959//5952 4956//5952 4957//5952
f 4974//5965 4973//5965 4975//5965
f 4973//5966 4972//5966 4975//5966
f 4972//5967 4971//5967 4975//5967
f 4971//5968 4974//5968 4975//5968
f 4974//5969 4972//5969 4973//5969
f 4974//5970 4971//5970 4972//5970
f 4989//5983 4988//5983 4990//5983
f 4988//5984 4987//5984 4990//5984
f 4987//5985 4986//5985 4990//5985
f 4986//5986 4989//5986 4990//5986
f 4989//5987 4987//5987 4988//5987
f 4989//5988 4986//5988 4987//5988
f 5004//6001 5003//6001 5005//6001
f 5003//6002 5002//6002 5005//6002
f 5002//6003 5001//6003 5005//6003
f 5001//6004 5004//6004 5005//6004
f 5004//6005 5002//6005 5003//6005
f 5004//6006 5001//6006 5002//6006
f 5019//6019 5018//6019 5020//6019
f 5018//6020 5017//6020 5020//6020
f 5017//6021 5016//6021 5020//6021
f 5016//6022 5019//6022 5020//6022
f 5019//6023 5017//6023 5018//6023
f 5019//6024 5016//6024 5017//6024
f 5034//6037 5033//6037 5035//6037
f 5033//6038 5032//6038 5035//6038
f 5032//6039 5031//6039 5035//6039
f 5031//6040 5034//6040 5035//6040
f 5034//6041 5032//6041 5033//6041
f 5034//6042 5031//6042 5032//6042
f 5049//6055 5048//6055 5050//6055
f 5048//6056 5047//6056 5050//6056
f 5047//6057 5046//6057 5050//6057
f 5046//6058 5049//6058 5050//6058
f 5049//6059 5047//6059 5048//6059
f 5049//6060 5046//6060 5047//6060
f 5064//6073 5063//6073 5065//6073
f 5063//6074 5062//6074 5065//6074
f 5062//6075 5061//6075 5065//6075
f 5061//6076 5064//6076 5065//6076
f 5064//6077 5062//6077 5063//6077
f 5064//6078 5061//6078 5062//6078
f 5079//6091 5078//6091 5080//6091
f 5078//6092 5077//6092 5080//6092
f 5077//6093 5076//6093 5080//6093
f 5076//6094 5079//6094 5080//6094
f 5079//6095 5077//6095 5078//6095
f 5079//6096 5076//6096 5077//6096
f 5094//6109 5093//6109 5095//6109
f 5093//6110 5092//6110 5095//6110
f 5092//6111 5091//6111 5095//6111
f 5091//6112 5094//6112 5095//6112
f 5094//6113 5092//6113 5093//6113
f 5094//6114 5091//6114 5092//6114
f 5109//6127 5108//6127 5110//6127
f 5108//6128 5107//6128 5110//6128
f 5107//6129 5106//6129 5110//6129
f 5106//6130 5109//6130 5110//6130
f 5109//6131 5107//6131 5108//6131
f 5109//6132 5106//6132 5107//6132
f 5124//6145 5123//6145 5125//6145
f 5123//6146 5122//6146 5125//6146
f 5122//6147 5121//6147 5125//6147
f 5121//6148 5124//6148 5125//6148
f 5124//6149 5122//6149 5123//6149
f 5124//6150 5121//6150 5122//6150
f 5139//6163 5138//6163 5140//6163
f 5138//6164 5137//6164 5140//6164
f 5137//6165 5136//6165 5140//6165
f 5136//6166 5139//6166 5140//6166
f 5139//6167 5137//6167 5138//6167
f 5139//6168 5136//6168 5137//6168
f 5154//6181 5153//6181 5155//6181
f 5153//6182 5152//6182 5155//6182
f 5152//6183 5151//6183 5155//6183
f 5151//6184 5154//6184 5155//6184
f 5154//6185 5152//6185 5153//6185
f 5154//6186 5151//6186 5152//6186
f 5169//6199 5168//6199 5170//6199
f 5168//6200 5167//6200 5170//6200
f 5167//6201 5166//6201 5170//6201
f 5166//6202 5169//6202 5170//6202
f 5169//6203 5167//6203 5168//6203
f 5169//6204 5166//6204 5167//6204
f 5184//6217 5183//6217 5185//6217
f 5183//6218 5182//6218 5185//6218
f 5182//6219 5181//6219 5185//6219
f 5181//6220 5184//6220 5185//6220
f 5184//6221 5182//6221 5183//6221
f 5184//6222 5181//6222 5182//6222
f 5199//6235 5198//6235 5200//6235
f 5198//6236 5197//6236 5200//6236
f 5197//6237 5196//6237 5200//6237
f 5196//6238 5199//6238 5200//6238
f 5199//6239 5197//6239 5198//6239
f 5199//6240 5196//6240 5197//6240
f 5214//6253 5213//6253 5215//6253
f 5213//6254 5212//6254 5215//6254
f 5212//6255 5211//6255 5215//6255
f 5211//6256 5214//6256 5215//6256
f 5214//6257 5212//6257 5213//6257
f 5214//6258 5211//6258 5212//6258
f 5229//6271 5228//6271 5230//6271
f 5228//6272 5227//6272 5230//6272
f 5227//6273 5226//6273 5230//6273
f 5226//6274 5229//6274 5230//6274
f 5229//6275 5227//6275 5228//6275
f 5229//6276 5226//6276 5227//6276
f 5244//6289 5243//6289 5245//6289
f 5243//6290 5242//6290 5245//6290
f 5242//6291 5241//6291 5245//6291
f 5241//6292 5244//6292 5245//6292
f 5244//6293 5242//6293 5243//6293
f 5244//6294 5241//6294 5242//6294
f 5259//6307 5258//6307 5260//6307
f 5258//6308 5257//6308 5260//6308
f 5257//6309 5256//6309 5260//6309
f 5256//6310 5259//6310 5260//6310
f 5259//6311 5257//6311 5258//6311
f 5259//6312 5256//6312 5257//6312
f 5274//6325 5273//6325 5275//6325
f 5273//6326 5272//6326 5275//6326
f 5272//6327 5271//6327 5275//6327
f 5271//6328 5274//6328 5275//6328
f 5274//6329 5272//6329 5273//6329
f 5274//6330 5271//6330 5272//6330
f 5289//6343 5288//6343 5290//6343
f 5288//6344 5287//6344 5290//6344
f 5287//6345 5286//6345 5290//6345
f 5286//6346 5289//6346 5290//6346
f 5289//6347 5287//6347 5288//6347
f 5289//6348 5286//6348 5287//6348
f 5304//6361 5303//6361 5305//6361
f 5303//6362 5302//6362 5305//6362
f 5302//6363 5301//6363 5305//6363
f 5301//6364 5304//6364 5305//6364
f 5304//6365 5302//6365 5303//6365
f 5304//6366 5301//6366 5302//6366
f 5319//6379 5318//6379 5320//6379
f 5318//6380 5317//6380 5320//6380
f 5317//6381 5316//6381 5320//6381
f 5316//6382 5319//6382 5320//6382
f 5319//6383 5317//6383 5318//6383
f 5319//6384 5316//6384 5317//6384
f 5334//6397 5333//6397 5335//6397
f 5333//6398 5332//6398 5335//6398
f 5332//6399 5331//6399 5335//6399
f 5331//6400 5334//6400 5335//6400
f 5334//6401 5332//6401 5333//6401
f 5334//6402 5331//6402 5332//6402
f 5349//6415 5348//6415 5350//6415
f 5348//6416 5347//6416 5350//6416
f 5347//6417 5346//6417 5350//6417
f 5346//6418 5349//6418 5350//6418
f 5349//6419 5347//6419 5348//6419
f 5349//6420 5346//6420 5347//6420
f 5364//6433 5363//6433 5365//6433
f 5363//6434 5362//6434 5365//6434
f 5362//6435 5361//6435 5365//6435
f 5361//6436 5364//6436 5365//6436
f 5364//6437 5362//6437 5363//6437
f 5364//6438 5361//6438 5362//6438
f 5379//6451 5378//6451 5380//6451
f 5378//6452 5377//6452 5380//6452
f 5377//6453 5376//6453 5380//6453
f 5376//6454 5379//6454 5380//6454
f 5379//6455 5377//6455 5378//6455
f 5379//6456 5376//6456 5377//6456
f 5394//6469 5393//6469 5395//6469
f 5393//6470 5392//6470 5395//6470
f 5392//6471 5391//6471 5395//6471
f 5391//6472 5394//6472 5395//6472
f 5394//6473 5392//6473 5393//6473
f 5394//6474 5391//6474 5392//6474
f 5409//6487 5408//6487 5410//6487
f 5408//6488 5407//6488 5410//6488
f 5407//6489 5406//6489 5410//6489
f 5406//6490 5409//6490 5410//6490
f 5409//6491 5407//6491 5408//6491
f 5409//6492 5406//6492 5407//6492
f 5424//6505 5423//6505 5425//6505
f 5423//6506 5422//6506 5425//6506
f 5422//6507 5421//6507 5425//6507
f 5421//6508 5424//6508 5425//6508
f 5424//6509 5422//6509 5423//6509
f 5424//6510 5421//6510 5422//6510
f 5439//6523 5438//6523 5440//6523
f 5438//6524 5437//6524 5440//6524
f 5437//6525 5436//6525 5440//6525
f 5436//6526 5439//6526 5440//6526
f 5439//6527 5437//6527 5438//6527
f 5439//6528 5436//6528 5437//6528
f 5454//6541 5453//6541 5455//6541
f 5453//6542 5452//6542 5455//6542
f 5452//6543 5451//6543 5455//6543
f 5451//6544 5454//6544 5455//6544
f 5454//6545 5452//6545 5453//6545
f 5454//6546 5451//6546 5452//6546
f 5469//6559 5468//6559 5470//6559
f 5468//6560 5467//6560 5470//6560
f 5467//6561 5466//6561 5470//6561
f 5466//6562 5469//6562 5470//6562
f 5469//6563 5467//6563 5468//6563
f 5469//6564 5466//6564 5467//6564
f 5484//6577 5483//6577 5485//6577
f 5483//6578 5482//6578 5485//6578
f 5482//6579 5481//6579 5485//6579
f 5481//6580 5484//6580 5485//6580
f 5484//6581 5482//6581 5483//6581
f 5484//6582 5481//6582 5482//6582
f 5499//6595 5498//6595 5500//6595
f 5498//6596 5497//6596 5500//6596
f 5497//6597 5496//6597 5500//6597
f 5496//6598 5499//6598 5500//6598
f 5499//6599 5497//6599 5498//6599
f 5499//6600 5496//6600 5497//6600
f 5514//6613 5513//6613 5515//6613
f 5513//6614 5512//6614 5515//6614
f 5512//6615 5511//6615 5515//6615
f 5511//6616 5514//6616 5515//6616
f 5514//6617 5512//6617 5513//6617
f 5514//6618 5511//6618 5512//6618
f 5529//6631 5528//6631 5530//6631
f 5528//6632 5527//6632 5530//6632
f 5527//6633 5526//6633 5530//6633
f 5526//6634 5529//6634 5530//6634
f 5529//6635 5527//6635 5528//6635
f 5529//6636 5526//6636 5527//6636
f 5544//6649 5543//6649 5545//6649
f 5543//6650 5542//6650 5545//6650
f 5542//6651 5541//6651 5545//6651
f 5541//6652 5544//6652 5545//6652
f 5544//6653 5542//6653 5543//6653
f 5544//6654 5541//6654 5542//6654
f 5559//6667 5558//6667 5560//6667
f 5558//6668 5557//6668 5560//6668
f 5557//6669 5556//6669 5560//6669
f 5556//6670 5559//6670 5560//6670
f 5559//6671 5557//6671 5558//6671
f 5559//6672 5556//6672 5557//6672
f 5574//6685 5573//6685 5575//6685
f 5573//6686 5572//6686 5575//6686
f 5572//6687 5571//6687 5575//6687
f 5571//6688 5574//6688 5575//6688
f 5574//6689 5572//6689 5573//6689
f 5574//6690 5571//6690 5572//6690
f 5589//6703 5588//6703 5590//6703
f 5588//6704 5587//6704 5590//6704
f 5587//6705 5586//6705 5590//6705
f 5586//6706 5589//6706 5590//6706
f 5589//6707 5587//6707 5588//6707
f 5589//6708 5586//6708 5587//6708
f 5604//6721 5603//6721 5605//6721
f 5603//6722 5602//6722 5605//6722
f 5602//6723 5601//6723 5605//6723
f 5601//6724 5604//6724 5605//6724
f 5604//6725 5602//6725 5603//6725
f 5604//6726 5601//6726 5602//6726
f 5619//6739 5618//6739 5620//6739
f 5618//6740 5617//6740 5620//6740
f 5617//6741 5616//6741 5620//6741
f 5616//6742 5619//6742 5620//6742
f 5619//6743 5617//6743 5618//6743
f 5619//6744 5616//6744 5617//6744
f 5634//6757 5633//6757 5635//6757
f 5633//6758 5632//6758 5635//6758
f 5632//6759 5631//6759 5635//6759
f 5631//6760 5634//6760 5635//6760
f 5634//6761 5632//6761 5633//6761
f 5634//6762 5631//6762 5632//6762
f 5649//6775 5648//6775 5650//6775
f 5648//6776 5647//6776 5650//6776
f 5647//6777 5646//6777 5650//6777
f 5646//6778 5649//6778 5650//6778
f 5649//6779 5647//6779 5648//6779
f 5649//6780 5646//6780 5647//6780
f 5664//6793 5663//6793 5665//6793
f 5663//6794 5662//6794 5665//6794
f 5662//6795 5661//6795 5665//6795
f 5661//6796 5664//6796 5665//6796
f 5664//6797 5662//6797 5663//6797
f 5664//6798 5661//6798 5662//6798
f 5679//6811 5678//6811 5680//6811
f 5678//6812 5677//6812 5680//6812
f 5677//6813 5676//6813 5680//6813
f 5676//6814 5679//6814 5680//6814
f 5679//6815 5677//6815 5678//6815
f 5679//6816 5676//6816 5677//6816
f 5694//6829 5693//6829 5695//6829
f 5693//6830 5692//6830 5695//6830
f 5692//6831 5691//6831 5695//6831
f 5691//6832 5694//6832 5695//6832
f 5694//6833 5692//6833 5693//6833
f 5694//6834 5691//6834 5692//6834
f 5709//6847 5708//6847 5710//6847
f 5708//6848 5707//6848 5710//6848
f 5707//6849 5706//6849 5710//6849
f 5706//6850 5709//6850 5710//6850
f 5709//6851 5707//6851 5708//6851
f 5709//6852 5706//6852 5707//6852
f 5724//6865 5723//6865 5725//6865
f 5723//6866 5722//6866 5725//6866
f 5722//6867 5721//6867 5725//6867
f 5721//6868 5724//6868 5725//6868
f 5724//6869 5722//6869 5723//6869
f 5724//6870 5721//6870 5722//6870
f 5739//6883 5738//6883 5740//6883
f 5738//6884 5737//6884 5740//6884
f 5737//6885 5736//6885 5740//6885
f 5736//6886 5739//6886 5740//6886
f 5739//6887 5737//6887 5738//6887
f 5739//6888 5736//6888 5737//6888
f 5754//6901 5753//6901 5755//6901
f 5753//6902 5752//6902 5755//6902
f 5752//6903 5751//6903 5755//6903
f 5751//6904 5754//6904 5755//6904
f 5754//6905 5752//6905 5753//6905
f 5754//6906 5751//6906 5752//6906
f 5769//6919 5768//6919 5770//6919
f 5768//6920 5767//6920 5770//6920
f 5767//6921 5766//6921 5770//6921
f 5766//6922 5769//6922 5770//6922
f 5769//6923 5767//6923 5768//6923
f 5769//6924 5766//6924 5767//6924
f 5784//6937 5783//6937 5785//6937
f 5783//6938 5782//6938 5785//6938
f 5782//6939 5781//6939 5785//6939
f 5781//6940 5784//6940 5785//6940
f 5784//6941 5782//6941 5783//6941
f 5784//6942 5781//6942 5782//6942
f 5799//6955 5798//6955 5800//6955
f 5798//6956 5797//6956 5800//6956
f 5797//6957 5796//6957 5800//6957
f 5796//6958 5799//6958 5800//6958
f 5799//6959 5797//6959 5798//6959
f 5799//6960 5796//6960 5797//6960
f 5814//6973 5813//6973 5815//6973
f 5813//6974 5812//6974 5815//6974
f 5812//6975 5811//6975 5815//6975
f 5811//6976 5814//6976 5815//6976
f 5814//6977 5812//6977 5813//6977
f 5814//6978 5811//6978 5812//6978
f 5829//6991 5828//6991 5830//6991
f 5828//6992 5827//6992 5830//6992
f 5827//6993 5826//6993 5830//6993
f 5826//6994 5829//6994 5830//6994
f 5829//6995 5827//6995 5828//6995
f 5829//6996 5826//6996 5827//6996
f 5844//7009 5843//7009 5845//7009
f 5843//7010 5842//7010 5845//7010
f 5842//7011 5841//7011 5845//7011
f 5841//7012 5844//7012 5845//7012
f 5844//7013 5842//7013 5843//7013
f 5844//7014 5841//7014 5842//7014
f 5859//7027 5858//7027 5860//7027
f 5858//7028 5857//7028 5860//7028
f 5857//7029 5856//7029 5860//7029
f 5856//7030 5859//7030 5860//7030
f 5859//7031 5857//7031 5858//7031
f 5859//7032 5856//7032 5857//7032
f 5874//7045 5873//7045 5875//7045
f 5873//7046 5872//7046 5875//7046
f 5872//7047 5871//7047 5875//7047
f 5871//7048 5874//7048 5875//7048
f 5874//7049 5872//7049 5873//7049
f 5874//7050 5871//7050 5872//7050
f 5889//7063 5888//7063 5890//7063
f 5888//7064 5887//7064 5890//7064
f 5887//7065 5886//7065 5890//7065
f 5886//7066 5889//7066 5890//7066
f 5889//7067 5887//7067 5888//7067
f 5889//7068 5886//7068 5887//7068
f 5904//7081 5903//7081 5905//7081
f 5903//7082 5902//7082 5905//7082
f 5902//7083 5901//7083 5905//7083
f 5901//7084 5904//7084 5905//7084
f 5904//7085 5902//7085 5903//7085
f 5904//7086 5901//7086 5902//7086
f 5919//7099 5918//7099 5920//7099
f 5918//7100 5917//7100 5920//7100
f 5917//7101 5916//7101 5920//7101
f 5916//7102 5919//7102 5920//7102
f 5919//7103 5917//7103 5918//7103
f 5919//7104 5916//7104 5917//7104
f 5934//7117 5933//7117 5935//7117
f 5933//7118 5932//7118 5935//7118
f 5932//7119 5931//7119 5935//7119
f 5931//7120 5934//7120 5935//7120
f 5934//7121 5932//7121 5933//7121
f 5934//7122 5931//7122 5932//7122
f 5949//7135 5948//7135 5950//7135
f 5948//7136 5947//7136 5950//7136
f 5947//7137 5946//7137 5950//7137
f 5946//7138 5949//7138 5950//7138
f 5949//7139 5947//7139 5948//7139
f 5949//7140 5946//7140 5947//7140
f 5964//7153 5963//7153 5965//7153
f 5963//7154 5962//7154 5965//7154
f 5962//7155 5961//7155 5965//7155
f 5961//7156 5964//7156 5965//7156
f 5964//7157 5962//7157 5963//7157
f 5964//7158 5961//7158 5962//7158
f 5979//7171 5978//7171 5980//7171
f 5978//7172 5977//7172 5980//7172
f 5977//7173 5976//7173 5980//7173
f 5976//7174 5979//7174 5980//7174
f 5979//7175 5977//7175 5978//7175
f 5979//7176 5976//7176 5977//7176
f 5994//7189 5993//7189 5995//7189
f 5993//7190 5992//7190 5995//7190
f 5992//7191 5991//7191 5995//7191
f 5991//7192 5994//7192 5995//7192
f 5994//7193 5992//7193 5993//7193
f 5994//7194 5991//7194 5992//7194
f 6009//7207 6008//7207 6010//7207
f 6008//7208 6007//7208 6010//7208
f 6007//7209 6006//7209 6010//7209
f 6006//7210 6009//7210 6010//7210
f 6009//7211 6007//7211 6008//7211
f 6009//7212 6006//7212 6007//7212
f 6024//7225 6023//7225 6025//7225
f 6023//7226 6022//7226 6025//7226
f 6022//7227 6021//7227 6025//7227
f 6021//7228 6024//7228 6025//7228
f 6024//7229 6022//7229 6023//7229
f 6024//7230 6021//7230 6022//7230
f 6039//7243 6038//7243 6040//7243
f 6038//7244 6037//7244 6040//7244
f 6037//7245 6036//7245 6040//7245
f 6036//7246 6039//7246 6040//7246
f 6039//7247 6037//7247 6038//7247
f 6039//7248 6036//7248 6037//7248
f 6054//7261 6053//7261 6055//7261
f 6053//7262 6052//7262 6055//7262
f 6052//7263 6051//7263 6055//7263
f 6051//7264 6054//7264 6055//7264
f 6054//7265 6052//7265 6053//7265
f 6054//7266 6051//7266 6052//7266
f 6069//7279 6068//7279 6070//7279
f 6068//7280 6067//7280 6070//7280
f 6067//7281 6066//7281 6070//7281
f 6066//7282 6069//7282 6070//7282
f 6069//7283 6067//7283 6068//7283
f 6069//7284 6066//7284 6067//7284
f 6084//7297 6083//7297 6085//7297
f 6083//7298 6082//7298 6085//7298
f 6082//7299 6081//7299 6085//7299
f 6081//7300 6084//7300 6085//7300
f 6084//7301 6082//7301 6083//7301
f 6084//7302 6081//7302 6082//7302
f 6099//7315 6098//7315 6100//7315
f 6098//7316 6097//7316 6100//7316
f 6097//7317 6096//7317 6100//7317
f 6096//7318 6099//7318 6100//7318
f 6099//7319 6097//7319 6098//7319
f 6099//7320 6096//7320 6097//7320
f 6114//7333 6113//7333 6115//7333
f 6113//7334 6112//7334 6115//7334
f 6112//7335 6111//7335 6115//7335
f 6111//7336 6114//7336 6115//7336
f 6114//7337 6112//7337 6113//7337
f 6114//7338 6111//7338 6112//7338
f 6129//7351 6128//7351 6130//7351
f 6128//7352 6127//7352 6130//7352
f 6127//7353 6126//7353 6130//7353
f 6126//7354 6129//7354 6130//7354
f 6129//7355 6127//7355 6128//7355
f 6129//7356 6126//7356 6127//7356
f 6144//7369 6143//7369 6145//7369
f 6143//7370 6142//7370 6145//7370
f 6142//7371 6141//7371 6145//7371
f 6141//7372 6144//7372 6145//7372
f 6144//7373 6142//7373 6143//7373
f 6144//7374 6141//7374 6142//7374
f 6159//7387 6158//7387 6160//7387
f 6158//7388 6157//7388 6160//7388
f 6157//7389 6156//7389 6160//7389
f 6156//7390 6159//7390 6160//7390
f 6159//7391 6157//7391 6158//7391
f 6159//7392 6156//7392 6157//7392
f 6174//7405 6173//7405 6175//7405
f 6173//7406 6172//7406 6175//7406
f 6172//7407 6171//7407 6175//7407
f 6171//7408 6174//7408 6175//7408
f 6174//7409 6172//7409 6173//7409
f 6174//7410 6171//7410 6172//7410
f 6189//7423 6188//7423 6190//7423
f 6188//7424 6187//7424 6190//7424
f 6187//7425 6186//7425 6190//7425
f 6186//7426 6189//7426 6190//7426
f 6189//7427 6187//7427 6188//7427
f 6189//7428 6186//7428 6187//7428
f 6204//7441 6203//7441 6205//7441
f 6203//7442 6202//7442 6205//7442
f 6202//7443 6201//7443 6205//7443
f 6201//7444 6204//7444 6205//7444
f 6204//7445 6202//7445 6203//7445
f 6204//7446 6201//7446 6202//7446
f 6219//7459 6218//7459 6220//7459
f 6218//7460 6217//7460 6220//7460
f 6217//7461 6216//7461 6220//7461
f 6216//7462 6219//7462 6220//7462
f 6219//7463 6217//7463 6218//7463
f 6219//7464 6216//7464 6217//7464
f 6234//7477 6233//7477 6235//7477
f 6233//7478 6232//7478 6235//7478
f 6232//7479 6231//7479 6235//7479
f 6231//7480 6234//7480 6235//7480
f 6234//7481 6232//7481 6233//7481
f 6234//7482 6231//7482 6232//7482
f 6249//7495 6248//7495 6250//7495
f 6248//7496 6247//7496 6250//7496
f 6247//7497 6246//7497 6250//7497
f 6246//7498 6249//7498 6250//7498
f 6249//7499 6247//7499 6248//7499
f 6249//7500 6246//7500 6247//7500
f 6264//7513 6263//7513 6265//7513
f 6263//7514 6262//7514 6265//7514
f 6262//7515 6261//7515 6265//7515
f 6261//7516 6264//7516 6265//7516
f 6264//7517 6262//7517 6263//7517
f 6264//7518 6261//7518 6262//7518
f 6279//7531 6278//7531 6280//7531
f 6278//7532 6277//7532 6280//7532
f 6277//7533 6276//7533 6280//7533
f 6276//7534 6279//7534 6280//7534
f 6279//7535 6277//7535 6278//7535
f 6279//7536 6276//7536 6277//7536
f 6294//7549 6293//7549 6295//7549
f 6293//7550 6292//7550 6295//7550
f 6292//7551 6291//7551 6295//7551
f 6291//7552 6294//7552 6295//7552
f 6294//7553 6292//7553 6293//7553
f 6294//7554 6291//7554 6292//7554
f 6309//7567 6308//7567 6310//7567
f 6308//7568 6307//7568 6310//7568
f 6307//7569 6306//7569 6310//7569
f 6306//7570 6309//7570 6310//7570
f 6309//7571 6307//7571 6308//7571
f 6309//7572 6306//7572 6307//7572
f 6324//7585 6323//7585 6325//7585
f 6323//7586 6322//7586 6325//7586
f 6322//7587 6321//7587 6325//7587
f 6321//7588 6324//7588 6325//7588
f 6324//7589 6322//7589 6323//7589
f 6324//7590 6321//7590 6322//7590
f 6339//7603 6338//7603 6340//7603
f 6338//7604 6337//7604 6340//7604
f 6337//7605 6336//7605 6340//7605
f 6336//7606 6339//7606 6340//7606
f 6339//7607 6337//7607 6338//7607
f 6339//7608 6336//7608 6337//7608
f 6354//7621 6353//7621 6355//7621
f 6353//7622 6352//7622 6355//7622
f 6352//7623 6351//7623 6355//7623
f 6351//7624 6354//7624 6355//7624
f 6354//7625 6352//7625 6353//7625
f 6354//7626 6351//7626 6352//7626
f 6369//7639 6368//7639 6370//7639
f 6368//7640 6367//7640 6370//7640
f 6367//7641 6366//7641 6370//7641
f 6366//7642 6369//7642 6370//7642
f 6369//7643 6367//7643 6368//7643
f 6369//7644 6366//7644 6367//7644
f 6384//7657 6383//7657 6385//7657
f 6383//7658 6382//7658 6385//7658
f 6382//7659 6381//7659 6385//7659
f 6381//7660 6384//7660 6385//7660
f 6384//7661 6382//7661 6383//7661
f 6384//7662 6381//7662 6382//7662
f 6399//7675 6398//7675 6400//7675
f 6398//7676 6397//7676 6400//7676
f 6397//7677 6396//7677 6400//7677
f 6396//7678 6399//7678 6400//7678
f 6399//7679 6397//7679 6398//7679
f 6399//7680 6396//7680 6397//7680
f 6414//7693 6413//7693 6415//7693
f 6413//7694 6412//7694 6415//7694
f 6412//7695 6411//7695 6415//7695
f 6411//7696 6414//7696 6415//7696
f 6414//7697 6412//7697 6413//7697
f 6414//7698 6411//7698 6412//7698
f 6429//7711 6428//7711 6430//7711
f 6428//7712 6427//7712 6430//7712
f 6427//7713 6426//7713 6430//7713
f 6426//7714 6429//7714 6430//7714
f 6429//7715 6427//7715 6428//7715
f 6429//7716 6426//7716 6427//7716
f 6444//7729 6443//7729 6445//7729
f 6443//7730 6442//7730 6445//7730
f 6442//7731 6441//7731 6445//7731
f 6441//7732 6444//7732 6445//7732
f 6444//7733 6442//7733 6443//7733
f 6444//7734 6441//7734 6442//7734
f 6459//7747 6458//7747 6460//7747
f 6458//7748 6457//7748 6460//7748
f 6457//7749 6456//7749 6460//7749
f 6456//7750 6459//7750 6460//7750
f 6459//7751 6457//7751 6458//7751
f 6459//7752 6456//7752 6457//7752
f 6474//7765 6473//7765 6475//7765
f 6473//7766 6472//7766 6475//7766
f 6472//7767 6471//7767 6475//7767
f 6471//7768 6474//7768 6475//7768
f 6474//7769 6472//7769 6473//7769
f 6474//7770 6471//7770 6472//7770
f 6489//7783 6488//7783 6490//7783
f 6488//7784 6487//7784 6490//7784
f 6487//7785 6486//7785 6490//7785
f 6486//7786 6489//7786 6490//7786
f 6489//7787 6487//7787 6488//7787
f 6489//7788 6486//7788 6487//7788
f 6504//7801 6503//7801 6505//7801
f 6503//7802 6502//7802 6505//7802
f 6502//7803 6501//7803 6505//7803
f 6501//7804 6504//7804 6505//7804
f 6504//7805 6502//7805 6503//7805
f 6504//7806 6501//7806 6502//7806
f 6519//7819 6518//7819 6520//7819
f 6518//7820 6517//7820 6520//7820
f 6517//7821 6516//7821 6520//7821
f 6516//7822 6519//7822 6520//7822
f 6519//7823 6517//7823 6518//7823
f 6519//7824 6516//7824 6517//7824
f 6534//7837 6533//7837 6535//7837
f 6533//7838 6532//7838 6535//7838
f 6532//7839 6531//7839 6535//7839
f 6531//7840 6534//7840 6535//7840
f 6534//7841 6532//7841 6533//7841
f 6534//7842 6531//7842 6532//7842
f 6549//7855 6548//7855 6550//7855
f 6548//7856 6547//7856 6550//7856
f 6547//7857 6546//7857 6550//7857
f 6546//7858 6549//7858 6550//7858
f 6549//7859 6547//7859 6548//7859
f 6549//7860 6546//7860 6547//7860
f 6564//7873 6563//7873 6565//7873
f 6563//7874 6562//7874 6565//7874
f 6562//7875 6561//7875 6565//7875
f 6561//7876 6564//7876 6565//7876
f 6564//7877 6562//7877 6563//7877
f 6564//7878 6561//7878 6562//7878
f 6579//7891 6578//7891 6580//7891
f 6578//7892 6577//7892 6580//7892
f 6577//7893 6576//7893 6580//7893
f 6576//7894 6579//7894 6580//7894
f 6579//7895 6577//7895 6578//7895
f 6579//7896 6576//7896 6577//7896
f 6594//7909 6593//7909 6595//7909
f 6593//7910 6592//7910 6595//7910
f 6592//7911 6591//7911 6595//7911
f 6591//7912 6594//7912 6595//7912
f 6594//7913 6592//7913 6593//7913
f 6594//7914 6591//7914 6592//7914
f 6609//7927 6608//7927 6610//7927
f 6608//7928 6607//7928 6610//7928
f 6607//7929 6606//7929 6610//7929
f 6606//7930 6609//7930 6610//7930
f 6609//7931 6607//7931 6608//7931
f 6609//7932 6606//7932 6607//7932
f 6624//7945 6623//7945 6625//7945
f 6623//7946 6622//7946 6625//7946
f 6622//7947 6621//7947 6625//7947
f 6621//7948 6624//7948 6625//7948
f 6624//7949 6622//7949 6623//7949
f 6624//7950 6621//7950 6622//7950
f 6639//7963 6638//7963 6640//7963
f 6638//7964 6637//7964 6640//7964
f 6637//7965 6636//7965 6640//7965
f 6636//7966 6639//7966 6640//7966
f 6639//7967 6637//7967 6638//7967
f 6639//7968 6636//7968 6637//7968
f 6654//7981 6653//7981 6655//7981
f 6653//7982 6652//7982 6655//7982
f 6652//7983 6651//7983 6655//7983
f 6651//7984 6654//7984 6655//7984
f 6654//7985 6652//7985 6653//7985
f 6654//7986 6651//7986 6652//7986
f 6669//7999 6668//7999 6670//7999
f 6668//8000 6667//8000 6670//8000
f 6667//8001 6666//8001 6670//8001
f 6666//8002 6669//8002 6670//8002
f 6669//8003 6667//8003 6668//8003
f 6669//8004 6666//8004 6667//8004
f 6684//8017 6683//8017 6685//8017
f 6683//8018 6682//8018 6685//8018
f 6682//8019 6681//8019 6685//8019
f 6681//8020 6684//8020 6685//8020
f 6684//8021 6682//8021 6683//8021
f 6684//8022 6681//8022 6682//8022
f 6699//8035 6698//8035 6700//8035
f 6698//8036 6697//8036 6700//8036
f 6697//8037 6696//8037 6700//8037
f 6696//8038 6699//8038 6700//8038
f 6699//8039 6697//8039 6698//8039
f 6699//8040 6696//8040 6697//8040
f 6714//8053 6713//8053 6715//8053
f 6713//8054 6712//8054 6715//8054
f 6712//8055 6711//8055 6715//8055
f 6711//8056 6714//8056 6715//8056
f 6714//8057 6712//8057 6713//8057
f 6714//8058 6711//8058 6712//8058
f 6729//8071 6728//8071 6730//8071
f 6728//8072 6727//8072 6730//8072
f 6727//8073 6726//8073 6730//8073
f 6726//8074 6729//8074 6730//8074
f 6729//8075 6727//8075 6728//8075
f 6729//8076 6726//8076 6727//8076
f 6744//8089 6743//8089 6745//8089
f 6743//8090 6742//8090 6745//8090
f 6742//8091 6741//8091 6745//8091
f 6741//8092 6744//8092 6745//8092
f 6744//8093 6742//8093 6743//8093
f 6744//8094 6741//8094 6742//8094
f 6759//8107 6758//8107 6760//8107
f 6758//8108 6757//8108 6760//8108
f 6757//8109 6756//8109 6760//8109
f 6756//8110 6759//8110 6760//8110
f 6759//8111 6757//8111 6758//8111
f 6759//8112 6756//8112 6757//8112
f 6774//8125 6773//8125 6775//8125
f 6773//8126 6772//8126 6775//8126
f 6772//8127 6771//8127 6775//8127
f 6771//8128 6774//8128 6775//8128
f 6774//8129 6772//8129 6773//8129
f 6774//8130 6771//8130 6772//8130
f 6789//8143 6788//8143 6790//8143
f 6788//8144 6787//8144 6790//8144
f 6787//8145 6786//8145 6790//8145
f 6786//8146 6789//8146 6790//8146
f 6789//8147 6787//8147 6788//8147
f 6789//8148 6786//8148 6787//8148
f 6804//8161 6803//8161 6805//8161
f 6803//8162 6802//8162 6805//8162
f 6802//8163 6801//8163 6805//8163
f 6801//8164 6804//8164 6805//8164
f 6804//8165 6802//8165 6803//8165
f 6804//8166 6801//8166 6802//8166
f 6819//8179 6818//8179 6820//8179
f 6818//8180 6817//8180 6820//8180
f 6817//8181 6816//8181 6820//8181
f 6816//8182 6819//8182 6820//8182
f 6819//8183 6817//8183 6818//8183
f 6819//8184 6816//8184 6817//8184
f 6834//8197 6833//8197 6835//8197
f 6833//8198 6832//8198 6835//8198
f 6832//8199 6831//8199 6835//8199
f 6831//8200 6834//8200 6835//8200
f 6834//8201 6832//8201 6833//8201
f 6834//8202 6831//8202 6832//8202
f 6849//8215 6848//8215 6850//8215
f 6848//8216 6847//8216 6850//8216
f 6847//8217 6846//8217 6850//8217
f 6846//8218 6849//8218 6850//8218
f 6849//8219 6847//8219 6848//8219
f 6849//8220 6846//8220 6847//8220
f 6864//8233 6863//8233 6865//8233
f 6863//8234 6862//8234 6865//8234
f 6862//8235 6861//8235 6865//8235
f 6861//8236 6864//8236 6865//8236
f 6864//8237 6862//8237 6863//8237
f 6864//8238 6861//8238 6862//8238
f 6879//8251 6878//8251 6880//8251
f 6878//8252 6877//8252 6880//8252
f 6877//8253 6876//8253 6880//8253
f 6876//8254 6879//8254 6880//8254
f 6879//8255 6877//8255 6878//8255
f 6879//8256 6876//8256 6877//8256
f 6894//8269 6893//8269 6895//8269
f 6893//8270 6892//8270 6895//8270
f 6892//8271 6891//8271 6895//8271
f 6891//8272 6894//8272 6895//8272
f 6894//8273 6892//8273 6893//8273
f 6894//8274 6891//8274 6892//8274
f 6909//8287 6908//8287 6910//8287
f 6908//8288 6907//8288 6910//8288
f 6907//8289 6906//8289 6910//8289
f 6906//8290 6909//8290 6910//8290
f 6909//8291 6907//8291 6908//8291
f 6909//8292 6906//8292 6907//8292
f 6924//8305 6923//8305 6925//8305
f 6923//8306 6922//8306 6925//8306
f 6922//8307 6921//8307 6925//8307
f 6921//8308 6924//8308 6925//8308
f 6924//8309 6922//8309 6923//8309
f 6924//8310 6921//8310 6922//8310
f 6939//8323 6938//8323 6940//8323
f 6938//8324 6937//8324 6940//8324
f 6937//8325 6936//8325 6940//8325
f 6936//8326 6939//8326 6940//8326
f 6939//8327 6937//8327 6938//8327
f 6939//8328 6936//8328 6937//8328
f 6954//8341 6953//8341 6955//8341
f 6953//8342 6952//8342 6955//8342
f 6952//8343 6951//8343 6955//8343
f 6951//8344 6954//8344 6955//8344
f 6954//8345 6952//8345 6953//8345
f 6954//8346 6951//8346 6952//8346
f 6969//8359 6968//8359 6970//8359
f 6968//8360 6967//8360 6970//8360
f 6967//8361 6966//8361 6970//8361
f 6966//8362 6969//8362 6970//8362
f 6969//8363 6967//8363 6968//8363
f 6969//8364 6966//8364 6967//8364
f 6984//8377 6983//8377 6985//8377
f 6983//8378 6982//8378 6985//8378
f 6982//8379 6981//8379 6985//8379
f 6981//8380 6984//8380 6985//8380
f 6984//8381 6982//8381 6983//8381
f 6984//8382 6981//8382 6982//8382
f 6999//8395 6998//8395 7000//8395
f 6998//8396 6997//8396 7000//8396
f 6997//8397 6996//8397 7000//8397
f 6996//8398 6999//8398 7000//8398
f 6999//8399 6997//8399 6998//8399
f 6999//8400 6996//8400 6997//8400
f 7014//8413 7013//8413 7015//8413
f 7013//8414 7012//8414 7015//8414
f 7012//8415 7011//8415 7015//8415
f 7011//8416 7014//8416 7015//8416
f 7014//8417 7012//8417 7013//8417
f 7014//8418 7011//8418 7012//8418
f 7029//8431 7028//8431 7030//8431
f 7028//8432 7027//8432 7030//8432
f 7027//8433 7026//8433 7030//8433
f 7026//8434 7029//8434 7030//8434
f 7029//8435 7027//8435 7028//8435
f 7029//8436 7026//8436 7027//8436
f 7044//8449 7043//8449 7045//8449
f 7043//8450 7042//8450 7045//8450
f 7042//8451 7041//8451 7045//8451
f 7041//8452 7044//8452 7045//8452
f 7044//8453 7042//8453 7043//8453
f 7044//8454 7041//8454 7042//8454
f 7059//8467 7058//8467 7060//8467
f 7058//8468 7057//8468 7060//8468
f 7057//8469 7056//8469 7060//8469
f 7056//8470 7059//8470 7060//8470
f 7059//8471 7057//8471 7058//8471
f 7059//8472 7056//8472 7057//8472
usemtl grass_light
f 14//13 13//13 15//13
f 13//14 12//14 15//14
f 12//15 11//15 15//15
f 11//16 14//16 15//16
f 14//17 12//17 13//17
f 14//18 11//18 12//18
f 29//31 28//31 30//31
f 28//32 27//32 30//32
f 27//33 26//33 30//33
f 26//34 29//34 30//34
f 29//35 27//35 28//35
f 29//36 26//36 27//36
f 44//49 43//49 45//49
f 43//50 42//50 45//50
f 42//51 41//51 45//51
f 41//52 44//52 45//52
f 44//53 42//53 43//53
f 44//54 41//54 42//54
f 59//67 58//67 60//67
f 58//68 57//68 60//68
f 57//69 56//69 60//69
f 56//70 59//70 60//70
f 59//71 57//71 58//71
f 59//72 56//72 57//72
f 74//85 73//85 75//85
f 73//86 72//86 75//86
f 72//87 71//87 75//87
f 71//88 74//88 75//88
f 74//89 72//89 73//89
f 74//90 71//90 72//90
f 89//103 88//103 90//103
f 88//104 87//104 90//104
f 87//105 86//105 90//105
f 86//106 89//106 90//106
f 89//107 87//107 88//107
f 89//108 86//108 87//108
f 104//121 103//121 105//121
f 103//122 102//122 105//122
f 102//123 101//123 105//123
f 101//124 104//124 105//124
f 104//125 102//125 103//125
f 104//126 101//126 102//126
f 119//139 118//139 120//139
f 118//140 117//140 120//140
f 117//141 116//141 120//141
f 116//142 119//142 120//142
f 119//143 117//143 118//143
f 119//144 116//144 117//144
f 134//157 133//157 135//157
f 133//158 132//158 135//158
f 132//159 131//159 135//159
f 131//160 134//160 135//160
f 134//161 132//161 133//161
f 134//162 131//162 132//162
f 149//175 148//175 150//175
f 148//176 147//176 150//176
f 147//177 146//177 150//177
f 146//178 149//178 150//178
f 149//179 147//179 148//179
f 149//180 146//180 147//180
f 164//193 163//193 165//193
f 163//194 162//194 165//194
f 162//195 161//195 165//195
f 161//196 164//196 165//196
f 164//197 162//197 163//197
f 164//198 161//198 162//198
f 179//211 178//211 180//211
f 178//212 177//212 180//212
f 177//213 176//213 180//213
f 176//214 179//214 180//214
f 179//215 177//215 178//215
f 179//216 176//216 177//216
f 194//229 193//229 195//229
f 193//230 192//230 195//230
f 192//231 191//231 195//231
f 191//232 194//232 195//232
f 194//233 192//233 193//233
f 194//234 191//234 192//234
f 209//247 208//247 210//247
f 208//248 207//248 210//248
f 207//249 206//249 210//249
f 206//250 209//250 210//250
f 209//251 207//251 208//251
f 209//252 206//252 207//252
f 224//265 223//265 225//265
f 223//266 222//266 225//266
f 222//267 221//267 225//267
f 221//268 224//268 225//268
f 224//269 222//269 223//269
f 224//270 221//270 222//270
f 239//283 238//283 240//283
f 238//284 237//284 240//284
f 237//285 236//285 240//285
f 236//286 239//286 240//286
f 239//287 237//287 238//287
f 239//288 236//288 237//288
f 254//301 253//301 255//301
f 253//302 252//302 255//302
f 252//303 251//303 255//303
f 251//304 254//304 255//304
f 254//305 252//305 253//305
f 254//306 251//306 252//306
f 269//319 268//319 270//319
f 268//320 267//320 270//320
f 267//321 266//321 270//321
f 266//322 269//322 270//322
f 269//323 267//323 268//323
f 269//324 266//324 267//324
f 284//337 283//337 285//337
f 283//338 282//338 285//338
f 282//339 281//339 285//339
f 281//340 284//340 285//340
f 284//341 282//341 283//341
f 284//342 281//342 282//342
f 299//355 298//355 300//355
f 298//356 297//356 300//356
f 297//357 296//357 300//357
f 296//358 299//358 300//358
f 299//359 297//359 298//359
f 299//360 296//360 297//360
f 314//373 313//373 315//373
f 313//374 312//374 315//374
f 312//375 311//375 315//375
f 311//376 314//376 315//376
f 314//377 312//377 313//377
f 314//378 311//378 312//378
f 329//391 328//391 330//391
f 328//392 327//392 330//392
f 327//393 326//393 330//393
f 326//394 329//394 330//394
f 329//395 327//395 328//395
f 329//396 326//396 327//396
f 344//409 343//409 345//409
f 343//410 342//410 345//410
f 342//411 341//411 345//411
f 341//412 344//412 345//412
f 344//413 342//413 343//413
f 344//414 341//414 342//414
f 359//427 358//427 360//427
f 358//428 357//428 360//428
f 357//429 356//429 360//429
f 356//430 359//430 360//430
f 359//431 357//431 358//431
f 359//432 356//432 357//432
f 374//445 373//445 375//445
f 373//446 372//446 375//446
f 372//447 371//447 375//447
f 371//448 374//448 375//448
f 374//449 372//449 373//449
f 374//450 371//450 372//450
f 389//463 388//463 390//463
f 388//464 387//464 390//464
f 387//465 386//465 390//465
f 386//466 389//466 390//466
f 389//467 387//467 388//467
f 389//468 386//468 387//468
f 404//481 403//481 405//481
f 403//482 402//482 405//482
f 402//483 401//483 405//483
f 401//484 404//484 405//484
f 404//485 402//485 403//485
f 404//486 401//486 402//486
f 419//499 418//499 420//499
f 418//500 417//500 420//500
f 417//501 416//501 420//501
f 416//502 419//502 420//502
f 419//503 417//503 418//503
f 419//504 416//504 417//504
f 434//517 433//517 435//517
f 433//518 432//518 435//518
f 432//519 431//519 435//519
f 431//520 434//520 435//520
f 434//521 432//521 433//521
f 434//522 431//522 432//522
f 449//535 448//535 450//535
f 448//536 447//536 450//536
f 447//537 446//537 450//537
f 446//538 449//538 450//538
f 449//539 447//539 448//539
f 449//540 446//540 447//540
f 464//553 463//553 465//553
f 463//554 462//554 465//554
f 462//555 461//555 465//555
f 461//556 464//556 465//556
f 464//557 462//557 463//557
f 464//558 461//558 462//558
f 479//571 478//571 480//571
f 478//572 477//572 480//572
f 477//573 476//573 480//573
f 476//574 479//574 480//574
f 479//575 477//575 478//575
f 479//576 476//576 477//576
f 494//589 493//589 495//589
f 493//590 492//590 495//590
f 492//591 491//591 495//591
f 491//592 494//592 495//592
f 494//593 492//593 493//593
f 494//594 491//594 492//594
f 509//607 508//607 510//607
f 508//608 507//608 510//608
f 507//609 506//609 510//609
f 506//610 509//610 510//610
f 509//611 507//611 508//611
f 509//612 506//612 507//612
f 524//625 523//625 525//625
f 523//626 522//626 525//626
f 522//627 521//627 525//627
f 521//628 524//628 525//628
f 524//629 522//629 523//629
f 524//630 521//630 522//630
f 539//643 538//643 540//643
f 538//644 537//644 540//644
f 537//645 536//645 540//645
f 536//646 539//646 540//646
f 539//647 537//647 538//647
f 539//648 536//648 537//648
f 554//661 553//661 555//661
f 553//662 552//662 555//662
f 552//663 551//663 555//663
f 551//664 554//664 555//664
f 554//665 552//665 553//665
f 554//666 551//666 552//666
f 569//679 568//679 570//679
f 568//680 567//680 570//680
f 567//681 566//681 570//681
f 566//682 569//682 570//682
f 569//683 567//683 568//683
f 569//684 566//684 567//684
f 584//697 583//697 585//697
f 583//698 582//698 585//698
f 582//699 581//699 585//699
f 581//700 584//700 585//700
f 584//701 582//701 583//701
f 584//702 581//702 582//702
f 599//715 598//715 600//715
f 598//716 597//716 600//716
f 597//717 596//717 600//717
f 596//718 599//718 600//718
f 599//719 597//719 598//719
f 599//720 596//720 597//720
f 614//733 613//733 615//733
f 613//734 612//734 615//734
f 612//735 611//735 615//735
f 611//736 614//736 615//736
f 614//737 612//737 613//737
f 614//738 611//738 612//738
f 629//751 628//751 630//751
f 628//752 627//752 630//752
f 627//753 626//753 630//753
f 626//754 629//754 630//754
f 629//755 627//755 628//755
f 629//756 626//756 627//756
f 644//769 643//769 645//769
f 643//770 642//770 645//770
f 642//771 641//771 645//771
f 641//772 644//772 645//772
f 644//773 642//773 643//773
f 644//774 641//774 642//774
f 659//787 658//787 660//787
f 658//788 657//788 660//788
f 657//789 656//789 660//789
f 656//790 659//790 660//790
f 659//791 657//791 658//791
f 659//792 656//792 657//792
f 674//805 673//805 675//805
f 673//806 672//806 675//806
f 672//807 671//807 675//807
f 671//808 674//808 675//808
f 674//809 672//809 673//809
f 674//810 671//810 672//810
f 689//823 688//823 690//823
f 688//824 687//824 690//824
f 687//825 686//825 690//825
f 686//826 689//826 690//826
f 689//827 687//827 688//827
f 689//828 686//828 687//828
f 704//841 703//841 705//841
f 703//842 702//842 705//842
f 702//843 701//843 705//843
f 701//844 704//844 705//844
f 704//845 702//845 703//845
f 704//846 701//846 702//846
f 719//859 718//859 720//859
f 718//860 717//860 720//860
f 717//861 716//861 720//861
f 716//862 719//862 720//862
f 719//863 717//863 718//863
f 719//864 716//864 717//864
f 734//877 733//877 735//877
f 733//878 732//878 735//878
f 732//879 731//879 735//879
f 731//880 734//880 735//880
f 734//881 732//881 733//881
f 734//882 731//882 732//882
f 749//895 748//895 750//895
f 748//896 747//896 750//896
f 747//897 746//897 750//897
f 746//898 749//898 750//898
f 749//899 747//899 748//899
f 749//900 746//900 747//900
f 764//913 763//913 765//913
f 763//914 762//914 765//914
f 762//915 761//915 765//915
f 761//916 764//916 765//916
f 764//917 762//917 763//917
f 764//918 761//918 762//918
f 779//931 778//931 780//931
f 778//932 777//932 780//932
f 777//933 776//933 780//933
f 776//934 779//934 780//934
f 779//935 777//935 778//935
f 779//936 776//936 777//936
f 794//949 793//949 795//949
f 793//950 792//950 795//950
f 792//951 791//951 795//951
f 791//952 794//952 795//952
f 794//953 792//953 793//953
f 794//954 791//954 792//954
f 809//967 808//967 810//967
f 808//968 807//968 810//968
f 807//969 806//969 810//969
f 806//970 809//970 810//970
f 809//971 807//971 808//971
f 809//972 806//972 807//972
f 824//985 823//985 825//985
f 823//986 822//986 825//986
f 822//987 821//987 825//987
f 821//988 824//988 825//988
f 824//989 822//989 823//989
f 824//990 821//990 822//990
f 839//1003 838//1003 840//1003
f 838//1004 837//1004 840//1004
f 837//1005 836//1005 840//1005
f 836//1006 839//1006 840//1006
f 839//1007 837//1007 838//1007
f 839//1008 836//1008 837//1008
f 854//1021 853//1021 855//1021
f 853//1022 852//1022 855//1022
f 852//1023 851//1023 855//1023
f 851//1024 854//1024 855//1024
f 854//1025 852//1025 853//1025
f 854//1026 851//1026 852//1026
f 869//1039 868//1039 870//1039
f 868//1040 867//1040 870//1040
f 867//1041 866//1041 870//1041
f 866//1042 869//1042 870//1042
f 869//1043 867//1043 868//1043
f 869//1044 866//1044 867//1044
f 884//1057 883//1057 885//1057
f 883//1058 882//1058 885//1058
f 882//1059 881//1059 885//1059
f 881//1060 884//1060 885//1060
f 884//1061 882//1061 883//1061
f 884//1062 881//1062 882//1062
f 899//1075 898//1075 900//1075
f 898//1076 897//1076 900//1076
f 897//1077 896//1077 900//1077
f 896//1078 899//1078 900//1078
f 899//1079 897//1079 898//1079
f 899//1080 896//1080 897//1080
f 914//1093 913//1093 915//1093
f 913//1094 912//1094 915//1094
f 912//1095 911//1095 915//1095
f 911//1096 914//1096 915//1096
f 914//1097 912//1097 913//1097
f 914//1098 911//1098 912//1098
f 929//1111 928//1111 930//1111
f 928//1112 927//1112 930//1112
f 927//1113 926//1113 930//1113
f 926//1114 929//1114 930//1114
f 929//1115 927//1115 928//1115
f 929//1116 926//1116 927//1116
f 944//1129 943//1129 945//1129
f 943//1130 942//1130 945//1130
f 942//1131 941//1131 945//1131
f 941//1132 944//1132 945//1132
f 944//1133 942//1133 943//1133
f 944//1134 941//1134 942//1134
f 959//1147 958//1147 960//1147
f 958//1148 957//1148 960//1148
f 957//1149 956//1149 960//1149
f 956//1150 959//1150 960//1150
f 959//1151 957//1151 958//1151
f 959//1152 956//1152 957//1152
f 974//1165 973//1165 975//1165
f 973//1166 972//1166 975//1166
f 972//1167 971//1167 975//1167
f 971//1168 974//1168 975//1168
f 974//1169 972//1169 973//1169
f 974//1170 971//1170 972//1170
f 989//1183 988//1183 990//1183
f 988//1184 987//1184 990//1184
f 987//1185 986//1185 990//1185
f 986//1186 989//1186 990//1186
f 989//1187 987//1187 988//1187
f 989//1188 986//1188 987//1188
f 1004//1201 1003//1201 1005//1201
f 1003//1202 1002//1202 1005//1202
f 1002//1203 1001//1203 1005//1203
f 1001//1204 1004//1204 1005//1204
f 1004//1205 1002//1205 1003//1205
f 1004//1206 1001//1206 1002//1206
f 1019//1219 1018//1219 1020//1219
f 1018//1220 1017//1220 1020//1220
f 1017//1221 1016//1221 1020//1221
f 1016//1222 1019//1222 1020//1222
f 1019//1223 1017//1223 1018//1223
f 1019//1224 1016//1224 1017//1224
f 1034//1237 1033//1237 1035//1237
f 1033//1238 1032//1238 1035//1238
f 1032//1239 1031//1239 1035//1239
f 1031//1240 1034//1240 1035//1240
f 1034//1241 1032//1241 1033//1241
f 1034//1242 1031//1242 1032//1242
f 1049//1255 1048//1255 1050//1255
f 1048//1256 1047//1256 1050//1256
f 1047//1257 1046//1257 1050//1257
f 1046//1258 1049//1258 1050//1258
f 1049//1259 1047//1259 1048//1259
f 1049//1260 1046//1260 1047//1260
f 1064//1273 1063//1273 1065//1273
f 1063//1274 1062//1274 1065//1274
f 1062//1275 1061//1275 1065//1275
f 1061//1276 1064//1276 1065//1276
f 1064//1277 1062//1277 1063//1277
f 1064//1278 1061//1278 1062//1278
f 1079//1291 1078//1291 1080//1291
f 1078//1292 1077//1292 1080//1292
f 1077//1293 1076//1293 1080//1293
f 1076//1294 1079//1294 1080//1294
f 1079//1295 1077//1295 1078//1295
f 1079//1296 1076//1296 1077//1296
f 1094//1309 1093//1309 1095//1309
f 1093//1310 1092//1310 1095//1310
f 1092//1311 1091//1311 1095//1311
f 1091//1312 1094//1312 1095//1312
f 1094//1313 1092//1313 1093//1313
f 1094//1314 1091//1314 1092//1314
f 1109//1327 1108//1327 1110//1327
f 1108//1328 1107//1328 1110//1328
f 1107//1329 1106//1329 1110//1329
f 1106//1330 1109//1330 1110//1330
f 1109//1331 1107//1331 1108//1331
f 1109//1332 1106//1332 1107//1332
f 1124//1345 1123//1345 1125//1345
f 1123//1346 1122//1346 1125//1346
f 1122//1347 1121//1347 1125//1347
f 1121//1348 1124//1348 1125//1348
f 1124//1349 1122//1349 1123//1349
f 1124//1350 1121//1350 1122//1350
f 1139//1363 1138//1363 1140//1363
f 1138//1364 1137//1364 1140//1364
f 1137//1365 1136//1365 1140//1365
f 1136//1366 1139//1366 1140//1366
f 1139//1367 1137//1367 1138//1367
f 1139//1368 1136//1368 1137//1368
f 1154//1381 1153//1381 1155//1381
f 1153//1382 1152//1382 1155//1382
f 1152//1383 1151//1383 1155//1383
f 1151//1384 1154//1384 1155//1384
f 1154//1385 1152//1385 1153//1385
f 1154//1386 1151//1386 1152//1386
f 1169//1399 1168//1399 1170//1399
f 1168//1400 1167//1400 1170//1400
f 1167//1401 1166//1401 1170//1401
f 1166//1402 1169//1402 1170//1402
f 1169//1403 1167//1403 1168//1403
f 1169//1404 1166//1404 1167//1404
f 1184//1417 1183//1417 1185//1417
f 1183//1418 1182//1418 1185//1418
f 1182//1419 1181//1419 1185//1419
f 1181//1420 1184//1420 1185//1420
f 1184//1421 1182//1421 1183//1421
f 1184//1422 1181//1422 1182//1422
f 1199//1435 1198//1435 1200//1435
f 1198//1436 1197//1436 1200//1436
f 1197//1437 1196//1437 1200//1437
f 1196//1438 1199//1438 1200//1438
f 1199//1439 1197//1439 1198//1439
f 1199//1440 1196//1440 1197//1440
f 1214//1453 1213//1453 1215//1453
f 1213//1454 1212//1454 1215//1454
f 1212//1455 1211//1455 1215//1455
f 1211//1456 1214//1456 1215//1456
f 1214//1457 1212//1457 1213//1457
f 1214//1458 1211//1458 1212//1458
f 1229//1471 1228//1471 1230//1471
f 1228//1472 1227//1472 1230//1472
f 1227//1473 1226//1473 1230//1473
f 1226//1474 1229//1474 1230//1474
f 1229//1475 1227//1475 1228//1475
f 1229//1476 1226//1476 1227//1476
f 1244//1489 1243//1489 1245//1489
f 1243//1490 1242//1490 1245//1490
f 1242//1491 1241//1491 1245//1491
f 1241//1492 1244//1492 1245//1492
f 1244//1493 1242//1493 1243//1493
f 1244//1494 1241//1494 1242//1494
f 1259//1507 1258//1507 1260//1507
f 1258//1508 1257//1508 1260//1508
f 1257//1509 1256//1509 1260//1509
f 1256//1510 1259//1510 1260//1510
f 1259//1511 1257//1511 1258//1511
f 1259//1512 1256//1512 1257//1512
f 1274//1525 1273//1525 1275//1525
f 1273//1526 1272//1526 1275//1526
f 1272//1527 1271//1527 1275//1527
f 1271//1528 1274//1528 1275//1528
f 1274//1529 1272//1529 1273//1529
f 1274//1530 1271//1530 1272//1530
f 1289//1543 1288//1543 1290//1543
f 1288//1544 1287//1544 1290//1544
f 1287//1545 1286//1545 1290//1545
f 1286//1546 1289//1546 1290//1546
f 1289//1547 1287//1547 1288//1547
f 1289//1548 1286//1548 1287//1548
f 1304//1561 1303//1561 1305//1561
f 1303//1562 1302//1562 1305//1562
f 1302//1563 1301//1563 1305//1563
f 1301//1564 1304//1564 1305//1564
f 1304//1565 1302//1565 1303//1565
f 1304//1566 1301//1566 1302//1566
f 1319//1579 1318//1579 1320//1579
f 1318//1580 1317//1580 1320//1580
f 1317//1581 1316//1581 1320//1581
f 1316//1582 1319//1582 1320//1582
f 1319//1583 1317//1583 1318//1583
f 1319//1584 1316//1584 1317//1584
f 1334//1597 1333//1597 1335//1597
f 1333//1598 1332//1598 1335//1598
f 1332//1599 1331//1599 1335//1599
f 1331//1600 1334//1600 1335//1600
f 1334//1601 1332//1601 1333//1601
f 1334//1602 1331//1602 1332//1602
f 1349//1615 1348//1615 1350//1615
f 1348//1616 1347//1616 1350//1616
f 1347//1617 1346//1617 1350//1617
f 1346//1618 1349//1618 1350//1618
f 1349//1619 1347//1619 1348//1619
f 1349//1620 1346//1620 1347//1620
f 1364//1633 1363//1633 1365//1633
f 1363//1634 1362//1634 1365//1634
f 1362//1635 1361//1635 1365//1635
f 1361//1636 1364//1636 1365//1636
f 1364//1637 1362//1637 1363//1637
f 1364//1638 1361//1638 1362//1638
f 1379//1651 1378//1651 1380//1651
f 1378//1652 1377//1652 1380//1652
f 1377//1653 1376//1653 1380//1653
f 1376//1654 1379//1654 1380//1654
f 1379//1655 1377//1655 1378//1655
f 1379//1656 1376//1656 1377//1656
f 1394//1669 1393//1669 1395//1669
f 1393//1670 1392//1670 1395//1670
f 1392//1671 1391//1671 1395//1671
f 1391//1672 1394//1672 1395//1672
f 1394//1673 1392//1673 1393//1673
f 1394//1674 1391//1674 1392//1674
f 1409//1687 1408//1687 1410//1687
f 1408//1688 1407//1688 1410//1688
f 1407//1689 1406//1689 1410//1689
f 1406//1690 1409//1690 1410//1690
f 1409//1691 1407//1691 1408//1691
f 1409//1692 1406//1692 1407//1692
f 1424//1705 1423//1705 1425//1705
f 1423//1706 1422//1706 1425//1706
f 1422//1707 1421//1707 1425//1707
f 1421//1708 1424//1708 1425//1708
f 1424//1709 1422//1709 1423//1709
f 1424//1710 1421//1710 1422//1710
f 1439//1723 1438//1723 1440//1723
f 1438//1724 1437//1724 1440//1724
f 1437//1725 1436//1725 1440//1725
f 1436//1726 1439//1726 1440//1726
f 1439//1727 1437//1727 1438//1727
f 1439//1728 1436//1728 1437//1728
f 1454//1741 1453//1741 1455//1741
f 1453//1742 1452//1742 1455//1742
f 1452//1743 1451//1743 1455//1743
f 1451//1744 1454//1744 1455//1744
f 1454//1745 1452//1745 1453//1745
f 1454//1746 1451//1746 1452//1746
f 1469//1759 1468//1759 1470//1759
f 1468//1760 1467//1760 1470//1760
f 1467//1761 1466//1761 1470//1761
f 1466//1762 1469//1762 1470//1762
f 1469//1763 1467//1763 1468//1763
f 1469//1764 1466//1764 1467//1764
f 1484//1777 1483//1777 1485//1777
f 1483//1778 1482//1778 1485//1778
f 1482//1779 1481//1779 1485//1779
f 1481//1780 1484//1780 1485//1780
f 1484//1781 1482//1781 1483//1781
f 1484//1782 1481//1782 1482//1782
f 1499//1795 1498//1795 1500//1795
f 1498//1796 1497//1796 1500//1796
f 1497//1797 1496//1797 1500//1797
f 1496//1798 1499//1798 1500//1798
f 1499//1799 1497//1799 1498//1799
f 1499//1800 1496//1800 1497//1800
f 1514//1813 1513//1813 1515//1813
f 1513//1814 1512//1814 1515//1814
f 1512//1815 1511//1815 1515//1815
f 1511//1816 1514//1816 1515//1816
f 1514//1817 1512//1817 1513//1817
f 1514//1818 1511//1818 1512//1818
f 1529//1831 1528//1831 1530//1831
f 1528//1832 1527//1832 1530//1832
f 1527//1833 1526//1833 1530//1833
f 1526//1834 1529//1834 1530//1834
f 1529//1835 1527//1835 1528//1835
f 1529//1836 1526//1836 1527//1836
f 1544//1849 1543//1849 1545//1849
f 1543//1850 1542//1850 1545//1850
f 1542//1851 1541//1851 1545//1851
f 1541//1852 1544//1852 1545//1852
f 1544//1853 1542//1853 1543//1853
f 1544//1854 1541//1854 1542//1854
f 1559//1867 1558//1867 1560//1867
f 1558//1868 1557//1868 1560//1868
f 1557//1869 1556//1869 1560//1869
f 1556//1870 1559//1870 1560//1870
f 1559//1871 1557//1871 1558//1871
f 1559//1872 1556//1872 1557//1872
f 1574//1885 1573//1885 1575//1885
f 1573//1886 1572//1886 1575//1886
f 1572//1887 1571//1887 1575//1887
f 1571//1888 1574//1888 1575//1888
f 1574//1889 1572//1889 1573//1889
f 1574//1890 1571//1890 1572//1890
f 1589//1903 1588//1903 1590//1903
f 1588//1904 1587//1904 1590//1904
f 1587//1905 1586//1905 1590//1905
f 1586//1906 1589//1906 1590//1906
f 1589//1907 1587//1907 1588//1907
f 1589//1908 1586//1908 1587//1908
f 1604//1921 1603//1921 1605//1921
f 1603//1922 1602//1922 1605//1922
f 1602//1923 1601//1923 1605//1923
f 1601//1924 1604//1924 1605//1924
f 1604//1925 1602//1925 1603//1925
f 1604//1926 1601//1926 1602//1926
f 1619//1939 1618//1939 1620//1939
f 1618//1940 1617//1940 1620//1940
f 1617//1941 1616//1941 1620//1941
f 1616//1942 1619//1942 1620//1942
f 1619//1943 1617//1943 1618//1943
f 1619//1944 1616//1944 1617//1944
f 1634//1957 1633//1957 1635//1957
f 1633//1958 1632//1958 1635//1958
f 1632//1959 1631//1959 1635//1959
f 1631//1960 1634//1960 1635//1960
f 1634//1961 1632//1961 1633//1961
f 1634//1962 1631//1962 1632//1962
f 1649//1975 1648//1975 1650//1975
f 1648//1976 1647//1976 1650//1976
f 1647//1977 1646//1977 1650//1977
f 1646//1978 1649//1978 1650//1978
f 1649//1979 1647//1979 1648//1979
f 1649//1980 1646//1980 1647//1980
f 1664//1993 1663//1993 1665//1993
f 1663//1994 1662//1994 1665//1994
f 1662//1995 1661//1995 1665//1995
f 1661//1996 1664//1996 1665//1996
f 1664//1997 1662//1997 1663//1997
f 1664//1998 1661//1998 1662//1998
f 1679//2011 1678//2011 1680//2011
f 1678//2012 1677//2012 1680//2012
f 1677//2013 1676//2013 1680//2013
f 1676//2014 1679//2014 1680//2014
f 1679//2015 1677//2015 1678//2015
f 1679//2016 1676//2016 1677//2016
f 1694//2029 1693//2029 1695//2029
f 1693//2030 1692//2030 1695//2030
f 1692//2031 1691//2031 1695//2031
f 1691//2032 1694//2032 1695//2032
f 1694//2033 1692//2033 1693//2033
f 1694//2034 1691//2034 1692//2034
f 1709//2047 1708//2047 1710//2047
f 1708//2048 1707//2048 1710//2048
f 1707//2049 1706//2049 1710//2049
f 1706//2050 1709//2050 1710//2050
f 1709//2051 1707//2051 1708//2051
f 1709//2052 1706//2052 1707//2052
f 1724//2065 1723//2065 1725//2065
f 1723//2066 1722//2066 1725//2066
f 1722//2067 1721//2067 1725//2067
f 1721//2068 1724//2068 1725//2068
f 1724//2069 1722//2069 1723//2069
f 1724//2070 1721//2070 1722//2070
f 1739//2083 1738//2083 1740//2083
f 1738//2084 1737//2084 1740//2084
f 1737//2085 1736//2085 1740//2085
f 1736//2086 1739//2086 1740//2086
f 1739//2087 1737//2087 1738//2087
f 1739//2088 1736//2088 1737//2088
f 1754//2101 1753//2101 1755//2101
f 1753//2102 1752//2102 1755//2102
f 1752//2103 1751//2103 1755//2103
f 1751//2104 1754//2104 1755//2104
f 1754//2105 1752//2105 1753//2105
f 1754//2106 1751//2106 1752//2106
f 1769//2119 1768//2119 1770//2119
f 1768//2120 1767//2120 1770//2120
f 1767//2121 1766//2121 1770//2121
f 1766//2122 1769//2122 1770//2122
f 1769//2123 1767//2123 1768//2123
f 1769//2124 1766//2124 1767//2124
f 1784//2137 1783//2137 1785//2137
f 1783//2138 1782//2138 1785//2138
f 1782//2139 1781//2139 1785//2139
f 1781//2140 1784//2140 1785//2140
f 1784//2141 1782//2141 1783//2141
f 1784//2142 1781//2142 1782//2142
f 1799//2155 1798//2155 1800//2155
f 1798//2156 1797//2156 1800//2156
f 1797//2157 1796//2157 1800//2157
f 1796//2158 1799//2158 1800//2158
f 1799//2159 1797//2159 1798//2159
f 1799//2160 1796//2160 1797//2160
f 1814//2173 1813//2173 1815//2173
f 1813//2174 1812//2174 1815//2174
f 1812//2175 1811//2175 1815//2175
f 1811//2176 1814//2176 1815//2176
f 1814//2177 1812//2177 1813//2177
f 1814//2178 1811//2178 1812//2178
f 1829//2191 1828//2191 1830//2191
f 1828//2192 1827//2192 1830//2192
f 1827//2193 1826//2193 1830//2193
f 1826//2194 1829//2194 1830//2194
f 1829//2195 1827//2195 1828//2195
f 1829//2196 1826//2196 1827//2196
f 1844//2209 1843//2209 1845//2209
f 1843//2210 1842//2210 1845//2210
f 1842//2211 1841//2211 1845//2211
f 1841//2212 1844//2212 1845//2212
f 1844//2213 1842//2213 1843//2213
f 1844//2214 1841//2214 1842//2214
f 1859//2227 1858//2227 1860//2227
f 1858//2228 1857//2228 1860//2228
f 1857//2229 1856//2229 1860//2229
f 1856//2230 1859//2230 1860//2230
f 1859//2231 1857//2231 1858//2231
f 1859//2232 1856//2232 1857//2232
f 1874//2245 1873//2245 1875//2245
f 1873//2246 1872//2246 1875//2246
f 1872//2247 1871//2247 1875//2247
f 1871//2248 1874//2248 1875//2248
f 1874//2249 1872//2249 1873//2249
f 1874//2250 1871//2250 1872//2250
f 1889//2263 1888//2263 1890//2263
f 1888//2264 1887//2264 1890//2264
f 1887//2265 1886//2265 1890//2265
f 1886//2266 1889//2266 1890//2266
f 1889//2267 1887//2267 1888//2267
f 1889//2268 1886//2268 1887//2268
f 1904//2281 1903//2281 1905//2281
f 1903//2282 1902//2282 1905//2282
f 1902//2283 1901//2283 1905//2283
f 1901//2284 1904//2284 1905//2284
f 1904//2285 1902//2285 1903//2285
f 1904//2286 1901//2286 1902//2286
f 1919//2299 1918//2299 1920//2299
f 1918//2300 1917//2300 1920//2300
f 1917//2301 1916//2301 1920//2301
f 1916//2302 1919//2302 1920//2302
f 1919//2303 1917//2303 1918//2303
f 1919//2304 1916//2304 1917//2304
f 1934//2317 1933//2317 1935//2317
f 1933//2318 1932//2318 1935//2318
f 1932//2319 1931//2319 1935//2319
f 1931//2320 1934//2320 1935//2320
f 1934//2321 1932//2321 1933//2321
f 1934//2322 1931//2322 1932//2322
f 1949//2335 1948//2335 1950//2335
f 1948//2336 1947//2336 1950//2336
f 1947//2337 1946//2337 1950//2337
f 1946//2338 1949//2338 1950//2338
f 1949//2339 1947//2339 1948//2339
f 1949//2340 1946//2340 1947//2340
f 1964//2353 1963//2353 1965//2353
f 1963//2354 1962//2354 1965//2354
f 1962//2355 1961//2355 1965//2355
f 1961//2356 1964//2356 1965//2356
f 1964//2357 1962//2357 1963//2357
f 1964//2358 1961//2358 1962//2358
f 1979//2371 1978//2371 1980//2371
f 1978//2372 1977//2372 1980//2372
f 1977//2373 1976//2373 1980//2373
f 1976//2374 1979//2374 1980//2374
f 1979//2375 1977//2375 1978//2375
f 1979//2376 1976//2376 1977//2376
f 1994//2389 1993//2389 1995//2389
f 1993//2390 1992//2390 1995//2390
f 1992//2391 1991//2391 1995//2391
f 1991//2392 1994//2392 1995//2392
f 1994//2393 1992//2393 1993//2393
f 1994//2394 1991//2394 1992//2394
f 2009//2407 2008//2407 2010//2407
f 2008//2408 2007//2408 2010//2408
f 2007//2409 2006//2409 2010//2409
f 2006//2410 2009//2410 2010//2410
f 2009//2411 2007//2411 2008//2411
f 2009//2412 2006//2412 2007//2412
f 2024//2425 2023//2425 2025//2425
f 2023//2426 2022//2426 2025//2426
f 2022//2427 2021//2427 2025//2427
f 2021//2428 2024//2428 2025//2428
f 2024//2429 2022//2429 2023//2429
f 2024//2430 2021//2430 2022//2430
f 2039//2443 2038//2443 2040//2443
f 2038//2444 2037//2444 2040//2444
f 2037//2445 2036//2445 2040//2445
f 2036//2446 2039//2446 2040//2446
f 2039//2447 2037//2447 2038//2447
f 2039//2448 2036//2448 2037//2448
f 2054//2461 2053//2461 2055//2461
f 2053//2462 2052//2462 2055//2462
f 2052//2463 2051//2463 2055//2463
f 2051//2464 2054//2464 2055//2464
f 2054//2465 2052//2465 2053//2465
f 2054//2466 2051//2466 2052//2466
f 2069//2479 2068//2479 2070//2479
f 2068//2480 2067//2480 2070//2480
f 2067//2481 2066//2481 2070//2481
f 2066//2482 2069//2482 2070//2482
f 2069//2483 2067//2483 2068//2483
f 2069//2484 2066//2484 2067//2484
f 2084//2497 2083//2497 2085//2497
f 2083//2498 2082//2498 2085//2498
f 2082//2499 2081//2499 2085//2499
f 2081//2500 2084//2500 2085//2500
f 2084//2501 2082//2501 2083//2501
f 2084//2502 2081//2502 2082//2502
f 2099//2515 2098//2515 2100//2515
f 2098//2516 2097//2516 2100//2516
f 2097//2517 2096//2517 2100//2517
f 2096//2518 2099//2518 2100//2518
f 2099//2519 2097//2519 2098//2519
f 2099//2520 2096//2520 2097//2520
f 2114//2533 2113//2533 2115//2533
f 2113//2534 2112//2534 2115//2534
f 2112//2535 2111//2535 2115//2535
f 2111//2536 2114//2536 2115//2536
f 2114//2537 2112//2537 2113//2537
f 2114//2538 2111//2538 2112//2538
f 2129//2551 2128//2551 2130//2551
f 2128//2552 2127//2552 2130//2552
f 2127//2553 2126//2553 2130//2553
f 2126//2554 2129//2554 2130//2554
f 2129//2555 2127//2555 2128//2555
f 2129//2556 2126//2556 2127//2556
f 2144//2569 2143//2569 2145//2569
f 2143//2570 2142//2570 2145//2570
f 2142//2571 2141//2571 2145//2571
f 2141//2572 2144//2572 2145//2572
f 2144//2573 2142//2573 2143//2573
f 2144//2574 2141//2574 2142//2574
f 2159//2587 2158//2587 2160//2587
f 2158//2588 2157//2588 2160//2588
f 2157//2589 2156//2589 2160//2589
f 2156//2590 2159//2590 2160//2590
f 2159//2591 2157//2591 2158//2591
f 2159//2592 2156//2592 2157//2592
f 2174//2605 2173//2605 2175//2605
f 2173//2606 2172//2606 2175//2606
f 2172//2607 2171//2607 2175//2607
f 2171//2608 2174//2608 2175//2608
f 2174//2609 2172//2609 2173//2609
f 2174//2610 2171//2610 2172//2610
f 2189//2623 2188//2623 2190//2623
f 2188//2624 2187//2624 2190//2624
f 2187//2625 2186//2625 2190//2625
f 2186//2626 2189//2626 2190//2626
f 2189//2627 2187//2627 2188//2627
f 2189//2628 2186//2628 2187//2628
f 2204//2641 2203//2641 2205//2641
f 2203//2642 2202//2642 2205//2642
f 2202//2643 2201//2643 2205//2643
f 2201//2644 2204//2644 2205//2644
f 2204//2645 2202//2645 2203//2645
f 2204//2646 2201//2646 2202//2646
f 2219//2659 2218//2659 2220//2659
f 2218//2660 2217//2660 2220//2660
f 2217//2661 2216//2661 2220//2661
f 2216//2662 2219//2662 2220//2662
f 2219//2663 2217//2663 2218//2663
f 2219//2664 2216//2664 2217//2664
f 2234//2677 2233//2677 2235//2677
f 2233//2678 2232//2678 2235//2678
f 2232//2679 2231//2679 2235//2679
f 2231//2680 2234//2680 2235//2680
f 2234//2681 2232//2681 2233//2681
f 2234//2682 2231//2682 2232//2682
f 2249//2695 2248//2695 2250//2695
f 2248//2696 2247//2696 2250//2696
f 2247//2697 2246//2697 2250//2697
f 2246//2698 2249//2698 2250//2698
f 2249//2699 2247//2699 2248//2699
f 2249//2700 2246//2700 2247//2700
f 2264//2713 2263//2713 2265//2713
f 2263//2714 2262//2714 2265//2714
f 2262//2715 2261//2715 2265//2715
f 2261//2716 2264//2716 2265//2716
f 2264//2717 2262//2717 2263//2717
f 2264//2718 2261//2718 2262//2718
f 2279//2731 2278//2731 2280//2731
f 2278//2732 2277//2732 2280//2732
f 2277//2733 2276//2733 2280//2733
f 2276//2734 2279//2734 2280//2734
f 2279//2735 2277//2735 2278//2735
f 2279//2736 2276//2736 2277//2736
f 2294//2749 2293//2749 2295//2749
f 2293//2750 2292//2750 2295//2750
f 2292//2751 2291//2751 2295//2751
f 2291//2752 2294//2752 2295//2752
f 2294//2753 2292//2753 2293//2753
f 2294//2754 2291//2754 2292//2754
f 2309//2767 2308//2767 2310//2767
f 2308//2768 2307//2768 2310//2768
f 2307//2769 2306//2769 2310//2769
f 2306//2770 2309//2770 2310//2770
f 2309//2771 2307//2771 2308//2771
f 2309//2772 2306//2772 2307//2772
f 2324//2785 2323//2785 2325//2785
f 2323//2786 2322//2786 2325//2786
f 2322//2787 2321//2787 2325//2787
f 2321//2788 2324//2788 2325//2788
f 2324//2789 2322//2789 2323//2789
f 2324//2790 2321//2790 2322//2790
f 2339//2803 2338//2803 2340//2803
f 2338//2804 2337//2804 2340//2804
f 2337//2805 2336//2805 2340//2805
f 2336//2806 2339//2806 2340//2806
f 2339//2807 2337//2807 2338//2807
f 2339//2808 2336//2808 2337//2808
f 2354//2821 2353//2821 2355//2821
f 2353//2822 2352//2822 2355//2822
f 2352//2823 2351//2823 2355//2823
f 2351//2824 2354//2824 2355//2824
f 2354//2825 2352//2825 2353//2825
f 2354//2826 2351//2826 2352//2826
f 2369//2839 2368//2839 2370//2839
f 2368//2840 2367//2840 2370//2840
f 2367//2841 2366//2841 2370//2841
f 2366//2842 2369//2842 2370//2842
f 2369//2843 2367//2843 2368//2843
f 2369//2844 2366//2844 2367//2844
f 2384//2857 2383//2857 2385//2857
f 2383//2858 2382//2858 2385//2858
f 2382//2859 2381//2859 2385//2859
f 2381//2860 2384//2860 2385//2860
f 2384//2861 2382//2861 2383//2861
f 2384//2862 2381//2862 2382//2862
f 2399//2875 2398//2875 2400//2875
f 2398//2876 2397//2876 2400//2876
f 2397//2877 2396//2877 2400//2877
f 2396//2878 2399//2878 2400//2878
f 2399//2879 2397//2879 2398//2879
f 2399//2880 2396//2880 2397//2880
f 2414//2893 2413//2893 2415//2893
f 2413//2894 2412//2894 2415//2894
f 2412//2895 2411//2895 2415//2895
f 2411//2896 2414//2896 2415//2896
f 2414//2897 2412//2897 2413//2897
f 2414//2898 2411//2898 2412//2898
f 2429//2911 2428//2911 2430//2911
f 2428//2912 2427//2912 2430//2912
f 2427//2913 2426//2913 2430//2913
f 2426//2914 2429//2914 2430//2914
f 2429//2915 2427//2915 2428//2915
f 2429//2916 2426//2916 2427//2916
f 2444//2929 2443//2929 2445//2929
f 2443//2930 2442//2930 2445//2930
f 2442//2931 2441//2931 2445//2931
f 2441//2932 2444//2932 2445//2932
f 2444//2933 2442//2933 2443//2933
f 2444//2934 2441//2934 2442//2934
f 2459//2947 2458//2947 2460//2947
f 2458//2948 2457//2948 2460//2948
f 2457//2949 2456//2949 2460//2949
f 2456//2950 2459//2950 2460//2950
f 2459//2951 2457//2951 2458//2951
f 2459//2952 2456//2952 2457//2952
f 2474//2965 2473//2965 2475//2965
f 2473//2966 2472//2966 2475//2966
f 2472//2967 2471//2967 2475//2967
f 2471//2968 2474//2968 2475//2968
f 2474//2969 2472//2969 2473//2969
f 2474//2970 2471//2970 2472//2970
f 2489//2983 2488//2983 2490//2983
f 2488//2984 2487//2984 2490//2984
f 2487//2985 2486//2985 2490//2985
f 2486//2986 2489//2986 2490//2986
f 2489//2987 2487//2987 2488//2987
f 2489//2988 2486//2988 2487//2988
f 2504//3001 2503//3001 2505//3001
f 2503//3002 2502//3002 2505//3002
f 2502//3003 2501//3003 2505//3003
f 2501//3004 2504//3004 2505//3004
f 2504//3005 2502//3005 2503//3005
f 2504//3006 2501//3006 2502//3006
f 2519//3019 2518//3019 2520//3019
f 2518//3020 2517//3020 2520//3020
f 2517//3021 2516//3021 2520//3021
f 2516//3022 2519//3022 2520//3022
f 2519//3023 2517//3023 2518//3023
f 2519//3024 2516//3024 2517//3024
f 2534//3037 2533//3037 2535//3037
f 2533//3038 2532//3038 2535//3038
f 2532//3039 2531//3039 2535//3039
f 2531//3040 2534//3040 2535//3040
f 2534//3041 2532//3041 2533//3041
f 2534//3042 2531//3042 2532//3042
f 2549//3055 2548//3055 2550//3055
f 2548//3056 2547//3056 2550//3056
f 2547//3057 2546//3057 2550//3057
f 2546//3058 2549//3058 2550//3058
f 2549//3059 2547//3059 2548//3059
f 2549//3060 2546//3060 2547//3060
f 2564//3073 2563//3073 2565//3073
f 2563//3074 2562//3074 2565//3074
f 2562//3075 2561//3075 2565//3075
f 2561//3076 2564//3076 2565//3076
f 2564//3077 2562//3077 2563//3077
f 2564//3078 2561//3078 2562//3078
f 2579//3091 2578//3091 2580//3091
f 2578//3092 2577//3092 2580//3092
f 2577//3093 2576//3093 2580//3093
f 2576//3094 2579//3094 2580//3094
f 2579//3095 2577//3095 2578//3095
f 2579//3096 2576//3096 2577//3096
f 2594//3109 2593//3109 2595//3109
f 2593//3110 2592//3110 2595//3110
f 2592//3111 2591//3111 2595//3111
f 2591//3112 2594//3112 2595//3112
f 2594//3113 2592//3113 2593//3113
f 2594//3114 2591//3114 2592//3114
f 2609//3127 2608//3127 2610//3127
f 2608//3128 2607//3128 2610//3128
f 2607//3129 2606//3129 2610//3129
f 2606//3130 2609//3130 2610//3130
f 2609//3131 2607//3131 2608//3131
f 2609//3132 2606//3132 2607//3132
f 2624//3145 2623//3145 2625//3145
f 2623//3146 2622//3146 2625//3146
f 2622//3147 2621//3147 2625//3147
f 2621//3148 2624//3148 2625//3148
f 2624//3149 2622//3149 2623//3149
f 2624//3150 2621//3150 2622//3150
f 2639//3163 2638//3163 2640//3163
f 2638//3164 2637//3164 2640//3164
f 2637//3165 2636//3165 2640//3165
f 2636//3166 2639//3166 2640//3166
f 2639//3167 2637//3167 2638//3167
f 2639//3168 2636//3168 2637//3168
f 2654//3181 2653//3181 2655//3181
f 2653//3182 2652//3182 2655//3182
f 2652//3183 2651//3183 2655//3183
f 2651//3184 2654//3184 2655//3184
f 2654//3185 2652//3185 2653//3185
f 2654//3186 2651//3186 2652//3186
f 2669//3199 2668//3199 2670//3199
f 2668//3200 2667//3200 2670//3200
f 2667//3201 2666//3201 2670//3201
f 2666//3202 2669//3202 2670//3202
f 2669//3203 2667//3203 2668//3203
f 2669//3204 2666//3204 2667//3204
f 2684//3217 2683//3217 2685//3217
f 2683//3218 2682//3218 2685//3218
f 2682//3219 2681//3219 2685//3219
f 2681//3220 2684//3220 2685//3220
f 2684//3221 2682//3221 2683//3221
f 2684//3222 2681//3222 2682//3222
f 2699//3235 2698//3235 2700//3235
f 2698//3236 2697//3236 2700//3236
f 2697//3237 2696//3237 2700//3237
f 2696//3238 2699//3238 2700//3238
f 2699//3239 2697//3239 2698//3239
f 2699//3240 2696//3240 2697//3240
f 2714//3253 2713//3253 2715//3253
f 2713//3254 2712//3254 2715//3254
f 2712//3255 2711//3255 2715//3255
f 2711//3256 2714//3256 2715//3256
f 2714//3257 2712//3257 2713//3257
f 2714//3258 2711//3258 2712//3258
f 2729//3271 2728//3271 2730//3271
f 2728//3272 2727//3272 2730//3272
f 2727//3273 2726//3273 2730//3273
f 2726//3274 2729//3274 2730//3274
f 2729//3275 2727//3275 2728//3275
f 2729//3276 2726//3276 2727//3276
f 2744//3289 2743//3289 2745//3289
f 2743//3290 2742//3290 2745//3290
f 2742//3291 2741//3291 2745//3291
f 2741//3292 2744//3292 2745//3292
f 2744//3293 2742//3293 2743//3293
f 2744//3294 2741//3294 2742//3294
f 2759//3307 2758//3307 2760//3307
f 2758//3308 2757//3308 2760//3308
f 2757//3309 2756//3309 2760//3309
f 2756//3310 2759//3310 2760//3310
f 2759//3311 2757//3311 2758//3311
f 2759//3312 2756//3312 2757//3312
f 2774//3325 2773//3325 2775//3325
f 2773//3326 2772//3326 2775//3326
f 2772//3327 2771//3327 2775//3327
f 2771//3328 2774//3328 2775//3328
f 2774//3329 2772//3329 2773//3329
f 2774//3330 2771//3330 2772//3330
f 2789//3343 2788//3343 2790//3343
f 2788//3344 2787//3344 2790//3344
f 2787//3345 2786//3345 2790//3345
f 2786//3346 2789//3346 2790//3346
f 2789//3347 2787//3347 2788//3347
f 2789//3348 2786//3348 2787//3348
f 2804//3361 2803//3361 2805//3361
f 2803//3362 2802//3362 2805//3362
f 2802//3363 2801//3363 2805//3363
f 2801//3364 2804//3364 2805//3364
f 2804//3365 2802//3365 2803//3365
f 2804//3366 2801//3366 2802//3366
f 2819//3379 2818//3379 2820//3379
f 2818//3380 2817//3380 2820//3380
f 2817//3381 2816//3381 2820//3381
f 2816//3382 2819//3382 2820//3382
f 2819//3383 2817//3383 2818//3383
f 2819//3384 2816//3384 2817//3384
f 2834//3397 2833//3397 2835//3397
f 2833//3398 2832//3398 2835//3398
f 2832//3399 2831//3399 2835//3399
f 2831//3400 2834//3400 2835//3400
f 2834//3401 2832//3401 2833//3401
f 2834//3402 2831//3402 2832//3402
f 2849//3415 2848//3415 2850//3415
f 2848//3416 2847//3416 2850//3416
f 2847//3417 2846//3417 2850//3417
f 2846//3418 2849//3418 2850//3418
f 2849//3419 2847//3419 2848//3419
f 2849//3420 2846//3420 2847//3420
f 2864//3433 2863//3433 2865//3433
f 2863//3434 2862//3434 2865//3434
f 2862//3435 2861//3435 2865//3435
f 2861//3436 2864//3436 2865//3436
f 2864//3437 2862//3437 2863//3437
f 2864//3438 2861//3438 2862//3438
f 2879//3451 2878//3451 2880//3451
f 2878//3452 2877//3452 2880//3452
f 2877//3453 2876//3453 2880//3453
f 2876//3454 2879//3454 2880//3454
f 2879//3455 2877//3455 2878//3455
f 2879//3456 2876//3456 2877//3456
f 2894//3469 2893//3469 2895//3469
f 2893//3470 2892//3470 2895//3470
f 2892//3471 2891//3471 2895//3471
f 2891//3472 2894//3472 2895//3472
f 2894//3473 2892//3473 2893//3473
f 2894//3474 2891//3474 2892//3474
f 2909//3487 2908//3487 2910//3487
f 2908//3488 2907//3488 2910//3488
f 2907//3489 2906//3489 2910//3489
f 2906//3490 2909//3490 2910//3490
f 2909//3491 2907//3491 2908//3491
f 2909//3492 2906//3492 2907//3492
f 2924//3505 2923//3505 2925//3505
f 2923//3506 2922//3506 2925//3506
f 2922//3507 2921//3507 2925//3507
f 2921//3508 2924//3508 2925//3508
f 2924//3509 2922//3509 2923//3509
f 2924//3510 2921//3510 2922//3510
f 2939//3523 2938//3523 2940//3523
f 2938//3524 2937//3524 2940//3524
f 2937//3525 2936//3525 2940//3525
f 2936//3526 2939//3526 2940//3526
f 2939//3527 2937//3527 2938//3527
f 2939//3528 2936//3528 2937//3528
f 2954//3541 2953//3541 2955//3541
f 2953//3542 2952//3542 2955//3542
f 2952//3543 2951//3543 2955//3543
f 2951//3544 2954//3544 2955//3544
f 2954//3545 2952//3545 2953//3545
f 2954//3546 2951//3546 2952//3546
f 2969//3559 2968//3559 2970//3559
f 2968//3560 2967//3560 2970//3560
f 2967//3561 2966//3561 2970//3561
f 2966//3562 2969//3562 2970//3562
f 2969//3563 2967//3563 2968//3563
f 2969//3564 2966//3564 2967//3564
f 2984//3577 2983//3577 2985//3577
f 2983//3578 2982//3578 2985//3578
f 2982//3579 2981//3579 2985//3579
f 2981//3580 2984//3580 2985//3580
f 2984//3581 2982//3581 2983//3581
f 2984//3582 2981//3582 2982//3582
f 2999//3595 2998//3595 3000//3595
f 2998//3596 2997//3596 3000//3596
f 2997//3597 2996//3597 3000//3597
f 2996//3598 2999//3598 3000//3598
f 2999//3599 2997//3599 2998//3599
f 2999//3600 2996//3600 2997//3600
f 3014//3613 3013//3613 3015//3613
f 3013//3614 3012//3614 3015//3614
f 3012//3615 3011//3615 3015//3615
f 3011//3616 3014//3616 3015//3616
f 3014//3617 3012//3617 3013//3617
f 3014//3618 3011//3618 3012//3618
f 3029//3631 3028//3631 3030//3631
f 3028//3632 3027//3632 3030//3632
f 3027//3633 3026//3633 3030//3633
f 3026//3634 3029//3634 3030//3634
f 3029//3635 3027//3635 3028//3635
f 3029//3636 3026//3636 3027//3636
f 3044//3649 3043//3649 3045//3649
f 3043//3650 3042//3650 3045//3650
f 3042//3651 3041//3651 3045//3651
f 3041//3652 3044//3652 3045//3652
f 3044//3653 3042//3653 3043//3653
f 3044//3654 3041//3654 3042//3654
f 3059//3667 3058//3667 3060//3667
f 3058//3668 3057//3668 3060//3668
f 3057//3669 3056//3669 3060//3669
f 3056//3670 3059//3670 3060//3670
f 3059//3671 3057//3671 3058//3671
f 3059//3672 3056//3672 3057//3672
f 3074//3685 3073//3685 3075//3685
f 3073//3686 3072//3686 3075//3686
f 3072//3687 3071//3687 3075//3687
f 3071//3688 3074//3688 3075//3688
f 3074//3689 3072//3689 3073//3689
f 3074//3690 3071//3690 3072//3690
f 3089//3703 3088//3703 3090//3703
f 3088//3704 3087//3704 3090//3704
f 3087//3705 3086//3705 3090//3705
f 3086//3706 3089//3706 3090//3706
f 3089//3707 3087//3707 3088//3707
f 3089//3708 3086//3708 3087//3708
f 3104//3721 3103//3721 3105//3721
f 3103//3722 3102//3722 3105//3722
f 3102//3723 3101//3723 3105//3723
f 3101//3724 3104//3724 3105//3724
f 3104//3725 3102//3725 3103//3725
f 3104//3726 3101//3726 3102//3726
f 3119//3739 3118//3739 3120//3739
f 3118//3740 3117//3740 3120//3740
f 3117//3741 3116//3741 3120//3741
f 3116//3742 3119//3742 3120//3742
f 3119//3743 3117//3743 3118//3743
f 3119//3744 3116//3744 3117//3744
f 3134//3757 3133//3757 3135//3757
f 3133//3758 3132//3758 3135//3758
f 3132//3759 3131//3759 3135//3759
f 3131//3760 3134//3760 3135//3760
f 3134//3761 3132//3761 3133//3761
f 3134//3762 3131//3762 3132//3762
f 3149//3775 3148//3775 3150//3775
f 3148//3776 3147//3776 3150//3776
f 3147//3777 3146//3777 3150//3777
f 3146//3778 3149//3778 3150//3778
f 3149//3779 3147//3779 3148//3779
f 3149//3780 3146//3780 3147//3780
f 3164//3793 3163//3793 3165//3793
f 3163//3794 3162//3794 3165//3794
f 3162//3795 3161//3795 3165//3795
f 3161//3796 3164//3796 3165//3796
f 3164//3797 3162//3797 3163//3797
f 3164//3798 3161//3798 3162//3798
f 3179//3811 3178//3811 3180//3811
f 3178//3812 3177//3812 3180//3812
f 3177//3813 3176//3813 3180//3813
f 3176//3814 3179//3814 3180//3814
f 3179//3815 3177//3815 3178//3815
f 3179//3816 3176//3816 3177//3816
f 3194//3829 3193//3829 3195//3829
f 3193//3830 3192//3830 3195//3830
f 3192//3831 3191//3831 3195//3831
f 3191//3832 3194//3832 3195//3832
f 3194//3833 3192//3833 3193//3833
f 3194//3834 3191//3834 3192//3834
f 3209//3847 3208//3847 3210//3847
f 3208//3848 3207//3848 3210//3848
f 3207//3849 3206//3849 3210//3849
f 3206//3850 3209//3850 3210//3850
f 3209//3851 3207//3851 3208//3851
f 3209//3852 3206//3852 3207//3852
f 3224//3865 3223//3865 3225//3865
f 3223//3866 3222//3866 3225//3866
f 3222//3867 3221//3867 3225//3867
f 3221//3868 3224//3868 3225//3868
f 3224//3869 3222//3869 3223//3869
f 3224//3870 3221//3870 3222//3870
f 3239//3883 3238//3883 3240//3883
f 3238//3884 3237//3884 3240//3884
f 3237//3885 3236//3885 3240//3885
f 3236//3886 3239//3886 3240//3886
f 3239//3887 3237//3887 3238//3887
f 3239//3888 3236//3888 3237//3888
f 3254//3901 3253//3901 3255//3901
f 3253//3902 3252//3902 3255//3902
f 3252//3903 3251//3903 3255//3903
f 3251//3904 3254//3904 3255//3904
f 3254//3905 3252//3905 3253//3905
f 3254//3906 3251//3906 3252//3906
f 3269//3919 3268//3919 3270//3919
f 3268//3920 3267//3920 3270//3920
f 3267//3921 3266//3921 3270//3921
f 3266//3922 3269//3922 3270//3922
f 3269//3923 3267//3923 3268//3923
f 3269//3924 3266//3924 3267//3924
f 3284//3937 3283//3937 3285//3937
f 3283//3938 3282//3938 3285//3938
f 3282//3939 3281//3939 3285//3939
f 3281//3940 3284//3940 3285//3940
f 3284//3941 3282//3941 3283//3941
f 3284//3942 3281//3942 3282//3942
f 3299//3955 3298//3955 3300//3955
f 3298//3956 3297//3956 3300//3956
f 3297//3957 3296//3957 3300//3957
f 3296//3958 3299//3958 3300//3958
f 3299//3959 3297//3959 3298//3959
f 3299//3960 3296//3960 3297//3960
f 3314//3973 3313//3973 3315//3973
f 3313//3974 3312//3974 3315//3974
f 3312//3975 3311//3975 3315//3975
f 3311//3976 3314//3976 3315//3976
f 3314//3977 3312//3977 3313//3977
f 3314//3978 3311//3978 3312//3978
f 3329//3991 3328//3991 3330//3991
f 3328//3992 3327//3992 3330//3992
f 3327//3993 3326//3993 3330//3993
f 3326//3994 3329//3994 3330//3994
f 3329//3995 3327//3995 3328//3995
f 3329//3996 3326//3996 3327//3996
f 3344//4009 3343//4009 3345//4009
f 3343//4010 3342//4010 3345//4010
f 3342//4011 3341//4011 3345//4011
f 3341//4012 3344//4012 3345//4012
f 3344//4013 3342//4013 3343//4013
f 3344//4014 3341//4014 3342//4014
f 3359//4027 3358//4027 3360//4027
f 3358//4028 3357//4028 3360//4028
f 3357//4029 3356//4029 3360//4029
f 3356//4030 3359//4030 3360//4030
f 3359//4031 3357//4031 3358//4031
f 3359//4032 3356//4032 3357//4032
f 3374//4045 3373//4045 3375//4045
f 3373//4046 3372//4046 3375//4046
f 3372//4047 3371//4047 3375//4047
f 3371//4048 3374//4048 3375//4048
f 3374//4049 3372//4049 3373//4049
f 3374//4050 3371//4050 3372//4050
f 3389//4063 3388//4063 3390//4063
f 3388//4064 3387//4064 3390//4064
f 3387//4065 3386//4065 3390//4065
f 3386//4066 3389//4066 3390//4066
f 3389//4067 3387//4067 3388//4067
f 3389//4068 3386//4068 3387//4068
f 3404//4081 3403//4081 3405//4081
f 3403//4082 3402//4082 3405//4082
f 3402//4083 3401//4083 3405//4083
f 3401//4084 3404//4084 3405//4084
f 3404//4085 3402//4085 3403//4085
f 3404//4086 3401//4086 3402//4086
f 3419//4099 3418//4099 3420//4099
f 3418//4100 3417//4100 3420//4100
f 3417//4101 3416//4101 3420//4101
f 3416//4102 3419//4102 3420//4102
f 3419//4103 3417//4103 3418//4103
f 3419//4104 3416//4104 3417//4104
f 3434//4117 3433//4117 3435//4117
f 3433//4118 3432//4118 3435//4118
f 3432//4119 3431//4119 3435//4119
f 3431//4120 3434//4120 3435//4120
f 3434//4121 3432//4121 3433//4121
f 3434//4122 3431//4122 3432//4122
f 3449//4135 3448//4135 3450//4135
f 3448//4136 3447//4136 3450//4136
f 3447//4137 3446//4137 3450//4137
f 3446//4138 3449//4138 3450//4138
f 3449//4139 3447//4139 3448//4139
f 3449//4140 3446//4140 3447//4140
f 3464//4153 3463//4153 3465//4153
f 3463//4154 3462//4154 3465//4154
f 3462//4155 3461//4155 3465//4155
f 3461//4156 3464//4156 3465//4156
f 3464//4157 3462//4157 3463//4157
f 3464//4158 3461//4158 3462//4158
f 3479//4171 3478//4171 3480//4171
f 3478//4172 3477//4172 3480//4172
f 3477//4173 3476//4173 3480//4173
f 3476//4174 3479//4174 3480//4174
f 3479//4175 3477//4175 3478//4175
f 3479//4176 3476//4176 3477//4176
f 3494//4189 3493//4189 3495//4189
f 3493//4190 3492//4190 3495//4190
f 3492//4191 3491//4191 3495//4191
f 3491//4192 3494//4192 3495//4192
f 3494//4193 3492//4193 3493//4193
f 3494//4194 3491//4194 3492//4194
f 3509//4207 3508//4207 3510//4207
f 3508//4208 3507//4208 3510//4208
f 3507//4209 3506//4209 3510//4209
f 3506//4210 3509//4210 3510//4210
f 3509//4211 3507//4211 3508//4211
f 3509//4212 3506//4212 3507//4212
f 3524//4225 3523//4225 3525//4225
f 3523//4226 3522//4226 3525//4226
f 3522//4227 3521//4227 3525//4227
f 3521//4228 3524//4228 3525//4228
f 3524//4229 3522//4229 3523//4229
f 3524//4230 3521//4230 3522//4230
f 3539//4243 3538//4243 3540//4243
f 3538//4244 3537//4244 3540//4244
f 3537//4245 3536//4245 3540//4245
f 3536//4246 3539//4246 3540//4246
f 3539//4247 3537//4247 3538//4247
f 3539//4248 3536//4248 3537//4248
f 3554//4261 3553//4261 3555//4261
f 3553//4262 3552//4262 3555//4262
f 3552//4263 3551//4263 3555//4263
f 3551//4264 3554//4264 3555//4264
f 3554//4265 3552//4265 3553//4265
f 3554//4266 3551//4266 3552//4266
f 3569//4279 3568//4279 3570//4279
f 3568//4280 3567//4280 3570//4280
f 3567//4281 3566//4281 3570//4281
f 3566//4282 3569//4282 3570//4282
f 3569//4283 3567//4283 3568//4283
f 3569//4284 3566//4284 3567//4284
f 3584//4297 3583//4297 3585//4297
f 3583//4298 3582//4298 3585//4298
f 3582//4299 3581//4299 3585//4299
f 3581//4300 3584//4300 3585//4300
f 3584//4301 3582//4301 3583//4301
f 3584//4302 3581//4302 3582//4302
f 3599//4315 3598//4315 3600//4315
f 3598//4316 3597//4316 3600//4316
f 3597//4317 3596//4317 3600//4317
f 3596//4318 3599//4318 3600//4318
f 3599//4319 3597//4319 3598//4319
f 3599//4320 3596//4320 3597//4320
f 3614//4333 3613//4333 3615//4333
f 3613//4334 3612//4334 3615//4334
f 3612//4335 3611//4335 3615//4335
f 3611//4336 3614//4336 3615//4336
f 3614//4337 3612//4337 3613//4337
f 3614//4338 3611//4338 3612//4338
f 3629//4351 3628//4351 3630//4351
f 3628//4352 3627//4352 3630//4352
f 3627//4353 3626//4353 3630//4353
f 3626//4354 3629//4354 3630//4354
f 3629//4355 3627//4355 3628//4355
f 3629//4356 3626//4356 3627//4356
f 3644//4369 3643//4369 3645//4369
f 3643//4370 3642//4370 3645//4370
f 3642//4371 3641//4371 3645//4371
f 3641//4372 3644//4372 3645//4372
f 3644//4373 3642//4373 3643//4373
f 3644//4374 3641//4374 3642//4374
f 3659//4387 3658//4387 3660//4387
f 3658//4388 3657//4388 3660//4388
f 3657//4389 3656//4389 3660//4389
f 3656//4390 3659//4390 3660//4390
f 3659//4391 3657//4391 3658//4391
f 3659//4392 3656//4392 3657//4392
f 3674//4405 3673//4405 3675//4405
f 3673//4406 3672//4406 3675//4406
f 3672//4407 3671//4407 3675//4407
f 3671//4408 3674//4408 3675//4408
f 3674//4409 3672//4409 3673//4409
f 3674//4410 3671//4410 3672//4410
f 3689//4423 3688//4423 3690//4423
f 3688//4424 3687//4424 3690//4424
f 3687//4425 3686//4425 3690//4425
f 3686//4426 3689//4426 3690//4426
f 3689//4427 3687//4427 3688//4427
f 3689//4428 3686//4428 3687//4428
f 3704//4441 3703//4441 3705//4441
f 3703//4442 3702//4442 3705//4442
f 3702//4443 3701//4443 3705//4443
f 3701//4444 3704//4444 3705//4444
f 3704//4445 3702//4445 3703//4445
f 3704//4446 3701//4446 3702//4446
f 3719//4459 3718//4459 3720//4459
f 3718//4460 3717//4460 3720//4460
f 3717//4461 3716//4461 3720//4461
f 3716//4462 3719//4462 3720//4462
f 3719//4463 3717//4463 3718//4463
f 3719//4464 3716//4464 3717//4464
f 3734//4477 3733//4477 3735//4477
f 3733//4478 3732//4478 3735//4478
f 3732//4479 3731//4479 3735//4479
f 3731//4480 3734//4480 3735//4480
f 3734//4481 3732//4481 3733//4481
f 3734//4482 3731//4482 3732//4482
f 3749//4495 3748//4495 3750//4495
f 3748//4496 3747//4496 3750//4496
f 3747//4497 3746//4497 3750//4497
f 3746//4498 3749//4498 3750//4498
f 3749//4499 3747//4499 3748//4499
f 3749//4500 3746//4500 3747//4500
f 3764//4513 3763//4513 3765//4513
f 3763//4514 3762//4514 3765//4514
f 3762//4515 3761//4515 3765//4515
f 3761//4516 3764//4516 3765//4516
f 3764//4517 3762//4517 3763//4517
f 3764//4518 3761//4518 3762//4518
f 3779//4531 3778//4531 3780//4531
f 3778//4532 3777//4532 3780//4532
f 3777//4533 3776//4533 3780//4533
f 3776//4534 3779//4534 3780//4534
f 3779//4535 3777//4535 3778//4535
f 3779//4536 3776//4536 3777//4536
f 3794//4549 3793//4549 3795//4549
f 3793//4550 3792//4550 3795//4550
f 3792//4551 3791//4551 3795//4551
f 3791//4552 3794//4552 3795//4552
f 3794//4553 3792//4553 3793//4553
f 3794//4554 3791//4554 3792//4554
f 3809//4567 3808//4567 3810//4567
f 3808//4568 3807//4568 3810//4568
f 3807//4569 3806//4569 3810//4569
f 3806//4570 3809//4570 3810//4570
f 3809//4571 3807//4571 3808//4571
f 3809//4572 3806//4572 3807//4572
f 3824//4585 3823//4585 3825//4585
f 3823//4586 3822//4586 3825//4586
f 3822//4587 3821//4587 3825//4587
f 3821//4588 3824//4588 3825//4588
f 3824//4589 3822//4589 3823//4589
f 3824//4590 3821//4590 3822//4590
f 3839//4603 3838//4603 3840//4603
f 3838//4604 3837//4604 3840//4604
f 3837//4605 3836//4605 3840//4605
f 3836//4606 3839//4606 3840//4606
f 3839//4607 3837//4607 3838//4607
f 3839//4608 3836//4608 3837//4608
f 3854//4621 3853//4621 3855//4621
f 3853//4622 3852//4622 3855//4622
f 3852//4623 3851//4623 3855//4623
f 3851//4624 3854//4624 3855//4624
f 3854//4625 3852//4625 3853//4625
f 3854//4626 3851//4626 3852//4626
f 3869//4639 3868//4639 3870//4639
f 3868//4640 3867//4640 3870//4640
f 3867//4641 3866//4641 3870//4641
f 3866//4642 3869//4642 3870//4642
f 3869//4643 3867//4643 3868//4643
f 3869//4644 3866//4644 3867//4644
f 3884//4657 3883//4657 3885//4657
f 3883//4658 3882//4658 3885//4658
f 3882//4659 3881//4659 3885//4659
f 3881//4660 3884//4660 3885//4660
f 3884//4661 3882//4661 3883//4661
f 3884//4662 3881//4662 3882//4662
f 3899//4675 3898//4675 3900//4675
f 3898//4676 3897//4676 3900//4676
f 3897//4677 3896//4677 3900//4677
f 3896//4678 3899//4678 3900//4678
f 3899//4679 3897//4679 3898//4679
f 3899//4680 3896//4680 3897//4680
f 3914//4693 3913//4693 3915//4693
f 3913//4694 3912//4694 3915//4694
f 3912//4695 3911//4695 3915//4695
f 3911//4696 3914//4696 3915//4696
f 3914//4697 3912//4697 3913//4697
f 3914//4698 3911//4698 3912//4698
f 3929//4711 3928//4711 3930//4711
f 3928//4712 3927//4712 3930//4712
f 3927//4713 3926//4713 3930//4713
f 3926//4714 3929//4714 3930//4714
f 3929//4715 3927//4715 3928//4715
f 3929//4716 3926//4716 3927//4716
f 3944//4729 3943//4729 3945//4729
f 3943//4730 3942//4730 3945//4730
f 3942//4731 3941//4731 3945//4731
f 3941//4732 3944//4732 3945//4732
f 3944//4733 3942//4733 3943//4733
f 3944//4734 3941//4734 3942//4734
f 3959//4747 3958//4747 3960//4747
f 3958//4748 3957//4748 3960//4748
f 3957//4749 3956//4749 3960//4749
f 3956//4750 3959//4750 3960//4750
f 3959//4751 3957//4751 3958//4751
f 3959//4752 3956//4752 3957//4752
f 3974//4765 3973//4765 3975//4765
f 3973//4766 3972//4766 3975//4766
f 3972//4767 3971//4767 3975//4767
f 3971//4768 3974//4768 3975//4768
f 3974//4769 3972//4769 3973//4769
f 3974//4770 3971//4770 3972//4770
f 3989//4783 3988//4783 3990//4783
f 3988//4784 3987//4784 3990//4784
f 3987//4785 3986//4785 3990//4785
f 3986//4786 3989//4786 3990//4786
f 3989//4787 3987//4787 3988//4787
f 3989//4788 3986//4788 3987//4788
f 4004//4801 4003//4801 4005//4801
f 4003//4802 4002//4802 4005//4802
f 4002//4803 4001//4803 4005//4803
f 4001//4804 4004//4804 4005//4804
f 4004//4805 4002//4805 4003//4805
f 4004//4806 4001//4806 4002//4806
f 4019//4819 4018//4819 4020//4819
f 4018//4820 4017//4820 4020//4820
f 4017//4821 4016//4821 4020//4821
f 4016//4822 4019//4822 4020//4822
f 4019//4823 4017//4823 4018//4823
f 4019//4824 4016//4824 4017//4824
f 4034//4837 4033//4837 4035//4837
f 4033//4838 4032//4838 4035//4838
f 4032//4839 4031//4839 4035//4839
f 4031//4840 4034//4840 4035//4840
f 4034//4841 4032//4841 4033//4841
f 4034//4842 4031//4842 4032//4842
f 4049//4855 4048//4855 4050//4855
f 4048//4856 4047//4856 4050//4856
f 4047//4857 4046//4857 4050//4857
f 4046//4858 4049//4858 4050//4858
f 4049//4859 4047//4859 4048//4859
f 4049//4860 4046//4860 4047//4860
f 4064//4873 4063//4873 4065//4873
f 4063//4874 4062//4874 4065//4874
f 4062//4875 4061//4875 4065//4875
f 4061//4876 4064//4876 4065//4876
f 4064//4877 4062//4877 4063//4877
f 4064//4878 4061//4878 4062//4878
f 4079//4891 4078//4891 4080//4891
f 4078//4892 4077//4892 4080//4892
f 4077//4893 4076//4893 4080//4893
f 4076//4894 4079//4894 4080//4894
f 4079//4895 4077//4895 4078//4895
f 4079//4896 4076//4896 4077//4896
f 4094//4909 4093//4909 4095//4909
f 4093//4910 4092//4910 4095//4910
f 4092//4911 4091//4911 4095//4911
f 4091//4912 4094//4912 4095//4912
f 4094//4913 4092//4913 4093//4913
f 4094//4914 4091//4914 4092//4914
f 4109//4927 4108//4927 4110//4927
f 4108//4928 4107//4928 4110//4928
f 4107//4929 4106//4929 4110//4929
f 4106//4930 4109//4930 4110//4930
f 4109//4931 4107//4931 4108//4931
f 4109//4932 4106//4932 4107//4932
f 4124//4945 4123//4945 4125//4945
f 4123//4946 4122//4946 4125//4946
f 4122//4947 4121//4947 4125//4947
f 4121//4948 4124//4948 4125//4948
f 4124//4949 4122//4949 4123//4949
f 4124//4950 4121//4950 4122//4950
f 4139//4963 4138//4963 4140//4963
f 4138//4964 4137//4964 4140//4964
f 4137//4965 4136//4965 4140//4965
f 4136//4966 4139//4966 4140//4966
f 4139//4967 4137//4967 4138//4967
f 4139//4968 4136//4968 4137//4968
f 4154//4981 4153//4981 4155//4981
f 4153//4982 4152//4982 4155//4982
f 4152//4983 4151//4983 4155//4983
f 4151//4984 4154//4984 4155//4984
f 4154//4985 4152//4985 4153//4985
f 4154//4986 4151//4986 4152//4986
f 4169//4999 4168//4999 4170//4999
f 4168//5000 4167//5000 4170//5000
f 4167//5001 4166//5001 4170//5001
f 4166//5002 4169//5002 4170//5002
f 4169//5003 4167//5003 4168//5003
f 4169//5004 4166//5004 4167//5004
f 4184//5017 4183//5017 4185//5017
f 4183//5018 4182//5018 4185//5018
f 4182//5019 4181//5019 4185//5019
f 4181//5020 4184//5020 4185//5020
f 4184//5021 4182//5021 4183//5021
f 4184//5022 4181//5022 4182//5022
f 4199//5035 4198//5035 4200//5035
f 4198//5036 4197//5036 4200//5036
f 4197//5037 4196//5037 4200//5037
f 4196//5038 4199//5038 4200//5038
f 4199//5039 4197//5039 4198//5039
f 4199//5040 4196//5040 4197//5040
f 4214//5053 4213//5053 4215//5053
f 4213//5054 4212//5054 4215//5054
f 4212//5055 4211//5055 4215//5055
f 4211//5056 4214//5056 4215//5056
f 4214//5057 4212//5057 4213//5057
f 4214//5058 4211//5058 4212//5058
f 4229//5071 4228//5071 4230//5071
f 4228//5072 4227//5072 4230//5072
f 4227//5073 4226//5073 4230//5073
f 4226//5074 4229//5074 4230//5074
f 4229//5075 4227//5075 4228//5075
f 4229//5076 4226//5076 4227//5076
f 4244//5089 4243//5089 4245//5089
f 4243//5090 4242//5090 4245//5090
f 4242//5091 4241//5091 4245//5091
f 4241//5092 4244//5092 4245//5092
f 4244//5093 4242//5093 4243//5093
f 4244//5094 4241//5094 4242//5094
f 4259//5107 4258//5107 4260//5107
f 4258//5108 4257//5108 4260//5108
f 4257//5109 4256//5109 4260//5109
f 4256//5110 4259//5110 4260//5110
f 4259//5111 4257//5111 4258//5111
f 4259//5112 4256//5112 4257//5112
f 4274//5125 4273//5125 4275//5125
f 4273//5126 4272//5126 4275//5126
f 4272//5127 4271//5127 4275//5127
f 4271//5128 4274//5128 4275//5128
f 4274//5129 4272//5129 4273//5129
f 4274//5130 4271//5130 4272//5130
f 4289//5143 4288//5143 4290//5143
f 4288//5144 4287//5144 4290//5144
f 4287//5145 4286//5145 4290//5145
f 4286//5146 4289//5146 4290//5146
f 4289//5147 4287//5147 4288//5147
f 4289//5148 4286//5148 4287//5148
f 4304//5161 4303//5161 4305//5161
f 4303//5162 4302//5162 4305//5162
f 4302//5163 4301//5163 4305//5163
f 4301//5164 4304//5164 4305//5164
f 4304//5165 4302//5165 4303//5165
f 4304//5166 4301//5166 4302//5166
f 4319//5179 4318//5179 4320//5179
f 4318//5180 4317//5180 4320//5180
f 4317//5181 4316//5181 4320//5181
f 4316//5182 4319//5182 4320//5182
f 4319//5183 4317//5183 4318//5183
f 4319//5184 4316//5184 4317//5184
f 4334//5197 4333//5197 4335//5197
f 4333//5198 4332//5198 4335//5198
f 4332//5199 4331//5199 4335//5199
f 4331//5200 4334//5200 4335//5200
f 4334//5201 4332//5201 4333//5201
f 4334//5202 4331//5202 4332//5202
f 4349//5215 4348//5215 4350//5215
f 4348//5216 4347//5216 4350//5216
f 4347//5217 4346//5217 4350//5217
f 4346//5218 4349//5218 4350//5218
f 4349//5219 4347//5219 4348//5219
f 4349//5220 4346//5220 4347//5220
f 4364//5233 4363//5233 4365//5233
f 4363//5234 4362//5234 4365//5234
f 4362//5235 4361//5235 4365//5235
f 4361//5236 4364//5236 4365//5236
f 4364//5237 4362//5237 4363//5237
f 4364//5238 4361//5238 4362//5238
f 4379//5251 4378//5251 4380//5251
f 4378//5252 4377//5252 4380//5252
f 4377//5253 4376//5253 4380//5253
f 4376//5254 4379//5254 4380//5254
f 4379//5255 4377//5255 4378//5255
f 4379//5256 4376//5256 4377//5256
f 4394//5269 4393//5269 4395//5269
f 4393//5270 4392//5270 4395//5270
f 4392//5271 4391//5271 4395//5271
f 4391//5272 4394//5272 4395//5272
f 4394//5273 4392//5273 4393//5273
f 4394//5274 4391//5274 4392//5274
f 4409//5287 4408//5287 4410//5287
f 4408//5288 4407//5288 4410//5288
f 4407//5289 4406//5289 4410//5289
f 4406//5290 4409//5290 4410//5290
f 4409//5291 4407//5291 4408//5291
f 4409//5292 4406//5292 4407//5292
f 4424//5305 4423//5305 4425//5305
f 4423//5306 4422//5306 4425//5306
f 4422//5307 4421//5307 4425//5307
f 4421//5308 4424//5308 4425//5308
f 4424//5309 4422//5309 4423//5309
f 4424//5310 4421//5310 4422//5310
f 4439//5323 4438//5323 4440//5323
f 4438//5324 4437//5324 4440//5324
f 4437//5325 4436//5325 4440//5325
f 4436//5326 4439//5326 4440//5326
f 4439//5327 4437//5327 4438//5327
f 4439//5328 4436//5328 4437//5328
f 4454//5341 4453//5341 4455//5341
f 4453//5342 4452//5342 4455//5342
f 4452//5343 4451//5343 4455//5343
f 4451//5344 4454//5344 4455//5344
f 4454//5345 4452//5345 4453//5345
f 4454//5346 4451//5346 4452//5346
f 4469//5359 4468//5359 4470//5359
f 4468//5360 4467//5360 4470//5360
f 4467//5361 4466//5361 4470//5361
f 4466//5362 4469//5362 4470//5362
f 4469//5363 4467//5363 4468//5363
f 4469//5364 4466//5364 4467//5364
f 4484//5377 4483//5377 4485//5377
f 4483//5378 4482//5378 4485//5378
f 4482//5379 4481//5379 4485//5379
f 4481//5380 4484//5380 4485//5380
f 4484//5381 4482//5381 4483//5381
f 4484//5382 4481//5382 4482//5382
f 4499//5395 4498//5395 4500//5395
f 4498//5396 4497//5396 4500//5396
f 4497//5397 4496//5397 4500//5397
f 4496//5398 4499//5398 4500//5398
f 4499//5399 4497//5399 4498//5399
f 4499//5400 4496//5400 4497//5400
f 4514//5413 4513//5413 4515//5413
f 4513//5414 4512//5414 4515//5414
f 4512//5415 4511//5415 4515//5415
f 4511//5416 4514//5416 4515//5416
f 4514//5417 4512//5417 4513//5417
f 4514//5418 4511//5418 4512//5418
f 4529//5431 4528//5431 4530//5431
f 4528//5432 4527//5432 4530//5432
f 4527//5433 4526//5433 4530//5433
f 4526//5434 4529//5434 4530//5434
f 4529//5435 4527//5435 4528//5435
f 4529//5436 4526//5436 4527//5436
f 4544//5449 4543//5449 4545//5449
f 4543//5450 4542//5450 4545//5450
f 4542//5451 4541//5451 4545//5451
f 4541//5452 4544//5452 4545//5452
f 4544//5453 4542//5453 4543//5453
f 4544//5454 4541//5454 4542//5454
f 4559//5467 4558//5467 4560//5467
f 4558//5468 4557//5468 4560//5468
f 4557//5469 4556//5469 4560//5469
f 4556//5470 4559//5470 4560//5470
f 4559//5471 4557//5471 4558//5471
f 4559//5472 4556//5472 4557//5472
f 4574//5485 4573//5485 4575//5485
f 4573//5486 4572//5486 4575//5486
f 4572//5487 4571//5487 4575//5487
f 4571//5488 4574//5488 4575//5488
f 4574//5489 4572//5489 4573//5489
f 4574//5490 4571//5490 4572//5490
f 4589//5503 4588//5503 4590//5503
f 4588//5504 4587//5504 4590//5504
f 4587//5505 4586//5505 4590//5505
f 4586//5506 4589//5506 4590//5506
f 4589//5507 4587//5507 4588//5507
f 4589//5508 4586//5508 4587//5508
f 4604//5521 4603//5521 4605//5521
f 4603//5522 4602//5522 4605//5522
f 4602//5523 4601//5523 4605//5523
f 4601//5524 4604//5524 4605//5524
f 4604//5525 4602//5525 4603//5525
f 4604//5526 4601//5526 4602//5526
f 4619//5539 4618//5539 4620//5539
f 4618//5540 4617//5540 4620//5540
f 4617//5541 4616//5541 4620//5541
f 4616//5542 4619//5542 4620//5542
f 4619//5543 4617//5543 4618//5543
f 4619//5544 4616//5544 4617//5544
f 4634//5557 4633//5557 4635//5557
f 4633//5558 4632//5558 4635//5558
f 4632//5559 4631//5559 4635//5559
f 4631//5560 4634//5560 4635//5560
f 4634//5561 4632//5561 4633//5561
f 4634//5562 4631//5562 4632//5562
f 4649//5575 4648//5575 4650//5575
f 4648//5576 4647//5576 4650//5576
f 4647//5577 4646//5577 4650//5577
f 4646//5578 4649//5578 4650//5578
f 4649//5579 4647//5579 4648//5579
f 4649//5580 4646//5580 4647//5580
f 4664//5593 4663//5593 4665//5593
f 4663//5594 4662//5594 4665//5594
f 4662//5595 4661//5595 4665//5595
f 4661//5596 4664//5596 4665//5596
f 4664//5597 4662//5597 4663//5597
f 4664//5598 4661//5598 4662//5598
f 4679//5611 4678//5611 4680//5611
f 4678//5612 4677//5612 4680//5612
f 4677//5613 4676//5613 4680//5613
f 4676//5614 4679//5614 4680//5614
f 4679//5615 4677//5615 4678//5615
f 4679//5616 4676//5616 4677//5616
f 4694//5629 4693//5629 4695//5629
f 4693//5630 4692//5630 4695//5630
f 4692//5631 4691//5631 4695//5631
f 4691//5632 4694//5632 4695//5632
f 4694//5633 4692//5633 4693//5633
f 4694//5634 4691//5634 4692//5634
f 4709//5647 4708//5647 4710//5647
f 4708//5648 4707//5648 4710//5648
f 4707//5649 4706//5649 4710//5649
f 4706//5650 4709//5650 4710//5650
f 4709//5651 4707//5651 4708//5651
f 4709//5652 4706//5652 4707//5652
f 4724//5665 4723//5665 4725//5665
f 4723//5666 4722//5666 4725//5666
f 4722//5667 4721//5667 4725//5667
f 4721//5668 4724//5668 4725//5668
f 4724//5669 4722//5669 4723//5669
f 4724//5670 4721//5670 4722//5670
f 4739//5683 4738//5683 4740//5683
f 4738//5684 4737//5684 4740//5684
f 4737//5685 4736//5685 4740//5685
f 4736//5686 4739//5686 4740//5686
f 4739//5687 4737//5687 4738//5687
f 4739//5688 4736//5688 4737//5688
f 4754//5701 4753//5701 4755//5701
f 4753//5702 4752//5702 4755//5702
f 4752//5703 4751//5703 4755//5703
f 4751//5704 4754//5704 4755//5704
f 4754//5705 4752//5705 4753//5705
f 4754//5706 4751//5706 4752//5706
f 4769//5719 4768//5719 4770//5719
f 4768//5720 4767//5720 4770//5720
f 4767//5721 4766//5721 4770//5721
f 4766//5722 4769//5722 4770//5722
f 4769//5723 4767//5723 4768//5723
f 4769//5724 4766//5724 4767//5724
f 4784//5737 4783//5737 4785//5737
f 4783//5738 4782//5738 4785//5738
f 4782//5739 4781//5739 4785//5739
f 4781//5740 4784//5740 4785//5740
f 4784//5741 4782//5741 4783//5741
f 4784//5742 4781//5742 4782//5742
f 4799//5755 4798//5755 4800//5755
f 4798//5756 4797//5756 4800//5756
f 4797//5757 4796//5757 4800//5757
f 4796//5758 4799//5758 4800//5758
f 4799//5759 4797//5759 4798//5759
f 4799//5760 4796//5760 4797//5760
f 4814//5773 4813//5773 4815//5773
f 4813//5774 4812//5774 4815//5774
f 4812//5775 4811//5775 4815//5775
f 4811//5776 4814//5776 4815//5776
f 4814//5777 4812//5777 4813//5777
f 4814//5778 4811//5778 4812//5778
f 4829//5791 4828//5791 4830//5791
f 4828//5792 4827//5792 4830//5792
f 4827//5793 4826//5793 4830//5793
f 4826//5794 4829//5794 4830//5794
f 4829//5795 4827//5795 4828//5795
f 4829//5796 4826//5796 4827//5796
f 4844//5809 4843//5809 4845//5809
f 4843//5810 4842//5810 4845//5810
f 4842//5811 4841//5811 4845//5811
f 4841//5812 4844//5812 4845//5812
f 4844//5813 4842//5813 4843//5813
f 4844//5814 4841//5814 4842//5814
f 4859//5827 4858//5827 4860//5827
f 4858//5828 4857//5828 4860//5828
f 4857//5829 4856//5829 4860//5829
f 4856//5830 4859//5830 4860//5830
f 4859//5831 4857//5831 4858//5831
f 4859//5832 4856//5832 4857//5832
f 4874//5845 4873//5845 4875//5845
f 4873//5846 4872//5846 4875//5846
f 4872//5847 4871//5847 4875//5847
f 4871//5848 4874//5848 4875//5848
f 4874//5849 4872//5849 4873//5849
f 4874//5850 4871//5850 4872//5850
f 4889//5863 4888//5863 4890//5863
f 4888//5864 4887//5864 4890//5864
f 4887//5865 4886//5865 4890//5865
f 4886//5866 4889//5866 4890//5866
f 4889//5867 4887//5867 4888//5867
f 4889//5868 4886//5868 4887//5868
f 4904//5881 4903//5881 4905//5881
f 4903//5882 4902//5882 4905//5882
f 4902//5883 4901//5883 4905//5883
f 4901//5884 4904//5884 4905//5884
f 4904//5885 4902//5885 4903//5885
f 4904//5886 4901//5886 4902//5886
f 4919//5899 4918//5899 4920//5899
f 4918//5900 4917//5900 4920//5900
f 4917//5901 4916//5901 4920//5901
f 4916//5902 4919//5902 4920//5902
f 4919//5903 4917//5903 4918//5903
f 4919//5904 4916//5904 4917//5904
f 4934//5917 4933//5917 4935//5917
f 4933//5918 4932//5918 4935//5918
f 4932//5919 4931//5919 4935//5919
f 4931//5920 4934//5920 4935//5920
f 4934//5921 4932//5921 4933//5921
f 4934//5922 4931//5922 4932//5922
f 4949//5935 4948//5935 4950//5935
f 4948//5936 4947//5936 4950//5936
f 4947//5937 4946//5937 4950//5937
f 4946//5938 4949//5938 4950//5938
f 4949//5939 4947//5939 4948//5939
f 4949//5940 4946//5940 4947//5940
f 4964//5953 4963//5953 4965//5953
f 4963//5954 4962//5954 4965//5954
f 4962//5955 4961//5955 4965//5955
f 4961//5956 4964//5956 4965//5956
f 4964//5957 4962//5957 4963//5957
f 4964//5958 4961//5958 4962//5958
f 4979//5971 4978//5971 4980//5971
f 4978//5972 4977//5972 4980//5972
f 4977//5973 4976//5973 4980//5973
f 4976//5974 4979//5974 4980//5974
f 4979//5975 4977//5975 4978//5975
f 4979//5976 4976//5976 4977//5976
f 4994//5989 4993//5989 4995//5989
f 4993//5990 4992//5990 4995//5990
f 4992//5991 4991//5991 4995//5991
f 4991//5992 4994//5992 4995//5992
f 4994//5993 4992//5993 4993//5993
f 4994//5994 4991//5994 4992//5994
f 5009//6007 5008//6007 5010//6007
f 5008//6008 5007//6008 5010//6008
f 5007//6009 5006//6009 5010//6009
f 5006//6010 5009//6010 5010//6010
f 5009//6011 5007//6011 5008//6011
f 5009//6012 5006//6012 5007//6012
f 5024//6025 5023//6025 5025//6025
f 5023//6026 5022//6026 5025//6026
f 5022//6027 5021//6027 5025//6027
f 5021//6028 5024//6028 5025//6028
f 5024//6029 5022//6029 5023//6029
f 5024//6030 5021//6030 5022//6030
f 5039//6043 5038//6043 5040//6043
f 5038//6044 5037//6044 5040//6044
f 5037//6045 5036//6045 5040//6045
f 5036//6046 5039//6046 5040//6046
f 5039//6047 5037//6047 5038//6047
f 5039//6048 5036//6048 5037//6048
f 5054//6061 5053//6061 5055//6061
f 5053//6062 5052//6062 5055//6062
f 5052//6063 5051//6063 5055//6063
f 5051//6064 5054//6064 5055//6064
f 5054//6065 5052//6065 5053//6065
f 5054//6066 5051//6066 5052//6066
f 5069//6079 5068//6079 5070//6079
f 5068//6080 5067//6080 5070//6080
f 5067//6081 5066//6081 5070//6081
f 5066//6082 5069//6082 5070//6082
f 5069//6083 5067//6083 5068//6083
f 5069//6084 5066//6084 5067//6084
f 5084//6097 5083//6097 5085//6097
f 5083//6098 5082//6098 5085//6098
f 5082//6099 5081//6099 5085//6099
f 5081//6100 5084//6100 5085//6100
f 5084//6101 5082//6101 5083//6101
f 5084//6102 5081//6102 5082//6102
f 5099//6115 5098//6115 5100//6115
f 5098//6116 5097//6116 5100//6116
f 5097//6117 5096//6117 5100//6117
f 5096//6118 5099//6118 5100//6118
f 5099//6119 5097//6119 5098//6119
f 5099//6120 5096//6120 5097//6120
f 5114//6133 5113//6133 5115//6133
f 5113//6134 5112//6134 5115//6134
f 5112//6135 5111//6135 5115//6135
f 5111//6136 5114//6136 5115//6136
f 5114//6137 5112//6137 5113//6137
f 5114//6138 5111//6138 5112//6138
f 5129//6151 5128//6151 5130//6151
f 5128//6152 5127//6152 5130//6152
f 5127//6153 5126//6153 5130//6153
f 5126//6154 5129//6154 5130//6154
f 5129//6155 5127//6155 5128//6155
f 5129//6156 5126//6156 5127//6156
f 5144//6169 5143//6169 5145//6169
f 5143//6170 5142//6170 5145//6170
f 5142//6171 5141//6171 5145//6171
f 5141//6172 5144//6172 5145//6172
f 5144//6173 5142//6173 5143//6173
f 5144//6174 5141//6174 5142//6174
f 5159//6187 5158//6187 5160//6187
f 5158//6188 5157//6188 5160//6188
f 5157//6189 5156//6189 5160//6189
f 5156//6190 5159//6190 5160//6190
f 5159//6191 5157//6191 5158//6191
f 5159//6192 5156//6192 5157//6192
f 5174//6205 5173//6205 5175//6205
f 5173//6206 5172//6206 5175//6206
f 5172//6207 5171//6207 5175//6207
f 5171//6208 5174//6208 5175//6208
f 5174//6209 5172//6209 5173//6209
f 5174//6210 5171//6210 5172//6210
f 5189//6223 5188//6223 5190//6223
f 5188//6224 5187//6224 5190//6224
f 5187//6225 5186//6225 5190//6225
f 5186//6226 5189//6226 5190//6226
f 5189//6227 5187//6227 5188//6227
f 5189//6228 5186//6228 5187//6228
f 5204//6241 5203//6241 5205//6241
f 5203//6242 5202//6242 5205//6242
f 5202//6243 5201//6243 5205//6243
f 5201//6244 5204//6244 5205//6244
f 5204//6245 5202//6245 5203//6245
f 5204//6246 5201//6246 5202//6246
f 5219//6259 5218//6259 5220//6259
f 5218//6260 5217//6260 5220//6260
f 5217//6261 5216//6261 5220//6261
f 5216//6262 5219//6262 5220//6262
f 5219//6263 5217//6263 5218//6263
f 5219//6264 5216//6264 5217//6264
f 5234//6277 5233//6277 5235//6277
f 5233//6278 5232//6278 5235//6278
f 5232//6279 5231//6279 5235//6279
f 5231//6280 5234//6280 5235//6280
f 5234//6281 5232//6281 5233//6281
f 5234//6282 5231//6282 5232//6282
f 5249//6295 5248//6295 5250//6295
f 5248//6296 5247//6296 5250//6296
f 5247//6297 5246//6297 5250//6297
f 5246//6298 5249//6298 5250//6298
f 5249//6299 5247//6299 5248//6299
f 5249//6300 5246//6300 5247//6300
f 5264//6313 5263//6313 5265//6313
f 5263//6314 5262//6314 5265//6314
f 5262//6315 5261//6315 5265//6315
f 5261//6316 5264//6316 5265//6316
f 5264//6317 5262//6317 5263//6317
f 5264//6318 5261//6318 5262//6318
f 5279//6331 5278//6331 5280//6331
f 5278//6332 5277//6332 5280//6332
f 5277//6333 5276//6333 5280//6333
f 5276//6334 5279//6334 5280//6334
f 5279//6335 5277//6335 5278//6335
f 5279//6336 5276//6336 5277//6336
f 5294//6349 5293//6349 5295//6349
f 5293//6350 5292//6350 5295//6350
f 5292//6351 5291//6351 5295//6351
f 5291//6352 5294//6352 5295//6352
f 5294//6353 5292//6353 5293//6353
f 5294//6354 5291//6354 5292//6354
f 5309//6367 5308//6367 5310//6367
f 5308//6368 5307//6368 5310//6368
f 5307//6369 5306//6369 5310//6369
f 5306//6370 5309//6370 5310//6370
f 5309//6371 5307//6371 5308//6371
f 5309//6372 5306//6372 5307//6372
f 5324//6385 5323//6385 5325//6385
f 5323//6386 5322//6386 5325//6386
f 5322//6387 5321//6387 5325//6387
f 5321//6388 5324//6388 5325//6388
f 5324//6389 5322//6389 5323//6389
f 5324//6390 5321//6390 5322//6390
f 5339//6403 5338//6403 5340//6403
f 5338//6404 5337//6404 5340//6404
f 5337//6405 5336//6405 5340//6405
f 5336//6406 5339//6406 5340//6406
f 5339//6407 5337//6407 5338//6407
f 5339//6408 5336//6408 5337//6408
f 5354//6421 5353//6421 5355//6421
f 5353//6422 5352//6422 5355//6422
f 5352//6423 5351//6423 5355//6423
f 5351//6424 5354//6424 5355//6424
f 5354//6425 5352//6425 5353//6425
f 5354//6426 5351//6426 5352//6426
f 5369//6439 5368//6439 5370//6439
f 5368//6440 5367//6440 5370//6440
f 5367//6441 5366//6441 5370//6441
f 5366//6442 5369//6442 5370//6442
f 5369//6443 5367//6443 5368//6443
f 5369//6444 5366//6444 5367//6444
f 5384//6457 5383//6457 5385//6457
f 5383//6458 5382//6458 5385//6458
f 5382//6459 5381//6459 5385//6459
f 5381//6460 5384//6460 5385//6460
f 5384//6461 5382//6461 5383//6461
f 5384//6462 5381//6462 5382//6462
f 5399//6475 5398//6475 5400//6475
f 5398//6476 5397//6476 5400//6476
f 5397//6477 5396//6477 5400//6477
f 5396//6478 5399//6478 5400//6478
f 5399//6479 5397//6479 5398//6479
f 5399//6480 5396//6480 5397//6480
f 5414//6493 5413//6493 5415//6493
f 5413//6494 5412//6494 5415//6494
f 5412//6495 5411//6495 5415//6495
f 5411//6496 5414//6496 5415//6496
f 5414//6497 5412//6497 5413//6497
f 5414//6498 5411//6498 5412//6498
f 5429//6511 5428//6511 5430//6511
f 5428//6512 5427//6512 5430//6512
f 5427//6513 5426//6513 5430//6513
f 5426//6514 5429//6514 5430//6514
f 5429//6515 5427//6515 5428//6515
f 5429//6516 5426//6516 5427//6516
f 5444//6529 5443//6529 5445//6529
f 5443//6530 5442//6530 5445//6530
f 5442//6531 5441//6531 5445//6531
f 5441//6532 5444//6532 5445//6532
f 5444//6533 5442//6533 5443//6533
f 5444//6534 5441//6534 5442//6534
f 5459//6547 5458//6547 5460//6547
f 5458//6548 5457//6548 5460//6548
f 5457//6549 5456//6549 5460//6549
f 5456//6550 5459//6550 5460//6550
f 5459//6551 5457//6551 5458//6551
f 5459//6552 5456//6552 5457//6552
f 5474//6565 5473//6565 5475//6565
f 5473//6566 5472//6566 5475//6566
f 5472//6567 5471//6567 5475//6567
f 5471//6568 5474//6568 5475//6568
f 5474//6569 5472//6569 5473//6569
f 5474//6570 5471//6570 5472//6570
f 5489//6583 5488//6583 5490//6583
f 5488//6584 5487//6584 5490//6584
f 5487//6585 5486//6585 5490//6585
f 5486//6586 5489//6586 5490//6586
f 5489//6587 5487//6587 5488//6587
f 5489//6588 5486//6588 5487//6588
f 5504//6601 5503//6601 5505//6601
f 5503//6602 5502//6602 5505//6602
f 5502//6603 5501//6603 5505//6603
f 5501//6604 5504//6604 5505//6604
f 5504//6605 5502//6605 5503//6605
f 5504//6606 5501//6606 5502//6606
f 5519//6619 5518//6619 5520//6619
f 5518//6620 5517//6620 5520//6620
f 5517//6621 5516//6621 5520//6621
f 5516//6622 5519//6622 5520//6622
f 5519//6623 5517//6623 5518//6623
f 5519//6624 5516//6624 5517//6624
f 5534//6637 5533//6637 5535//6637
f 5533//6638 5532//6638 5535//6638
f 5532//6639 5531//6639 5535//6639
f 5531//6640 5534//6640 5535//6640
f 5534//6641 5532//6641 5533//6641
f 5534//6642 5531//6642 5532//6642
f 5549//6655 5548//6655 5550//6655
f 5548//6656 5547//6656 5550//6656
f 5547//6657 5546//6657 5550//6657
f 5546//6658 5549//6658 5550//6658
f 5549//6659 5547//6659 5548//6659
f 5549//6660 5546//6660 5547//6660
f 5564//6673 5563//6673 5565//6673
f 5563//6674 5562//6674 5565//6674
f 5562//6675 5561//6675 5565//6675
f 5561//6676 5564//6676 5565//6676
f 5564//6677 5562//6677 5563//6677
f 5564//6678 5561//6678 5562//6678
f 5579//6691 5578//6691 5580//6691
f 5578//6692 5577//6692 5580//6692
f 5577//6693 5576//6693 5580//6693
f 5576//6694 5579//6694 5580//6694
f 5579//6695 5577//6695 5578//6695
f 5579//6696 5576//6696 5577//6696
f 5594//6709 5593//6709 5595//6709
f 5593//6710 5592//6710 5595//6710
f 5592//6711 5591//6711 5595//6711
f 5591//6712 5594//6712 5595//6712
f 5594//6713 5592//6713 5593//6713
f 5594//6714 5591//6714 5592//6714
f 5609//6727 5608//6727 5610//6727
f 5608//6728 5607//6728 5610//6728
f 5607//6729 5606//6729 5610//6729
f 5606//6730 5609//6730 5610//6730
f 5609//6731 5607//6731 5608//6731
f 5609//6732 5606//6732 5607//6732
f 5624//6745 5623//6745 5625//6745
f 5623//6746 5622//6746 5625//6746
f 5622//6747 5621//6747 5625//6747
f 5621//6748 5624//6748 5625//6748
f 5624//6749 5622//6749 5623//6749
f 5624//6750 5621//6750 5622//6750
f 5639//6763 5638//6763 5640//6763
f 5638//6764 5637//6764 5640//6764
f 5637//6765 5636//6765 5640//6765
f 5636//6766 5639//6766 5640//6766
f 5639//6767 5637//6767 5638//6767
f 5639//6768 5636//6768 5637//6768
f 5654//6781 5653//6781 5655//6781
f 5653//6782 5652//6782 5655//6782
f 5652//6783 5651//6783 5655//6783
f 5651//6784 5654//6784 5655//6784
f 5654//6785 5652//6785 5653//6785
f 5654//6786 5651//6786 5652//6786
f 5669//6799 5668//6799 5670//6799
f 5668//6800 5667//6800 5670//6800
f 5667//6801 5666//6801 5670//6801
f 5666//6802 5669//6802 5670//6802
f 5669//6803 5667//6803 5668//6803
f 5669//6804 5666//6804 5667//6804
f 5684//6817 5683//6817 5685//6817
f 5683//6818 5682//6818 5685//6818
f 5682//6819 5681//6819 5685//6819
f 5681//6820 5684//6820 5685//6820
f 5684//6821 5682//6821 5683//6821
f 5684//6822 5681//6822 5682//6822
f 5699//6835 5698//6835 5700//6835
f 5698//6836 5697//6836 5700//6836
f 5697//6837 5696//6837 5700//6837
f 5696//6838 5699//6838 5700//6838
f 5699//6839 5697//6839 5698//6839
f 5699//6840 5696//6840 5697//6840
f 5714//6853 5713//6853 5715//6853
f 5713//6854 5712//6854 5715//6854
f 5712//6855 5711//6855 5715//6855
f 5711//6856 5714//6856 5715//6856
f 5714//6857 5712//6857 5713//6857
f 5714//6858 5711//6858 5712//6858
f 5729//6871 5728//6871 5730//6871
f 5728//6872 5727//6872 5730//6872
f 5727//6873 5726//6873 5730//6873
f 5726//6874 5729//6874 5730//6874
f 5729//6875 5727//6875 5728//6875
f 5729//6876 5726//6876 5727//6876
f 5744//6889 5743//6889 5745//6889
f 5743//6890 5742//6890 5745//6890
f 5742//6891 5741//6891 5745//6891
f 5741//6892 5744//6892 5745//6892
f 5744//6893 5742//6893 5743//6893
f 5744//6894 5741//6894 5742//6894
f 5759//6907 5758//6907 5760//6907
f 5758//6908 5757//6908 5760//6908
f 5757//6909 5756//6909 5760//6909
f 5756//6910 5759//6910 5760//6910
f 5759//6911 5757//6911 5758//6911
f 5759//6912 5756//6912 5757//6912
f 5774//6925 5773//6925 5775//6925
f 5773//6926 5772//6926 5775//6926
f 5772//6927 5771//6927 5775//6927
f 5771//6928 5774//6928 5775//6928
f 5774//6929 5772//6929 5773//6929
f 5774//6930 5771//6930 5772//6930
f 5789//6943 5788//6943 5790//6943
f 5788//6944 5787//6944 5790//6944
f 5787//6945 5786//6945 5790//6945
f 5786//6946 5789//6946 5790//6946
f 5789//6947 5787//6947 5788//6947
f 5789//6948 5786//6948 5787//6948
f 5804//6961 5803//6961 5805//6961
f 5803//6962 5802//6962 5805//6962
f 5802//6963 5801//6963 5805//6963
f 5801//6964 5804//6964 5805//6964
f 5804//6965 5802//6965 5803//6965
f 5804//6966 5801//6966 5802//6966
f 5819//6979 5818//6979 5820//6979
f 5818//6980 5817//6980 5820//6980
f 5817//6981 5816//6981 5820//6981
f 5816//6982 5819//6982 5820//6982
f 5819//6983 5817//6983 5818//6983
f 5819//6984 5816//6984 5817//6984
f 5834//6997 5833//6997 5835//6997
f 5833//6998 5832//6998 5835//6998
f 5832//6999 5831//6999 5835//6999
f 5831//7000 5834//7000 5835//7000
f 5834//7001 5832//7001 5833//7001
f 5834//7002 5831//7002 5832//7002
f 5849//7015 5848//7015 5850//7015
f 5848//7016 5847//7016 5850//7016
f 5847//7017 5846//7017 5850//7017
f 5846//7018 5849//7018 5850//7018
f 5849//7019 5847//7019 5848//7019
f 5849//7020 5846//7020 5847//7020
f 5864//7033 5863//7033 5865//7033
f 5863//7034 5862//7034 5865//7034
f 5862//7035 5861//7035 5865//7035
f 5861//7036 5864//7036 5865//7036
f 5864//7037 5862//7037 5863//7037
f 5864//7038 5861//7038 5862//7038
f 5879//7051 5878//7051 5880//7051
f 5878//7052 5877//7052 5880//7052
f 5877//7053 5876//7053 5880//7053
f 5876//7054 5879//7054 5880//7054
f 5879//7055 5877//7055 5878//7055
f 5879//7056 5876//7056 5877//7056
f 5894//7069 5893//7069 5895//7069
f 5893//7070 5892//7070 5895//7070
f 5892//7071 5891//7071 5895//7071
f 5891//7072 5894//7072 5895//7072
f 5894//7073 5892//7073 5893//7073
f 5894//7074 5891//7074 5892//7074
f 5909//7087 5908//7087 5910//7087
f 5908//7088 5907//7088 5910//7088
f 5907//7089 5906//7089 5910//7089
f 5906//7090 5909//7090 5910//7090
f 5909//7091 5907//7091 5908//7091
f 5909//7092 5906//7092 5907//7092
f 5924//7105 5923//7105 5925//7105
f 5923//7106 5922//7106 5925//7106
f 5922//7107 5921//7107 5925//7107
f 5921//7108 5924//7108 5925//7108
f 5924//7109 5922//7109 5923//7109
f 5924//7110 5921//7110 5922//7110
f 5939//7123 5938//7123 5940//7123
f 5938//7124 5937//7124 5940//7124
f 5937//7125 5936//7125 5940//7125
f 5936//7126 5939//7126 5940//7126
f 5939//7127 5937//7127 5938//7127
f 5939//7128 5936//7128 5937//7128
f 5954//7141 5953//7141 5955//7141
f 5953//7142 5952//7142 5955//7142
f 5952//7143 5951//7143 5955//7143
f 5951//7144 5954//7144 5955//7144
f 5954//7145 5952//7145 5953//7145
f 5954//7146 5951//7146 5952//7146
f 5969//7159 5968//7159 5970//7159
f 5968//7160 5967//7160 5970//7160
f 5967//7161 5966//7161 5970//7161
f 5966//7162 5969//7162 5970//7162
f 5969//7163 5967//7163 5968//7163
f 5969//7164 5966//7164 5967//7164
f 5984//7177 5983//7177 5985//7177
f 5983//7178 5982//7178 5985//7178
f 5982//7179 5981//7179 5985//7179
f 5981//7180 5984//7180 5985//7180
f 5984//7181 5982//7181 5983//7181
f 5984//7182 5981//7182 5982//7182
f 5999//7195 5998//7195 6000//7195
f 5998//7196 5997//7196 6000//7196
f 5997//7197 5996//7197 6000//7197
f 5996//7198 5999//7198 6000//7198
f 5999//7199 5997//7199 5998//7199
f 5999//7200 5996//7200 5997//7200
f 6014//7213 6013//7213 6015//7213
f 6013//7214 6012//7214 6015//7214
f 6012//7215 6011//7215 6015//7215
f 6011//7216 6014//7216 6015//7216
f 6014//7217 6012//7217 6013//7217
f 6014//7218 6011//7218 6012//7218
f 6029//7231 6028//7231 6030//7231
f 6028//7232 6027//7232 6030//7232
f 6027//7233 6026//7233 6030//7233
f 6026//7234 6029//7234 6030//7234
f 6029//7235 6027//7235 6028//7235
f 6029//7236 6026//7236 6027//7236
f 6044//7249 6043//7249 6045//7249
f 6043//7250 6042//7250 6045//7250
f 6042//7251 6041//7251 6045//7251
f 6041//7252 6044//7252 6045//7252
f 6044//7253 6042//7253 6043//7253
f 6044//7254 6041//7254 6042//7254
f 6059//7267 6058//7267 6060//7267
f 6058//7268 6057//7268 6060//7268
f 6057//7269 6056//7269 6060//7269
f 6056//7270 6059//7270 6060//7270
f 6059//7271 6057//7271 6058//7271
f 6059//7272 6056//7272 6057//7272
f 6074//7285 6073//7285 6075//7285
f 6073//7286 6072//7286 6075//7286
f 6072//7287 6071//7287 6075//7287
f 6071//7288 6074//7288 6075//7288
f 6074//7289 6072//7289 6073//7289
f 6074//7290 6071//7290 6072//7290
f 6089//7303 6088//7303 6090//7303
f 6088//7304 6087//7304 6090//7304
f 6087//7305 6086//7305 6090//7305
f 6086//7306 6089//7306 6090//7306
f 6089//7307 6087//7307 6088//7307
f 6089//7308 6086//7308 6087//7308
f 6104//7321 6103//7321 6105//7321
f 6103//7322 6102//7322 6105//7322
f 6102//7323 6101//7323 6105//7323
f 6101//7324 6104//7324 6105//7324
f 6104//7325 6102//7325 6103//7325
f 6104//7326 6101//7326 6102//7326
f 6119//7339 6118//7339 6120//7339
f 6118//7340 6117//7340 6120//7340
f 6117//7341 6116//7341 6120//7341
f 6116//7342 6119//7342 6120//7342
f 6119//7343 6117//7343 6118//7343
f 6119//7344 6116//7344 6117//7344
f 6134//7357 6133//7357 6135//7357
f 6133//7358 6132//7358 6135//7358
f 6132//7359 6131//7359 6135//7359
f 6131//7360 6134//7360 6135//7360
f 6134//7361 6132//7361 6133//7361
f 6134//7362 6131//7362 6132//7362
f 6149//7375 6148//7375 6150//7375
f 6148//7376 6147//7376 6150//7376
f 6147//7377 6146//7377 6150//7377
f 6146//7378 6149//7378 6150//7378
f 6149//7379 6147//7379 6148//7379
f 6149//7380 6146//7380 6147//7380
f 6164//7393 6163//7393 6165//7393
f 6163//7394 6162//7394 6165//7394
f 6162//7395 6161//7395 6165//7395
f 6161//7396 6164//7396 6165//7396
f 6164//7397 6162//7397 6163//7397
f 6164//7398 6161//7398 6162//7398
f 6179//7411 6178//7411 6180//7411
f 6178//7412 6177//7412 6180//7412
f 6177//7413 6176//7413 6180//7413
f 6176//7414 6179//7414 6180//7414
f 6179//7415 6177//7415 6178//7415
f 6179//7416 6176//7416 6177//7416
f 6194//7429 6193//7429 6195//7429
f 6193//7430 6192//7430 6195//7430
f 6192//7431 6191//7431 6195//7431
f 6191//7432 6194//7432 6195//7432
f 6194//7433 6192//7433 6193//7433
f 6194//7434 6191//7434 6192//7434
f 6209//7447 6208//7447 6210//7447
f 6208//7448 6207//7448 6210//7448
f 6207//7449 6206//7449 6210//7449
f 6206//7450 6209//7450 6210//7450
f 6209//7451 6207//7451 6208//7451
f 6209//7452 6206//7452 6207//7452
f 6224//7465 6223//7465 6225//7465
f 6223//7466 6222//7466 6225//7466
f 6222//7467 6221//7467 6225//7467
f 6221//7468 6224//7468 6225//7468
f 6224//7469 6222//7469 6223//7469
f 6224//7470 6221//7470 6222//7470
f 6239//7483 6238//7483 6240//7483
f 6238//7484 6237//7484 6240//7484
f 6237//7485 6236//7485 6240//7485
f 6236//7486 6239//7486 6240//7486
f 6239//7487 6237//7487 6238//7487
f 6239//7488 6236//7488 6237//7488
f 6254//7501 6253//7501 6255//7501
f 6253//7502 6252//7502 6255//7502
f 6252//7503 6251//7503 6255//7503
f 6251//7504 6254//7504 6255//7504
f 6254//7505 6252//7505 6253//7505
f 6254//7506 6251//7506 6252//7506
f 6269//7519 6268//7519 6270//7519
f 6268//7520 6267//7520 6270//7520
f 6267//7521 6266//7521 6270//7521
f 6266//7522 6269//7522 6270//7522
f 6269//7523 6267//7523 6268//7523
f 6269//7524 6266//7524 6267//7524
f 6284//7537 6283//7537 6285//7537
f 6283//7538 6282//7538 6285//7538
f 6282//7539 6281//7539 6285//7539
f 6281//7540 6284//7540 6285//7540
f 6284//7541 6282//7541 6283//7541
f 6284//7542 6281//7542 6282//7542
f 6299//7555 6298//7555 6300//7555
f 6298//7556 6297//7556 6300//7556
f 6297//7557 6296//7557 6300//7557
f 6296//7558 6299//7558 6300//7558
f 6299//7559 6297//7559 6298//7559
f 6299//7560 6296//7560 6297//7560
f 6314//7573 6313//7573 6315//7573
f 6313//7574 6312//7574 6315//7574
f 6312//7575 6311//7575 6315//7575
f 6311//7576 6314//7576 6315//7576
f 6314//7577 6312//7577 6313//7577
f 6314//7578 6311//7578 6312//7578
f 6329//7591 6328//7591 6330//7591
f 6328//7592 6327//7592 6330//7592
f 6327//7593 6326//7593 6330//7593
f 6326//7594 6329//7594 6330//7594
f 6329//7595 6327//7595 6328//7595
f 6329//7596 6326//7596 6327//7596
f 6344//7609 6343//7609 6345//7609
f 6343//7610 6342//7610 6345//7610
f 6342//7611 6341//7611 6345//7611
f 6341//7612 6344//7612 6345//7612
f 6344//7613 6342//7613 6343//7613
f 6344//7614 6341//7614 6342//7614
f 6359//7627 6358//7627 6360//7627
f 6358//7628 6357//7628 6360//7628
f 6357//7629 6356//7629 6360//7629
f 6356//7630 6359//7630 6360//7630
f 6359//7631 6357//7631 6358//7631
f 6359//7632 6356//7632 6357//7632
f 6374//7645 6373//7645 6375//7645
f 6373//7646 6372//7646 6375//7646
f 6372//7647 6371//7647 6375//7647
f 6371//7648 6374//7648 6375//7648
f 6374//7649 6372//7649 6373//7649
f 6374//7650 6371//7650 6372//7650
f 6389//7663 6388//7663 6390//7663
f 6388//7664 6387//7664 6390//7664
f 6387//7665 6386//7665 6390//7665
f 6386//7666 6389//7666 6390//7666
f 6389//7667 6387//7667 6388//7667
f 6389//7668 6386//7668 6387//7668
f 6404//7681 6403//7681 6405//7681
f 6403//7682 6402//7682 6405//7682
f 6402//7683 6401//7683 6405//7683
f 6401//7684 6404//7684 6405//7684
f 6404//7685 6402//7685 6403//7685
f 6404//7686 6401//7686 6402//7686
f 6419//7699 6418//7699 6420//7699
f 6418//7700 6417//7700 6420//7700
f 6417//7701 6416//7701 6420//7701
f 6416//7702 6419//7702 6420//7702
f 6419//7703 6417//7703 6418//7703
f 6419//7704 6416//7704 6417//7704
f 6434//7717 6433//7717 6435//7717
f 6433//7718 6432//7718 6435//7718
f 6432//7719 6431//7719 6435//7719
f 6431//7720 6434//7720 6435//7720
f 6434//7721 6432//7721 6433//7721
f 6434//7722 6431//7722 6432//7722
f 6449//7735 6448//7735 6450//7735
f 6448//7736 6447//7736 6450//7736
f 6447//7737 6446//7737 6450//7737
f 6446//7738 6449//7738 6450//7738
f 6449//7739 6447//7739 6448//7739
f 6449//7740 6446//7740 6447//7740
f 6464//7753 6463//7753 6465//7753
f 6463//7754 6462//7754 6465//7754
f 6462//7755 6461//7755 6465//7755
f 6461//7756 6464//7756 6465//7756
f 6464//7757 6462//7757 6463//7757
f 6464//7758 6461//7758 6462//7758
f 6479//7771 6478//7771 6480//7771
f 6478//7772 6477//7772 6480//7772
f 6477//7773 6476//7773 6480//7773
f 6476//7774 6479//7774 6480//7774
f 6479//7775 6477//7775 6478//7775
f 6479//7776 6476//7776 6477//7776
f 6494//7789 6493//7789 6495//7789
f 6493//7790 6492//7790 6495//7790
f 6492//7791 6491//7791 6495//7791
f 6491//7792 6494//7792 6495//7792
f 6494//7793 6492//7793 6493//7793
f 6494//7794 6491//7794 6492//7794
f 6509//7807 6508//7807 6510//7807
f 6508//7808 6507//7808 6510//7808
f 6507//7809 6506//7809 6510//7809
f 6506//7810 6509//7810 6510//7810
f 6509//7811 6507//7811 6508//7811
f 6509//7812 6506//7812 6507//7812
f 6524//7825 6523//7825 6525//7825
f 6523//7826 6522//7826 6525//7826
f 6522//7827 6521//7827 6525//7827
f 6521//7828 6524//7828 6525//7828
f 6524//7829 6522//7829 6523//7829
f 6524//7830 6521//7830 6522//7830
f 6539//7843 6538//7843 6540//7843
f 6538//7844 6537//7844 6540//7844
f 6537//7845 6536//7845 6540//7845
f 6536//7846 6539//7846 6540//7846
f 6539//7847 6537//7847 6538//7847
f 6539//7848 6536//7848 6537//7848
f 6554//7861 6553//7861 6555//7861
f 6553//7862 6552//7862 6555//7862
f 6552//7863 6551//7863 6555//7863
f 6551//7864 6554//7864 6555//7864
f 6554//7865 6552//7865 6553//7865
f 6554//7866 6551//7866 6552//7866
f 6569//7879 6568//7879 6570//7879
f 6568//7880 6567//7880 6570//7880
f 6567//7881 6566//7881 6570//7881
f 6566//7882 6569//7882 6570//7882
f 6569//7883 6567//7883 6568//7883
f 6569//7884 6566//7884 6567//7884
f 6584//7897 6583//7897 6585//7897
f 6583//7898 6582//7898 6585//7898
f 6582//7899 6581//7899 6585//7899
f 6581//7900 6584//7900 6585//7900
f 6584//7901 6582//7901 6583//7901
f 6584//7902 6581//7902 6582//7902
f 6599//7915 6598//7915 6600//7915
f 6598//7916 6597//7916 6600//7916
f 6597//7917 6596//7917 6600//7917
f 6596//7918 6599//7918 6600//7918
f 6599//7919 6597//7919 6598//7919
f 6599//7920 6596//7920 6597//7920
f 6614//7933 6613//7933 6615//7933
f 6613//7934 6612//7934 6615//7934
f 6612//7935 6611//7935 6615//7935
f 6611//7936 6614//7936 6615//7936
f 6614//7937 6612//7937 6613//7937
f 6614//7938 6611//7938 6612//7938
f 6629//7951 6628//7951 6630//7951
f 6628//7952 6627//7952 6630//7952
f 6627//7953 6626//7953 6630//7953
f 6626//7954 6629//7954 6630//7954
f 6629//7955 6627//7955 6628//7955
f 6629//7956 6626//7956 6627//7956
f 6644//7969 6643//7969 6645//7969
f 6643//7970 6642//7970 6645//7970
f 6642//7971 6641//7971 6645//7971
f 6641//7972 6644//7972 6645//7972
f 6644//7973 6642//7973 6643//7973
f 6644//7974 6641//7974 6642//7974
f 6659//7987 6658//7987 6660//7987
f 6658//7988 6657//7988 6660//7988
f 6657//7989 6656//7989 6660//7989
f 6656//7990 6659//7990 6660//7990
f 6659//7991 6657//7991 6658//7991
f 6659//7992 6656//7992 6657//7992
f 6674//8005 6673//8005 6675//8005
f 6673//8006 6672//8006 6675//8006
f 6672//8007 6671//8007 6675//8007
f 6671//8008 6674//8008 6675//8008
f 6674//8009 6672//8009 6673//8009
f 6674//8010 6671//8010 6672//8010
f 6689//8023 6688//8023 6690//8023
f 6688//8024 6687//8024 6690//8024
f 6687//8025 6686//8025 6690//8025
f 6686//8026 6689//8026 6690//8026
f 6689//8027 6687//8027 6688//8027
f 6689//8028 6686//8028 6687//8028
f 6704//8041 6703//8041 6705//8041
f 6703//8042 6702//8042 6705//8042
f 6702//8043 6701//8043 6705//8043
f 6701//8044 6704//8044 6705//8044
f 6704//8045 6702//8045 6703//8045
f 6704//8046 6701//8046 6702//8046
f 6719//8059 6718//8059 6720//8059
f 6718//8060 6717//8060 6720//8060
f 6717//8061 6716//8061 6720//8061
f 6716//8062 6719//8062 6720//8062
f 6719//8063 6717//8063 6718//8063
f 6719//8064 6716//8064 6717//8064
f 6734//8077 6733//8077 6735//8077
f 6733//8078 6732//8078 6735//8078
f 6732//8079 6731//8079 6735//8079
f 6731//8080 6734//8080 6735//8080
f 6734//8081 6732//8081 6733//8081
f 6734//8082 6731//8082 6732//8082
f 6749//8095 6748//8095 6750//8095
f 6748//8096 6747//8096 6750//8096
f 6747//8097 6746//8097 6750//8097
f 6746//8098 6749//8098 6750//8098
f 6749//8099 6747//8099 6748//8099
f 6749//8100 6746//8100 6747//8100
f 6764//8113 6763//8113 6765//8113
f 6763//8114 6762//8114 6765//8114
f 6762//8115 6761//8115 6765//8115
f 6761//8116 6764//8116 6765//8116
f 6764//8117 6762//8117 6763//8117
f 6764//8118 6761//8118 6762//8118
f 6779//8131 6778//8131 6780//8131
f 6778//8132 6777//8132 6780//8132
f 6777//8133 6776//8133 6780//8133
f 6776//8134 6779//8134 6780//8134
f 6779//8135 6777//8135 6778//8135
f 6779//8136 6776//8136 6777//8136
f 6794//8149 6793//8149 6795//8149
f 6793//8150 6792//8150 6795//8150
f 6792//8151 6791//8151 6795//8151
f 6791//8152 6794//8152 6795//8152
f 6794//8153 6792//8153 6793//8153
f 6794//8154 6791//8154 6792//8154
f 6809//8167 6808//8167 6810//8167
f 6808//8168 6807//8168 6810//8168
f 6807//8169 6806//8169 6810//8169
f 6806//8170 6809//8170 6810//8170
f 6809//8171 6807//8171 6808//8171
f 6809//8172 6806//8172 6807//8172
f 6824//8185 6823//8185 6825//8185
f 6823//8186 6822//8186 6825//8186
f 6822//8187 6821//8187 6825//8187
f 6821//8188 6824//8188 6825//8188
f 6824//8189 6822//8189 6823//8189
f 6824//8190 6821//8190 6822//8190
f 6839//8203 6838//8203 6840//8203
f 6838//8204 6837//8204 6840//8204
f 6837//8205 6836//8205 6840//8205
f 6836//8206 6839//8206 6840//8206
f 6839//8207 6837//8207 6838//8207
f 6839//8208 6836//8208 6837//8208
f 6854//8221 6853//8221 6855//8221
f 6853//8222 6852//8222 6855//8222
f 6852//8223 6851//8223 6855//8223
f 6851//8224 6854//8224 6855//8224
f 6854//8225 6852//8225 6853//8225
f 6854//8226 6851//8226 6852//8226
f 6869//8239 6868//8239 6870//8239
f 6868//8240 6867//8240 6870//8240
f 6867//8241 6866//8241 6870//8241
f 6866//8242 6869//8242 6870//8242
f 6869//8243 6867//8243 6868//8243
f 6869//8244 6866//8244 6867//8244
f 6884//8257 6883//8257 6885//8257
f 6883//8258 6882//8258 6885//8258
f 6882//8259 6881//8259 6885//8259
f 6881//8260 6884//8260 6885//8260
f 6884//8261 6882//8261 6883//8261
f 6884//8262 6881//8262 6882//8262
f 6899//8275 6898//8275 6900//8275
f 6898//8276 6897//8276 6900//8276
f 6897//8277 6896//8277 6900//8277
f 6896//8278 6899//8278 6900//8278
f 6899//8279 6897//8279 6898//8279
f 6899//8280 6896//8280 6897//8280
f 6914//8293 6913//8293 6915//8293
f 6913//8294 6912//8294 6915//8294
f 6912//8295 6911//8295 6915//8295
f 6911//8296 6914//8296 6915//8296
f 6914//8297 6912//8297 6913//8297
f 6914//8298 6911//8298 6912//8298
f 6929//8311 6928//8311 6930//8311
f 6928//8312 6927//8312 6930//8312
f 6927//8313 6926//8313 6930//8313
f 6926//8314 6929//8314 6930//8314
f 6929//8315 6927//8315 6928//8315
f 6929//8316 6926//8316 6927//8316
f 6944//8329 6943//8329 6945//8329
f 6943//8330 6942//8330 6945//8330
f 6942//8331 6941//8331 6945//8331
f 6941//8332 6944//8332 6945//8332
f 6944//8333 6942//8333 6943//8333
f 6944//8334 6941//8334 6942//8334
f 6959//8347 6958//8347 6960//8347
f 6958//8348 6957//8348 6960//8348
f 6957//8349 6956//8349 6960//8349
f 6956//8350 6959//8350 6960//8350
f 6959//8351 6957//8351 6958//8351
f 6959//8352 6956//8352 6957//8352
f 6974//8365 6973//8365 6975//8365
f 6973//8366 6972//8366 6975//8366
f 6972//8367 6971//8367 6975//8367
f 6971//8368 6974//8368 6975//8368
f 6974//8369 6972//8369 6973//8369
f 6974//8370 6971//8370 6972//8370
f 6989//8383 6988//8383 6990//8383
f 6988//8384 6987//8384 6990//8384
f 6987//8385 6986//8385 6990//8385
f 6986//8386 6989//8386 6990//8386
f 6989//8387 6987//8387 6988//8387
f 6989//8388 6986//8388 6987//8388
f 7004//8401 7003//8401 7005//8401
f 7003//8402 7002//8402 7005//8402
f 7002//8403 7001//8403 7005//8403
f 7001//8404 7004//8404 7005//8404
f 7004//8405 7002//8405 7003//8405
f 7004//8406 7001//8406 7002//8406
f 7019//8419 7018//8419 7020//8419
f 7018//8420 7017//8420 7020//8420
f 7017//8421 7016//8421 7020//8421
f 7016//8422 7019//8422 7020//8422
f 7019//8423 7017//8423 7018//8423
f 7019//8424 7016//8424 7017//8424
f 7034//8437 7033//8437 7035//8437
f 7033//8438 7032//8438 7035//8438
f 7032//8439 7031//8439 7035//8439
f 7031//8440 7034//8440 7035//8440
f 7034//8441 7032//8441 7033//8441
f 7034//8442 7031//8442 7032//8442
f 7049//8455 7048//8455 7050//8455
f 7048//8456 7047//8456 7050//8456
f 7047//8457 7046//8457 7050//8457
f 7046//8458 7049//8458 7050//8458
f 7049//8459 7047//8459 7048//8459
f 7049//8460 7046//8460 7047//8460
f 7064//8473 7063//8473 7065//8473
f 7063//8474 7062//8474 7065//8474
f 7062//8475 7061//8475 7065//8475
f 7061//8476 7064//8476 7065//8476
f 7064//8477 7062//8477 7063//8477
f 7064//8478 7061//8478 7062//8478
