# Batched NOMAD visual-only instances: 51
mtllib ../models/grass_clump.mtl
o path_grass
s off
v 6.34266226 -0.34824536 2.42613902
v 6.36853065 -0.29039153 2.42613902
v 6.38410668 -0.29735609 2.42613902
v 6.35823829 -0.35520993 2.42613902
v 6.59146208 -0.42478189 4.35847619
v 6.36918408 -0.26686631 2.42613902
v 6.34656695 -0.20766576 2.42613902
v 6.36250557 -0.20157653 2.42613902
v 6.38512269 -0.26077708 2.42613902
v 6.53661565 -0.16897972 4.61086309
v 6.33039416 -0.19056887 2.42613902
v 6.27254033 -0.16470048 2.42613902
v 6.27950490 -0.14912445 2.42613902
v 6.33735873 -0.17499284 2.42613902
v 6.40693069 0.05823095 4.86324998
v 6.24901511 -0.16404706 2.42613902
v 6.18981456 -0.18666418 2.42613902
v 6.18372533 -0.17072556 2.42613902
v 6.24292588 -0.14810844 2.42613902
v 6.15112852 0.00338452 4.35847619
v 6.17271767 -0.20283697 2.42613902
v 6.14684928 -0.26069080 2.42613902
v 6.13127325 -0.25372624 2.42613902
v 6.15714164 -0.19587240 2.42613902
v 5.92391785 -0.12630044 4.61086309
v 6.14619586 -0.28421602 2.42613902
v 6.16881298 -0.34341657 2.42613902
v 6.15287436 -0.34950580 2.42613902
v 6.13025724 -0.29030525 2.42613902
v 5.97876428 -0.38210261 4.86324998
v 6.18498577 -0.36051346 2.42613902
v 6.24283960 -0.38638185 2.42613902
v 6.23587504 -0.40195788 2.42613902
v 6.17802120 -0.37608949 2.42613902
v 6.10844924 -0.60931328 4.35847619
v 6.26636482 -0.38703527 2.42613902
v 6.32556537 -0.36441815 2.42613902
v 6.33165460 -0.38035677 2.42613902
v 6.27245405 -0.40297389 2.42613902
v 6.36425141 -0.55446685 4.61086309
v 6.24694899 -0.30654876 2.42613902
v 6.25141111 -0.24333223 2.42613902
v 6.26843094 -0.24453357 2.42613902
v 6.26396882 -0.30775010 2.42613902
v 6.31239657 -0.27940261 5.18662069
v 5.76529696 -0.16181387 2.47660637
v 5.77635030 -0.21864673 2.47660637
v 5.76104915 -0.22162263 2.47660637
v 5.74999581 -0.16478977 2.47660637
v 5.53912043 -0.23529391 4.34726864
v 5.78821922 -0.23657464 2.47660637
v 5.83622201 -0.26894565 2.47660637
v 5.82750673 -0.28186948 2.47660637
v 5.77950394 -0.24949847 2.47660637
v 5.71448506 -0.39769165 4.59160004
v 5.85729154 -0.27323001 2.47660637
v 5.91412440 -0.26217667 2.47660637
v 5.91710030 -0.27747783 2.47660637
v 5.86026744 -0.28853116 2.47660637
v 5.93077158 -0.49940655 4.83593144
v 5.93205231 -0.25030776 2.47660637
v 5.96442332 -0.20230497 2.47660637
v 5.97734716 -0.21102024 2.47660637
v 5.94497615 -0.25902303 2.47660637
v 6.09316932 -0.32404192 4.34726864
v 5.96870768 -0.18123543 2.47660637
v 5.95765434 -0.12440257 2.47660637
v 5.97295550 -0.12142667 2.47660637
v 5.98400884 -0.17825953 2.47660637
v 6.19488422 -0.10775539 4.59160004
v 5.94578543 -0.10647466 2.47660637
v 5.89778264 -0.07410365 2.47660637
v 5.90649792 -0.06117982 2.47660637
v 5.95450070 -0.09355083 2.47660637
v 6.01951959 0.05464235 4.83593144
v 5.87671310 -0.06981929 2.47660637
v 5.81988024 -0.08087263 2.47660637
v 5.81690434 -0.06557148 2.47660637
v 5.87373721 -0.05451814 2.47660637
v 5.80323306 0.15635724 4.34726864
v 5.80195233 -0.09274155 2.47660637
v 5.76958133 -0.14074434 2.47660637
v 5.75665749 -0.13202906 2.47660637
v 5.78902850 -0.08402627 2.47660637
v 5.64083532 -0.01900739 4.59160004
v 5.85874332 -0.14270500 2.47660637
v 5.88861439 -0.19230209 2.47660637
v 5.87526132 -0.20034430 2.47660637
v 5.84539026 -0.15074721 2.47660637
v 5.82408178 -0.19737461 5.14898104
v 5.46974612 -0.00862739 2.51003180
v 5.41020234 0.00950381 2.51003180
v 5.41508381 0.02553482 2.51003180
v 5.47462759 0.00740363 2.51003180
v 5.51389372 0.24319363 4.02070126
v 5.38719687 0.00726252 2.51003180
v 5.33227236 -0.02202059 2.51003180
v 5.32438844 -0.00723322 2.51003180
v 5.37931294 0.02204990 2.51003180
v 5.27132212 0.15845072 4.21801319
v 5.31758986 -0.03987274 2.51003180
v 5.29945866 -0.09941652 2.51003180
v 5.28342764 -0.09453504 2.51003180
v 5.30155884 -0.03499126 2.51003180
v 5.06576884 0.00427487 4.41532512
v 5.30169994 -0.12242199 2.51003180
v 5.33098306 -0.17734649 2.51003180
v 5.31619569 -0.18523041 2.51003180
v 5.28691257 -0.13030591 2.51003180
v 5.15051175 -0.23829674 4.02070126
v 5.34883521 -0.19202900 2.51003180
v 5.40837899 -0.21016019 2.51003180
v 5.40349751 -0.22619121 2.51003180
v 5.34395373 -0.20806001 2.51003180
v 5.30468760 -0.44385001 4.21801319
v 5.43138446 -0.20791891 2.51003180
v 5.48630896 -0.17863579 2.51003180
v 5.49419288 -0.19342317 2.51003180
v 5.43926838 -0.22270629 2.51003180
v 5.54725921 -0.35910711 4.41532512
v 5.50099146 -0.16078365 2.51003180
v 5.51912266 -0.10123987 2.51003180
v 5.53515368 -0.10612134 2.51003180
v 5.51702248 -0.16566513 2.51003180
v 5.75281248 -0.20493125 4.02070126
v 5.51688138 -0.07823440 2.51003180
v 5.48759826 -0.02330990 2.51003180
v 5.50238564 -0.01542597 2.51003180
v 5.53166875 -0.07035048 2.51003180
v 5.66806958 0.03764035 4.21801319
v 5.44082188 -0.10700193 2.51003180
v 5.37867092 -0.11038740 2.51003180
v 5.37775944 -0.09365445 2.51003180
v 5.43991040 -0.09026898 2.51003180
v 5.40636092 -0.04654372 4.66813103
v 5.09067988 0.19785384 2.57799701
v 5.02266583 0.19983875 2.57799701
v 5.02320023 0.21815022 2.57799701
v 5.09121428 0.21616532 2.57799701
v 5.06476517 0.47613434 4.24907147
v 4.99904889 0.19085413 2.57799701
v 4.94955215 0.14416448 2.57799701
v 4.93698185 0.15749053 2.57799701
v 4.98647859 0.20418018 2.57799701
v 4.83333368 0.31695138 4.46733426
v 4.93920553 0.12111170 2.57799701
v 4.93722062 0.05309765 2.57799701
v 4.91890915 0.05363205 2.57799701
v 4.92089406 0.12164610 2.57799701
v 4.66092503 0.09519699 4.68559704
v 4.94620524 0.02948071 2.57799701
v 4.99289489 -0.02001603 2.57799701
v 4.97956884 -0.03258633 2.57799701
v 4.93287919 0.01691041 2.57799701
v 4.82010799 -0.13623450 4.24907147
v 5.01594768 -0.03036265 2.57799701
v 5.08396173 -0.03234756 2.57799701
v 5.08342733 -0.05065903 2.57799701
v 5.01541328 -0.04867412 2.57799701
v 5.04186238 -0.30864315 4.46733426
v 5.10757867 -0.02336294 2.57799701
v 5.15707540 0.02332671 2.57799701
v 5.16964570 0.01000066 2.57799701
v 5.12014896 -0.03668899 2.57799701
v 5.27329387 -0.14946019 4.68559704
v 5.16742202 0.04637950 2.57799701
v 5.16940693 0.11439354 2.57799701
v 5.18771840 0.11385915 2.57799701
v 5.18573350 0.04584510 2.57799701
v 5.44570252 0.07229420 4.24907147
v 5.16042231 0.13801049 2.57799701
v 5.11373266 0.18750722 2.57799701
v 5.12705871 0.20007752 2.57799701
v 5.17374836 0.15058078 2.57799701
v 5.28651956 0.30372569 4.46733426
v 5.08848785 0.08578197 2.57799701
v 5.02391667 0.06432468 2.57799701
v 5.01813971 0.08170922 2.57799701
v 5.08271088 0.10316651 2.57799701
v 5.03474496 0.13962448 4.96524624
v 4.49521926 0.22465623 2.59661139
v 4.45972063 0.18528123 2.59661139
v 4.44911967 0.19483855 2.59661139
v 4.48461829 0.23421355 2.59661139
v 4.31694109 0.34969388 4.34879211
v 4.45313712 0.16672732 2.59661139
v 4.45587813 0.11378368 2.59661139
v 4.44162407 0.11304571 2.59661139
v 4.43888305 0.16598936 2.59661139
v 4.29465854 0.13197975 4.57764837
v 4.46434247 0.09600883 2.59661139
v 4.50371747 0.06051021 2.59661139
v 4.49416015 0.04990925 2.59661139
v 4.45478515 0.08540787 2.59661139
v 4.33930482 -0.08226933 4.80650463
v 4.52227138 0.05392669 2.59661139
v 4.57521502 0.05666771 2.59661139
v 4.57595299 0.04241364 2.59661139
v 4.52300935 0.03967263 2.59661139
v 4.55701896 -0.10455189 4.34879211
v 4.59298987 0.06513205 2.59661139
v 4.62848849 0.10450705 2.59661139
v 4.63908945 0.09494973 2.59661139
v 4.60359083 0.05557473 2.59661139
v 4.77126803 -0.05990560 4.57764837
v 4.63507201 0.12306096 2.59661139
v 4.63233099 0.17600460 2.59661139
v 4.64658506 0.17674257 2.59661139
v 4.64932607 0.12379892 2.59661139
v 4.79355059 0.15780853 4.80650463
v 4.62386665 0.19377945 2.59661139
v 4.58449165 0.22927807 2.59661139
v 4.59404897 0.23987903 2.59661139
v 4.63342398 0.20438041 2.59661139
v 4.74890430 0.37205761 4.34879211
v 4.56593774 0.23586158 2.59661139
v 4.51299410 0.23312057 2.59661139
v 4.51225614 0.24737464 2.59661139
v 4.56519978 0.25011565 2.59661139
v 4.53119017 0.39434017 4.57764837
v 4.56064471 0.16680282 2.59661139
v 4.54079986 0.11764262 2.59661139
v 4.52756442 0.12298546 2.59661139
v 4.54740926 0.17214566 2.59661139
v 4.50156208 0.16206755 5.09972671
v 4.02829449 0.36822281 2.63713471
v 3.98356822 0.32010207 2.63713471
v 3.97061264 0.33214376 2.63713471
v 4.01533890 0.38026449 2.63713471
v 3.80974681 0.52650799 4.56216250
v 3.97506168 0.29723624 2.63713471
v 3.97746193 0.23158350 2.63713471
v 3.95978618 0.23093727 2.63713471
v 3.95738593 0.29659002 2.63713471
v 3.77804101 0.25716295 4.81359470
v 3.98761547 0.20939987 2.63713471
v 4.03573621 0.16467361 2.63713471
v 4.02369452 0.15171802 2.63713471
v 3.97557378 0.19644429 2.63713471
v 3.82933029 -0.00914780 5.06502690
v 4.05860204 0.15616706 2.63713471
v 4.12425478 0.15856732 2.63713471
v 4.12490101 0.14089157 2.63713471
v 4.05924826 0.13849131 2.63713471
v 4.09867533 -0.04085360 4.56216250
v 4.14643841 0.16872086 2.63713471
v 4.19116467 0.21684160 2.63713471
v 4.20412026 0.20479991 2.63713471
v 4.15939399 0.15667917 2.63713471
v 4.36498608 0.01043568 4.81359470
v 4.19967122 0.23970743 2.63713471
v 4.19727096 0.30536017 2.63713471
v 4.21494671 0.30600639 2.63713471
v 4.21734696 0.24035365 2.63713471
v 4.39669188 0.27978072 5.06502690
v 4.18711742 0.32754379 2.63713471
v 4.13899668 0.37227006 2.63713471
v 4.15103837 0.38522564 2.63713471
v 4.19915911 0.34049938 2.63713471
v 4.34540260 0.54609147 4.56216250
v 4.11613085 0.38077660 2.63713471
v 4.05047811 0.37837635 2.63713471
v 4.04983189 0.39605210 2.63713471
v 4.11548463 0.39845235 2.63713471
v 4.07605756 0.57779727 4.81359470
v 4.10827312 0.29530716 2.63713471
v 4.08275897 0.23476731 2.63713471
v 4.06645977 0.24163651 2.63713471
v 4.09197393 0.30217635 2.63713471
v 4.03497620 0.29055138 5.38717440
v 3.69762410 0.36185780 2.69800896
v 3.75750793 0.34183581 2.69800896
v 3.75211740 0.32571324 2.69800896
v 3.69223356 0.34573523 2.69800896
v 3.64593790 0.10770501 4.31413674
v 3.78089878 0.34347671 2.69800896
v 3.83740072 0.37166329 2.69800896
v 3.84498942 0.35645121 2.69800896
v 3.78848747 0.32826464 2.69800896
v 3.89425154 0.18697757 4.52522282
v 3.85278026 0.38936339 2.69800896
v 3.87280225 0.44924723 2.69800896
v 3.88892482 0.44385669 2.69800896
v 3.86890283 0.38397286 2.69800896
v 4.10693305 0.33767720 4.73630890
v 3.87116136 0.47263807 2.69800896
v 3.84297478 0.52914002 2.69800896
v 3.85818685 0.53672872 2.69800896
v 3.88637343 0.48022677 2.69800896
v 4.02766050 0.58599084 4.31413674
v 3.82527467 0.54451956 2.69800896
v 3.76539083 0.56454155 2.69800896
v 3.77078137 0.58066412 2.69800896
v 3.83066520 0.56064213 2.69800896
v 3.87696086 0.79867235 4.52522282
v 3.74199999 0.56290065 2.69800896
v 3.68549804 0.53471407 2.69800896
v 3.67790934 0.54992615 2.69800896
v 3.73441129 0.57811273 2.69800896
v 3.62864722 0.71939979 4.73630890
v 3.67011850 0.51701397 2.69800896
v 3.65009651 0.45713013 2.69800896
v 3.63397394 0.46252067 2.69800896
v 3.65399593 0.52240450 2.69800896
v 3.41596571 0.56870016 4.31413674
v 3.65173741 0.43373929 2.69800896
v 3.67992399 0.37723734 2.69800896
v 3.66471192 0.36964864 2.69800896
v 3.63652534 0.42615059 2.69800896
v 3.49523827 0.32038652 4.52522282
v 3.72965767 0.46082248 2.69800896
v 3.79277642 0.46254839 2.69800896
v 3.79324109 0.44555488 2.69800896
v 3.73012234 0.44382897 2.69800896
v 3.76294297 0.39856670 5.00676293
v 3.15478705 0.55118672 2.75721309
v 3.19749595 0.50914216 2.75721309
v 3.18617626 0.49764361 2.75721309
v 3.14346736 0.53968817 2.75721309
v 3.00472905 0.35604354 4.53585311
v 3.21812394 0.50078659 2.75721309
v 3.27805368 0.50125635 2.75721309
v 3.27818016 0.48512141 2.75721309
v 3.21825041 0.48465165 2.75721309
v 3.24950712 0.32007973 4.76816528
v 3.29854815 0.50993426 2.75721309
v 3.34059272 0.55264316 2.75721309
v 3.35209127 0.54132347 2.75721309
v 3.31004671 0.49861457 2.75721309
v 3.49369134 0.35987626 5.00047745
v 3.34894828 0.57327115 2.75721309
v 3.34847853 0.63320089 2.75721309
v 3.36461347 0.63332737 2.75721309
v 3.36508323 0.57339762 2.75721309
v 3.52965515 0.60465433 4.53585311
v 3.33980062 0.65369536 2.75721309
v 3.29709172 0.69573993 2.75721309
v 3.30841141 0.70723848 2.75721309
v 3.35112031 0.66519392 2.75721309
v 3.48985861 0.84883855 4.76816528
v 3.27646373 0.70409549 2.75721309
v 3.21653399 0.70362574 2.75721309
v 3.21640751 0.71976068 2.75721309
v 3.27633726 0.72023043 2.75721309
v 3.24508055 0.88480236 5.00047745
v 3.19603951 0.69494783 2.75721309
v 3.15399495 0.65223893 2.75721309
v 3.14249640 0.66355862 2.75721309
v 3.18454096 0.70626752 2.75721309
v 3.00089633 0.84500582 4.53585311
v 3.14563938 0.63161094 2.75721309
v 3.14610914 0.57168120 2.75721309
v 3.12997420 0.57155472 2.75721309
v 3.12950444 0.63148447 2.75721309
v 2.96493252 0.60022776 4.76816528
v 3.22337084 0.62220787 2.75721309
v 3.27790741 0.59735714 2.75721309
v 3.27121683 0.58267421 2.75721309
v 3.21668026 0.60752495 2.75721309
v 3.22578840 0.55524594 5.29812741
v 2.72477609 0.66044759 2.78280245
v 2.70625667 0.60867043 2.78280245
v 2.69231667 0.61365642 2.78280245
v 2.71083608 0.66543358 2.78280245
v 2.50442489 0.71006123 4.32458130
v 2.70726103 0.58827443 2.78280245
v 2.73077780 0.53856725 2.78280245
v 2.71739509 0.53223581 2.78280245
v 2.69387832 0.58194299 2.78280245
v 2.56894196 0.49241826 4.52595650
v 2.74591014 0.52485529 2.78280245
v 2.79768729 0.50633587 2.78280245
v 2.79270130 0.49239587 2.78280245
v 2.74092414 0.51091528 2.78280245
v 2.69629649 0.30450409 4.72733169
v 2.81808329 0.50734023 2.78280245
v 2.86779047 0.53085700 2.78280245
v 2.87412192 0.51747429 2.78280245
v 2.82441474 0.49395752 2.78280245
v 2.91393946 0.36902116 4.32458130
v 2.88150244 0.54598934 2.78280245
v 2.90002185 0.59776649 2.78280245
v 2.91396186 0.59278050 2.78280245
v 2.89544244 0.54100334 2.78280245
v 3.10185363 0.49637569 4.52595650
v 2.89901749 0.61816249 2.78280245
v 2.87550072 0.66786967 2.78280245
v 2.88888343 0.67420111 2.78280245
v 2.91240020 0.62449394 2.78280245
v 3.03733656 0.71401866 4.72733169
v 2.86036839 0.68158164 2.78280245
v 2.80859123 0.70010105 2.78280245
v 2.81357722 0.71404105 2.78280245
v 2.86535438 0.69552164 2.78280245
v 2.90998203 0.90193283 4.32458130
v 2.78819523 0.69909669 2.78280245
v 2.73848805 0.67557992 2.78280245
v 2.73215661 0.68896263 2.78280245
v 2.78186379 0.71247940 2.78280245
v 2.69233906 0.83741576 4.52595650
v 2.81036272 0.63076077 2.78280245
v 2.81072035 0.57577244 2.78280245
v 2.79591580 0.57567616 2.78280245
v 2.79555817 0.63066448 2.78280245
v 2.75555322 0.60290896 4.98534367
v 2.32968737 0.82662690 2.86137936
v 2.30418243 0.77252185 2.86137936
v 2.28961569 0.77938857 2.86137936
v 2.31512062 0.83349362 2.86137936
v 2.09635277 0.90355603 4.66081933
v 2.30312096 0.75033445 2.86137936
v 2.32334429 0.69404170 2.86137936
v 2.30818854 0.68859695 2.86137936
v 2.28796521 0.74488971 2.86137936
v 2.14327179 0.66112916 4.89584822
v 2.33828257 0.67760226 2.86137936
v 2.39238762 0.65209732 2.86137936
v 2.38552091 0.63753058 2.86137936
v 2.33141586 0.66303551 2.86137936
v 2.26135344 0.44426766 5.13087711
v 2.41457502 0.65103585 2.86137936
v 2.47086778 0.67125918 2.86137936
v 2.47631253 0.65610343 2.86137936
v 2.42001977 0.63588010 2.86137936
v 2.50378032 0.49118668 4.66081933
v 2.48730722 0.68619746 2.86137936
v 2.51281215 0.74030251 2.86137936
v 2.52737890 0.73343580 2.86137936
v 2.50187396 0.67933075 2.86137936
v 2.72064182 0.60926833 4.89584822
v 2.51387363 0.76248991 2.86137936
v 2.49365029 0.81878267 2.86137936
v 2.50880605 0.82422741 2.86137936
v 2.52902938 0.76793466 2.86137936
v 2.67372280 0.85169521 5.13087711
v 2.47871202 0.83522211 2.86137936
v 2.42460696 0.86072704 2.86137936
v 2.43147368 0.87529379 2.86137936
v 2.48557873 0.84978885 2.86137936
v 2.55564114 1.06855671 4.66081933
v 2.40241956 0.86178852 2.86137936
v 2.34612681 0.84156518 2.86137936
v 2.34068206 0.85672093 2.86137936
v 2.39697482 0.87694427 2.86137936
v 2.31321427 1.02163769 4.89584822
v 2.41921946 0.78546963 2.86137936
v 2.41381331 0.72589923 2.86137936
v 2.39777513 0.72735473 2.86137936
v 2.40318127 0.78692513 2.86137936
v 2.35694599 0.76109057 5.43200788
v 2.06680310 1.07255913 2.95765831
v 2.00231633 1.06585931 2.95765831
v 2.00051253 1.08322113 2.95765831
v 2.06499930 1.08992095 2.95765831
v 2.00724505 1.33211682 4.60812514
v 1.98114376 1.05439632 2.95765831
v 1.94028223 1.00405980 2.95765831
v 1.92673008 1.01506099 2.95765831
v 1.96759162 1.06539751 2.95765831
v 1.80873542 1.15259849 4.82369632
v 1.93341651 0.98098299 2.95765831
v 1.94011633 0.91649622 2.95765831
v 1.92275451 0.91469242 2.95765831
v 1.91605469 0.97917919 2.95765831
v 1.67385882 0.92142494 5.03926750
v 1.95157932 0.89532365 2.95765831
v 2.00191584 0.85446211 2.95765831
v 1.99091465 0.84090996 2.95765831
v 1.94057813 0.88177150 2.95765831
v 1.85337715 0.72291530 4.60812514
v 2.02499265 0.84759639 2.95765831
v 2.08947942 0.85429622 2.95765831
v 2.09128322 0.83693439 2.95765831
v 2.02679645 0.83023457 2.95765831
v 2.08455070 0.58803871 4.82369632
v 2.11065199 0.86575920 2.95765831
v 2.15151353 0.91609572 2.95765831
v 2.16506568 0.90509453 2.95765831
v 2.12420414 0.85475801 2.95765831
v 2.28306034 0.76755704 5.03926750
v 2.15837924 0.93917254 2.95765831
v 2.15167942 1.00365931 2.95765831
v 2.16904124 1.00546311 2.95765831
v 2.17574107 0.94097634 2.95765831
v 2.41793693 0.99873059 4.60812514
v 2.14021644 1.02483187 2.95765831
v 2.08987992 1.06569341 2.95765831
v 2.10088111 1.07924556 2.95765831
v 2.15121763 1.03838402 2.95765831
v 2.23841860 1.19724022 4.82369632
v 2.07886165 0.96643541 2.95765831
v 2.02058188 0.93802941 2.95765831
v 2.01293411 0.95372012 2.95765831
v 2.07121388 0.98212611 2.95765831
v 2.02131576 1.01051216 5.31546807
v 1.39515521 1.10576230 3.03909232
v 1.37331027 1.04448011 3.03909232
v 1.35681122 1.05036144 3.03909232
v 1.37865615 1.11164363 3.03909232
v 1.13438997 1.16418131 4.61822273
v 1.37452446 1.02035044 3.03909232
v 1.40241081 0.96157070 3.03909232
v 1.38658549 0.95406283 3.03909232
v 1.35869914 1.01284258 3.03909232
v 1.21099800 0.90676524 4.82447650
v 1.42033162 0.94536700 3.03909232
v 1.48161381 0.92352207 3.03909232
v 1.47573248 0.90702302 3.03909232
v 1.41445029 0.92886795 3.03909232
v 1.36191260 0.68460176 5.03073026
v 1.50574347 0.92473626 3.03909232
v 1.56452322 0.95262261 3.03909232
v 1.57203109 0.93679728 3.03909232
v 1.51325134 0.90891093 3.03909232
v 1.61932868 0.76120980 4.61822273
v 1.58072691 0.97054341 3.03909232
v 1.60257185 1.03182560 3.03909232
v 1.61907090 1.02594428 3.03909232
v 1.59722597 0.96466209 3.03909232
v 1.84149215 0.91212440 4.82447650
v 1.60135766 1.05595527 3.03909232
v 1.57347131 1.11473502 3.03909232
v 1.58929663 1.12224288 3.03909232
v 1.61718298 1.06346314 3.03909232
v 1.76488412 1.16954047 5.03073026
v 1.55555050 1.13093871 3.03909232
v 1.49426831 1.15278364 3.03909232
v 1.50014964 1.16928269 3.03909232
v 1.56143183 1.14743776 3.03909232
v 1.61396952 1.39170395 4.61822273
v 1.47013865 1.15156945 3.03909232
v 1.41135890 1.12368310 3.03909232
v 1.40385103 1.13950843 3.03909232
v 1.46263078 1.16739478 3.03909232
v 1.35655344 1.31509592 4.82447650
v 1.49645230 1.07074792 3.03909232
v 1.49694528 1.00569052 3.03909232
v 1.47942982 1.00555779 3.03909232
v 1.47893684 1.07061519 3.03909232
v 1.43164139 1.03772623 5.29499290
v 0.99846232 1.25726528 3.12048494
v 0.96699571 1.20757186 3.12048494
v 0.95361671 1.21604364 3.12048494
v 0.98508332 1.26573706 3.12048494
v 0.78013274 1.36070551 4.91429277
v 0.96326191 1.18605081 3.12048494
v 0.97615022 1.12866200 3.12048494
v 0.96069937 1.12519207 3.12048494
v 0.94781107 1.18258088 3.12048494
v 0.79643600 1.11844363 5.14858604
v 0.98872769 1.11080412 3.12048494
v 1.03842112 1.07933751 3.12048494
v 1.02994934 1.06595851 3.12048494
v 0.98025591 1.09742512 3.12048494
v 0.88528746 0.89247454 5.38287930
v 1.05994216 1.07560371 3.12048494
v 1.11733097 1.08849202 3.12048494
v 1.12080090 1.07304117 3.12048494
v 1.06341210 1.06015287 3.12048494
v 1.12754934 0.90877780 4.91429277
v 1.13518885 1.10106949 3.12048494
v 1.16665546 1.15076292 3.12048494
v 1.18003446 1.14229114 3.12048494
v 1.14856785 1.09259771 3.12048494
v 1.35351844 0.99762926 5.14858604
v 1.17038927 1.17228397 3.12048494
v 1.15750096 1.22967277 3.12048494
v 1.17295180 1.23314270 3.12048494
v 1.18584011 1.17575390 3.12048494
v 1.33721518 1.23989114 5.38287930
v 1.14492348 1.24753065 3.12048494
v 1.09523006 1.27899726 3.12048494
v 1.10370184 1.29237626 3.12048494
v 1.15339526 1.26090965 3.12048494
v 1.24836371 1.46586024 4.91429277
v 1.07370901 1.28273107 3.12048494
v 1.01632020 1.26984276 3.12048494
v 1.01285027 1.28529360 3.12048494
v 1.07023908 1.29818191 3.12048494
v 1.00610183 1.44955698 5.14858604
v 1.08082156 1.20621737 3.12048494
v 1.06830244 1.14874688 3.12048494
v 1.05282962 1.15211741 3.12048494
v 1.06534873 1.20958790 3.12048494
v 1.01709152 1.19000123 5.68306755
v 0.71641458 1.25927112 3.19262638
v 0.76733833 1.24855284 3.19262638
v 0.76445264 1.23484260 3.19262638
v 0.71352889 1.24556088 3.19262638
v 0.69817886 1.04629976 4.78235899
v 0.78633290 1.25211240 3.19262638
v 0.82992040 1.28054197 3.19262638
v 0.83757452 1.26880686 3.19262638
v 0.79398702 1.24037730 3.19262638
v 0.89396206 1.13472647 4.98999753
v 0.84083460 1.29649014 3.19262638
v 0.85155288 1.34741389 3.19262638
v 0.86526312 1.34452820 3.19262638
v 0.85454484 1.29360445 3.19262638
v 1.05380596 1.27825442 5.19763608
v 0.84799332 1.36640846 3.19262638
v 0.81956376 1.40999595 3.19262638
v 0.83129886 1.41765007 3.19262638
v 0.85972842 1.37406258 3.19262638
v 0.96537926 1.47403762 4.78235899
v 0.80361559 1.42091016 3.19262638
v 0.75269183 1.43162844 3.19262638
v 0.75557752 1.44533868 3.19262638
v 0.80650128 1.43462040 3.19262638
v 0.82185131 1.63388152 4.98999753
v 0.73369727 1.42806888 3.19262638
v 0.69010977 1.39963932 3.19262638
v 0.68245565 1.41137442 3.19262638
v 0.72604315 1.43980398 3.19262638
v 0.62606811 1.54545481 5.19763608
v 0.67919557 1.38369114 3.19262638
v 0.66847729 1.33276739 3.19262638
v 0.65476705 1.33565308 3.19262638
v 0.66548533 1.38657683 3.19262638
v 0.46622421 1.40192686 4.78235899
v 0.67203685 1.31377282 3.19262638
v 0.70046641 1.27018533 3.19262638
v 0.68873131 1.26253121 3.19262638
v 0.66030175 1.30611871 3.19262638
v 0.55465091 1.20614366 4.98999753
v 0.73326402 1.34332832 3.19262638
v 0.78477568 1.35072149 3.19262638
v 0.78676615 1.33685297 3.19262638
v 0.73525449 1.32945979 3.19262638
v 0.76641303 1.29551325 5.46367296
v 0.30508952 1.46596793 3.22637988
v 0.24243401 1.48696240 3.22637988
v 0.24808637 1.50383119 3.22637988
v 0.31074188 1.48283672 3.22637988
v 0.35935462 1.73190684 5.20545314
v 0.21795404 1.48526126 3.22637988
v 0.15880457 1.45580247 3.22637988
v 0.15087336 1.47172733 3.22637988
v 0.21002282 1.50118613 3.22637988
v 0.09943640 1.64911776 5.46394434
v 0.14269750 1.43728963 3.22637988
v 0.12170302 1.37463413 3.22637988
v 0.10483423 1.38028649 3.22637988
v 0.12582871 1.44294199 3.22637988
v -0.12324142 1.49155474 5.72243554
v 0.12340416 1.35015415 3.22637988
v 0.15286295 1.29100469 3.22637988
v 0.13693809 1.28307347 3.22637988
v 0.10747929 1.34222294 3.22637988
v -0.04045234 1.23163651 5.20545314
v 0.17137579 1.27489761 3.22637988
v 0.23403130 1.25390314 3.22637988
v 0.22837894 1.23703435 3.22637988
v 0.16572343 1.25802882 3.22637988
v 0.11711068 1.00895870 5.46394434
v 0.25851127 1.25560428 3.22637988
v 0.31766073 1.28506307 3.22637988
v 0.32559195 1.26913821 3.22637988
v 0.26644249 1.23967941 3.22637988
v 0.37702891 1.09174778 5.72243554
v 0.33376781 1.30357591 3.22637988
v 0.35476229 1.36623141 3.22637988
v 0.37163107 1.36057905 3.22637988
v 0.35063660 1.29792355 3.22637988
v 0.59970672 1.24931080 5.20545314
v 0.35306115 1.39071139 3.22637988
v 0.32360235 1.44986085 3.22637988
v 0.33952722 1.45779207 3.22637988
v 0.36898601 1.39864260 3.22637988
v 0.51691765 1.50922902 5.46394434
v 0.27149787 1.36242203 3.22637988
v 0.20544203 1.36065924 3.22637988
v 0.20496743 1.37844351 3.22637988
v 0.27102327 1.38020630 3.22637988
v 0.23670716 1.42759647 6.05362739
v -0.18081991 1.52333740 3.30286399
v -0.13280194 1.49829488 3.30286399
v -0.13954416 1.48536697 3.30286399
v -0.18756213 1.51040948 3.30286399
v -0.25890733 1.31505057 5.01570016
v -0.11276867 1.49652701 3.30286399
v -0.06110711 1.51277311 3.30286399
v -0.05673315 1.49886423 3.30286399
v -0.10839471 1.48261812 3.30286399
v -0.03788715 1.34867188 5.23941754
v -0.04569136 1.52568870 3.30286399
v -0.02064885 1.57370667 3.30286399
v -0.00772094 1.56696446 3.30286399
v -0.03276345 1.51894649 3.30286399
v 0.16259547 1.44760129 5.46313492
v -0.01888098 1.59373995 3.30286399
v -0.03512708 1.64540151 3.30286399
v -0.02121819 1.64977546 3.30286399
v -0.00497209 1.59811390 3.30286399
v 0.12897415 1.66862146 5.01570016
v -0.04804267 1.66081725 3.30286399
v -0.09606064 1.68585976 3.30286399
v -0.08931842 1.69878768 3.30286399
v -0.04130045 1.67374517 3.30286399
v 0.03004475 1.86910408 5.23941754
v -0.11609391 1.68762763 3.30286399
v -0.16775547 1.67138153 3.30286399
v -0.17212943 1.68529042 3.30286399
v -0.12046787 1.70153652 3.30286399
v -0.19097543 1.83548277 5.46313492
v -0.18317122 1.65846595 3.30286399
v -0.20821373 1.61044798 3.30286399
v -0.22114165 1.61719019 3.30286399
v -0.19609913 1.66520816 3.30286399
v -0.39145805 1.73655336 5.01570016
v -0.20998160 1.59041470 3.30286399
v -0.19373550 1.53875314 3.30286399
v -0.20764439 1.53437919 3.30286399
v -0.22389049 1.58604075 3.30286399
v -0.35783673 1.51553319 5.23941754
v -0.14032794 1.60283484 3.30286399
v -0.08663414 1.59577583 3.30286399
v -0.08853464 1.58131981 3.30286399
v -0.14222844 1.58837882 3.30286399
v -0.12054004 1.54561154 5.74977281
v -0.55905092 1.70568844 3.34545671
v -0.57232139 1.76451942 3.34545671
v -0.55648228 1.76809224 3.34545671
v -0.54321181 1.70926126 3.34545671
v -0.32583675 1.78920661 5.00209775
v -0.58523494 1.78281778 3.34545671
v -0.63621836 1.81503393 3.34545671
v -0.62754478 1.82876025 3.34545671
v -0.57656135 1.79654410 3.34545671
v -0.51345866 1.95285659 5.21847535
v -0.65828851 1.81884158 3.34545671
v -0.71711950 1.80557111 3.34545671
v -0.72069231 1.82141022 3.34545671
v -0.66186133 1.83468069 3.34545671
v -0.74180668 2.05205574 5.43485295
v -0.73541786 1.79265756 3.34545671
v -0.76763400 1.74167414 3.34545671
v -0.78136032 1.75034772 3.34545671
v -0.74914417 1.80133115 3.34545671
v -0.90545666 1.86443384 5.00209775
v -0.77144165 1.71960399 3.34545671
v -0.75817118 1.66077300 3.34545671
v -0.77401029 1.65720019 3.34545671
v -0.78728076 1.71603117 3.34545671
v -1.00465582 1.63608582 5.21847535
v -0.74525763 1.64247464 3.34545671
v -0.69427421 1.61025850 3.34545671
v -0.70294779 1.59653218 3.34545671
v -0.75393122 1.62874833 3.34545671
v -0.81703392 1.47243584 5.43485295
v -0.67220406 1.60645085 3.34545671
v -0.61337308 1.61972132 3.34545671
v -0.60980026 1.60388221 3.34545671
v -0.66863124 1.59061174 3.34545671
v -0.58868589 1.37323668 5.00209775
v -0.59507472 1.63263486 3.34545671
v -0.56285857 1.68361829 3.34545671
v -0.54913225 1.67494470 3.34545671
v -0.58134840 1.62396128 3.34545671
v -0.42503591 1.56085858 5.21847535
v -0.65575368 1.68289560 3.34545671
v -0.68839261 1.73360942 3.34545671
v -0.67473889 1.74239683 3.34545671
v -0.64209996 1.69168301 3.34545671
v -0.62135934 1.74089144 5.71208676
v 6.46604086 0.14757502 2.53136903
v 6.40405363 0.15877577 2.53136903
v 6.40706922 0.17546464 2.53136903
v 6.46905644 0.16426389 2.53136903
v 6.48071186 0.40589253 4.41207068
v 6.38119475 0.15380949 2.53136903
v 6.32944304 0.11789804 2.53136903
v 6.31977456 0.13183120 2.53136903
v 6.37152627 0.16774265 2.53136903
v 6.24689392 0.29210414 4.65771334
v 6.31679105 0.09822268 2.53136903
v 6.30559029 0.03623545 2.53136903
v 6.28890142 0.03925104 2.53136903
v 6.30010218 0.10123826 2.53136903
v 6.05847353 0.11289368 4.90335601
v 6.31055657 0.01337657 2.53136903
v 6.34646803 -0.03837514 2.53136903
v 6.33253486 -0.04804362 2.53136903
v 6.29662341 0.00370809 2.53136903
v 6.17226193 -0.12092426 4.41207068
v 6.36614339 -0.05102713 2.53136903
v 6.42813061 -0.06222789 2.53136903
v 6.42511502 -0.07891676 2.53136903
v 6.36312780 -0.06771600 2.53136903
v 6.35147238 -0.30934465 4.65771334
v 6.45098950 -0.05726161 2.53136903
v 6.50274121 -0.02135015 2.53136903
v 6.51240968 -0.03528332 2.53136903
v 6.46065797 -0.07119477 2.53136903
v 6.58529032 -0.19555625 4.90335601
v 6.51539320 -0.00167479 2.53136903
v 6.52659395 0.06031243 2.53136903
v 6.54328282 0.05729684 2.53136903
v 6.53208206 -0.00469038 2.53136903
v 6.77371071 -0.01634580 4.41207068
v 6.52162767 0.08317132 2.53136903
v 6.48571622 0.13492303 2.53136903
v 6.49964938 0.14459150 2.53136903
v 6.53556083 0.09283979 2.53136903
v 6.65992232 0.21747214 4.65771334
v 6.44857194 0.04528518 2.53136903
v 6.38650212 0.03455159 2.53136903
v 6.38361230 0.05126270 2.53136903
v 6.44568213 0.06199629 2.53136903
v 6.40680343 0.10198821 5.21808567
v 6.10371978 0.13573549 2.61213903
v 6.14419934 0.17699552 2.61213903
v 6.15530782 0.16609717 2.61213903
v 6.11482825 0.12483714 2.61213903
v 6.29217354 -0.00866658 4.05850561
v 6.15222388 0.19690401 2.61213903
v 6.15167201 0.25470263 2.61213903
v 6.16723318 0.25485122 2.61213903
v 6.16778506 0.19705259 2.61213903
v 6.32645533 0.22746956 4.24741879
v 6.14326879 0.27445427 2.61213903
v 6.10200875 0.31493384 2.61213903
v 6.11290710 0.32604231 2.61213903
v 6.15416713 0.28556274 2.61213903
v 6.28767085 0.46290804 4.43633198
v 6.08210026 0.32295838 2.61213903
v 6.02430164 0.32240650 2.61213903
v 6.02415306 0.33796768 2.61213903
v 6.08195168 0.33851955 2.61213903
v 6.05153472 0.49718983 4.05850561
v 6.00455000 0.31400328 2.61213903
v 5.96407043 0.27274325 2.61213903
v 5.95296196 0.28364159 2.61213903
v 5.99344153 0.32490163 2.61213903
v 5.81609623 0.45840535 4.24741879
v 5.95604590 0.25283476 2.61213903
v 5.95659777 0.19503613 2.61213903
v 5.94103659 0.19488755 2.61213903
v 5.94048472 0.25268617 2.61213903
v 5.78181444 0.22226921 4.43633198
v 5.96500099 0.17528450 2.61213903
v 6.00626102 0.13480493 2.61213903
v 5.99536268 0.12369646 2.61213903
v 5.95410264 0.16417602 2.61213903
v 5.82059893 -0.01316927 4.05850561
v 6.02616952 0.12678039 2.61213903
v 6.08396814 0.12733226 2.61213903
v 6.08411672 0.11177109 2.61213903
v 6.02631810 0.11121921 2.61213903
v 6.05673506 -0.04745106 4.24741879
v 6.03511016 0.20176420 2.61213903
v 6.05898760 0.25440311 2.61213903
v 6.07315961 0.24797457 2.61213903
v 6.04928218 0.19533566 2.61213903
v 6.09968778 0.20420623 4.67837700
v 5.44242216 0.41487152 2.67478659
v 5.43238180 0.34861995 2.67478659
v 5.41454484 0.35132312 2.67478659
v 5.42458520 0.41757469 2.67478659
v 5.16729941 0.42267949 4.21376829
v 5.43835222 0.32446291 2.67478659
v 5.47809955 0.27051638 2.67478659
v 5.46357548 0.25981517 2.67478659
v 5.42382815 0.31376170 2.67478659
v 5.29534883 0.17748327 4.41477814
v 5.49940287 0.25765649 2.67478659
v 5.56565445 0.24761613 2.67478659
v 5.56295127 0.22977917 2.67478659
v 5.49669970 0.23981953 2.67478659
v 5.49159490 -0.01746626 4.61578800
v 5.58981148 0.25358655 2.67478659
v 5.64375802 0.29333388 2.67478659
v 5.65445923 0.27880980 2.67478659
v 5.60051269 0.23906247 2.67478659
v 5.73679112 0.11058316 4.21376829
v 5.65661790 0.31463720 2.67478659
v 5.66665826 0.38088877 2.67478659
v 5.68449522 0.37818560 2.67478659
v 5.67445486 0.31193403 2.67478659
v 5.93174065 0.30682923 4.41477814
v 5.66068784 0.40504581 2.67478659
v 5.62094051 0.45899234 2.67478659
v 5.63546459 0.46969356 2.67478659
v 5.67521192 0.41574702 2.67478659
v 5.80369123 0.55202545 4.61578800
v 5.59963719 0.47185223 2.67478659
v 5.53338562 0.48189259 2.67478659
v 5.53608879 0.49972955 2.67478659
v 5.60234036 0.48968919 2.67478659
v 5.60744517 0.74697498 4.21376829
v 5.50922858 0.47592217 2.67478659
v 5.45528205 0.43617484 2.67478659
v 5.44458084 0.45069892 2.67478659
v 5.49852737 0.49044625 2.67478659
v 5.36224894 0.61892556 4.41477814
v 5.55171833 0.39938172 2.67478659
v 5.56500420 0.33370397 2.67478659
v 5.54732173 0.33012700 2.67478659
v 5.53403586 0.39580475 2.67478659
v 5.49268353 0.35325696 4.87333188
v 5.10032741 0.40030342 2.72155809
v 5.16126902 0.38526319 2.72155809
v 5.15721973 0.36885584 2.72155809
v 5.09627812 0.38389606 2.72155809
v 5.06948037 0.14432903 4.26629052
v 5.18431481 0.38876360 2.72155809
v 5.23804208 0.42122078 2.72155809
v 5.24678056 0.40675574 2.72155809
v 5.19305329 0.37429856 2.72155809
v 5.30917417 0.24277715 4.46805149
v 5.25186276 0.43999177 2.72155809
v 5.26690298 0.50093339 2.72155809
v 5.28331034 0.49688410 2.72155809
v 5.26827011 0.43594248 2.72155809
v 5.50783714 0.40914474 4.66981246
v 5.26340257 0.52397917 2.72155809
v 5.23094539 0.57770644 2.72155809
v 5.24541044 0.58644492 2.72155809
v 5.27786762 0.53271765 2.72155809
v 5.40938902 0.64883854 4.26629052
v 5.21217440 0.59152712 2.72155809
v 5.15123279 0.60656735 2.72155809
v 5.15528208 0.62297470 2.72155809
v 5.21622369 0.60793448 2.72155809
v 5.24302144 0.84750151 4.46805149
v 5.12818700 0.60306694 2.72155809
v 5.07445973 0.57060976 2.72155809
v 5.06572125 0.58507480 2.72155809
v 5.11944852 0.61753198 2.72155809
v 5.00332764 0.74905339 4.66981246
v 5.06063906 0.55183877 2.72155809
v 5.04559883 0.49089715 2.72155809
v 5.02919147 0.49494644 2.72155809
v 5.04423170 0.55588806 2.72155809
v 4.80466467 0.58268580 4.26629052
v 5.04909924 0.46785137 2.72155809
v 5.08155642 0.41412410 2.72155809
v 5.06709138 0.40538562 2.72155809
v 5.03463419 0.45911289 2.72155809
v 4.90311279 0.34299200 4.46805149
v 5.12413770 0.50093165 2.72155809
v 5.18654186 0.50770001 2.72155809
v 5.18836411 0.49089889 2.72155809
v 5.12595995 0.48413053 2.72155809
v 5.16210815 0.44191168 4.92831871
v 4.59918116 0.68991689 2.76662103
v 4.59312865 0.63485619 2.76662103
v 4.57830462 0.63648571 2.76662103
v 4.58435712 0.69154641 2.76662103
v 4.37167669 0.68706212 4.48098849
v 4.59887690 0.61510535 2.76662103
v 4.63353092 0.57189180 2.76662103
v 4.62189650 0.56256186 2.76662103
v 4.58724248 0.60577541 2.76662103
v 4.48573222 0.48887007 4.70490587
v 4.65156150 0.56199046 2.76662103
v 4.70662220 0.55593796 2.76662103
v 4.70499268 0.54111392 2.76662103
v 4.64993198 0.54716643 2.76662103
v 4.65441627 0.33448599 4.92882325
v 4.72637304 0.56168620 2.76662103
v 4.76958659 0.59634023 2.76662103
v 4.77891653 0.58470580 2.76662103
v 4.73570297 0.55005178 2.76662103
v 4.85260832 0.44854152 4.48098849
v 4.77948793 0.61437080 2.76662103
v 4.78554043 0.66943150 2.76662103
v 4.80036446 0.66780198 2.76662103
v 4.79431196 0.61274129 2.76662103
v 5.00699240 0.61722557 4.70490587
v 4.77979218 0.68918234 2.76662103
v 4.74513816 0.73239590 2.76662103
v 4.75677258 0.74172583 2.76662103
v 4.79142661 0.69851228 2.76662103
v 4.89293687 0.81541762 4.92882325
v 4.72710758 0.74229723 2.76662103
v 4.67204689 0.74834973 2.76662103
v 4.67367641 0.76317377 2.76662103
v 4.72873710 0.75712127 2.76662103
v 4.72425282 0.96980170 4.48098849
v 4.65229604 0.74260149 2.76662103
v 4.60908249 0.70794746 2.76662103
v 4.59975256 0.71958189 2.76662103
v 4.64296611 0.75423591 2.76662103
v 4.52606077 0.85574617 4.70490587
v 4.68997925 0.68081900 2.76662103
v 4.70317388 0.62702109 2.76662103
v 4.68868983 0.62346869 2.76662103
v 4.67549520 0.67726660 2.76662103
v 4.64277867 0.64072541 5.21571739
v 4.30401225 0.87214894 2.79147107
v 4.23831177 0.85133819 2.79147107
v 4.23270887 0.86902678 2.79147107
v 4.29840936 0.88983754 2.79147107
v 4.18631817 1.12959940 4.69325813
v 4.21872812 0.83486142 2.79147107
v 4.18698629 0.77368874 2.79147107
v 4.17051671 0.78223462 2.79147107
v 4.20225855 0.84340730 2.79147107
v 4.01816275 0.90011100 4.94165481
v 4.18478939 0.74819017 2.79147107
v 4.20560015 0.68248969 2.79147107
v 4.18791156 0.67688679 2.79147107
v 4.16710080 0.74258728 2.79147107
v 3.92733894 0.63049609 5.19005148
v 4.22207692 0.66290604 2.79147107
v 4.28324960 0.63116421 2.79147107
v 4.27470372 0.61469463 2.79147107
v 4.21353104 0.64643646 2.79147107
v 4.15682734 0.46234067 4.69325813
v 4.30874817 0.62896731 2.79147107
v 4.37444865 0.64977807 2.79147107
v 4.38005155 0.63208947 2.79147107
v 4.31435106 0.61127872 2.79147107
v 4.42644225 0.37151686 4.94165481
v 4.39403230 0.66625484 2.79147107
v 4.42577413 0.72742752 2.79147107
v 4.44224371 0.71888164 2.79147107
v 4.41050187 0.65770896 2.79147107
v 4.59459767 0.60100525 5.19005148
v 4.42797103 0.75292608 2.79147107
v 4.40716027 0.81862657 2.79147107
v 4.42484887 0.82422947 2.79147107
v 4.44565962 0.75852898 2.79147107
v 4.68542148 0.87062017 4.69325813
v 4.39068350 0.83821021 2.79147107
v 4.32951082 0.86995205 2.79147107
v 4.33805670 0.88642162 2.79147107
v 4.39922938 0.85467979 2.79147107
v 4.45593308 1.03877558 4.94165481
v 4.33933515 0.76424945 2.79147107
v 4.28475386 0.72217184 2.79147107
v 4.27342527 0.73686681 2.79147107
v 4.32800656 0.77894441 2.79147107
v 4.26996690 0.79779193 5.50830972
v 3.90208173 0.98626956 2.82588343
v 3.84296516 0.97152967 2.82588343
v 3.83899673 0.98744567 2.82588343
v 3.89811330 1.00218556 2.82588343
v 3.81243003 1.21991333 4.28733281
v 3.82477764 0.95807140 2.82588343
v 3.79339860 0.90584699 2.82588343
v 3.77933817 0.91429520 2.82588343
v 3.81071722 0.96651961 2.82588343
v 3.65141058 1.02669978 4.47821599
v 3.79005451 0.88347004 2.82588343
v 3.80479440 0.82435347 2.82588343
v 3.78887840 0.82038503 2.82588343
v 3.77413851 0.87950160 2.82588343
v 3.55641074 0.79381834 4.66909918
v 3.81825268 0.80616595 2.82588343
v 3.87047708 0.77478690 2.82588343
v 3.86202887 0.76072648 2.82588343
v 3.80980447 0.79210552 2.82588343
v 3.74962429 0.63279888 4.28733281
v 3.89285404 0.77144281 2.82588343
v 3.95197061 0.78618271 2.82588343
v 3.95593904 0.77026671 2.82588343
v 3.89682247 0.75552681 2.82588343
v 3.98250574 0.53779905 4.47821599
v 3.97015813 0.79964098 2.82588343
v 4.00153717 0.85186539 2.82588343
v 4.01559760 0.84341718 2.82588343
v 3.98421855 0.79119277 2.82588343
v 4.14352519 0.73101259 4.66909918
v 4.00488126 0.87424234 2.82588343
v 3.99014137 0.93335891 2.82588343
v 4.00605737 0.93732734 2.82588343
v 4.02079726 0.87821077 2.82588343
v 4.23852503 0.96389404 4.28733281
v 3.97668309 0.95154643 2.82588343
v 3.92445869 0.98292548 2.82588343
v 3.93290690 0.99698590 2.82588343
v 3.98513130 0.96560685 2.82588343
v 4.04531148 1.12491349 4.47821599
v 3.92729970 0.88911964 2.82588343
v 3.87682147 0.85500245 2.82588343
v 3.86763607 0.86859274 2.82588343
v 3.91811430 0.90270993 2.82588343
v 3.86794339 0.92253926 4.91366826
v 3.44782001 0.89022050 2.86607234
v 3.49064412 0.94524712 2.86607234
v 3.50545898 0.93371755 2.86607234
v 3.46263487 0.87869093 2.86607234
v 3.69357135 0.74314320 4.76527450
v 3.49751665 0.97021196 2.86607234
v 3.48888818 1.03940287 2.86607234
v 3.50751651 1.04172593 2.86607234
v 3.51614498 0.97253502 2.86607234
v 3.70210575 1.03085877 5.01333356
v 3.47609498 1.06191530 2.86607234
v 3.42106837 1.10473941 2.86607234
v 3.43259794 1.11955427 2.86607234
v 3.48762455 1.07673016 2.86607234
v 3.62317229 1.30766664 5.26139262
v 3.39610352 1.11161194 2.86607234
v 3.32691261 1.10298347 2.86607234
v 3.32458956 1.12161180 2.86607234
v 3.39378047 1.13024027 2.86607234
v 3.33545672 1.31620104 4.76527450
v 3.30440019 1.09019027 2.86607234
v 3.26157608 1.03516366 2.86607234
v 3.24676122 1.04669322 2.86607234
v 3.28958533 1.10171984 2.86607234
v 3.05864885 1.23726758 5.01333356
v 3.25470355 1.01019881 2.86607234
v 3.26333202 0.94100790 2.86607234
v 3.24470369 0.93868485 2.86607234
v 3.23607522 1.00787576 2.86607234
v 3.05011445 0.94955201 5.26139262
v 3.27612522 0.91849548 2.86607234
v 3.33115183 0.87567136 2.86607234
v 3.31962226 0.86085651 2.86607234
v 3.26459565 0.90368062 2.86607234
v 3.12904791 0.67274414 4.76527450
v 3.35611668 0.86879884 2.86607234
v 3.42530759 0.87742731 2.86607234
v 3.42763064 0.85879898 2.86607234
v 3.35843973 0.85017051 2.86607234
v 3.41676348 0.66420974 5.01333356
v 3.35649537 0.95989328 2.86607234
v 3.37785469 1.02626808 2.86607234
v 3.39572483 1.02051750 2.86607234
v 3.37436551 0.95414270 2.86607234
v 3.43354982 0.97172138 5.57921828
v 2.85405923 1.13484480 2.90345187
v 2.81162319 1.09007963 2.90345187
v 2.79957103 1.10150472 2.90345187
v 2.84200707 1.14626989 2.90345187
v 2.65033707 1.28547070 4.35624792
v 2.80342553 1.06869053 2.90345187
v 2.80507247 1.00702997 2.90345187
v 2.78847154 1.00658656 2.90345187
v 2.78682460 1.06824712 2.90345187
v 2.61808152 1.03288776 4.54600087
v 2.81440022 0.98610896 2.90345187
v 2.85916539 0.94367292 2.90345187
v 2.84774030 0.93162076 2.90345187
v 2.80297513 0.97405680 2.90345187
v 2.66377432 0.78238680 4.73575383
v 2.88055449 0.93547526 2.90345187
v 2.94221505 0.93712220 2.90345187
v 2.94265846 0.92052127 2.90345187
v 2.88099790 0.91887433 2.90345187
v 2.91635726 0.75013125 4.35624792
v 2.96313606 0.94644995 2.90345187
v 3.00557210 0.99121512 2.90345187
v 3.01762426 0.97979003 2.90345187
v 2.97518822 0.93502486 2.90345187
v 3.16685822 0.79582405 4.54600087
v 3.01376976 1.01260422 2.90345187
v 3.01212282 1.07426479 2.90345187
v 3.02872375 1.07470819 2.90345187
v 3.03037069 1.01304763 2.90345187
v 3.19911377 1.04840700 4.73575383
v 3.00279507 1.09518579 2.90345187
v 2.95802990 1.13762183 2.90345187
v 2.96945499 1.14967399 2.90345187
v 3.01422016 1.10723795 2.90345187
v 3.15342097 1.29890795 4.35624792
v 2.93664080 1.14581949 2.90345187
v 2.87498024 1.14417256 2.90345187
v 2.87453683 1.16077349 2.90345187
v 2.93619739 1.16242042 2.90345187
v 2.90083803 1.33116351 4.54600087
v 2.92847390 1.06564870 2.90345187
v 2.90396050 1.00904630 2.90345187
v 2.88872139 1.01564605 2.90345187
v 2.91323479 1.07224846 2.90345187
v 2.85961480 1.06186088 4.97887480
v 2.54826241 1.09715412 2.97569989
v 2.58557019 1.13880544 2.97569989
v 2.59678401 1.12876104 2.97569989
v 2.55947623 1.08710971 2.97569989
v 2.73672554 0.96587881 4.66852343
v 2.59245092 1.15839743 2.97569989
v 2.58937957 1.21422995 2.97569989
v 2.60441141 1.21505685 2.97569989
v 2.60748276 1.15922433 2.97569989
v 2.75948650 1.19558679 4.88962692
v 2.58039136 1.23294899 2.97569989
v 2.53874003 1.27025677 2.97569989
v 2.54878444 1.28147059 2.97569989
v 2.59043576 1.24416280 2.97569989
v 2.71166666 1.42141212 5.11073040
v 2.51914804 1.27713750 2.97569989
v 2.46331553 1.27406615 2.97569989
v 2.46248862 1.28909799 2.97569989
v 2.51832114 1.29216934 2.97569989
v 2.48195868 1.44417308 4.66852343
v 2.44459648 1.26507794 2.97569989
v 2.40728870 1.22342661 2.97569989
v 2.39607488 1.23347102 2.97569989
v 2.43338267 1.27512234 2.97569989
v 2.25613335 1.39635324 4.88962692
v 2.40040797 1.20383462 2.97569989
v 2.40347932 1.14800211 2.97569989
v 2.38844748 1.14717520 2.97569989
v 2.38537613 1.20300772 2.97569989
v 2.23337239 1.16664526 5.11073040
v 2.41246754 1.12928306 2.97569989
v 2.45411886 1.09197528 2.97569989
v 2.44407446 1.08076146 2.97569989
v 2.40242313 1.11806925 2.97569989
v 2.28119224 0.94081993 4.66852343
v 2.47371085 1.08509455 2.97569989
v 2.52954337 1.08816590 2.97569989
v 2.53037027 1.07313406 2.97569989
v 2.47453775 1.07006271 2.97569989
v 2.51090021 0.91805897 4.88962692
v 2.47905848 1.15795171 2.97569989
v 2.49982225 1.20987059 2.97569989
v 2.51380041 1.20428034 2.97569989
v 2.49303664 1.15236146 2.97569989
v 2.54135924 1.16314738 5.39401924
v 2.16961289 1.24281369 3.05898237
v 2.20346474 1.29951545 3.05898237
v 2.21873060 1.29040149 3.05898237
v 2.18487875 1.23369973 3.05898237
v 2.41770754 1.13315318 4.98715868
v 2.20702092 1.32377995 3.05898237
v 2.19086360 1.38781102 3.05898237
v 2.20810274 1.39216107 3.05898237
v 2.22426007 1.32813000 3.05898237
v 2.39226685 1.40457819 5.23900211
v 2.17622061 1.40748322 3.05898237
v 2.11951885 1.44133507 3.05898237
v 2.12863281 1.45660093 3.05898237
v 2.18533457 1.42274908 3.05898237
v 2.28588112 1.65557787 5.49084555
v 2.09525435 1.44489125 3.05898237
v 2.03122328 1.42873393 3.05898237
v 2.02687323 1.44597307 3.05898237
v 2.09090430 1.46213040 3.05898237
v 2.01445611 1.63013718 4.98715868
v 2.01155108 1.41409094 3.05898237
v 1.97769923 1.35738918 3.05898237
v 1.96243337 1.36650314 3.05898237
v 1.99628522 1.42320490 3.05898237
v 1.76345643 1.52375145 5.23900211
v 1.97414305 1.33312468 3.05898237
v 1.99030037 1.26909361 3.05898237
v 1.97306123 1.26474356 3.05898237
v 1.95690390 1.32877463 3.05898237
v 1.78889712 1.25232644 5.49084555
v 2.00494336 1.24942141 3.05898237
v 2.06164512 1.21556956 3.05898237
v 2.05253116 1.20030370 3.05898237
v 1.99582940 1.23415555 3.05898237
v 1.89528285 1.00132676 4.98715868
v 2.08590962 1.21201338 3.05898237
v 2.14994069 1.22817070 3.05898237
v 2.15429074 1.21093156 3.05898237
v 2.09025967 1.19477423 3.05898237
v 2.16670786 1.02676745 5.23900211
v 2.07567094 1.29767979 3.05898237
v 2.08802754 1.36255161 3.05898237
v 2.10549303 1.35922484 3.05898237
v 2.09313643 1.29435302 3.05898237
v 2.14672105 1.31775911 5.81351995
v 1.59046676 1.57878745 3.14990698
v 1.54041448 1.53405771 3.14990698
v 1.52837186 1.54753333 3.14990698
v 1.57842414 1.59226306 3.14990698
v 1.38308093 1.76048188 5.06097483
v 1.52959874 1.51159840 3.14990698
v 1.52583513 1.44457740 3.14990698
v 1.50779101 1.44559068 3.14990698
v 1.51155461 1.51261168 3.14990698
v 1.32536505 1.48945110 5.31058370
v 1.53406837 1.42104838 3.14990698
v 1.57879811 1.37099610 3.14990698
v 1.56532249 1.35895348 3.14990698
v 1.52059276 1.40900576 3.14990698
v 1.35237394 1.21366255 5.56019256
v 1.60125742 1.36018036 3.14990698
v 1.66827842 1.35641675 3.14990698
v 1.66726514 1.33837263 3.14990698
v 1.60024414 1.34213624 3.14990698
v 1.62340472 1.15594667 5.06097483
v 1.69180743 1.36464999 3.14990698
v 1.74185971 1.40937973 3.14990698
v 1.75390234 1.39590411 3.14990698
v 1.70385005 1.35117438 3.14990698
v 1.89919326 1.18295556 5.31058370
v 1.75267546 1.43183904 3.14990698
v 1.75643906 1.49886004 3.14990698
v 1.77448319 1.49784676 3.14990698
v 1.77071958 1.43082576 3.14990698
v 1.95690915 1.45398634 5.56019256
v 1.74820583 1.52238905 3.14990698
v 1.70347609 1.57244134 3.14990698
v 1.71695170 1.58448396 3.14990698
v 1.76168144 1.53443168 3.14990698
v 1.92990026 1.72977489 5.06097483
v 1.68101678 1.58325708 3.14990698
v 1.61399578 1.58702068 3.14990698
v 1.61500906 1.60506481 3.14990698
v 1.68203006 1.60130120 3.14990698
v 1.65886948 1.78749077 5.31058370
v 1.66494375 1.49704446 3.14990698
v 1.63326372 1.43786374 3.14990698
v 1.61733045 1.44639298 3.14990698
v 1.64901048 1.50557369 3.14990698
v 1.58992303 1.49913412 5.88000391
v 1.17581462 1.51754217 3.23850549
v 1.24215639 1.51038808 3.23850549
v 1.24023029 1.49252684 3.23850549
v 1.17388853 1.49968092 3.23850549
v 1.17981886 1.24349484 4.73229385
v 1.26593420 1.51736156 3.23850549
v 1.31790361 1.55921357 3.23850549
v 1.32917146 1.54522180 3.23850549
v 1.27720205 1.50336979 3.23850549
v 1.41827979 1.38137991 4.92740091
v 1.32978606 1.58095801 3.23850549
v 1.33694015 1.64729978 3.23850549
v 1.35480139 1.64537368 3.23850549
v 1.34764731 1.57903191 3.23850549
v 1.60383339 1.58496224 5.12250796
v 1.32996667 1.67107758 3.23850549
v 1.28811466 1.72304700 3.23850549
v 1.30210643 1.73431485 3.23850549
v 1.34395844 1.68234544 3.23850549
v 1.46594832 1.82342317 4.73229385
v 1.26637022 1.73492945 3.23850549
v 1.20002845 1.74208354 3.23850549
v 1.20195455 1.75994478 3.23850549
v 1.26829632 1.75279070 3.23850549
v 1.26236599 2.00897678 4.92740091
v 1.17625065 1.73511005 3.23850549
v 1.12428124 1.69325804 3.23850549
v 1.11301338 1.70724982 3.23850549
v 1.16498279 1.74910183 3.23850549
v 1.02390506 1.87109171 5.12250796
v 1.11239878 1.67151361 3.23850549
v 1.10524469 1.60517184 3.23850549
v 1.08738345 1.60709794 3.23850549
v 1.09453753 1.67343971 3.23850549
v 0.83835145 1.66750938 4.73229385
v 1.11221818 1.58139404 3.23850549
v 1.15407019 1.52942462 3.23850549
v 1.14007841 1.51815677 3.23850549
v 1.09822640 1.57012618 3.23850549
v 0.97623652 1.42904845 4.92740091
v 1.18654840 1.62694118 3.23850549
v 1.25132118 1.64296926 3.23850549
v 1.25563644 1.62553044 3.23850549
v 1.19086366 1.60950235 3.23850549
v 1.23496289 1.57018246 5.37248887
v 0.82131374 1.62503362 3.30074787
v 0.88116943 1.62678048 3.30074787
v 0.88163974 1.61066549 3.30074787
v 0.82178405 1.60891862 3.30074787
v 0.85836342 1.38188000 5.13345541
v 0.90145700 1.63588603 3.30074787
v 0.94254614 1.67944561 3.30074787
v 0.95427373 1.66838314 3.30074787
v 0.91318459 1.62482356 3.30074787
v 1.05351801 1.53360821 5.37282945
v 0.95045303 1.70022968 3.30074787
v 0.94870616 1.76008537 3.30074787
v 0.96482116 1.76055568 3.30074787
v 0.96656802 1.70069999 3.30074787
v 1.19360664 1.73727936 5.61220350
v 0.93960061 1.78037294 3.30074787
v 0.89604103 1.82146208 3.30074787
v 0.90710350 1.83318967 3.30074787
v 0.95066308 1.79210053 3.30074787
v 1.04187843 1.93243395 5.13345541
v 0.87525696 1.82936897 3.30074787
v 0.81540127 1.82762210 3.30074787
v 0.81493096 1.84373710 3.30074787
v 0.87478665 1.84548396 3.30074787
v 0.83820728 2.07252258 5.37282945
v 0.79511370 1.81851656 3.30074787
v 0.75402456 1.77495697 3.30074787
v 0.74229698 1.78601944 3.30074787
v 0.78338612 1.82957902 3.30074787
v 0.64305269 1.92079437 5.61220350
v 0.74611767 1.75417290 3.30074787
v 0.74786454 1.69431721 3.30074787
v 0.73174955 1.69384690 3.30074787
v 0.73000268 1.75370259 3.30074787
v 0.50296406 1.71712322 5.13345541
v 0.75697009 1.67402965 3.30074787
v 0.80052967 1.63294050 3.30074787
v 0.78946720 1.62121292 3.30074787
v 0.74590762 1.66230206 3.30074787
v 0.65469227 1.52196864 5.37282945
v 0.81748765 1.72360698 3.30074787
v 0.87311546 1.74577232 3.30074787
v 0.87908306 1.73079560 3.30074787
v 0.82345524 1.70863027 3.30074787
v 0.86746690 1.67906185 5.91890149
v 0.28607981 1.92622750 3.37710920
v 0.28343108 1.86285138 3.37710920
v 0.26636828 1.86356450 3.37710920
v 0.26901701 1.92694062 3.37710920
v 0.02637590 1.90533812 5.25450823
v 0.29152884 1.84073133 3.37710920
v 0.33446958 1.79404472 3.37710920
v 0.32190010 1.78248374 3.37710920
v 0.27895936 1.82917035 3.37710920
v 0.17204154 1.68774001 5.49971953
v 0.35583680 1.78412945 3.37710920
v 0.41921292 1.78148072 3.37710920
v 0.41849980 1.76441792 3.37710920
v 0.35512368 1.76706665 3.37710920
v 0.37672618 1.52442554 5.74493084
v 0.44133297 1.78957848 3.37710920
v 0.48801958 1.83251922 3.37710920
v 0.49958056 1.81994974 3.37710920
v 0.45289395 1.77700900 3.37710920
v 0.59432429 1.67009118 5.25450823
v 0.49793485 1.85388644 3.37710920
v 0.50058358 1.91726256 3.37710920
v 0.51764638 1.91654944 3.37710920
v 0.51499765 1.85317332 3.37710920
v 0.75763876 1.87477582 5.49971953
v 0.49248582 1.93938261 3.37710920
v 0.44954508 1.98606922 3.37710920
v 0.46211456 1.99763020 3.37710920
v 0.50505530 1.95094359 3.37710920
v 0.61197312 2.09237393 5.74493084
v 0.42817786 1.99598449 3.37710920
v 0.36480174 1.99863322 3.37710920
v 0.36551486 2.01569602 3.37710920
v 0.42889098 2.01304729 3.37710920
v 0.40728848 2.25568840 5.25450823
v 0.34268169 1.99053546 3.37710920
v 0.29599508 1.94759472 3.37710920
v 0.28443410 1.96016420 3.37710920
v 0.33112071 2.00310494 3.37710920
v 0.18969037 2.11002276 5.49971953
v 0.39052207 1.92286845 3.37710920
v 0.40976545 1.86242640 3.37710920
v 0.39349259 1.85724549 3.37710920
v 0.37424921 1.91768754 3.37710920
v 0.33970172 1.87340404 6.05910782
v -0.16769390 2.00891640 3.41531379
v -0.17907209 1.95064384 3.41531379
v -0.19476085 1.95370720 3.41531379
v -0.18338267 2.01197976 3.41531379
v -0.41095575 2.02616812 5.41779877
v -0.17469458 1.92903420 3.41531379
v -0.14153525 1.87978368 3.41531379
v -0.15479501 1.87085616 3.41531379
v -0.18795434 1.92010668 3.41531379
v -0.30681360 1.80429327 5.67934783
v -0.12315956 1.86759871 3.41531379
v -0.06488700 1.85622052 3.41531379
v -0.06795036 1.84053176 3.41531379
v -0.12622292 1.85190995 3.41531379
v -0.14041128 1.62433686 5.94089689
v -0.04327735 1.86059803 3.41531379
v 0.00597316 1.89375736 3.41531379
v 0.01490068 1.88049760 3.41531379
v -0.03434984 1.84733827 3.41531379
v 0.08146358 1.72847901 5.41779877
v 0.01815813 1.91213305 3.41531379
v 0.02953632 1.97040561 3.41531379
v 0.04522508 1.96734225 3.41531379
v 0.03384690 1.90906969 3.41531379
v 0.26141998 1.89488133 5.67934783
v 0.02515881 1.99201526 3.41531379
v -0.00800052 2.04126577 3.41531379
v 0.00525924 2.05019329 3.41531379
v 0.03841857 2.00094277 3.41531379
v 0.15727783 2.11675619 5.94089689
v -0.02637621 2.05345074 3.41531379
v -0.08464877 2.06482893 3.41531379
v -0.08158541 2.08051770 3.41531379
v -0.02331285 2.06913951 3.41531379
v -0.00912449 2.29671259 5.41779877
v -0.10625842 2.06045142 3.41531379
v -0.15550893 2.02729209 3.41531379
v -0.16443645 2.04055185 3.41531379
v -0.11518593 2.07371118 3.41531379
v -0.23099935 2.19257044 5.67934783
v -0.07152046 1.99109634 3.41531379
v -0.06222729 1.93245512 3.41531379
v -0.07801531 1.92995311 3.41531379
v -0.08730848 1.98859433 3.41531379
v -0.12551508 1.95248256 6.27600662
v -0.55627539 1.96009875 3.44915996
v -0.50101803 1.94773154 3.44915996
v -0.50434767 1.93285456 3.44915996
v -0.55960502 1.94522177 3.44915996
v -0.57906690 1.72863516 5.45705516
v -0.48030232 1.95134122 3.44915996
v -0.43248453 1.98166913 3.44915996
v -0.42431932 1.96879510 3.44915996
v -0.47213711 1.93846720 3.44915996
v -0.36482647 1.82213222 5.71931086
v -0.42038873 1.99886978 3.44915996
v -0.40802151 2.05412714 3.44915996
v -0.39314453 2.05079750 3.44915996
v -0.40551175 1.99554015 3.44915996
v -0.18892513 1.97607827 5.98156655
v -0.41163120 2.07484285 3.44915996
v -0.44195911 2.12266064 3.44915996
v -0.42908508 2.13082585 3.44915996
v -0.39875717 2.08300806 3.44915996
v -0.28242220 2.19031870 5.45705516
v -0.45915976 2.13475644 3.44915996
v -0.51441711 2.14712365 3.44915996
v -0.51108748 2.16200063 3.44915996
v -0.45583012 2.14963342 3.44915996
v -0.43636824 2.36622003 5.71931086
v -0.53513283 2.14351397 3.44915996
v -0.58295062 2.11318606 3.44915996
v -0.59111583 2.12606009 3.44915996
v -0.54329804 2.15638799 3.44915996
v -0.65060868 2.27272297 5.98156655
v -0.59504641 2.09598541 3.44915996
v -0.60741363 2.04072805 3.44915996
v -0.62229061 2.04405769 3.44915996
v -0.60992339 2.09931504 3.44915996
v -0.82651001 2.11877692 5.45705516
v -0.60380394 2.02001234 3.44915996
v -0.57347604 1.97219455 3.44915996
v -0.58635007 1.96402934 3.44915996
v -0.61667797 2.01184713 3.44915996
v -0.73301295 1.90453649 5.71931086
v -0.53677831 2.05132088 3.44915996
v -0.48063035 2.05865107 3.44915996
v -0.47865684 2.04353431 3.44915996
v -0.53480479 2.03620412 3.44915996
v -0.50137413 1.99883803 6.31758167
v 6.52896640 0.44380376 2.67876350
v 6.58021935 0.45739657 2.67876350
v 6.58387895 0.44359770 2.67876350
v 6.53262600 0.43000489 2.67876350
v 6.61000973 0.24164583 4.66706886
v 6.59587196 0.46934378 2.67876350
v 6.62250170 0.51519665 2.67876350
v 6.63484671 0.50802711 2.67876350
v 6.60821697 0.46217423 2.67876350
v 6.74762725 0.41186890 4.92676589
v 6.62512182 0.53471267 2.67876350
v 6.61152900 0.58596562 2.67876350
v 6.62532788 0.58962523 2.67876350
v 6.63892069 0.53837228 2.67876350
v 6.82727974 0.61575600 5.18646291
v 6.59958180 0.60161823 2.67876350
v 6.55372892 0.62824797 2.67876350
v 6.56089847 0.64059298 2.67876350
v 6.60675135 0.61396325 2.67876350
v 6.65705668 0.75337352 4.66706886
v 6.53421290 0.63086809 2.67876350
v 6.48295995 0.61727528 2.67876350
v 6.47930035 0.63107415 2.67876350
v 6.53055330 0.64466696 2.67876350
v 6.45316957 0.83302601 4.92676589
v 6.46730734 0.60532807 2.67876350
v 6.44067761 0.55947519 2.67876350
v 6.42833260 0.56664474 2.67876350
v 6.45496233 0.61249762 2.67876350
v 6.31555205 0.66280295 5.18646291
v 6.43805749 0.53995918 2.67876350
v 6.45165030 0.48870623 2.67876350
v 6.43785143 0.48504662 2.67876350
v 6.42425861 0.53629957 2.67876350
v 6.23589956 0.45891585 4.66706886
v 6.46359751 0.47305362 2.67876350
v 6.50945038 0.44642388 2.67876350
v 6.50228083 0.43407887 2.67876350
v 6.45642796 0.46070860 2.67876350
v 6.40612262 0.32129833 4.92676589
v 6.50576264 0.52801801 2.67876350
v 6.54924733 0.55836125 2.67876350
v 6.55741666 0.54665384 2.67876350
v 6.51393198 0.51631060 2.67876350
v 6.55784822 0.49970496 5.51919973
v 6.07637944 0.49483502 2.73006177
v 6.13430165 0.50118592 2.73006177
v 6.13601151 0.48559148 2.73006177
v 6.07808930 0.47924057 2.73006177
v 6.13123270 0.26186607 4.22444880
v 6.15327158 0.51159629 2.73006177
v 6.18973799 0.55704424 2.73006177
v 6.20197399 0.54722636 2.73006177
v 6.16550757 0.50177840 2.73006177
v 6.30872265 0.42421973 4.41963404
v 6.19579052 0.57781925 2.73006177
v 6.18943961 0.63574146 2.73006177
v 6.20503405 0.63745132 2.73006177
v 6.21138496 0.57952911 2.73006177
v 6.42875946 0.63267250 4.61481929
v 6.17902924 0.65471138 2.73006177
v 6.13358129 0.69117780 2.73006177
v 6.14339918 0.70341379 2.73006177
v 6.18884713 0.66694738 2.73006177
v 6.26640580 0.81016245 4.22444880
v 6.11280628 0.69723032 2.73006177
v 6.05488407 0.69087942 2.73006177
v 6.05317422 0.70647386 2.73006177
v 6.11109643 0.71282476 2.73006177
v 6.05795303 0.93019926 4.41963404
v 6.03591415 0.68046905 2.73006177
v 5.99944773 0.63502109 2.73006177
v 5.98721174 0.64483898 2.73006177
v 6.02367816 0.69028693 2.73006177
v 5.88046308 0.76784561 4.61481929
v 5.99339521 0.61424609 2.73006177
v 5.99974611 0.55632388 2.73006177
v 5.98415167 0.55461402 2.73006177
v 5.97780077 0.61253623 2.73006177
v 5.76042627 0.55939284 4.22444880
v 6.01015649 0.53735396 2.73006177
v 6.05560444 0.50088754 2.73006177
v 6.04578655 0.48865155 2.73006177
v 6.00033860 0.52511796 2.73006177
v 5.92277993 0.38190288 4.41963404
v 6.06499969 0.59015038 2.73006177
v 6.11723254 0.61597764 2.73006177
v 6.12418603 0.60191495 2.73006177
v 6.07195319 0.57608770 2.73006177
v 6.11694338 0.55083118 4.86490038
v 5.81607014 0.69414814 2.79947145
v 5.84166302 0.74835423 2.79947145
v 5.85625696 0.74146384 2.79947145
v 5.83066409 0.68725775 2.79947145
v 6.04986065 0.61691100 4.26474474
v 5.84274030 0.77058880 2.79947145
v 5.82250771 0.82701519 2.79947145
v 5.83769943 0.83246243 2.79947145
v 5.85793203 0.77603604 2.79947145
v 6.00298831 0.85988888 4.45612738
v 5.80754726 0.84349916 2.79947145
v 5.75334117 0.86909204 2.79947145
v 5.76023156 0.88368599 2.79947145
v 5.81443765 0.85809311 2.79947145
v 5.88478440 1.07728967 4.64751001
v 5.73110660 0.87016933 2.79947145
v 5.67468021 0.84993673 2.79947145
v 5.66923297 0.86512846 2.79947145
v 5.72565936 0.88536106 2.79947145
v 5.64180652 1.03041733 4.26474474
v 5.65819624 0.83497628 2.79947145
v 5.63260336 0.78077019 2.79947145
v 5.61800941 0.78766058 2.79947145
v 5.64360229 0.84186667 2.79947145
v 5.42440573 0.91221343 4.45612738
v 5.63152607 0.75853562 2.79947145
v 5.65175867 0.70210924 2.79947145
v 5.63656694 0.69666199 2.79947145
v 5.61633434 0.75308838 2.79947145
v 5.47127807 0.66923554 4.64751001
v 5.66671912 0.68562526 2.79947145
v 5.72092521 0.66003238 2.79947145
v 5.71403482 0.64543844 2.79947145
v 5.65982873 0.67103131 2.79947145
v 5.58948197 0.45183475 4.26474474
v 5.74315978 0.65895510 2.79947145
v 5.79958616 0.67918769 2.79947145
v 5.80503341 0.66399596 2.79947145
v 5.74860702 0.64376337 2.79947145
v 5.83245985 0.49870709 4.45612738
v 5.72637020 0.73544868 2.79947145
v 5.73182431 0.79514415 2.79947145
v 5.74789617 0.79367574 2.79947145
v 5.74244206 0.73398027 2.79947145
v 5.78879272 0.75984232 4.89271901
v 5.20087484 0.87486387 2.83559550
v 5.20870023 0.81874279 2.83559550
v 5.19359071 0.81663595 2.83559550
v 5.18576532 0.87275704 2.83559550
v 4.97598621 0.81489980 4.54277209
v 5.21936052 0.80060036 2.83559550
v 5.26457751 0.76645015 2.83559550
v 5.25538321 0.75427634 2.83559550
v 5.21016623 0.78842655 2.83559550
v 5.13886165 0.64700474 4.76575026
v 5.28494411 0.76115947 2.83559550
v 5.34106519 0.76898486 2.83559550
v 5.34317202 0.75387534 2.83559550
v 5.28705094 0.74604995 2.83559550
v 5.34490817 0.53627084 4.98872842
v 5.35920762 0.77964516 2.83559550
v 5.39335783 0.82486214 2.83559550
v 5.40553164 0.81566785 2.83559550
v 5.37138143 0.77045086 2.83559550
v 5.51280324 0.69914629 4.54277209
v 5.39864851 0.84522874 2.83559550
v 5.39082311 0.90134982 2.83559550
v 5.40593263 0.90345666 2.83559550
v 5.41375803 0.84733557 2.83559550
v 5.62353714 0.90519281 4.76575026
v 5.38016282 0.91949225 2.83559550
v 5.33494584 0.95364246 2.83559550
v 5.34414013 0.96581627 2.83559550
v 5.38935711 0.93166606 2.83559550
v 5.46066169 1.07308787 4.98872842
v 5.31457924 0.95893314 2.83559550
v 5.25845816 0.95110775 2.83559550
v 5.25635132 0.96621727 2.83559550
v 5.31247240 0.97404266 2.83559550
v 5.25461517 1.18382177 4.54277209
v 5.24031573 0.94044745 2.83559550
v 5.20616552 0.89523047 2.83559550
v 5.19399171 0.90442476 2.83559550
v 5.22814192 0.94964175 2.83559550
v 5.08672011 1.02094632 4.76575026
v 5.29319982 0.88864403 2.83559550
v 5.31979457 0.83860871 2.83559550
v 5.30632353 0.83144858 2.83559550
v 5.27972877 0.88148390 2.83559550
v 5.25646189 0.83703161 5.27441920
v 4.76302050 0.97908869 2.88661246
v 4.81046346 0.94974087 2.88661246
v 4.80256212 0.93696777 2.88661246
v 4.75511916 0.96631558 2.88661246
v 4.66709320 0.77099347 4.78289672
v 4.83091129 0.94641418 2.88661246
v 4.88521056 0.95920938 2.88661246
v 4.88865543 0.94459034 2.88661246
v 4.83435615 0.93179514 2.88661246
v 4.89669259 0.78886973 5.03057467
v 4.90202169 0.97131585 2.88661246
v 4.93136951 1.01875882 2.88661246
v 4.94414261 1.01085748 2.88661246
v 4.91479480 0.96341452 2.88661246
v 5.11011690 0.87538855 5.27825261
v 4.93469619 1.03920665 2.88661246
v 4.92190099 1.09350592 2.88661246
v 4.93652004 1.09695078 2.88661246
v 4.94931524 1.04265151 2.88661246
v 5.09224065 1.10498795 4.78289672
v 4.90979452 1.11031705 2.88661246
v 4.86235156 1.13966486 2.88661246
v 4.87025290 1.15243797 2.88661246
v 4.91769586 1.12309015 2.88661246
v 5.00572182 1.31841226 5.03057467
v 4.84190373 1.14299155 2.88661246
v 4.78760446 1.13019635 2.88661246
v 4.78415959 1.14481539 2.88661246
v 4.83845887 1.15761060 2.88661246
v 4.77612243 1.30053600 5.27825261
v 4.77079333 1.11808988 2.88661246
v 4.74144551 1.07064692 2.88661246
v 4.72867241 1.07854825 2.88661246
v 4.75802022 1.12599121 2.88661246
v 4.56269812 1.21401718 4.78289672
v 4.73811883 1.05019909 2.88661246
v 4.75091403 0.99589981 2.88661246
v 4.73629498 0.99245495 2.88661246
v 4.72349978 1.04675422 2.88661246
v 4.58057437 0.98441779 5.03057467
v 4.81061376 1.05770713 2.88661246
v 4.86524369 1.04640667 2.88661246
v 4.86220126 1.03169861 2.88661246
v 4.80757133 1.04299907 2.88661246
v 4.82662827 0.99742697 5.59558998
v 4.33166352 1.11732578 2.89754825
v 4.34342502 1.06201023 2.89754825
v 4.32853237 1.05884367 2.89754825
v 4.31677087 1.11415922 2.89754825
v 4.11202702 1.04171728 4.90519856
v 4.35532127 1.04470353 2.89754825
v 4.40275191 1.01390617 2.89754825
v 4.39446030 1.00113637 2.89754825
v 4.34702967 1.03193374 2.89754825
v 4.28605223 0.88610081 5.16742227
v 4.42340151 1.01008040 2.89754825
v 4.47871706 1.02184190 2.89754825
v 4.48188362 1.00694925 2.89754825
v 4.42656806 0.99518775 2.89754825
v 4.49901001 0.79044389 5.42964599
v 4.49602376 1.03373814 2.89754825
v 4.52682112 1.08116878 2.89754825
v 4.53959091 1.07287718 2.89754825
v 4.50879355 1.02544654 2.89754825
v 4.65462648 0.96446910 4.90519856
v 4.53064689 1.10181838 2.89754825
v 4.51888539 1.15713393 2.89754825
v 4.53377804 1.16030049 2.89754825
v 4.54553954 1.10498494 2.89754825
v 4.75028339 1.17742688 5.16742227
v 4.50698914 1.17444063 2.89754825
v 4.45955851 1.20523799 2.89754825
v 4.46785011 1.21800779 2.89754825
v 4.51528075 1.18721042 2.89754825
v 4.57625818 1.33304335 5.42964599
v 4.43890891 1.20906377 2.89754825
v 4.38359336 1.19730227 2.89754825
v 4.38042680 1.21219491 2.89754825
v 4.43574235 1.22395641 2.89754825
v 4.36330041 1.42870027 4.90519856
v 4.36628666 1.18540602 2.89754825
v 4.33548929 1.13797538 2.89754825
v 4.32271950 1.14626699 2.89754825
v 4.35351687 1.19369762 2.89754825
v 4.20768393 1.25467506 5.16742227
v 4.42259918 1.13757717 2.89754825
v 4.45261518 1.08964823 2.89754825
v 4.43971124 1.08156699 2.89754825
v 4.40969523 1.12949593 2.89754825
v 4.38967825 1.08359669 5.76562012
v 4.02376176 1.21128489 2.94099802
v 4.05803984 1.25534308 2.94099802
v 4.06990166 1.24611436 2.94099802
v 4.03562358 1.20205617 2.94099802
v 4.22052266 1.09356490 4.74677354
v 4.06353906 1.27533028 2.94099802
v 4.05662348 1.33072239 2.94099802
v 4.07153674 1.33258427 2.94099802
v 4.07845233 1.27719217 2.94099802
v 4.22732282 1.32390608 4.98262994
v 4.04637893 1.34874401 2.94099802
v 4.00232074 1.38302209 2.94099802
v 4.01154946 1.39488391 2.94099802
v 4.05560765 1.36060583 2.94099802
v 4.16409892 1.54550491 5.21848633
v 3.98233354 1.38852131 2.94099802
v 3.92694144 1.38160573 2.94099802
v 3.92507955 1.39651900 2.94099802
v 3.98047165 1.40343458 2.94099802
v 3.93375774 1.55230508 4.74677354
v 3.90891981 1.37136119 2.94099802
v 3.87464173 1.32730300 2.94099802
v 3.86277991 1.33653171 2.94099802
v 3.89705799 1.38058990 2.94099802
v 3.71215891 1.48908118 4.98262994
v 3.86914251 1.30731579 2.94099802
v 3.87605809 1.25192369 2.94099802
v 3.86114482 1.25006180 2.94099802
v 3.85422924 1.30545390 2.94099802
v 3.70535874 1.25873999 5.21848633
v 3.88630263 1.23390206 2.94099802
v 3.93036082 1.19962398 2.94099802
v 3.92113211 1.18776216 2.94099802
v 3.87707392 1.22204024 2.94099802
v 3.76858264 1.03714117 4.74677354
v 3.95034803 1.19412476 2.94099802
v 4.00574013 1.20104034 2.94099802
v 4.00760202 1.18612708 2.94099802
v 3.95220992 1.17921149 2.94099802
v 3.99892383 1.03034100 4.98262994
v 3.95064097 1.26705347 2.94099802
v 3.96773342 1.32019441 2.94099802
v 3.98204060 1.31559260 2.94099802
v 3.96494815 1.26245166 2.94099802
v 4.01232813 1.27653151 5.52067734
v 3.51878587 1.51686468 2.97641065
v 3.47376621 1.46786614 2.97641065
v 3.46057430 1.47998682 2.97641065
v 3.50559395 1.52898536 2.97641065
v 3.29651275 1.67590708 4.82722621
v 3.46528376 1.44465745 2.97641065
v 3.46809726 1.37817655 2.97641065
v 3.45019854 1.37741907 2.97641065
v 3.44738505 1.44389997 2.97641065
v 3.26596931 1.40292239 5.06896538
v 3.47851027 1.35576752 2.97641065
v 3.52750882 1.31074787 2.97641065
v 3.51538814 1.29755595 2.97641065
v 3.46638960 1.34257560 2.97641065
v 3.31946788 1.13349440 5.31070456
v 3.55071751 1.30226541 2.97641065
v 3.61719841 1.30507891 2.97641065
v 3.61795589 1.28718020 2.97641065
v 3.55147499 1.28436670 2.97641065
v 3.59245257 1.10295097 4.82722621
v 3.63960744 1.31549193 2.97641065
v 3.68462709 1.36449047 2.97641065
v 3.69781901 1.35236979 2.97641065
v 3.65279935 1.30337125 2.97641065
v 3.86188056 1.15644953 5.06896538
v 3.69310955 1.38769916 2.97641065
v 3.69029605 1.45418006 2.97641065
v 3.70819476 1.45493754 2.97641065
v 3.71100826 1.38845664 2.97641065
v 3.89242399 1.42943422 5.31070456
v 3.67988303 1.47658909 2.97641065
v 3.63088449 1.52160874 2.97641065
v 3.64300516 1.53480066 2.97641065
v 3.69200371 1.48978101 2.97641065
v 3.83892543 1.69886221 4.82722621
v 3.60767580 1.53009120 2.97641065
v 3.54119490 1.52727770 2.97641065
v 3.54043741 1.54517641 2.97641065
v 3.60691832 1.54798991 2.97641065
v 3.56594074 1.72940564 5.06896538
v 3.60021517 1.44347965 2.97641065
v 3.57472642 1.38201461 2.97641065
v 3.55817814 1.38887696 2.97641065
v 3.58366689 1.45034200 2.97641065
v 3.52600576 1.43823587 5.62043287
v 3.02525911 1.46262172 3.03590010
v 3.09209785 1.45143103 3.03590010
v 3.08908497 1.43343598 3.03590010
v 3.02224623 1.44462668 3.03590010
v 3.01305488 1.18452999 4.55647318
v 3.11661981 1.45709022 3.03590010
v 3.17179494 1.49643932 3.03590010
v 3.18238894 1.48158447 3.03590010
v 3.12721380 1.44223537 3.03590010
v 3.26301141 1.31017829 4.75507864
v 3.18513294 1.51778062 3.03590010
v 3.19632363 1.58461935 3.03590010
v 3.21431868 1.58160647 3.03590010
v 3.20312798 1.51476774 3.03590010
v 3.46322467 1.50557639 4.95368410
v 3.19066444 1.60914131 3.03590010
v 3.15131533 1.66431645 3.03590010
v 3.16617019 1.67491044 3.03590010
v 3.20551929 1.61973531 3.03590010
v 3.33757637 1.75553292 4.55647318
v 3.12997404 1.67765444 3.03590010
v 3.06313531 1.68884514 3.03590010
v 3.06614819 1.70684018 3.03590010
v 3.13298692 1.69564949 3.03590010
v 3.14217827 1.95574617 4.75507864
v 3.03861335 1.68318594 3.03590010
v 2.98343821 1.64383684 3.03590010
v 2.97284422 1.65869169 3.03590010
v 3.02801935 1.69804080 3.03590010
v 2.89222174 1.83009787 4.95368410
v 2.97010022 1.62249555 3.03590010
v 2.95890952 1.55565681 3.03590010
v 2.94091448 1.55866969 3.03590010
v 2.95210517 1.62550843 3.03590010
v 2.69200848 1.63469978 4.55647318
v 2.96456872 1.53113485 3.03590010
v 3.00391782 1.47595972 3.03590010
v 2.98906297 1.46536572 3.03590010
v 2.94971386 1.52054086 3.03590010
v 2.81765679 1.38474325 4.75507864
v 3.04263458 1.57290336 3.03590010
v 3.10925833 1.58530997 3.03590010
v 3.11259858 1.56737281 3.03590010
v 3.04597482 1.55496619 3.03590010
v 3.08835308 1.51248292 5.20814735
v 2.67364626 1.56032957 3.08461117
v 2.72885739 1.55874727 3.08461117
v 2.72843139 1.54388273 3.08461117
v 2.67322026 1.54546503 3.08461117
v 2.69480090 1.33444690 4.99415566
v 2.74802458 1.56605057 3.08461117
v 2.78818359 1.60397187 3.08461117
v 2.79839318 1.59315982 3.08461117
v 2.75823416 1.55523852 3.08461117
v 2.88259726 1.46376187 5.24356555
v 2.79657263 1.62268933 3.08461117
v 2.79815493 1.67790046 3.08461117
v 2.81301947 1.67747445 3.08461117
v 2.81143717 1.62226332 3.08461117
v 3.02245530 1.64384397 5.49297544
v 2.79085163 1.69706764 3.08461117
v 2.75293033 1.73722666 3.08461117
v 2.76374238 1.74743625 3.08461117
v 2.80166368 1.70727723 3.08461117
v 2.89314033 1.83164033 4.99415566
v 2.73421287 1.74561570 3.08461117
v 2.67900174 1.74719800 3.08461117
v 2.67942775 1.76206253 3.08461117
v 2.73463887 1.76048023 3.08461117
v 2.71305823 1.97149837 5.24356555
v 2.65983456 1.73989470 3.08461117
v 2.61967554 1.70197340 3.08461117
v 2.60946595 1.71278544 3.08461117
v 2.64962497 1.75070675 3.08461117
v 2.52526187 1.84218339 5.49297544
v 2.61128650 1.68325594 3.08461117
v 2.60970420 1.62804481 3.08461117
v 2.59483966 1.62847081 3.08461117
v 2.59642197 1.68368194 3.08461117
v 2.38540383 1.66210129 4.99415566
v 2.61700750 1.60887762 3.08461117
v 2.65492880 1.56871861 3.08461117
v 2.64411675 1.55850902 3.08461117
v 2.60619545 1.59866804 3.08461117
v 2.51471881 1.47430494 5.24356555
v 2.67537794 1.65130464 3.08461117
v 2.72778435 1.66875004 3.08461117
v 2.73248119 1.65464062 3.08461117
v 2.68007478 1.63719523 3.08461117
v 2.71902655 1.60762095 5.81253186
v 2.34847642 1.91363930 3.17715557
v 2.29281350 1.94858397 3.17715557
v 2.30222168 1.96357014 3.17715557
v 2.35788460 1.92862547 3.17715557
v 2.46311169 2.15804507 4.87682497
v 2.26875011 1.95266272 3.17715557
v 2.20468088 1.93801271 3.17715557
v 2.20073664 1.95526213 3.17715557
v 2.26480588 1.96991214 3.17715557
v 2.19248373 2.13877754 5.09882261
v 2.18478138 1.92388145 3.17715557
v 2.14983670 1.86821853 3.17715557
v 2.13485053 1.87762671 3.17715557
v 2.16979521 1.93328963 3.17715557
v 1.94037561 2.03851673 5.32082025
v 2.14575795 1.84415515 3.17715557
v 2.16040796 1.78008591 3.17715557
v 2.14315854 1.77614168 3.17715557
v 2.12850853 1.84021091 3.17715557
v 1.95964314 1.76788876 4.87682497
v 2.17453923 1.76018641 3.17715557
v 2.23020214 1.72524174 3.17715557
v 2.22079396 1.71025557 3.17715557
v 2.16513105 1.74520024 3.17715557
v 2.05990395 1.51578065 5.09882261
v 2.25426553 1.72116299 3.17715557
v 2.31833477 1.73581300 3.17715557
v 2.32227900 1.71856358 3.17715557
v 2.25820977 1.70391357 3.17715557
v 2.33053191 1.53504817 5.32082025
v 2.33823427 1.74994426 3.17715557
v 2.37317894 1.80560718 3.17715557
v 2.38816511 1.79619900 3.17715557
v 2.35322044 1.74053608 3.17715557
v 2.58264003 1.63530898 4.87682497
v 2.37725769 1.82967057 3.17715557
v 2.36260768 1.89373980 3.17715557
v 2.37985710 1.89768404 3.17715557
v 2.39450711 1.83361480 3.17715557
v 2.56337250 1.90593695 5.09882261
v 2.29179363 1.82139134 3.17715557
v 2.22752295 1.83513073 3.17715557
v 2.23122201 1.85243437 3.17715557
v 2.29549269 1.83869498 3.17715557
v 2.27339767 1.89253171 5.60525472
v 1.72253109 1.85190204 3.26544771
v 1.78365137 1.84273330 3.26544771
v 1.78118286 1.82627784 3.26544771
v 1.72006258 1.83544658 3.26544771
v 1.71571101 1.59813498 5.25069108
v 1.80592404 1.84827355 3.26544771
v 1.85562588 1.88500884 3.26544771
v 1.86551615 1.87162756 3.26544771
v 1.81581432 1.83489227 3.26544771
v 1.94168729 1.71657987 5.50998817
v 1.86745750 1.90467553 3.26544771
v 1.87662623 1.96579582 3.26544771
v 1.89308169 1.96332731 3.26544771
v 1.88391296 1.90220703 3.26544771
v 2.12122455 1.89785546 5.76928526
v 1.87108599 1.98806849 3.26544771
v 1.83435070 2.03777033 3.26544771
v 1.84773197 2.04766060 3.26544771
v 1.88446726 1.99795877 3.26544771
v 2.00277967 2.12383174 5.25069108
v 1.81468400 2.04960195 3.26544771
v 1.75356372 2.05877068 3.26544771
v 1.75603222 2.07522614 3.26544771
v 1.81715251 2.06605741 3.26544771
v 1.82150408 2.30336900 5.50998817
v 1.73129104 2.05323044 3.26544771
v 1.68158921 2.01649515 3.26544771
v 1.67169893 2.02987642 3.26544771
v 1.72140077 2.06661171 3.26544771
v 1.59552780 2.18492412 5.76928526
v 1.66975759 1.99682845 3.26544771
v 1.66058885 1.93570817 3.26544771
v 1.64413339 1.93817667 3.26544771
v 1.65330213 1.99929696 3.26544771
v 1.41599053 2.00364853 5.25069108
v 1.66612910 1.91343549 3.26544771
v 1.70286439 1.86373366 3.26544771
v 1.68948312 1.85384338 3.26544771
v 1.65274783 1.90354522 3.26544771
v 1.53443542 1.77767225 5.50998817
v 1.73666636 1.95273155 3.26544771
v 1.79722503 1.96507669 3.26544771
v 1.80054873 1.94877244 3.26544771
v 1.73999005 1.93642729 3.26544771
v 1.77929085 1.89834546 6.10150967
v 1.40692215 1.90949656 3.32607966
v 1.44771889 1.94920994 3.32607966
v 1.45841095 1.93822620 3.32607966
v 1.41761421 1.89851282 3.32607966
v 1.58922893 1.76302806 5.31212473
v 1.45607204 1.96863287 3.32607966
v 1.45683810 2.02556212 3.32607966
v 1.47216521 2.02535588 3.32607966
v 1.47139916 1.96842663 3.32607966
v 1.62833764 1.99478461 5.57152654
v 1.44901059 2.04520279 3.32607966
v 1.40929720 2.08599953 3.32607966
v 1.42028094 2.09669159 3.32607966
v 1.45999433 2.05589485 3.32607966
v 1.59547908 2.22750957 5.83092834
v 1.38987427 2.09435268 3.32607966
v 1.33294502 2.09511874 3.32607966
v 1.33315126 2.11044585 3.32607966
v 1.39008052 2.10967980 3.32607966
v 1.36372253 2.26661828 5.31212473
v 1.31330436 2.08729123 3.32607966
v 1.27250762 2.04757784 3.32607966
v 1.26181555 2.05856158 3.32607966
v 1.30261229 2.09827497 3.32607966
v 1.13099757 2.23375972 5.57152654
v 1.26415446 2.02815491 3.32607966
v 1.26338841 1.97122566 3.32607966
v 1.24806129 1.97143190 3.32607966
v 1.24882734 2.02836116 3.32607966
v 1.09188887 2.00200317 5.83092834
v 1.27121592 1.95158500 3.32607966
v 1.31092930 1.91078825 3.32607966
v 1.29994556 1.90009619 3.32607966
v 1.26023218 1.94089293 3.32607966
v 1.12474742 1.76927821 5.31212473
v 1.33035223 1.90243510 3.32607966
v 1.38728149 1.90166905 3.32607966
v 1.38707524 1.88634193 3.32607966
v 1.33014599 1.88710798 3.32607966
v 1.35650397 1.73016951 5.57152654
v 1.34085532 1.97607227 3.32607966
v 1.36556105 2.02736705 3.32607966
v 1.37937118 2.02071551 3.32607966
v 1.35466546 1.96942073 3.32607966
v 1.40450297 1.97701395 6.16328690
v 1.05579690 2.06464033 3.40622575
v 1.08249123 2.12953271 3.40622575
v 1.09996225 2.12234577 3.40622575
v 1.07326792 2.05745339 3.40622575
v 1.33370529 1.98825577 5.39500256
v 1.08242776 2.15559015 3.40622575
v 1.05541767 2.22035173 3.40622575
v 1.07285349 2.22762368 3.40622575
v 1.09986358 2.16286210 3.40622575
v 1.26445289 2.26952065 5.65476117
v 1.03694741 2.23873225 3.40622575
v 0.97205503 2.26542658 3.40622575
v 0.97924197 2.28289761 3.40622575
v 1.04413434 2.25620327 3.40622575
v 1.11333196 2.51664065 5.91451977
v 0.94599759 2.26536312 3.40622575
v 0.88123601 2.23835302 3.40622575
v 0.87396406 2.25578884 3.40622575
v 0.93872564 2.28279894 3.40622575
v 0.83206709 2.44738824 5.39500256
v 0.86285549 2.21988276 3.40622575
v 0.83616115 2.15499038 3.40622575
v 0.81869013 2.16217732 3.40622575
v 0.84538446 2.22706970 3.40622575
v 0.58494709 2.29626732 5.65476117
v 0.83622462 2.12893294 3.40622575
v 0.86323471 2.06417136 3.40622575
v 0.84579889 2.05689941 3.40622575
v 0.81878880 2.12166099 3.40622575
v 0.65419950 2.01500244 5.91451977
v 0.88170498 2.04579084 3.40622575
v 0.94659735 2.01909651 3.40622575
v 0.93941042 2.00162548 3.40622575
v 0.87451804 2.02831982 3.40622575
v 0.80532042 1.76788244 5.39500256
v 0.97265479 2.01915997 3.40622575
v 1.03741637 2.04617007 3.40622575
v 1.04468833 2.02873425 3.40622575
v 0.97992675 2.00172415 3.40622575
v 1.08658530 1.83713485 5.65476117
v 0.94847585 2.10758598 3.40622575
v 0.95130034 2.17769755 3.40622575
v 0.97017653 2.17693711 3.40622575
v 0.96735204 2.10682554 3.40622575
v 1.01999965 2.13981729 6.24733548
v 0.51415839 2.16404102 3.47939022
v 0.57683236 2.18002798 3.47939022
v 0.58113654 2.16315422 3.47939022
v 0.51846257 2.14716726 3.47939022
v 0.61067299 1.91651757 5.28963258
v 0.59606315 2.19441966 3.47939022
v 0.62907585 2.25004133 3.47939022
v 0.64405092 2.24115329 3.47939022
v 0.61103823 2.18553162 3.47939022
v 0.78050418 2.12255755 5.52607240
v 0.63249763 2.27381601 3.47939022
v 0.61651066 2.33648998 3.47939022
v 0.63338442 2.34079416 3.47939022
v 0.64937139 2.27812019 3.47939022
v 0.88002108 2.37033061 5.76251222
v 0.60211899 2.35572077 3.47939022
v 0.54649731 2.38873347 3.47939022
v 0.55538535 2.40370854 3.47939022
v 0.61100702 2.37069585 3.47939022
v 0.67398110 2.54016179 5.28963258
v 0.52272263 2.39215525 3.47939022
v 0.46004867 2.37616828 3.47939022
v 0.45574449 2.39304204 3.47939022
v 0.51841845 2.40902901 3.47939022
v 0.42620803 2.63967870 5.52607240
v 0.44081787 2.36177660 3.47939022
v 0.40780518 2.30615493 3.47939022
v 0.39283011 2.31504297 3.47939022
v 0.42584280 2.37066464 3.47939022
v 0.25637685 2.43363871 5.76251222
v 0.40438340 2.28238025 3.47939022
v 0.42037036 2.21970629 3.47939022
v 0.40349660 2.21540211 3.47939022
v 0.38750964 2.27807607 3.47939022
v 0.15685995 2.18586565 5.28963258
v 0.43476204 2.20047549 3.47939022
v 0.49038371 2.16746280 3.47939022
v 0.48149567 2.15248772 3.47939022
v 0.42587400 2.18550042 3.47939022
v 0.36289993 2.01603447 5.52607240
v 0.48682974 2.26703132 3.47939022
v 0.54022207 2.30353980 3.47939022
v 0.55005128 2.28916494 3.47939022
v 0.49665895 2.25265646 3.47939022
v 0.55003439 2.23189324 6.06545073
v 0.11199340 2.38753908 3.53967753
v 0.10295804 2.43896094 3.53967753
v 0.11680239 2.44139354 3.53967753
v 0.12583775 2.38997168 3.53967753
v 0.31711871 2.45008650 5.41011035
v 0.09255044 2.45531918 3.53967753
v 0.04980072 2.48529096 3.53967753
v 0.05787005 2.49680050 3.53967753
v 0.10061977 2.46682872 3.53967753
v 0.16166730 2.59937633 5.65441178
v 0.03087442 2.48949869 3.53967753
v -0.02054744 2.48046333 3.53967753
v -0.02298004 2.49430768 3.53967753
v 0.02844182 2.50334304 3.53967753
v -0.03167300 2.69462400 5.89871321
v -0.03690568 2.47005573 3.53967753
v -0.06687746 2.42730601 3.53967753
v -0.07838700 2.43537534 3.53967753
v -0.04841522 2.47812506 3.53967753
v -0.18096283 2.53917259 5.41011035
v -0.07108519 2.40837971 3.53967753
v -0.06204983 2.35695784 3.53967753
v -0.07589418 2.35452525 3.53967753
v -0.08492954 2.40594711 3.53967753
v -0.27621050 2.34583229 5.65441178
v -0.05164223 2.34059961 3.53967753
v -0.00889251 2.31062783 3.53967753
v -0.01696184 2.29911829 3.53967753
v -0.05971156 2.32909007 3.53967753
v -0.12075909 2.19654246 5.89871321
v 0.01003379 2.30642009 3.53967753
v 0.06145566 2.31545546 3.53967753
v 0.06388825 2.30161111 3.53967753
v 0.01246639 2.29257575 3.53967753
v 0.07258121 2.10129479 5.41011035
v 0.07781389 2.32586306 3.53967753
v 0.10778567 2.36861278 3.53967753
v 0.11929521 2.36054345 3.53967753
v 0.08932343 2.31779373 3.53967753
v 0.22187104 2.25674620 5.65441178
v 0.02742868 2.37184019 3.53967753
v 0.00130866 2.41704629 3.53967753
v 0.01347953 2.42407860 3.53967753
v 0.03959955 2.37887250 3.53967753
v 0.05957476 2.42056326 6.21172442
v -0.32724830 2.47677746 3.58517694
v -0.32979017 2.54043764 3.58517694
v -0.31265089 2.54112200 3.58517694
v -0.31010902 2.47746181 3.58517694
v -0.06898156 2.51897058 5.15106890
v -0.33970915 2.56191751 3.58517694
v -0.38652107 2.60513468 3.58517694
v -0.37488567 2.61773790 3.58517694
v -0.32807375 2.57452073 3.58517694
v -0.23263250 2.72486210 5.35559356
v -0.40872340 2.61330947 3.58517694
v -0.47238358 2.61076760 3.58517694
v -0.47306794 2.62790688 3.58517694
v -0.40940775 2.63044875 3.58517694
v -0.45091652 2.87157621 5.56011823
v -0.49386345 2.60084862 3.58517694
v -0.53708062 2.55403670 3.58517694
v -0.54968384 2.56567210 3.58517694
v -0.50646667 2.61248402 3.58517694
v -0.65680804 2.70792527 5.15106890
v -0.54525541 2.53183437 3.58517694
v -0.54271354 2.46817419 3.58517694
v -0.55985282 2.46748984 3.58517694
v -0.56239469 2.53115002 3.58517694
v -0.80352215 2.48964125 5.35559356
v -0.53279456 2.44669432 3.58517694
v -0.48598264 2.40347715 3.58517694
v -0.49761804 2.39087394 3.58517694
v -0.54442996 2.43409110 3.58517694
v -0.63987121 2.28374973 5.56011823
v -0.46378031 2.39530236 3.58517694
v -0.40012013 2.39784423 3.58517694
v -0.39943578 2.38070495 3.58517694
v -0.46309596 2.37816308 3.58517694
v -0.42158719 2.13703562 5.15106890
v -0.37864026 2.40776321 3.58517694
v -0.33542309 2.45457513 3.58517694
v -0.32281988 2.44293973 3.58517694
v -0.36603704 2.39612781 3.58517694
v -0.21569567 2.30068656 5.35559356
v -0.43207626 2.47158145 3.58517694
v -0.45629296 2.53051050 3.58517694
v -0.44042745 2.53703038 3.58517694
v -0.41621075 2.47810133 3.58517694
v -0.38525558 2.52526268 5.82216545
vn 0.90586214 -0.40504139 -0.12391633
vn 0.40813256 0.91277543 0.01639602
vn -0.90484557 0.40458685 0.13252920
vn -0.40813256 -0.91277543 0.01639602
vn 0.00000000 0.00000000 -1.00000000
vn 0.00000000 0.00000000 -1.00000000
vn 0.93119048 0.35575426 -0.07951856
vn -0.35684684 0.93405033 0.01450232
vn -0.93058639 -0.35552347 0.08724695
vn 0.35684684 -0.93405033 0.01450232
vn 0.00000000 0.00000000 -1.00000000
vn 0.00000000 0.00000000 -1.00000000
vn 0.40620113 0.90845587 -0.09853213
vn -0.91282099 0.40815293 0.01300073
vn -0.40591274 -0.90781088 0.10542415
vn 0.91282099 -0.40815293 0.01300073
vn 0.00000000 0.00000000 -1.00000000
vn 0.00000000 0.00000000 -1.00000000
vn -0.35544167 0.93037227 -0.08982566
vn -0.93402299 -0.35683640 0.01639602
vn 0.35514751 -0.92960232 0.09853816
vn 0.93402299 0.35683640 0.01639602
vn 0.00000000 0.00000000 -1.00000000
vn 0.00000000 0.00000000 -1.00000000
vn -0.90738003 0.40572009 -0.10978474
vn -0.40814450 -0.91280214 0.01450232
vn 0.90658047 -0.40536258 0.11744371
vn 0.40814450 0.91280214 0.01450232
vn 0.00000000 0.00000000 -1.00000000
vn 0.00000000 0.00000000 -1.00000000
vn -0.93176921 -0.35597536 -0.07132793
vn 0.35685421 -0.93406962 0.01300073
vn 0.93128277 0.35578952 0.07827020
vn -0.35685421 0.93406962 0.01300073
vn 0.00000000 0.00000000 -1.00000000
vn 0.00000000 0.00000000 -1.00000000
vn -0.40504139 -0.90586214 -0.12391633
vn 0.91277543 -0.40813256 0.01639602
vn 0.40458685 0.90484557 0.13252920
vn -0.91277543 0.40813256 0.01639602
vn 0.00000000 0.00000000 -1.00000000
vn 0.00000000 0.00000000 -1.00000000
vn 0.35575426 -0.93119048 -0.07951856
vn 0.93405033 0.35684684 0.01450232
vn -0.35552347 0.93058639 0.08724695
vn -0.93405033 -0.35684684 0.01450232
vn 0.00000000 0.00000000 -1.00000000
vn 0.00000000 0.00000000 -1.00000000
vn 0.99737783 -0.07039945 -0.01677429
vn 0.07040472 0.99745247 0.01147800
vn -0.99725542 0.07039080 0.02295147
vn -0.07040472 -0.99745247 0.01147800
vn 0.00000000 0.00000000 -1.00000000
vn 0.00000000 0.00000000 -1.00000000
vn -0.97486093 -0.18959924 -0.11703968
vn 0.19088848 -0.98148977 0.01547335
vn 0.97388480 0.18940940 0.12518973
vn -0.19088848 0.98148977 0.01547335
vn 0.00000000 0.00000000 -1.00000000
vn 0.00000000 0.00000000 -1.00000000
vn -0.55752888 -0.82675647 -0.07506858
vn 0.82901821 -0.55905410 0.01368617
vn 0.55720651 0.82627843 0.08237030
vn -0.82901821 0.55905410 0.01368617
vn 0.00000000 0.00000000 -1.00000000
vn 0.00000000 0.00000000 -1.00000000
vn 0.19008331 -0.97734986 -0.09303537
vn 0.98153340 0.19089696 0.01226906
vn -0.18996298 0.97673116 0.09955057
vn -0.98153340 -0.19089696 0.01226906
vn 0.00000000 0.00000000 -1.00000000
vn 0.00000000 0.00000000 -1.00000000
vn 0.82610896 -0.55709223 -0.08480699
vn 0.55903953 0.82899661 0.01547335
vn -0.82549947 0.55668122 0.09304108
vn -0.55903953 -0.82899661 0.01547335
vn 0.00000000 0.00000000 -1.00000000
vn 0.00000000 0.00000000 -1.00000000
vn 0.97631778 0.18988258 -0.10367355
vn -0.19089345 0.98151535 0.01368617
vn -0.97555047 -0.18973335 0.11091676
vn 0.19089345 -0.98151535 0.01368617
vn 0.00000000 0.00000000 -1.00000000
vn 0.00000000 0.00000000 -1.00000000
vn 0.55783766 0.82721435 -0.06733176
vn -0.82903346 0.55906439 0.01226906
vn -0.55757812 -0.82682949 0.07388929
vn 0.82903346 -0.55906439 0.01226906
vn 0.00000000 0.00000000 -1.00000000
vn 0.00000000 0.00000000 -1.00000000
vn -0.18959924 0.97486093 -0.11703968
vn -0.98148977 -0.19088848 0.01547335
vn 0.18940940 -0.97388480 0.12518973
vn 0.98148977 0.19088848 0.01547335
vn 0.00000000 0.00000000 -1.00000000
vn 0.00000000 0.00000000 -1.00000000
vn -0.82675647 0.55752888 -0.07506858
vn -0.55905410 -0.82901821 0.01368617
vn 0.82627843 -0.55720651 0.08237030
vn 0.55905410 0.82901821 0.01368617
vn 0.00000000 0.00000000 -1.00000000
vn 0.00000000 0.00000000 -1.00000000
vn -0.85652468 -0.51586323 -0.01583034
vn 0.51589762 -0.85658176 0.01083201
vn 0.85643104 0.51580684 0.02166020
vn -0.51589762 0.85658176 0.01083201
vn 0.00000000 0.00000000 -1.00000000
vn 0.00000000 0.00000000 -1.00000000
vn 0.28777653 0.94507290 -0.15498997
vn -0.95642987 0.29123475 0.02059679
vn -0.28727179 -0.94341529 0.16565779
vn 0.95642987 -0.29123475 0.02059679
vn 0.00000000 0.00000000 -1.00000000
vn 0.00000000 0.00000000 -1.00000000
vn -0.46811890 0.87802116 -0.09971734
vn -0.88227285 -0.47038570 0.01821822
vn 0.46764161 -0.87712594 0.10936825
vn 0.88227285 0.47038570 0.01821822
vn 0.00000000 0.00000000 -1.00000000
vn 0.00000000 0.00000000 -1.00000000
vn -0.94931648 0.28906871 -0.12344028
vn -0.29125769 -0.95650521 0.01633208
vn 0.94825930 -0.28874680 0.13202120
vn 0.29125769 0.95650521 0.01633208
vn 0.00000000 0.00000000 -1.00000000
vn 0.00000000 0.00000000 -1.00000000
vn -0.87680887 -0.46747257 -0.11258599
vn 0.47036398 -0.88223211 0.02059679
vn 0.87566974 0.46686523 0.12344780
vn -0.47036398 0.88223211 0.02059679
vn 0.00000000 0.00000000 -1.00000000
vn 0.00000000 0.00000000 -1.00000000
vn -0.28853197 -0.94755381 -0.13744485
vn 0.95647404 -0.29124820 0.01821822
vn 0.28813377 0.94624609 0.14696007
vn -0.95647404 0.29124820 0.01821822
vn 0.00000000 0.00000000 -1.00000000
vn 0.00000000 0.00000000 -1.00000000
vn 0.46857665 -0.87887974 -0.08947804
vn 0.88230161 0.47040103 0.01633208
vn -0.46819186 0.87815801 0.09815745
vn -0.88230161 -0.47040103 0.01633208
vn 0.00000000 0.00000000 -1.00000000
vn 0.00000000 0.00000000 -1.00000000
vn 0.94507290 -0.28777653 -0.15498997
vn 0.29123475 0.95642987 0.02059679
vn -0.94341529 0.28727179 0.16565779
vn -0.29123475 -0.95642987 0.02059679
vn 0.00000000 0.00000000 -1.00000000
vn 0.00000000 0.00000000 -1.00000000
vn 0.87802116 0.46811890 -0.09971734
vn -0.47038570 0.88227285 0.01821822
vn -0.87712594 -0.46764161 0.10936825
vn 0.47038570 -0.88227285 0.01821822
vn 0.00000000 0.00000000 -1.00000000
vn 0.00000000 0.00000000 -1.00000000
vn -0.05437918 0.99829799 -0.02107189
vn -0.99841589 -0.05438561 0.01441931
vn 0.05436866 -0.99810465 0.02882964
vn 0.99841589 0.05438561 0.01441931
vn 0.00000000 0.00000000 -1.00000000
vn 0.00000000 0.00000000 -1.00000000
vn 0.02882697 0.98777286 -0.15321155
vn -0.99936733 0.02916534 0.02035484
vn -0.02877756 -0.98607980 0.16376351
vn 0.99936733 -0.02916534 0.02035484
vn 0.00000000 0.00000000 -1.00000000
vn 0.00000000 0.00000000 -1.00000000
vn -0.68283785 0.72389157 -0.09855692
vn -0.72731523 -0.68606735 0.01800419
vn 0.68215773 -0.72317055 0.10809808
vn 0.72731523 0.68606735 0.01800419
vn 0.00000000 0.00000000 -1.00000000
vn 0.00000000 0.00000000 -1.00000000
vn -0.99210631 0.02895343 -0.12201135
vn -0.02916758 -0.99944422 0.01614019
vn 0.99102686 -0.02892193 0.13049627
vn 0.02916758 0.99944422 0.01614019
vn 0.00000000 0.00000000 -1.00000000
vn 0.00000000 0.00000000 -1.00000000
vn -0.72291517 -0.68191683 -0.11127937
vn 0.68603641 -0.72728242 0.02035484
vn 0.72199760 0.68105130 0.12201878
vn -0.68603641 0.72728242 0.02035484
vn 0.00000000 0.00000000 -1.00000000
vn 0.00000000 0.00000000 -1.00000000
vn -0.02890091 -0.99030647 -0.13585960
vn 0.99941241 -0.02916665 0.01800419
vn 0.02886193 0.98897104 0.14526967
vn -0.99941241 0.02916665 0.01800419
vn 0.00000000 0.00000000 -1.00000000
vn 0.00000000 0.00000000 -1.00000000
vn 0.68349010 -0.72458303 -0.08843478
vn 0.72733838 0.68608919 0.01614019
vn -0.68294182 0.72400179 0.09701484
vn -0.72733838 -0.68608919 0.01614019
vn 0.00000000 0.00000000 -1.00000000
vn 0.00000000 0.00000000 -1.00000000
vn 0.98777286 -0.02882697 -0.15321155
vn 0.02916534 0.99936733 0.02035484
vn -0.98607980 0.02877756 0.16376351
vn -0.02916534 -0.99936733 0.02035484
vn 0.00000000 0.00000000 -1.00000000
vn 0.00000000 0.00000000 -1.00000000
vn 0.72389157 0.68283785 -0.09855692
vn -0.68606735 0.72731523 0.01800419
vn -0.72317055 -0.68215773 0.10809808
vn 0.68606735 -0.72731523 0.01800419
vn 0.00000000 0.00000000 -1.00000000
vn 0.00000000 0.00000000 -1.00000000
vn -0.31528069 0.94876996 -0.02082437
vn -0.94887939 -0.31531706 0.01424989
vn 0.31522107 -0.94859050 0.02849111
vn 0.94887939 0.31531706 0.01424989
vn 0.00000000 0.00000000 -1.00000000
vn 0.00000000 0.00000000 -1.00000000
vn -0.73784022 0.66520152 -0.11444977
vn -0.66952484 -0.74263563 0.01512643
vn 0.73713370 -0.66456457 0.12242483
vn 0.66952484 0.74263563 0.01512643
vn 0.00000000 0.00000000 -1.00000000
vn 0.00000000 0.00000000 -1.00000000
vn -0.99596911 -0.05156361 -0.07339430
vn 0.05169842 -0.99857312 0.01337931
vn 0.99541861 0.05153511 0.08053522
vn -0.05169842 0.99857312 0.01337931
vn 0.00000000 0.00000000 -1.00000000
vn 0.00000000 0.00000000 -1.00000000
vn -0.66682525 -0.73964125 -0.09096646
vn 0.74266718 -0.66955329 0.01199396
vn 0.66642167 0.73919360 0.09733949
vn -0.74266718 0.66955329 0.01199396
vn 0.00000000 0.00000000 -1.00000000
vn 0.00000000 0.00000000 -1.00000000
vn 0.05152500 -0.99522345 -0.08291837
vn 0.99854824 0.05169713 0.01512643
vn -0.05148866 0.99452150 0.09097204
vn -0.99854824 -0.05169713 0.01512643
vn 0.00000000 0.00000000 -1.00000000
vn 0.00000000 0.00000000 -1.00000000
vn 0.73889449 -0.66615201 -0.10137277
vn 0.66954152 0.74265413 0.01337931
vn -0.73833924 0.66565142 0.10845898
vn -0.66954152 -0.74265413 0.01337931
vn 0.00000000 0.00000000 -1.00000000
vn 0.00000000 0.00000000 -1.00000000
vn 0.99649636 0.05159090 -0.06582843
vn -0.05169933 0.99859067 0.01199396
vn -0.99605320 -0.05156796 0.07224103
vn 0.05169933 -0.99859067 0.01199396
vn 0.00000000 0.00000000 -1.00000000
vn 0.00000000 0.00000000 -1.00000000
vn 0.66520152 0.73784022 -0.11444977
vn -0.74263563 0.66952484 0.01512643
vn -0.66456457 -0.73713370 0.12242483
vn 0.74263563 -0.66952484 0.01512643
vn 0.00000000 0.00000000 -1.00000000
vn 0.00000000 0.00000000 -1.00000000
vn -0.05156361 0.99596911 -0.07339430
vn -0.99857312 -0.05169842 0.01337931
vn 0.05153511 -0.99541861 0.08053522
vn 0.99857312 0.05169842 0.01337931
vn 0.00000000 0.00000000 -1.00000000
vn 0.00000000 0.00000000 -1.00000000
vn -0.92718529 0.37428324 -0.01547542
vn -0.37430708 -0.92724435 0.01058912
vn 0.92708843 -0.37424413 0.02117468
vn 0.37430708 0.92724435 0.01058912
vn 0.00000000 0.00000000 -1.00000000
vn 0.00000000 0.00000000 -1.00000000
vn -0.72636201 0.67512392 -0.12886399
vn -0.68070115 -0.73236252 0.01706132
vn 0.72548060 -0.67430469 0.13780816
vn 0.68070115 0.73236252 0.01706132
vn 0.00000000 0.00000000 -1.00000000
vn 0.00000000 0.00000000 -1.00000000
vn -0.99590711 -0.03641019 -0.08272444
vn 0.03653126 -0.99921856 0.01509082
vn 0.99520795 0.03638463 0.09075957
vn -0.03653126 0.99921856 0.01509082
vn 0.00000000 0.00000000 -1.00000000
vn 0.00000000 0.00000000 -1.00000000
vn -0.67721516 -0.72861196 -0.10249021
vn 0.73240210 -0.68073794 0.01352832
vn 0.67669499 0.72805231 0.10965270
vn -0.73240210 0.68073794 0.01352832
vn 0.00000000 0.00000000 -1.00000000
vn 0.00000000 0.00000000 -1.00000000
vn 0.03637557 -0.99496016 -0.09344033
vn 0.99918690 0.03653010 0.01706132
vn -0.03634300 0.99406924 0.10249648
vn -0.99918690 -0.03653010 0.01706132
vn 0.00000000 0.00000000 -1.00000000
vn 0.00000000 0.00000000 -1.00000000
vn 0.72767852 -0.67634757 -0.11418376
vn 0.68072272 0.73238572 0.01509082
vn -0.72698497 0.67570294 0.12214083
vn -0.68072272 -0.73238572 0.01509082
vn 0.00000000 0.00000000 -1.00000000
vn 0.00000000 0.00000000 -1.00000000
vn 0.99657703 0.03643469 -0.07420739
vn -0.03653208 0.99924091 0.01352832
vn -0.99601393 -0.03641410 0.08142642
vn 0.03653208 -0.99924091 0.01352832
vn 0.00000000 0.00000000 -1.00000000
vn 0.00000000 0.00000000 -1.00000000
vn 0.67512392 0.72636201 -0.12886399
vn -0.73236252 0.68070115 0.01706132
vn -0.67430469 -0.72548060 0.13780816
vn 0.73236252 -0.68070115 0.01706132
vn 0.00000000 0.00000000 -1.00000000
vn 0.00000000 0.00000000 -1.00000000
vn -0.03641019 0.99590711 -0.08272444
vn -0.99921856 -0.03653126 0.01509082
vn 0.03638463 -0.99520795 0.09075957
vn 0.99921856 0.03653126 0.01509082
vn 0.00000000 0.00000000 -1.00000000
vn 0.00000000 0.00000000 -1.00000000
vn -0.92136603 0.38830395 -0.01745493
vn -0.38833541 -0.92144070 0.01194381
vn 0.92124359 -0.38825234 0.02388252
vn 0.38833541 0.92144070 0.01194381
vn 0.00000000 0.00000000 -1.00000000
vn 0.00000000 0.00000000 -1.00000000
vn -0.31364128 -0.93807074 -0.14714765
vn 0.94821354 -0.31703250 0.01953134
vn 0.31314530 0.93658733 0.15730289
vn -0.94821354 0.31703250 0.01953134
vn 0.00000000 0.00000000 -1.00000000
vn 0.00000000 0.00000000 -1.00000000
vn 0.44439543 -0.89082136 -0.09460448
vn 0.89470121 0.44633093 0.01727573
vn -0.44398754 0.89000372 0.10377112
vn -0.89470121 -0.44633093 0.01727573
vn 0.00000000 0.00000000 -1.00000000
vn 0.00000000 0.00000000 -1.00000000
vn 0.94186488 -0.31490984 -0.11714236
vn 0.31705495 0.94828071 0.01548711
vn -0.94092014 0.31459397 0.12529934
vn -0.31705495 -0.94828071 0.01548711
vn 0.00000000 0.00000000 -1.00000000
vn 0.00000000 0.00000000 -1.00000000
vn 0.88971407 0.44384305 -0.10682803
vn -0.44631240 0.89466405 0.01953134
vn -0.88867318 -0.44332379 0.11714950
vn 0.44631240 -0.89466405 0.01953134
vn 0.00000000 0.00000000 -1.00000000
vn 0.00000000 0.00000000 -1.00000000
vn 0.31438312 0.94028951 -0.13045648
vn -0.94825292 0.31704566 0.01727573
vn -0.31399216 -0.93912019 0.13950697
vn 0.94825292 -0.31704566 0.01727573
vn 0.00000000 0.00000000 -1.00000000
vn 0.00000000 0.00000000 -1.00000000
vn -0.44478651 0.89160531 -0.08488189
vn -0.89472743 -0.44634401 0.01548711
vn 0.44445777 -0.89094633 0.09312312
vn 0.89472743 0.44634401 0.01548711
vn 0.00000000 0.00000000 -1.00000000
vn 0.00000000 0.00000000 -1.00000000
vn -0.93807074 0.31364128 -0.14714765
vn -0.31703250 -0.94821354 0.01953134
vn 0.93658733 -0.31314530 0.15730289
vn 0.31703250 0.94821354 0.01953134
vn 0.00000000 0.00000000 -1.00000000
vn 0.00000000 0.00000000 -1.00000000
vn -0.89082136 -0.44439543 -0.09460448
vn 0.44633093 -0.89470121 0.01727573
vn 0.89000372 0.44398754 0.10377112
vn -0.44633093 0.89470121 0.01727573
vn 0.00000000 0.00000000 -1.00000000
vn 0.00000000 0.00000000 -1.00000000
vn 0.02732842 -0.99942678 -0.01998189
vn 0.99953291 0.02733133 0.01367327
vn -0.02732367 0.99925272 0.02733887
vn -0.99953291 -0.02733133 0.01367327
vn 0.00000000 0.00000000 -1.00000000
vn 0.00000000 0.00000000 -1.00000000
vn -0.69583881 -0.70683365 -0.12725774
vn 0.71252642 -0.70144304 0.01684520
vn 0.69501533 0.70599715 0.13609451
vn -0.71252642 0.70144304 0.01684520
vn 0.00000000 0.00000000 -1.00000000
vn 0.00000000 0.00000000 -1.00000000
vn 0.00781206 -0.99662772 -0.08168326
vn 0.99985828 0.00783738 0.01489964
vn -0.00780671 0.99594554 0.08961883
vn -0.99985828 -0.00783738 0.01489964
vn 0.00000000 0.00000000 -1.00000000
vn 0.00000000 0.00000000 -1.00000000
vn 0.70896863 -0.69794058 -0.10120491
vn 0.70148000 0.71256397 0.01335693
vn -0.70843763 0.69741784 0.10827966
vn -0.70148000 -0.71256397 0.01335693
vn 0.00000000 0.00000000 -1.00000000
vn 0.00000000 0.00000000 -1.00000000
vn 0.99570376 0.00780482 -0.09226647
vn -0.00783714 0.99982739 0.01684520
vn -0.99483441 -0.00779800 0.10121111
vn 0.00783714 -0.99982739 0.01684520
vn 0.00000000 0.00000000 -1.00000000
vn 0.00000000 0.00000000 -1.00000000
vn 0.69706868 0.70808295 -0.11275542
vn -0.71254843 0.70146470 0.01489964
vn -0.69642080 -0.70742483 0.12061582
vn 0.71254843 -0.70146470 0.01489964
vn 0.00000000 0.00000000 -1.00000000
vn 0.00000000 0.00000000 -1.00000000
vn -0.00781718 0.99728134 -0.07327217
vn -0.99988008 -0.00783755 0.01335693
vn 0.00781288 -0.99673195 0.08040136
vn 0.99988008 0.00783755 0.01335693
vn 0.00000000 0.00000000 -1.00000000
vn 0.00000000 0.00000000 -1.00000000
vn -0.70683365 0.69583881 -0.12725774
vn -0.70144304 -0.71252642 0.01684520
vn 0.70599715 -0.69501533 0.13609451
vn 0.70144304 0.71252642 0.01684520
vn 0.00000000 0.00000000 -1.00000000
vn 0.00000000 0.00000000 -1.00000000
vn -0.99662772 -0.00781206 -0.08168326
vn 0.00783738 -0.99985828 0.01489964
vn 0.99594554 0.00780671 0.08961883
vn -0.00783738 0.99985828 0.01489964
vn 0.00000000 0.00000000 -1.00000000
vn 0.00000000 0.00000000 -1.00000000
vn -0.41458996 -0.90984513 -0.01723382
vn 0.90991700 -0.41462270 0.01179249
vn 0.41453624 0.90972726 0.02358007
vn -0.90991700 0.41462270 0.01179249
vn 0.00000000 0.00000000 -1.00000000
vn 0.00000000 0.00000000 -1.00000000
vn -0.93301833 0.33371767 -0.13457083
vn -0.33672749 -0.94143331 0.01783029
vn 0.93178386 -0.33327613 0.14389530
vn 0.33672749 0.94143331 0.01783029
vn 0.00000000 0.00000000 -1.00000000
vn 0.00000000 0.00000000 -1.00000000
vn -0.90055751 -0.42605935 -0.08642680
vn 0.42760638 -0.90382745 0.01577102
vn 0.89986750 0.42573290 0.09481546
vn -0.42760638 0.90382745 0.01577102
vn 0.00000000 0.00000000 -1.00000000
vn 0.00000000 0.00000000 -1.00000000
vn -0.33484544 -0.93617139 -0.10705913
vn 0.94148889 -0.33674737 0.01413812
vn 0.33456483 0.93538686 0.11453291
vn -0.94148889 0.33674737 0.01413812
vn 0.00000000 0.00000000 -1.00000000
vn 0.00000000 0.00000000 -1.00000000
vn 0.42561722 -0.89962299 -0.09761380
vn 0.90379617 0.42759158 0.01783029
vn -0.42520136 0.89874398 0.10706568
vn -0.90379617 -0.42759158 0.01783029
vn 0.00000000 0.00000000 -1.00000000
vn 0.00000000 0.00000000 -1.00000000
vn 0.93486296 -0.33437744 -0.11926006
vn 0.33673915 0.94146589 0.01577102
vn -0.93389109 0.33402983 0.12755984
vn -0.33673915 -0.94146589 0.01577102
vn 0.00000000 0.00000000 -1.00000000
vn 0.00000000 0.00000000 -1.00000000
vn 0.90121880 0.42637221 -0.07753334
vn -0.42761682 0.90384953 0.01413812
vn -0.90066295 -0.42610924 0.08507152
vn 0.42761682 -0.90384953 0.01413812
vn 0.00000000 0.00000000 -1.00000000
vn 0.00000000 0.00000000 -1.00000000
vn 0.33371767 0.93301833 -0.13457083
vn -0.94143331 0.33672749 0.01783029
vn -0.33327613 -0.93178386 0.14389530
vn 0.94143331 -0.33672749 0.01783029
vn 0.00000000 0.00000000 -1.00000000
vn 0.00000000 0.00000000 -1.00000000
vn -0.42605935 0.90055751 -0.08642680
vn -0.90382745 -0.42760638 0.01577102
vn 0.42573290 -0.89986750 0.09481546
vn 0.90382745 0.42760638 0.01577102
vn 0.00000000 0.00000000 -1.00000000
vn 0.00000000 0.00000000 -1.00000000
vn -0.99981246 -0.00650275 -0.01824163
vn 0.00650333 -0.99990095 0.01248222
vn 0.99966734 0.00650181 0.02495860
vn -0.00650333 0.99990095 0.01248222
vn 0.00000000 0.00000000 -1.00000000
vn 0.00000000 0.00000000 -1.00000000
vn -0.89737723 0.42302053 -0.12556970
vn -0.42633665 -0.90441191 0.01661821
vn 0.89634317 -0.42253308 0.13429343
vn 0.42633665 0.90441191 0.01661821
vn 0.00000000 0.00000000 -1.00000000
vn 0.00000000 0.00000000 -1.00000000
vn -0.93805021 -0.33699724 -0.08058947
vn 0.33806042 -0.94100962 0.01469886
vn 0.93742519 0.33677270 0.08842040
vn -0.33806042 0.94100962 0.01469886
vn 0.00000000 0.00000000 -1.00000000
vn 0.00000000 0.00000000 -1.00000000
vn -0.42426443 -0.90001599 -0.09985450
vn 0.90445828 -0.42635851 0.01317693
vn 0.42395508 0.89935975 0.10683696
vn -0.90445828 0.42635851 0.01317693
vn 0.00000000 0.00000000 -1.00000000
vn 0.00000000 0.00000000 -1.00000000
vn 0.33669312 -0.93720366 -0.09103322
vn 0.94098133 0.33805025 0.01661821
vn -0.33640694 0.93640708 0.09986061
vn -0.94098133 -0.33805025 0.01661821
vn 0.00000000 0.00000000 -1.00000000
vn 0.00000000 0.00000000 -1.00000000
vn 0.89892140 -0.42374844 -0.11125456
vn 0.42634947 0.90443909 0.01469886
vn -0.89810797 0.42336500 0.11901326
vn -0.42634947 -0.90443909 0.01469886
vn 0.00000000 0.00000000 -1.00000000
vn 0.00000000 0.00000000 -1.00000000
vn 0.93864903 0.33721237 -0.07228976
vn -0.33806759 0.94102958 0.01317693
vn -0.93814570 -0.33703155 0.07932452
vn 0.33806759 -0.94102958 0.01317693
vn 0.00000000 0.00000000 -1.00000000
vn 0.00000000 0.00000000 -1.00000000
vn 0.42302053 0.89737723 -0.12556970
vn -0.90441191 0.42633665 0.01661821
vn -0.42253308 -0.89634317 0.13429343
vn 0.90441191 -0.42633665 0.01661821
vn 0.00000000 0.00000000 -1.00000000
vn 0.00000000 0.00000000 -1.00000000
vn -0.33699724 0.93805021 -0.08058947
vn -0.94100962 -0.33806042 0.01469886
vn 0.33677270 -0.93742519 0.08842040
vn 0.94100962 0.33806042 0.01469886
vn 0.00000000 0.00000000 -1.00000000
vn 0.00000000 0.00000000 -1.00000000
vn -0.99576335 0.09036758 -0.01700160
vn -0.09037452 -0.99583990 0.01163357
vn 0.99563780 -0.09035618 0.02326241
vn 0.09037452 0.99583990 0.01163357
vn 0.00000000 0.00000000 -1.00000000
vn 0.00000000 0.00000000 -1.00000000
vn -0.10220138 0.98370320 -0.14792870
vn -0.99445447 -0.10331838 0.01963728
vn 0.10203805 -0.98213110 0.15813518
vn 0.99445447 0.10331838 0.01963728
vn 0.00000000 0.00000000 -1.00000000
vn 0.00000000 0.00000000 -1.00000000
vn -0.77287253 0.62739264 -0.09511320
vn -0.63015482 -0.77627521 0.01736945
vn 0.77215551 -0.62681059 0.10432811
vn 0.63015482 0.77627521 0.01736945
vn 0.00000000 0.00000000 -1.00000000
vn 0.00000000 0.00000000 -1.00000000
vn -0.98772451 -0.10261918 -0.11776922
vn 0.10332578 -0.99452568 0.01557113
vn 0.98672315 0.10251514 0.12596850
vn -0.10332578 0.99452568 0.01557113
vn 0.00000000 0.00000000 -1.00000000
vn 0.00000000 0.00000000 -1.00000000
vn -0.62660440 -0.77190151 -0.10740105
vn 0.77624263 -0.63012837 0.01963728
vn 0.62586345 0.77098876 0.11777640
vn -0.77624263 0.63012837 0.01963728
vn 0.00000000 0.00000000 -1.00000000
vn 0.00000000 0.00000000 -1.00000000
vn 0.10244570 -0.98605475 -0.13115224
vn 0.99449621 0.10332272 0.01736945
vn -0.10231694 0.98481543 0.14024913
vn -0.99449621 -0.10332272 0.01736945
vn 0.00000000 0.00000000 -1.00000000
vn 0.00000000 0.00000000 -1.00000000
vn 0.77356003 -0.62795072 -0.08533914
vn 0.63017349 0.77629821 0.01557113
vn -0.77298213 0.62748161 0.09362402
vn -0.63017349 -0.77629821 0.01557113
vn 0.00000000 0.00000000 -1.00000000
vn 0.00000000 0.00000000 -1.00000000
vn 0.98370320 0.10220138 -0.14792870
vn -0.10331838 0.99445447 0.01963728
vn -0.98213110 -0.10203805 0.15813518
vn 0.10331838 -0.99445447 0.01963728
vn 0.00000000 0.00000000 -1.00000000
vn 0.00000000 0.00000000 -1.00000000
vn 0.62739264 0.77287253 -0.09511320
vn -0.77627521 0.63015482 0.01736945
vn -0.62681059 -0.77215551 0.10432811
vn 0.77627521 -0.63015482 0.01736945
vn 0.00000000 0.00000000 -1.00000000
vn 0.00000000 0.00000000 -1.00000000
vn -0.43804678 0.89872766 -0.02009027
vn -0.89882413 -0.43809381 0.01374745
vn 0.43796967 -0.89856943 0.02748711
vn 0.89882413 0.43809381 0.01374745
vn 0.00000000 0.00000000 -1.00000000
vn 0.00000000 0.00000000 -1.00000000
vn -0.93056326 0.33171288 -0.15497933
vn -0.33569853 -0.94174430 0.02059534
vn 0.92893133 -0.33113115 0.16564646
vn 0.33569853 0.94174430 0.02059534
vn 0.00000000 0.00000000 -1.00000000
vn 0.00000000 0.00000000 -1.00000000
vn -0.89897763 -0.42649392 -0.09971040
vn 0.42855887 -0.90333020 0.01821694
vn 0.89806117 0.42605913 0.10936065
vn -0.42855887 0.90333020 0.01821694
vn 0.00000000 0.00000000 -1.00000000
vn 0.00000000 0.00000000 -1.00000000
vn -0.33320214 -0.93474111 -0.12343173
vn 0.94181848 -0.33572497 0.01633093
vn 0.33283112 0.93370030 0.13201207
vn -0.94181848 0.33572497 0.01633093
vn 0.00000000 0.00000000 -1.00000000
vn 0.00000000 0.00000000 -1.00000000
vn 0.42590514 -0.89773658 -0.11257817
vn 0.90328849 0.42853908 0.02059534
vn -0.42535189 0.89657042 0.12343925
vn -0.90328849 -0.42853908 0.02059534
vn 0.00000000 0.00000000 -1.00000000
vn 0.00000000 0.00000000 -1.00000000
vn 0.93300574 -0.33258354 -0.13743537
vn 0.33571403 0.94178779 0.01821694
vn -0.93171828 0.33212460 0.14694996
vn -0.33571403 -0.94178779 0.01821694
vn 0.00000000 0.00000000 -1.00000000
vn 0.00000000 0.00000000 -1.00000000
vn 0.89985658 0.42691091 -0.08947180
vn -0.42857283 0.90335963 0.01633093
vn -0.89911773 -0.42656038 0.09815062
vn 0.42857283 -0.90335963 0.01633093
vn 0.00000000 0.00000000 -1.00000000
vn 0.00000000 0.00000000 -1.00000000
vn 0.33171288 0.93056326 -0.15497933
vn -0.94174430 0.33569853 0.02059534
vn -0.33113115 -0.92893133 0.16564646
vn 0.94174430 -0.33569853 0.02059534
vn 0.00000000 0.00000000 -1.00000000
vn 0.00000000 0.00000000 -1.00000000
vn -0.42649392 0.89897763 -0.09971040
vn -0.90333020 -0.42855887 0.01821694
vn 0.42605913 -0.89806117 0.10936065
vn 0.90333020 0.42855887 0.01821694
vn 0.00000000 0.00000000 -1.00000000
vn 0.00000000 0.00000000 -1.00000000
vn -0.99974929 -0.00757594 -0.02107041
vn 0.00757684 -0.99986734 0.01441830
vn 0.99955570 0.00757448 0.02882761
vn -0.00757684 0.99986734 0.01441830
vn 0.00000000 0.00000000 -1.00000000
vn 0.00000000 0.00000000 -1.00000000
vn -0.83835543 0.53085897 -0.12389080
vn -0.53490865 -0.84475086 0.01639259
vn 0.83741500 -0.53026348 0.13250195
vn 0.53490865 0.84475086 0.01639259
vn 0.00000000 0.00000000 -1.00000000
vn 0.00000000 0.00000000 -1.00000000
vn -0.97260933 -0.21842739 -0.07950203
vn 0.21909794 -0.97559513 0.01449929
vn 0.97197863 0.21828575 0.08722884
vn -0.21909794 0.97559513 0.01449929
vn 0.00000000 0.00000000 -1.00000000
vn 0.00000000 0.00000000 -1.00000000
vn -0.53237833 -0.84075487 -0.09851171
vn 0.84479301 -0.53493534 0.01299801
vn 0.53200051 0.84015820 0.10540233
vn -0.84479301 0.53493534 0.01299801
vn 0.00000000 0.00000000 -1.00000000
vn 0.00000000 0.00000000 -1.00000000
vn 0.21823554 -0.97175509 -0.08980702
vn 0.97556660 0.21909153 0.01639259
vn -0.21805501 0.97095122 0.09851775
vn -0.97556660 -0.21909153 0.01639259
vn 0.00000000 0.00000000 -1.00000000
vn 0.00000000 0.00000000 -1.00000000
vn 0.83975962 -0.53174813 -0.10976204
vn 0.53492430 0.84477557 0.01449929
vn -0.83901995 0.53127976 0.11741948
vn -0.53492430 -0.84477557 0.01449929
vn 0.00000000 0.00000000 -1.00000000
vn 0.00000000 0.00000000 -1.00000000
vn 0.97321355 0.21856308 -0.07131308
vn -0.21910246 0.97561527 0.01299801
vn -0.97270568 -0.21844903 0.07825392
vn 0.21910246 -0.97561527 0.01299801
vn 0.00000000 0.00000000 -1.00000000
vn 0.00000000 0.00000000 -1.00000000
vn 0.53085897 0.83835543 -0.12389080
vn -0.84475086 0.53490865 0.01639259
vn -0.53026348 -0.83741500 0.13250195
vn 0.84475086 -0.53490865 0.01639259
vn 0.00000000 0.00000000 -1.00000000
vn 0.00000000 0.00000000 -1.00000000
vn -0.21842739 0.97260933 -0.07950203
vn -0.97559513 -0.21909794 0.01449929
vn 0.21828575 -0.97197863 0.08722884
vn 0.97559513 0.21909794 0.01449929
vn 0.00000000 0.00000000 -1.00000000
vn 0.00000000 0.00000000 -1.00000000
vn -0.97694878 0.21281404 -0.01677078
vn -0.21282996 -0.97702186 0.01147560
vn 0.97682893 -0.21278793 0.02294667
vn 0.21282996 0.97702186 0.01147560
vn 0.00000000 0.00000000 -1.00000000
vn 0.00000000 0.00000000 -1.00000000
vn -0.20438274 -0.97104546 -0.12368677
vn 0.97842846 -0.20593669 0.01636519
vn 0.20415422 0.96995976 0.13228423
vn -0.97842846 0.20593669 0.01636519
vn 0.00000000 0.00000000 -1.00000000
vn 0.00000000 0.00000000 -1.00000000
vn 0.54458386 -0.83494242 -0.07936990
vn 0.83749705 0.54625010 0.01447504
vn -0.54423189 0.83440279 0.08708406
vn -0.83749705 -0.54625010 0.01447504
vn 0.00000000 0.00000000 -1.00000000
vn 0.00000000 0.00000000 -1.00000000
vn 0.97381548 -0.20496577 -0.09834855
vn 0.20594693 0.97847712 0.01297628
vn -0.97312667 0.20482079 0.10522800
vn -0.20594693 -0.97847712 0.01297628
vn 0.00000000 0.00000000 -1.00000000
vn 0.00000000 0.00000000 -1.00000000
vn 0.83421152 0.54410714 -0.08965802
vn -0.54623417 0.83747263 0.01636519
vn -0.83352372 -0.54365852 0.09835457
vn 0.54623417 -0.83747263 0.01636519
vn 0.00000000 0.00000000 -1.00000000
vn 0.00000000 0.00000000 -1.00000000
vn 0.20472394 0.97266653 -0.10958067
vn -0.97845699 0.20594270 0.01447504
vn -0.20454421 -0.97181263 0.11722580
vn 0.97845699 -0.20594270 0.01447504
vn 0.00000000 0.00000000 -1.00000000
vn 0.00000000 0.00000000 -1.00000000
vn -0.54492105 0.83545939 -0.07119442
vn -0.83751428 -0.54626133 0.01297628
vn 0.54463763 -0.83502486 0.07812384
vn 0.83751428 0.54626133 0.01297628
vn 0.00000000 0.00000000 -1.00000000
vn 0.00000000 0.00000000 -1.00000000
vn -0.97104546 0.20438274 -0.12368677
vn -0.20593669 -0.97842846 0.01636519
vn 0.96995976 -0.20415422 0.13228423
vn 0.20593669 0.97842846 0.01636519
vn 0.00000000 0.00000000 -1.00000000
vn 0.00000000 0.00000000 -1.00000000
vn -0.83494242 -0.54458386 -0.07936990
vn 0.54625010 -0.83749705 0.01447504
vn 0.83440279 0.54423189 0.08708406
vn -0.54625010 0.83749705 0.01447504
vn 0.00000000 0.00000000 -1.00000000
vn 0.00000000 0.00000000 -1.00000000
vn 0.14204877 -0.98971805 -0.01674274
vn 0.98979184 0.14205937 0.01145641
vn -0.14203141 0.98959703 0.02290831
vn -0.98979184 -0.14205937 0.01145641
vn 0.00000000 0.00000000 -1.00000000
vn 0.00000000 0.00000000 -1.00000000
vn 0.31517916 0.94061461 -0.12612000
vn -0.94805377 0.31767186 0.01669219
vn -0.31481279 -0.93952122 0.13488061
vn 0.94805377 -0.31767186 0.01669219
vn 0.00000000 0.00000000 -1.00000000
vn 0.00000000 0.00000000 -1.00000000
vn -0.44434651 0.89219052 -0.08094600
vn -0.89503033 -0.44576085 0.01476430
vn 0.44404782 -0.89159079 0.08881105
vn 0.89503033 0.44576085 0.01476430
vn 0.00000000 0.00000000 -1.00000000
vn 0.00000000 0.00000000 -1.00000000
vn -0.94340491 0.31611413 -0.10029470
vn -0.31768830 -0.94810282 0.01323560
vn 0.94271097 -0.31588160 0.10730725
vn 0.31768830 0.94810282 0.01323560
vn 0.00000000 0.00000000 -1.00000000
vn 0.00000000 0.00000000 -1.00000000
vn -0.89137823 -0.44394195 -0.09143522
vn 0.44574733 -0.89500318 0.01669219
vn 0.89061390 0.44356129 0.10030084
vn -0.44574733 0.89500318 0.01669219
vn 0.00000000 0.00000000 -1.00000000
vn 0.00000000 0.00000000 -1.00000000
vn -0.31572629 -0.94224744 -0.11174382
vn 0.94808253 -0.31768150 0.01476430
vn 0.31543807 0.94138730 0.11953568
vn -0.94808253 0.31768150 0.01476430
vn 0.00000000 0.00000000 -1.00000000
vn 0.00000000 0.00000000 -1.00000000
vn 0.44463268 -0.89276512 -0.07260998
vn 0.89504949 0.44577039 0.01323560
vn -0.44439214 0.89228215 0.07967552
vn -0.89504949 -0.44577039 0.01323560
vn 0.00000000 0.00000000 -1.00000000
vn 0.00000000 0.00000000 -1.00000000
vn 0.94061461 -0.31517916 -0.12612000
vn 0.31767186 0.94805377 0.01669219
vn -0.93952122 0.31481279 0.13488061
vn -0.31767186 -0.94805377 0.01669219
vn 0.00000000 0.00000000 -1.00000000
vn 0.00000000 0.00000000 -1.00000000
vn 0.89219052 0.44434651 -0.08094600
vn -0.44576085 0.89503033 0.01476430
vn -0.89159079 -0.44404782 0.08881105
vn 0.44576085 -0.89503033 0.01476430
vn 0.00000000 0.00000000 -1.00000000
vn 0.00000000 0.00000000 -1.00000000
vn -0.02667310 0.99949833 -0.01707728
vn -0.99957585 -0.02667518 0.01168536
vn 0.02666972 -0.99937118 0.02336594
vn 0.99957585 0.02667518 0.01168536
vn 0.00000000 0.00000000 -1.00000000
vn 0.00000000 0.00000000 -1.00000000
vn -0.45910081 -0.88030660 -0.11952712
vn 0.88655237 -0.46235813 0.01580684
vn 0.45862139 0.87938734 0.12784490
vn -0.88655237 0.46235813 0.01580684
vn 0.00000000 0.00000000 -1.00000000
vn 0.00000000 0.00000000 -1.00000000
vn 0.29910493 -0.95113448 -0.07667749
vn 0.95384970 0.29995878 0.01398116
vn -0.29892449 0.95056072 0.08413359
vn -0.95384970 -0.29995878 0.01398116
vn 0.00000000 0.00000000 -1.00000000
vn 0.00000000 0.00000000 -1.00000000
vn 0.88265106 -0.46032350 -0.09502309
vn 0.46237958 0.88659350 0.01253351
vn -0.88206819 0.46001952 0.10167471
vn -0.46237958 -0.88659350 0.01253351
vn 0.00000000 0.00000000 -1.00000000
vn 0.00000000 0.00000000 -1.00000000
vn 0.95035734 0.29886053 -0.08662167
vn -0.29995063 0.95382376 0.01580684
vn -0.94962588 -0.29863051 0.09502892
vn 0.29995063 -0.95382376 0.01580684
vn 0.00000000 0.00000000 -1.00000000
vn 0.00000000 0.00000000 -1.00000000
vn 0.45981644 0.88167879 -0.10588373
vn -0.88657648 0.46237070 0.01398116
vn -0.45943951 -0.88095604 0.11327752
vn 0.88657648 -0.46237070 0.01398116
vn 0.00000000 0.00000000 -1.00000000
vn 0.00000000 0.00000000 -1.00000000
vn -0.29927776 0.95168409 -0.06877650
vn -0.95386801 -0.29996454 0.01253351
vn 0.29913249 -0.95122213 0.07547320
vn 0.95386801 0.29996454 0.01253351
vn 0.00000000 0.00000000 -1.00000000
vn 0.00000000 0.00000000 -1.00000000
vn -0.88030660 0.45910081 -0.11952712
vn -0.46235813 -0.88655237 0.01580684
vn 0.87938734 -0.45862139 0.12784490
vn 0.46235813 0.88655237 0.01580684
vn 0.00000000 0.00000000 -1.00000000
vn 0.00000000 0.00000000 -1.00000000
vn -0.95113448 -0.29910493 -0.07667749
vn 0.29995878 -0.95384970 0.01398116
vn 0.95056072 0.29892449 0.08413359
vn -0.29995878 0.95384970 0.01398116
vn 0.00000000 0.00000000 -1.00000000
vn 0.00000000 0.00000000 -1.00000000
vn -0.13032899 -0.99133891 -0.01617152
vn 0.99140786 -0.13033805 0.01106549
vn 0.13031411 0.99122582 0.02212692
vn -0.99140786 0.13033805 0.01106549
vn 0.00000000 0.00000000 -1.00000000
vn 0.00000000 0.00000000 -1.00000000
vn 0.96625173 0.21795680 -0.13730413
vn -0.22000438 0.97532910 0.01819922
vn -0.96492094 -0.21765662 0.14681003
vn 0.22000438 -0.97532910 0.01819922
vn 0.00000000 0.00000000 -1.00000000
vn 0.00000000 0.00000000 -1.00000000
vn 0.53210179 0.84207370 -0.08820185
vn -0.84525889 0.53411449 0.01609736
vn -0.53167719 -0.84140176 0.09675972
vn 0.84525889 -0.53411449 0.01609736
vn 0.00000000 0.00000000 -1.00000000
vn 0.00000000 0.00000000 -1.00000000
vn -0.21872375 0.96965180 -0.10924881
vn -0.97538909 -0.22001791 0.01443069
vn 0.21853290 -0.96880568 0.11687141
vn 0.97538909 0.22001791 0.01443069
vn 0.00000000 0.00000000 -1.00000000
vn 0.00000000 0.00000000 -1.00000000
vn -0.84116366 0.53152674 -0.09961432
vn -0.53409523 -0.84522841 0.01819922
vn 0.84030779 -0.53098592 0.10925549
vn 0.53409523 0.84522841 0.01819922
vn 0.00000000 0.00000000 -1.00000000
vn 0.00000000 0.00000000 -1.00000000
vn -0.96824070 -0.21840545 -0.12169226
vn 0.22001231 -0.97536427 0.01609736
vn 0.96719271 0.21816906 0.13015574
vn -0.22001231 0.97536427 0.01609736
vn 0.00000000 0.00000000 -1.00000000
vn 0.00000000 0.00000000 -1.00000000
vn -0.53250875 -0.84271773 -0.07912815
vn 0.84528040 -0.53412808 0.01443069
vn 0.53216667 0.84217639 0.08681915
vn -0.84528040 0.53412808 0.01443069
vn 0.00000000 0.00000000 -1.00000000
vn 0.00000000 0.00000000 -1.00000000
vn 0.21795680 -0.96625173 -0.13730413
vn 0.97532910 0.22000438 0.01819922
vn -0.21765662 0.96492094 0.14681003
vn -0.97532910 -0.22000438 0.01819922
vn 0.00000000 0.00000000 -1.00000000
vn 0.00000000 0.00000000 -1.00000000
vn 0.84207370 -0.53210179 -0.08820185
vn 0.53411449 0.84525889 0.01609736
vn -0.84140176 0.53167719 0.09675972
vn -0.53411449 -0.84525889 0.01609736
vn 0.00000000 0.00000000 -1.00000000
vn 0.00000000 0.00000000 -1.00000000
vn 0.84075203 0.54110014 -0.01861905
vn -0.54115003 0.84082954 0.01274053
vn -0.84062489 -0.54101832 0.02547485
vn 0.54115003 -0.84082954 0.01274053
vn 0.00000000 0.00000000 -1.00000000
vn 0.00000000 0.00000000 -1.00000000
vn 0.17638638 0.97615758 -0.12650783
vn -0.98392597 0.17779009 0.01674434
vn -0.17618009 -0.97501590 0.13529441
vn 0.98392597 -0.17779009 0.01674434
vn 0.00000000 0.00000000 -1.00000000
vn 0.00000000 0.00000000 -1.00000000
vn -0.56822162 0.81885969 -0.08119730
vn -0.82148237 -0.57004155 0.01481043
vn 0.56783729 -0.81830583 0.08908639
vn 0.82148237 0.57004155 0.01481043
vn 0.00000000 0.00000000 -1.00000000
vn 0.00000000 0.00000000 -1.00000000
vn -0.97907123 0.17691286 -0.10060496
vn -0.17779934 -0.98397719 0.01327695
vn 0.97834659 -0.17678192 0.10763872
vn 0.17779934 0.98397719 0.01327695
vn 0.00000000 0.00000000 -1.00000000
vn 0.00000000 0.00000000 -1.00000000
vn -0.81810953 -0.56770107 -0.09171856
vn 0.57002415 -0.82145730 0.01674434
vn 0.81740368 0.56721127 0.10061112
vn -0.57002415 0.82145730 0.01674434
vn 0.00000000 0.00000000 -1.00000000
vn 0.00000000 0.00000000 -1.00000000
vn -0.17669446 -0.97786257 -0.11208865
vn 0.98395600 -0.17779551 0.01481043
vn 0.17653217 0.97696441 0.11990387
vn -0.98395600 0.17779551 0.01481043
vn 0.00000000 0.00000000 -1.00000000
vn 0.00000000 0.00000000 -1.00000000
vn 0.56858985 -0.81939035 -0.07283569
vn 0.82150007 0.57005382 0.01327695
vn -0.56828034 0.81894431 0.07992292
vn -0.82150007 -0.57005382 0.01327695
vn 0.00000000 0.00000000 -1.00000000
vn 0.00000000 0.00000000 -1.00000000
vn 0.97615758 -0.17638638 -0.12650783
vn 0.17779009 0.98392597 0.01674434
vn -0.97501590 0.17618009 0.13529441
vn -0.17779009 -0.98392597 0.01674434
vn 0.00000000 0.00000000 -1.00000000
vn 0.00000000 0.00000000 -1.00000000
vn 0.81885969 0.56822162 -0.08119730
vn -0.57004155 0.82148237 0.01481043
vn -0.81830583 -0.56783729 0.08908639
vn 0.57004155 -0.82148237 0.01481043
vn 0.00000000 0.00000000 -1.00000000
vn 0.00000000 0.00000000 -1.00000000
vn -0.17037378 0.98523059 -0.01713064
vn -0.98530748 -0.17038709 0.01172188
vn 0.17035198 -0.98510447 0.02343892
vn 0.98530748 0.17038709 0.01172188
vn 0.00000000 0.00000000 -1.00000000
vn 0.00000000 0.00000000 -1.00000000
vn 0.70570239 -0.69235346 -0.15043542
vn 0.70018349 0.71368339 0.01997755
vn -0.70453613 0.69120926 0.16080607
vn -0.70018349 -0.71368339 0.01997755
vn 0.00000000 0.00000000 -1.00000000
vn 0.00000000 0.00000000 -1.00000000
vn 0.99526367 0.00950299 -0.09674664
vn -0.00954629 0.99979829 0.01767044
vn -0.99430839 -0.00949387 0.10611639
vn 0.00954629 -0.99979829 0.01767044
vn 0.00000000 0.00000000 -1.00000000
vn 0.00000000 0.00000000 -1.00000000
vn 0.69528111 0.70868649 -0.11978164
vn -0.71373628 0.70023538 0.01584098
vn -0.69455197 -0.70794329 0.12811656
vn 0.71373628 -0.70023538 0.01584098
vn 0.00000000 0.00000000 -1.00000000
vn 0.00000000 0.00000000 -1.00000000
vn -0.00949064 0.99397001 -0.10924076
vn -0.99975486 -0.00954587 0.01997755
vn 0.00947903 -0.99275413 0.11978894
vn 0.99975486 0.00954587 0.01997755
vn 0.00000000 0.00000000 -1.00000000
vn 0.00000000 0.00000000 -1.00000000
vn -0.70744726 0.69406532 -0.13338558
vn -0.70021391 -0.71371439 0.01767044
vn 0.70652762 -0.69316308 0.14263123
vn 0.70021391 0.71371439 0.01767044
vn 0.00000000 0.00000000 -1.00000000
vn 0.00000000 0.00000000 -1.00000000
vn -0.99617970 -0.00951173 -0.08680739
vn 0.00954658 -0.99982895 0.01584098
vn 0.99540970 0.00950438 0.09523235
vn -0.00954658 0.99982895 0.01584098
vn 0.00000000 0.00000000 -1.00000000
vn 0.00000000 0.00000000 -1.00000000
vn -0.69235346 -0.70570239 -0.15043542
vn 0.71368339 -0.70018349 0.01997755
vn 0.69120926 0.70453613 0.16080607
vn -0.71368339 0.70018349 0.01997755
vn 0.00000000 0.00000000 -1.00000000
vn 0.00000000 0.00000000 -1.00000000
vn 0.00950299 -0.99526367 -0.09674664
vn 0.99979829 0.00954629 0.01767044
vn -0.00949387 0.99430839 0.10611639
vn -0.99979829 -0.00954629 0.01767044
vn 0.00000000 0.00000000 -1.00000000
vn 0.00000000 0.00000000 -1.00000000
vn 0.91049760 -0.41300895 -0.02043838
vn 0.41305483 0.91059876 0.01398571
vn -0.91033171 0.41293369 0.02796322
vn -0.41305483 -0.91059876 0.01398571
vn 0.00000000 0.00000000 -1.00000000
vn 0.00000000 0.00000000 -1.00000000
vn -0.97539657 0.14782033 -0.16355637
vn -0.14980255 -0.98847634 0.02176510
vn 0.97349201 -0.14753169 0.17477902
vn 0.14980255 0.98847634 0.02176510
vn 0.00000000 0.00000000 -1.00000000
vn 0.00000000 0.00000000 -1.00000000
vn -0.80059833 -0.58987375 -0.10531511
vn 0.59306250 -0.80492623 0.01925171
vn 0.79968800 0.58920302 0.11549421
vn -0.59306250 0.80492623 0.01925171
vn 0.00000000 0.00000000 -1.00000000
vn 0.00000000 0.00000000 -1.00000000
vn -0.14856004 -0.98027757 -0.13032956
vn 0.98856329 -0.14981573 0.01725864
vn 0.14837565 0.97906089 0.13937158
vn -0.98856329 0.14981573 0.01725864
vn 0.00000000 0.00000000 -1.00000000
vn 0.00000000 0.00000000 -1.00000000
vn 0.58896552 -0.79936565 -0.11888722
vn 0.80488472 0.59303192 0.02176510
vn -0.58811249 0.79820789 0.13033748
vn -0.80488472 -0.59303192 0.02176510
vn 0.00000000 0.00000000 -1.00000000
vn 0.00000000 0.00000000 -1.00000000
vn 0.97824922 -0.14825264 -0.14508485
vn 0.14981028 0.98852731 0.01925171
vn -0.97674524 0.14802472 0.15510455
vn -0.14981028 -0.98852731 0.01925171
vn 0.00000000 0.00000000 -1.00000000
vn 0.00000000 0.00000000 -1.00000000
vn 0.80147172 0.59051725 -0.09451168
vn -0.59308409 0.80495553 0.01725864
vn -0.80073753 -0.58997630 0.10366952
vn 0.59308409 -0.80495553 0.01725864
vn 0.00000000 0.00000000 -1.00000000
vn 0.00000000 0.00000000 -1.00000000
vn 0.14782033 0.97539657 -0.16355637
vn -0.98847634 0.14980255 0.02176510
vn -0.14753169 -0.97349201 0.17477902
vn 0.98847634 -0.14980255 0.02176510
vn 0.00000000 0.00000000 -1.00000000
vn 0.00000000 0.00000000 -1.00000000
vn -0.58987375 0.80059833 -0.10531511
vn -0.80492623 -0.59306250 0.01925171
vn 0.58920302 -0.79968800 0.11549421
vn 0.80492623 0.59306250 0.01925171
vn 0.00000000 0.00000000 -1.00000000
vn 0.00000000 0.00000000 -1.00000000
vn -0.97990383 -0.19822374 -0.02226713
vn 0.19824989 -0.98003306 0.01523741
vn 0.97969193 0.19818088 0.03046421
vn -0.19824989 0.98003306 0.01523741
vn 0.00000000 0.00000000 -1.00000000
vn 0.00000000 0.00000000 -1.00000000
vn -0.23679041 -0.95945301 -0.15290594
vn 0.97066939 -0.23955858 0.02031328
vn 0.23638616 0.95781502 0.16343796
vn -0.97066939 0.23955858 0.02031328
vn 0.00000000 0.00000000 -1.00000000
vn 0.00000000 0.00000000 -1.00000000
vn 0.51457285 -0.85178669 -0.09835757
vn 0.85579884 0.51699663 0.01796743
vn -0.51406239 0.85094171 0.10787986
vn -0.85579884 -0.51699663 0.01796743
vn 0.00000000 0.00000000 -1.00000000
vn 0.00000000 0.00000000 -1.00000000
vn 0.96364533 -0.23782506 -0.12176584
vn 0.23957694 0.97074376 0.01610724
vn -0.96260106 0.23756734 0.13023426
vn -0.23957694 -0.97074376 0.01610724
vn 0.00000000 0.00000000 -1.00000000
vn 0.00000000 0.00000000 -1.00000000
vn 0.85064242 0.51388158 -0.11105489
vn -0.51697341 0.85576040 0.02031328
vn -0.84956708 -0.51323196 0.12177326
vn 0.51697341 -0.85576040 0.02031328
vn 0.00000000 0.00000000 -1.00000000
vn 0.00000000 0.00000000 -1.00000000
vn 0.23739534 0.96190413 -0.13558721
vn -0.97071299 0.23956934 0.01796743
vn -0.23707649 -0.96061218 0.14497920
vn 0.97071299 -0.23956934 0.01796743
vn 0.00000000 0.00000000 -1.00000000
vn 0.00000000 0.00000000 -1.00000000
vn -0.51506238 0.85259703 -0.08825556
vn -0.85582597 -0.51701302 0.01610724
vn 0.51465088 -0.85191586 0.09681855
vn 0.85582597 0.51701302 0.01610724
vn 0.00000000 0.00000000 -1.00000000
vn 0.00000000 0.00000000 -1.00000000
vn -0.95945301 0.23679041 -0.15290594
vn -0.23955858 -0.97066939 0.02031328
vn 0.95781502 -0.23638616 0.16343796
vn 0.23955858 0.97066939 0.02031328
vn 0.00000000 0.00000000 -1.00000000
vn 0.00000000 0.00000000 -1.00000000
vn -0.85178669 -0.51457285 -0.09835757
vn 0.51699663 -0.85579884 0.01796743
vn 0.85094171 0.51406239 0.10787986
vn -0.51699663 0.85579884 0.01796743
vn 0.00000000 0.00000000 -1.00000000
vn 0.00000000 0.00000000 -1.00000000
vn 0.10780457 -0.99395487 -0.02078185
vn 0.99406905 0.10781696 0.01422079
vn -0.10778427 0.99376764 0.02843297
vn -0.99406905 -0.10781696 0.01422079
vn 0.00000000 0.00000000 -1.00000000
vn 0.00000000 0.00000000 -1.00000000
vn -0.98657412 0.10844834 -0.12210842
vn -0.10925174 -0.99388286 0.01615323
vn 0.98549899 -0.10833015 0.13059987
vn 0.10925174 0.99388286 0.01615323
vn 0.00000000 0.00000000 -1.00000000
vn 0.00000000 0.00000000 -1.00000000
vn -0.77773766 -0.62368720 -0.07834799
vn 0.62554642 -0.78005611 0.01428755
vn 0.77724785 0.62329441 0.08596425
vn -0.62554642 0.78005611 0.01428755
vn 0.00000000 0.00000000 -1.00000000
vn 0.00000000 0.00000000 -1.00000000
vn -0.10874982 -0.98931678 -0.09708651
vn 0.99393101 -0.10925704 0.01280819
vn 0.10867486 0.98863482 0.10387955
vn -0.99393101 0.10925704 0.01280819
vn 0.00000000 0.00000000 -1.00000000
vn 0.00000000 0.00000000 -1.00000000
vn 0.62315518 -0.77707424 -0.08850564
vn 0.78003396 0.62552866 0.01615323
vn -0.62265450 0.77644989 0.09709245
vn -0.78003396 -0.62552866 0.01615323
vn 0.00000000 0.00000000 -1.00000000
vn 0.00000000 0.00000000 -1.00000000
vn 0.98817925 -0.10862478 -0.10817775
vn 0.10925485 0.99391108 0.01428755
vn -0.98733377 0.10853184 0.11572758
vn -0.10925485 -0.99391108 0.01428755
vn 0.00000000 0.00000000 -1.00000000
vn 0.00000000 0.00000000 -1.00000000
vn 0.77820689 0.62406348 -0.07027666
vn -0.62555896 0.78007175 0.01280819
vn -0.77781249 -0.62374721 0.07711779
vn 0.62555896 -0.78007175 0.01280819
vn 0.00000000 0.00000000 -1.00000000
vn 0.00000000 0.00000000 -1.00000000
vn 0.10844834 0.98657412 -0.12210842
vn -0.99388286 0.10925174 0.01615323
vn -0.10833015 -0.98549899 0.13059987
vn 0.99388286 -0.10925174 0.01615323
vn 0.00000000 0.00000000 -1.00000000
vn 0.00000000 0.00000000 -1.00000000
vn -0.62368720 0.77773766 -0.07834799
vn -0.78005611 -0.62554642 0.01428755
vn 0.62329441 -0.77724785 0.08596425
vn 0.78005611 0.62554642 0.01428755
vn 0.00000000 0.00000000 -1.00000000
vn 0.00000000 0.00000000 -1.00000000
vn -0.97108270 -0.23817069 -0.01652589
vn 0.23818800 -0.97115324 0.01130801
vn 0.97096702 0.23814232 0.02261168
vn -0.23818800 0.97115324 0.01130801
vn 0.00000000 0.00000000 -1.00000000
vn 0.00000000 0.00000000 -1.00000000
vn -0.29913129 0.94437095 -0.13668939
vn -0.95316239 -0.30191599 0.01811621
vn 0.29872298 -0.94308188 0.14615453
vn 0.95316239 0.30191599 0.01811621
vn 0.00000000 0.00000000 -1.00000000
vn 0.00000000 0.00000000 -1.00000000
vn -0.88419203 0.45879753 -0.08780252
vn -0.46051719 -0.88750614 0.01602393
vn 0.88349284 -0.45843474 0.09632235
vn 0.46051719 0.88750614 0.01602393
vn 0.00000000 0.00000000 -1.00000000
vn 0.00000000 0.00000000 -1.00000000
vn -0.94766418 -0.30017443 -0.10875626
vn 0.30193439 -0.95322047 0.01436486
vn 0.94684467 0.29991485 0.11634540
vn -0.30193439 0.95322047 0.01436486
vn 0.00000000 0.00000000 -1.00000000
vn 0.00000000 0.00000000 -1.00000000
vn -0.45830618 -0.88324509 -0.09916429
vn 0.88747443 -0.46050074 0.01811621
vn 0.45784406 0.88235449 0.10876291
vn -0.88747443 0.46050074 0.01811621
vn 0.00000000 0.00000000 -1.00000000
vn 0.00000000 0.00000000 -1.00000000
vn 0.29974151 -0.94629745 -0.12114519
vn 0.95319644 0.30192678 0.01602393
vn -0.29941999 0.94528239 0.12957188
vn -0.95319644 -0.30192678 0.01602393
vn 0.00000000 0.00000000 -1.00000000
vn 0.00000000 0.00000000 -1.00000000
vn 0.88486215 -0.45914525 -0.07876936
vn 0.46052880 0.88752852 0.01436486
vn -0.88429887 0.45885298 0.08642599
vn -0.46052880 -0.88752852 0.01436486
vn 0.00000000 0.00000000 -1.00000000
vn 0.00000000 0.00000000 -1.00000000
vn 0.94437095 0.29913129 -0.13668939
vn -0.30191599 0.95316239 0.01811621
vn -0.94308188 -0.29872298 0.14615453
vn 0.30191599 -0.95316239 0.01811621
vn 0.00000000 0.00000000 -1.00000000
vn 0.00000000 0.00000000 -1.00000000
vn 0.45879753 0.88419203 -0.08780252
vn -0.88750614 0.46051719 0.01602393
vn -0.45843474 -0.88349284 0.09632235
vn 0.88750614 -0.46051719 0.01602393
vn 0.00000000 0.00000000 -1.00000000
vn 0.00000000 0.00000000 -1.00000000
vn -0.61044426 0.79184234 -0.01853413
vn -0.79191468 -0.61050004 0.01268241
vn 0.61035280 -0.79172369 0.02535869
vn 0.79191468 0.61050004 0.01268241
vn 0.00000000 0.00000000 -1.00000000
vn 0.00000000 0.00000000 -1.00000000
vn -0.23893762 0.95829538 -0.15677619
vn -0.97008316 -0.24187674 0.02084001
vn 0.23850885 -0.95657573 0.16756015
vn 0.97008316 0.24187674 0.02084001
vn 0.00000000 0.00000000 -1.00000000
vn 0.00000000 0.00000000 -1.00000000
vn -0.85279815 0.51240399 -0.10088343
vn -0.51494404 -0.85702558 0.01843337
vn 0.85190823 -0.51186928 0.11064455
vn 0.51494404 0.85702558 0.01843337
vn 0.00000000 0.00000000 -1.00000000
vn 0.00000000 0.00000000 -1.00000000
vn -0.96269878 -0.24003555 -0.12487593
vn 0.24189625 -0.97016139 0.01652496
vn 0.96160165 0.23976199 0.13355317
vn -0.24189625 0.97016139 0.01652496
vn 0.00000000 0.00000000 -1.00000000
vn 0.00000000 0.00000000 -1.00000000
vn -0.51167990 -0.85159305 -0.11389886
vn 0.85698506 -0.51491970 0.02084001
vn 0.51099958 0.85046078 0.12488353
vn -0.85698506 0.51491970 0.02084001
vn 0.00000000 0.00000000 -1.00000000
vn 0.00000000 0.00000000 -1.00000000
vn 0.23957946 -0.96086955 -0.13903735
vn 0.97012902 0.24188818 0.01843337
vn -0.23924112 0.95951262 0.14865804
vn -0.97012902 -0.24188818 0.01843337
vn 0.00000000 0.00000000 -1.00000000
vn 0.00000000 0.00000000 -1.00000000
vn 0.85365172 -0.51291686 -0.09052647
vn 0.51496122 0.85705418 0.01652496
vn -0.85293420 0.51248574 0.09930567
vn -0.51496122 -0.85705418 0.01652496
vn 0.00000000 0.00000000 -1.00000000
vn 0.00000000 0.00000000 -1.00000000
vn 0.95829538 0.23893762 -0.15677619
vn -0.24187674 0.97008316 0.02084001
vn -0.95657573 -0.23850885 0.16756015
vn 0.24187674 -0.97008316 0.02084001
vn 0.00000000 0.00000000 -1.00000000
vn 0.00000000 0.00000000 -1.00000000
vn 0.51240399 0.85279815 -0.10088343
vn -0.85702558 0.51494404 0.01843337
vn -0.51186928 -0.85190823 0.11064455
vn 0.85702558 -0.51494404 0.01843337
vn 0.00000000 0.00000000 -1.00000000
vn 0.00000000 0.00000000 -1.00000000
vn -0.55984612 0.82832225 -0.02132071
vn -0.82842240 -0.55991381 0.01458962
vn 0.55973513 -0.82815802 0.02916993
vn 0.82842240 0.55991381 0.01458962
vn 0.00000000 0.00000000 -1.00000000
vn 0.00000000 0.00000000 -1.00000000
vn 0.78157400 -0.60825498 -0.13844842
vn 0.61406619 0.78904109 0.01835379
vn -0.78047958 0.60740325 0.14803013
vn -0.61406619 -0.78904109 0.01835379
vn 0.00000000 0.00000000 -1.00000000
vn 0.00000000 0.00000000 -1.00000000
vn 0.98838080 0.12325631 -0.08894532
vn -0.12373047 0.99218306 0.01623409
vn -0.98757878 -0.12315630 0.09757401
vn 0.12373047 -0.99218306 0.01623409
vn 0.00000000 0.00000000 -1.00000000
vn 0.00000000 0.00000000 -1.00000000
vn 0.61043134 0.78437050 -0.11016579
vn -0.78909045 0.61410461 0.01455327
vn -0.60988970 -0.78367454 0.11785063
vn 0.78909045 -0.61410461 0.01455327
vn 0.00000000 0.00000000 -1.00000000
vn 0.00000000 0.00000000 -1.00000000
vn -0.12312086 0.98729460 -0.10045215
vn -0.99214668 -0.12372594 0.01835379
vn 0.12299347 -0.98627310 0.11017252
vn 0.99214668 0.12372594 0.01835379
vn 0.00000000 0.00000000 -1.00000000
vn 0.00000000 0.00000000 -1.00000000
vn -0.78320983 0.60952805 -0.12271067
vn -0.61408871 -0.78907003 0.01623409
vn 0.78234789 -0.60885725 0.13124259
vn 0.61408871 0.78907003 0.01623409
vn 0.00000000 0.00000000 -1.00000000
vn 0.00000000 0.00000000 -1.00000000
vn -0.98914954 -0.12335218 -0.07979617
vn 0.12373368 -0.99220874 0.01455327
vn 0.98850337 0.12327160 0.08755115
vn -0.12373368 0.99220874 0.01455327
vn 0.00000000 0.00000000 -1.00000000
vn 0.00000000 0.00000000 -1.00000000
vn -0.60825498 -0.78157400 -0.13844842
vn 0.78904109 -0.61406619 0.01835379
vn 0.60740325 0.78047958 0.14803013
vn -0.78904109 0.61406619 0.01835379
vn 0.00000000 0.00000000 -1.00000000
vn 0.00000000 0.00000000 -1.00000000
vn 0.12325631 -0.98838080 -0.08894532
vn 0.99218306 0.12373047 0.01623409
vn -0.12315630 0.98757878 0.09757401
vn -0.99218306 -0.12373047 0.01623409
vn 0.00000000 0.00000000 -1.00000000
vn 0.00000000 0.00000000 -1.00000000
vn 0.95175814 -0.30627416 -0.01877719
vn 0.30630288 0.95184739 0.01284875
vn -0.95161177 0.30622705 0.02569115
vn -0.30630288 -0.95184739 0.01284875
vn 0.00000000 0.00000000 -1.00000000
vn 0.00000000 0.00000000 -1.00000000
vn -0.71643266 0.67915679 -0.15959420
vn -0.68781979 -0.72557113 0.02122413
vn 0.71510052 -0.67789396 0.17056091
vn 0.68781979 0.72557113 0.02122413
vn 0.00000000 0.00000000 -1.00000000
vn 0.00000000 0.00000000 -1.00000000
vn -0.99435524 -0.02655900 -0.10272429
vn 0.02669554 -0.99946732 0.01877316
vn 0.99327944 0.02653026 0.11265920
vn -0.02669554 0.99946732 0.01877316
vn 0.00000000 0.00000000 -1.00000000
vn 0.00000000 0.00000000 -1.00000000
vn -0.68239154 -0.71984495 -0.12714178
vn 0.72563183 -0.68787733 0.01682960
vn 0.68158543 0.71899460 0.13597080
vn -0.72563183 0.68787733 0.01682960
vn 0.00000000 0.00000000 -1.00000000
vn 0.00000000 0.00000000 -1.00000000
vn 0.02652009 -0.99289847 -0.11597119
vn 0.99941831 0.02669423 0.02122413
vn -0.02648353 0.99152994 0.12714952
vn -0.99941831 -0.02669423 0.02122413
vn 0.00000000 0.00000000 -1.00000000
vn 0.00000000 0.00000000 -1.00000000
vn 0.71842724 -0.68104759 -0.14155031
vn 0.68785352 0.72560671 0.01877316
vn -0.71737575 0.68005081 0.15133710
vn -0.68785352 -0.72560671 0.01877316
vn 0.00000000 0.00000000 -1.00000000
vn 0.00000000 0.00000000 -1.00000000
vn 0.99538720 0.02658656 -0.09218175
vn -0.02669646 0.99950191 0.01682960
vn -0.99451972 -0.02656339 0.10111833
vn 0.02669646 -0.99950191 0.01682960
vn 0.00000000 0.00000000 -1.00000000
vn 0.00000000 0.00000000 -1.00000000
vn 0.67915679 0.71643266 -0.15959420
vn -0.72557113 0.68781979 0.02122413
vn -0.67789396 -0.71510052 0.17056091
vn 0.72557113 -0.68781979 0.02122413
vn 0.00000000 0.00000000 -1.00000000
vn 0.00000000 0.00000000 -1.00000000
vn -0.02655900 0.99435524 -0.10272429
vn -0.99946732 -0.02669554 0.01877316
vn 0.02653026 -0.99327944 0.11265920
vn 0.99946732 0.02669554 0.01877316
vn 0.00000000 0.00000000 -1.00000000
vn 0.00000000 0.00000000 -1.00000000
vn -0.91742397 0.39731822 -0.02171369
vn -0.39736804 -0.91753903 0.01485860
vn 0.91723532 -0.39723651 0.02970736
vn 0.39736804 0.91753903 0.01485860
vn 0.00000000 0.00000000 -1.00000000
vn 0.00000000 0.00000000 -1.00000000
vn 0.73905580 -0.66198459 -0.12479158
vn 0.66710912 0.74477696 0.01651363
vn -0.73821468 0.66123118 0.13346315
vn -0.66710912 -0.74477696 0.01651363
vn 0.00000000 0.00000000 -1.00000000
vn 0.00000000 0.00000000 -1.00000000
vn 0.99528323 0.05475052 -0.08008542
vn -0.05492108 0.99838386 0.01460635
vn -0.99462833 -0.05471449 0.08786810
vn 0.05492108 -0.99838386 0.01460635
vn 0.00000000 0.00000000 -1.00000000
vn 0.00000000 0.00000000 -1.00000000
vn 0.66390701 0.74120204 -0.09923212
vn -0.74481467 0.66714290 0.01309399
vn -0.66342894 -0.74066831 0.10617202
vn 0.74481467 -0.66714290 0.01309399
vn 0.00000000 0.00000000 -1.00000000
vn 0.00000000 0.00000000 -1.00000000
vn -0.05470172 0.99439621 -0.09046486
vn -0.99835422 -0.05491945 0.01651363
vn 0.05465581 -0.99356154 0.09923819
vn 0.99835422 0.05491945 0.01651363
vn 0.00000000 0.00000000 -1.00000000
vn 0.00000000 0.00000000 -1.00000000
vn -0.74031178 0.66310959 -0.11056280
vn -0.66712893 -0.74479907 0.01460635
vn 0.73965017 -0.66251698 0.11827457
vn 0.66712893 0.74479907 0.01460635
vn 0.00000000 0.00000000 -1.00000000
vn 0.00000000 0.00000000 -1.00000000
vn -0.99591066 -0.05478503 -0.07183704
vn 0.05492223 -0.99840478 0.01309399
vn 0.99538328 0.05475602 0.07882828
vn -0.05492223 0.99840478 0.01309399
vn 0.00000000 0.00000000 -1.00000000
vn 0.00000000 0.00000000 -1.00000000
vn -0.66198459 -0.73905580 -0.12479158
vn 0.74477696 -0.66710912 0.01651363
vn 0.66123118 0.73821468 0.13346315
vn -0.74477696 0.66710912 0.01651363
vn 0.00000000 0.00000000 -1.00000000
vn 0.00000000 0.00000000 -1.00000000
vn 0.05475052 -0.99528323 -0.08008542
vn 0.99838386 0.05492108 0.01460635
vn -0.05471449 0.99462833 0.08786810
vn -0.99838386 -0.05492108 0.01460635
vn 0.00000000 0.00000000 -1.00000000
vn 0.00000000 0.00000000 -1.00000000
vn 0.92836750 -0.37127936 -0.01689460
vn 0.37130754 0.92843797 0.01156034
vn -0.92825191 0.37123313 0.02311605
vn -0.37130754 -0.92843797 0.01156034
vn 0.00000000 0.00000000 -1.00000000
vn 0.00000000 0.00000000 -1.00000000
vn 0.85141194 -0.50830641 -0.12931477
vn 0.51253535 0.85849540 0.01712200
vn -0.85037156 0.50768529 0.13828904
vn -0.51253535 -0.85849540 0.01712200
vn 0.00000000 0.00000000 -1.00000000
vn 0.00000000 0.00000000 -1.00000000
vn 0.96626034 0.24382201 -0.08301670
vn -0.24463850 0.96949608 0.01514449
vn -0.96557720 -0.24364963 0.09107977
vn 0.24463850 -0.96949608 0.01514449
vn 0.00000000 0.00000000 -1.00000000
vn 0.00000000 0.00000000 -1.00000000
vn 0.50989201 0.85406781 -0.10285096
vn -0.85854213 0.51256325 0.01357644
vn -0.50949760 -0.85340718 0.11003807
vn 0.85854213 -0.51256325 0.01357644
vn 0.00000000 0.00000000 -1.00000000
vn 0.00000000 0.00000000 -1.00000000
vn -0.24358854 0.96533509 -0.09376982
vn -0.96946514 -0.24463070 0.01712200
vn 0.24336888 -0.96446460 0.10285725
vn 0.96946514 0.24463070 0.01712200
vn 0.00000000 0.00000000 -1.00000000
vn 0.00000000 0.00000000 -1.00000000
vn -0.85296595 0.50923418 -0.11458464
vn -0.51255171 -0.85852280 0.01514449
vn 0.85214728 -0.50874542 0.12256883
vn 0.51255171 0.85852280 0.01514449
vn 0.00000000 0.00000000 -1.00000000
vn 0.00000000 0.00000000 -1.00000000
vn -0.96691493 -0.24398719 -0.07446992
vn 0.24464401 -0.96951791 0.01357644
vn 0.96636472 0.24384835 0.08171416
vn -0.24464401 0.96951791 0.01357644
vn 0.00000000 0.00000000 -1.00000000
vn 0.00000000 0.00000000 -1.00000000
vn -0.50830641 -0.85141194 -0.12931477
vn 0.85849540 -0.51253535 0.01712200
vn 0.50768529 0.85037156 0.13828904
vn -0.85849540 0.51253535 0.01712200
vn 0.00000000 0.00000000 -1.00000000
vn 0.00000000 0.00000000 -1.00000000
vn 0.24382201 -0.96626034 -0.08301670
vn 0.96949608 0.24463850 0.01514449
vn -0.24364963 0.96557720 0.09107977
vn -0.96949608 -0.24463850 0.01514449
vn 0.00000000 0.00000000 -1.00000000
vn 0.00000000 0.00000000 -1.00000000
vn 0.98218768 -0.18708426 -0.01751700
vn 0.18709952 0.98226783 0.01198630
vn -0.98205622 0.18705921 0.02396743
vn -0.18709952 -0.98226783 0.01198630
vn 0.00000000 0.00000000 -1.00000000
vn 0.00000000 0.00000000 -1.00000000
vn -0.66046789 0.73905924 -0.13256546
vn -0.74552511 -0.66624618 0.01755988
vn 0.65961983 -0.73811027 0.14175652
vn 0.74552511 0.66624618 0.01755988
vn 0.00000000 0.00000000 -1.00000000
vn 0.00000000 0.00000000 -1.00000000
vn -0.99480296 0.05586380 -0.08512523
vn -0.05606055 -0.99830655 0.01553182
vn 0.99406350 -0.05582228 0.09338970
vn 0.05606055 0.99830655 0.01553182
vn 0.00000000 0.00000000 -1.00000000
vn 0.00000000 0.00000000 -1.00000000
vn -0.74148258 -0.66263354 -0.10545318
vn 0.66628432 -0.74556779 0.01392368
vn 0.74087969 0.66209475 0.11281766
vn -0.66628432 0.74556779 0.01392368
vn 0.00000000 0.00000000 -1.00000000
vn 0.00000000 0.00000000 -1.00000000
vn -0.05580756 -0.99380145 -0.09614673
vn 0.99827305 -0.05605867 0.01755988
vn 0.05575466 0.99285935 0.10545963
vn -0.99827305 0.05605867 0.01755988
vn 0.00000000 0.00000000 -1.00000000
vn 0.00000000 0.00000000 -1.00000000
vn 0.66173494 -0.74047706 -0.11747597
vn 0.74555013 0.66626854 0.01553182
vn -0.66106740 0.73973009 0.12565547
vn -0.74555013 -0.66626854 0.01553182
vn 0.00000000 0.00000000 -1.00000000
vn 0.00000000 0.00000000 -1.00000000
vn 0.99551159 -0.05590360 -0.07636403
vn 0.05606188 0.99833020 0.01392368
vn -0.99491595 0.05587015 0.08379006
vn -0.05606188 -0.99833020 0.01392368
vn 0.00000000 0.00000000 -1.00000000
vn 0.00000000 0.00000000 -1.00000000
vn 0.73905924 0.66046789 -0.13256546
vn -0.66624618 0.74552511 0.01755988
vn -0.73811027 -0.65961983 0.14175652
vn 0.66624618 -0.74552511 0.01755988
vn 0.00000000 0.00000000 -1.00000000
vn 0.00000000 0.00000000 -1.00000000
vn 0.05586380 0.99480296 -0.08512523
vn -0.99830655 0.05606055 0.01553182
vn -0.05582228 -0.99406350 0.09338970
vn 0.99830655 -0.05606055 0.01553182
vn 0.00000000 0.00000000 -1.00000000
vn 0.00000000 0.00000000 -1.00000000
vn -0.88148606 0.47186820 -0.01796498
vn -0.47190869 -0.88156172 0.01229288
vn 0.88136197 -0.47180176 0.02458020
vn 0.47190869 0.88156172 0.01229288
vn 0.00000000 0.00000000 -1.00000000
vn 0.00000000 0.00000000 -1.00000000
vn -0.10569724 -0.98015916 -0.16767858
vn 0.99398795 -0.10718849 0.02232905
vn 0.10548035 0.97814792 0.17916625
vn -0.99398795 0.10718849 0.02232905
vn 0.00000000 0.00000000 -1.00000000
vn 0.00000000 0.00000000 -1.00000000
vn 0.62354868 -0.77428681 -0.10801379
vn 0.77869159 0.62709594 0.01975059
vn -0.62280293 0.77336077 0.11844674
vn -0.77869159 -0.62709594 0.01975059
vn 0.00000000 0.00000000 -1.00000000
vn 0.00000000 0.00000000 -1.00000000
vn 0.98531634 -0.10625337 -0.13364856
vn 0.10719842 0.99407998 0.01770590
vn -0.98403044 0.10611471 0.14291171
vn -0.10719842 -0.99407998 0.01770590
vn 0.00000000 0.00000000 -1.00000000
vn 0.00000000 0.00000000 -1.00000000
vn 0.77303291 0.62253889 -0.12192395
vn -0.62706191 0.77864933 0.02232905
vn -0.77185549 -0.62159070 0.13365668
vn 0.62706191 -0.77864933 0.02232905
vn 0.00000000 0.00000000 -1.00000000
vn 0.00000000 0.00000000 -1.00000000
vn 0.10602222 0.98317274 -0.14876376
vn -0.99404190 0.10719431 0.01975059
vn -0.10585086 -0.98158375 0.15902497
vn 0.99404190 -0.10719431 0.01975059
vn 0.00000000 0.00000000 -1.00000000
vn 0.00000000 0.00000000 -1.00000000
vn -0.62426429 0.77517541 -0.09693902
vn -0.77872142 -0.62711997 0.01770590
vn 0.62366272 -0.77442842 0.10632700
vn 0.77872142 0.62711997 0.01770590
vn 0.00000000 0.00000000 -1.00000000
vn 0.00000000 0.00000000 -1.00000000
vn -0.98015916 0.10569724 -0.16767858
vn -0.10718849 -0.99398795 0.02232905
vn 0.97814792 -0.10548035 0.17916625
vn 0.10718849 0.99398795 0.02232905
vn 0.00000000 0.00000000 -1.00000000
vn 0.00000000 0.00000000 -1.00000000
vn -0.77428681 -0.62354868 -0.10801379
vn 0.62709594 -0.77869159 0.01975059
vn 0.77336077 0.62280293 0.11844674
vn -0.62709594 0.77869159 0.01975059
vn 0.00000000 0.00000000 -1.00000000
vn 0.00000000 0.00000000 -1.00000000
vn 0.24014354 -0.97046856 -0.02284407
vn 0.97060326 0.24017688 0.01563232
vn -0.24008890 0.97024768 0.03125319
vn -0.97060326 -0.24017688 0.01563232
vn 0.00000000 0.00000000 -1.00000000
vn 0.00000000 0.00000000 -1.00000000
vn 0.02894902 -0.99192730 -0.12345927
vn 0.99944104 0.02916831 0.01633463
vn -0.02891677 0.99082232 0.13204146
vn -0.99944104 -0.02916831 0.01633463
vn 0.00000000 0.00000000 -1.00000000
vn 0.00000000 0.00000000 -1.00000000
vn 0.72514734 -0.68402129 -0.07922258
vn 0.68610636 0.72735777 0.01444801
vn -0.72468041 0.68358084 0.08692263
vn -0.68610636 -0.72735777 0.01444801
vn 0.00000000 0.00000000 -1.00000000
vn 0.00000000 0.00000000 -1.00000000
vn 0.99474645 0.02903130 -0.09816663
vn -0.02916975 0.99949056 0.01295205
vn -0.99404543 -0.02901084 0.10503363
vn 0.02916975 -0.99949056 0.01295205
vn 0.00000000 0.00000000 -1.00000000
vn 0.00000000 0.00000000 -1.00000000
vn 0.68342472 0.72451490 -0.08949191
vn -0.72733664 0.68608643 0.01633463
vn -0.68286333 -0.72391975 0.09817264
vn 0.72733664 -0.68608643 0.01633463
vn 0.00000000 0.00000000 -1.00000000
vn 0.00000000 0.00000000 -1.00000000
vn -0.02899717 0.99357713 -0.10937845
vn -0.99947007 -0.02916915 0.01444801
vn 0.02897181 -0.99270808 0.11700985
vn 0.99947007 0.02916915 0.01444801
vn 0.00000000 0.00000000 -1.00000000
vn 0.00000000 0.00000000 -1.00000000
vn -0.72559467 0.68444325 -0.07106211
vn -0.68612042 -0.72737268 0.01295205
vn 0.72521867 -0.68408858 0.07797882
vn 0.68612042 0.72737268 0.01295205
vn 0.00000000 0.00000000 -1.00000000
vn 0.00000000 0.00000000 -1.00000000
vn -0.99192730 -0.02894902 -0.12345927
vn 0.02916831 -0.99944104 0.01633463
vn 0.99082232 0.02891677 0.13204146
vn -0.02916831 0.99944104 0.01633463
vn 0.00000000 0.00000000 -1.00000000
vn 0.00000000 0.00000000 -1.00000000
vn -0.68402129 -0.72514734 -0.07922258
vn 0.72735777 -0.68610636 0.01444801
vn 0.68358084 0.72468041 0.08692263
vn -0.72735777 0.68610636 0.01444801
vn 0.00000000 0.00000000 -1.00000000
vn 0.00000000 0.00000000 -1.00000000
vn 0.37010374 -0.92884011 -0.01671147
vn 0.92890910 0.37013124 0.01143502
vn -0.37005866 0.92872695 0.02286555
vn -0.92890910 -0.37013124 0.01143502
vn 0.00000000 0.00000000 -1.00000000
vn 0.00000000 0.00000000 -1.00000000
vn -0.99096082 0.04141609 -0.12759842
vn -0.04175146 -0.99898524 0.01689103
vn 0.98978180 -0.04136681 0.13645798
vn 0.04175146 0.99898524 0.01689103
vn 0.00000000 0.00000000 -1.00000000
vn 0.00000000 0.00000000 -1.00000000
vn -0.73354412 -0.67468863 -0.08190405
vn 0.67688752 -0.73593483 0.01494018
vn 0.73303930 0.67422431 0.08986075
vn -0.67688752 0.73593483 0.01494018
vn 0.00000000 0.00000000 -1.00000000
vn 0.00000000 0.00000000 -1.00000000
vn -0.04154186 -0.99397012 -0.10147749
vn 0.99903816 -0.04175367 0.01339327
vn 0.04151058 0.99322165 0.10857085
vn -0.99903816 0.04175367 0.01339327
vn 0.00000000 0.00000000 -1.00000000
vn 0.00000000 0.00000000 -1.00000000
vn 0.67405975 -0.73286039 -0.09251541
vn 0.73591198 0.67686650 0.01689103
vn -0.67346805 0.73221707 0.10148370
vn -0.73591198 -0.67686650 0.01689103
vn 0.00000000 0.00000000 -1.00000000
vn 0.00000000 0.00000000 -1.00000000
vn 0.99272172 -0.04148968 -0.11305835
vn 0.04175276 0.99901627 0.01494018
vn -0.99179409 0.04145091 0.12093926
vn -0.04175276 -0.99901627 0.01494018
vn 0.00000000 0.00000000 -1.00000000
vn 0.00000000 0.00000000 -1.00000000
vn 0.73402781 0.67513351 -0.07347050
vn -0.67690236 0.73595096 0.01339327
vn -0.73362125 -0.67475957 0.08061873
vn 0.67690236 -0.73595096 0.01339327
vn 0.00000000 0.00000000 -1.00000000
vn 0.00000000 0.00000000 -1.00000000
vn 0.04141609 0.99096082 -0.12759842
vn -0.99898524 0.04175146 0.01689103
vn -0.04136681 -0.98978180 0.13645798
vn 0.99898524 -0.04175146 0.01689103
vn 0.00000000 0.00000000 -1.00000000
vn 0.00000000 0.00000000 -1.00000000
vn -0.67468863 0.73354412 -0.08190405
vn -0.73593483 -0.67688752 0.01494018
vn 0.67422431 -0.73303930 0.08986075
vn 0.73593483 0.67688752 0.01494018
vn 0.00000000 0.00000000 -1.00000000
vn 0.00000000 0.00000000 -1.00000000
vn -0.95272961 -0.30332764 -0.01728070
vn 0.30335174 -0.95280528 0.01182458
vn 0.95260551 0.30328814 0.02364420
vn -0.30335174 0.95280528 0.01182458
vn 0.00000000 0.00000000 -1.00000000
vn 0.00000000 0.00000000 -1.00000000
vn -0.97526991 0.19042932 -0.11218414
vn -0.19161800 -0.98135764 0.01482321
vn 0.97437260 -0.19025412 0.12000584
vn 0.19161800 0.98135764 0.01482321
vn 0.00000000 0.00000000 -1.00000000
vn 0.00000000 0.00000000 -1.00000000
vn -0.82736145 -0.55704493 -0.07193039
vn 0.55844361 -0.82943887 0.01311109
vn 0.82692219 0.55674918 0.07893060
vn -0.55844361 0.82943887 0.01311109
vn 0.00000000 0.00000000 -1.00000000
vn 0.00000000 0.00000000 -1.00000000
vn -0.19087587 -0.97755685 -0.08915717
vn 0.98139768 -0.19162582 0.01175351
vn 0.19076489 0.97698849 0.09540571
vn -0.98139768 0.19162582 0.01175351
vn 0.00000000 0.00000000 -1.00000000
vn 0.00000000 0.00000000 -1.00000000
vn 0.55664433 -0.82676646 -0.08126690
vn 0.82941903 0.55843025 0.01482321
vn -0.55626719 0.82620629 0.08916264
vn -0.82941903 -0.55843025 0.01482321
vn 0.00000000 0.00000000 -1.00000000
vn 0.00000000 0.00000000 -1.00000000
vn 0.97660870 -0.19069073 -0.09936045
vn 0.19162259 0.98138111 0.01311109
vn -0.97590363 0.19055306 0.10630913
vn -0.19162259 -0.98138111 0.01311109
vn 0.00000000 0.00000000 -1.00000000
vn 0.00000000 0.00000000 -1.00000000
vn 0.82778213 0.55732816 -0.06451407
vn -0.55845304 0.82945287 0.01175351
vn -0.82742854 -0.55709010 0.07079988
vn 0.55845304 -0.82945287 0.01175351
vn 0.00000000 0.00000000 -1.00000000
vn 0.00000000 0.00000000 -1.00000000
vn 0.19042932 0.97526991 -0.11218414
vn -0.98135764 0.19161800 0.01482321
vn -0.19025412 -0.97437260 0.12000584
vn 0.98135764 -0.19161800 0.01482321
vn 0.00000000 0.00000000 -1.00000000
vn 0.00000000 0.00000000 -1.00000000
vn -0.55704493 0.82736145 -0.07193039
vn -0.82943887 -0.55844361 0.01311109
vn 0.55674918 -0.82692219 0.07893060
vn 0.82943887 0.55844361 0.01311109
vn 0.00000000 0.00000000 -1.00000000
vn 0.00000000 0.00000000 -1.00000000
vn -0.98756092 -0.15650385 -0.01516520
vn 0.15651343 -0.98762132 0.01037682
vn 0.98746184 0.15648816 0.02075030
vn -0.15651343 0.98762132 0.01037682
vn 0.00000000 0.00000000 -1.00000000
vn 0.00000000 0.00000000 -1.00000000
vn -0.21715949 -0.97027969 -0.10676649
vn 0.97576057 -0.21838618 0.01409904
vn 0.21697850 0.96947101 0.11422036
vn -0.97576057 0.21838618 0.01409904
vn 0.00000000 0.00000000 -1.00000000
vn 0.00000000 0.00000000 -1.00000000
vn 0.53434223 -0.84249354 -0.06843249
vn 0.84440753 0.53555616 0.01247054
vn -0.53408544 0.84208867 0.07509607
vn -0.84440753 -0.53555616 0.01247054
vn 0.00000000 0.00000000 -1.00000000
vn 0.00000000 0.00000000 -1.00000000
vn 0.97233980 -0.21762057 -0.08483278
vn 0.21839424 0.97579659 0.01117926
vn -0.97182794 0.21750601 0.09078324
vn -0.21839424 -0.97579659 0.01117926
vn 0.00000000 0.00000000 -1.00000000
vn 0.00000000 0.00000000 -1.00000000
vn 0.84194511 0.53399439 -0.07732025
vn -0.53554457 0.84438926 0.01409904
vn -0.84142867 -0.53366685 0.08483799
vn 0.53554457 -0.84438926 0.01409904
vn 0.00000000 0.00000000 -1.00000000
vn 0.00000000 0.00000000 -1.00000000
vn 0.21742945 0.97148585 -0.09454985
vn -0.97578169 0.21839090 0.01247054
vn -0.21728729 -0.97085069 0.10116900
vn 0.97578169 -0.21839090 0.01247054
vn 0.00000000 0.00000000 -1.00000000
vn 0.00000000 0.00000000 -1.00000000
vn -0.53458812 0.84288124 -0.06137386
vn -0.84442043 -0.53556434 0.01117926
vn 0.53438145 -0.84255538 0.06735644
vn 0.84442043 0.53556434 0.01117926
vn 0.00000000 0.00000000 -1.00000000
vn 0.00000000 0.00000000 -1.00000000
vn -0.97027969 0.21715949 -0.10676649
vn -0.21838618 -0.97576057 0.01409904
vn 0.96947101 -0.21697850 0.11422036
vn 0.21838618 0.97576057 0.01409904
vn 0.00000000 0.00000000 -1.00000000
vn 0.00000000 0.00000000 -1.00000000
vn -0.84249354 -0.53434223 -0.06843249
vn 0.53555616 -0.84440753 0.01247054
vn 0.84208867 0.53408544 0.07509607
vn -0.53555616 0.84440753 0.01247054
vn 0.00000000 0.00000000 -1.00000000
vn 0.00000000 0.00000000 -1.00000000
vn 0.12943954 -0.99148240 -0.01442433
vn 0.99153726 0.12944671 0.00986983
vn -0.12942780 0.99139241 0.01973677
vn -0.99153726 -0.12944671 0.00986983
vn 0.00000000 0.00000000 -1.00000000
vn 0.00000000 0.00000000 -1.00000000
vn 0.25503672 -0.96163931 -0.10102531
vn 0.96649858 0.25632545 0.01333298
vn -0.25484638 0.96092162 0.10808778
vn -0.96649858 -0.25632545 0.01333298
vn 0.00000000 0.00000000 -1.00000000
vn 0.00000000 0.00000000 -1.00000000
vn 0.86293051 -0.50115965 -0.06472964
vn 0.50217795 0.86468389 0.01179294
vn -0.86255945 0.50094415 0.07103625
vn -0.50217795 -0.86468389 0.01179294
vn 0.00000000 0.00000000 -1.00000000
vn 0.00000000 0.00000000 -1.00000000
vn 0.96346679 0.25552138 -0.08025319
vn -0.25633391 0.96653048 0.01057181
vn -0.96301284 -0.25540099 0.08588718
vn 0.25633391 -0.96653048 0.01057181
vn 0.00000000 0.00000000 -1.00000000
vn 0.00000000 0.00000000 -1.00000000
vn 0.50086774 0.86242787 -0.07314150
vn -0.86466716 0.50216824 0.01333298
vn -0.50059280 -0.86195446 0.08025812
vn 0.86466716 -0.50216824 0.01333298
vn 0.00000000 0.00000000 -1.00000000
vn 0.00000000 0.00000000 -1.00000000
vn -0.25532052 0.96270942 -0.08945395
vn -0.96651728 -0.25633041 0.01179294
vn 0.25517109 -0.96214596 0.09572292
vn 0.96651728 0.25633041 0.01179294
vn 0.00000000 0.00000000 -1.00000000
vn 0.00000000 0.00000000 -1.00000000
vn -0.86328578 0.50136598 -0.05805014
vn -0.50218481 -0.86469570 0.01057181
vn 0.86298718 -0.50119257 0.06371133
vn 0.50218481 0.86469570 0.01057181
vn 0.00000000 0.00000000 -1.00000000
vn 0.00000000 0.00000000 -1.00000000
vn -0.96163931 -0.25503672 -0.10102531
vn 0.25632545 -0.96649858 0.01333298
vn 0.96092162 0.25484638 0.10808778
vn -0.25632545 0.96649858 0.01333298
vn 0.00000000 0.00000000 -1.00000000
vn 0.00000000 0.00000000 -1.00000000
vn -0.50115965 -0.86293051 -0.06472964
vn 0.86468389 -0.50217795 0.01179294
vn 0.50094415 0.86255945 0.07103625
vn -0.86468389 0.50217795 0.01179294
vn 0.00000000 0.00000000 -1.00000000
vn 0.00000000 0.00000000 -1.00000000
vn 0.57219299 -0.82000556 -0.01364061
vn 0.82004613 0.57222131 0.00933351
vn -0.57214656 0.81993899 0.01866458
vn -0.82004613 -0.57222131 0.00933351
vn 0.00000000 0.00000000 -1.00000000
vn 0.00000000 0.00000000 -1.00000000
vn 0.10781043 -0.98326445 -0.14686024
vn 0.99385374 0.10897150 0.01949237
vn -0.10764061 0.98171562 0.15699660
vn -0.99385374 -0.10897150 0.01949237
vn 0.00000000 0.00000000 -1.00000000
vn 0.00000000 0.00000000 -1.00000000
vn 0.77647907 -0.62302939 -0.09441730
vn 0.62573211 0.77984746 0.01724125
vn -0.77576919 0.62245980 0.10356618
vn -0.62573211 -0.77984746 0.01724125
vn 0.00000000 0.00000000 -1.00000000
vn 0.00000000 0.00000000 -1.00000000
vn 0.98722577 0.10824477 -0.11691170
vn -0.10897919 0.99392386 0.01545620
vn -0.98623942 -0.10813662 0.12505312
vn 0.10897919 -0.99392386 0.01545620
vn 0.00000000 0.00000000 -1.00000000
vn 0.00000000 0.00000000 -1.00000000
vn 0.62225802 0.77551772 -0.10661719
vn -0.77981521 0.62570623 0.01949237
vn -0.62153290 -0.77461400 0.11691883
vn 0.77981521 -0.62570623 0.01949237
vn 0.00000000 0.00000000 -1.00000000
vn 0.00000000 0.00000000 -1.00000000
vn -0.10806443 0.98558101 -0.13020046
vn -0.99389485 -0.10897601 0.01724125
vn 0.10793057 -0.98436016 0.13923387
vn 0.99389485 0.10897601 0.01724125
vn 0.00000000 0.00000000 -1.00000000
vn 0.00000000 0.00000000 -1.00000000
vn -0.77715969 0.62357551 -0.08471365
vn -0.62575038 -0.77987022 0.01545620
vn 0.77658757 -0.62311645 0.09293882
vn 0.62575038 0.77987022 0.01545620
vn 0.00000000 0.00000000 -1.00000000
vn 0.00000000 0.00000000 -1.00000000
vn -0.98326445 -0.10781043 -0.14686024
vn 0.10897150 -0.99385374 0.01949237
vn 0.98171562 0.10764061 0.15699660
vn -0.10897150 0.99385374 0.01949237
vn 0.00000000 0.00000000 -1.00000000
vn 0.00000000 0.00000000 -1.00000000
vn -0.62302939 -0.77647907 -0.09441730
vn 0.77984746 -0.62573211 0.01724125
vn 0.62245980 0.77576919 0.10356618
vn -0.77984746 0.62573211 0.01724125
vn 0.00000000 0.00000000 -1.00000000
vn 0.00000000 0.00000000 -1.00000000
vn 0.44315119 -0.89622505 -0.01994201
vn 0.89631984 0.44319807 0.01364598
vn -0.44307433 0.89606959 0.02728433
vn -0.89631984 -0.44319807 0.01364598
vn 0.00000000 0.00000000 -1.00000000
vn 0.00000000 0.00000000 -1.00000000
vn 0.89350186 -0.42185818 -0.15391592
vn 0.42685639 0.90408815 0.02045065
vn -0.89195630 0.42112845 0.16451380
vn -0.42685639 -0.90408815 0.02045065
vn 0.00000000 0.00000000 -1.00000000
vn 0.00000000 0.00000000 -1.00000000
vn 0.93669096 0.33586574 -0.09901646
vn -0.33746918 0.94116276 0.01808894
vn -0.93574928 -0.33552809 0.10860109
vn 0.33746918 -0.94116276 0.01808894
vn 0.00000000 0.00000000 -1.00000000
vn 0.00000000 0.00000000 -1.00000000
vn 0.42372607 0.89745809 -0.12257725
vn -0.90415837 0.42688954 0.01621617
vn -0.42326077 -0.89647257 0.13110020
vn 0.90415837 -0.42688954 0.01621617
vn 0.00000000 0.00000000 -1.00000000
vn 0.00000000 0.00000000 -1.00000000
vn -0.33540849 0.93541574 -0.11179681
vn -0.94111991 -0.33745382 0.02045065
vn 0.33497881 -0.93421742 0.12258472
vn 0.94111991 0.33745382 0.02045065
vn 0.00000000 0.00000000 -1.00000000
vn 0.00000000 0.00000000 -1.00000000
vn -0.89581487 0.42295024 -0.13648743
vn -0.42687583 -0.90412932 0.01808894
vn 0.89459569 -0.42237462 0.14593917
vn 0.42687583 0.90412932 0.01808894
vn 0.00000000 0.00000000 -1.00000000
vn 0.00000000 0.00000000 -1.00000000
vn -0.93759406 -0.33618956 -0.08884791
vn 0.33748002 -0.94119300 0.01621617
vn 0.93683491 0.33591736 0.09746732
vn -0.33748002 0.94119300 0.01621617
vn 0.00000000 0.00000000 -1.00000000
vn 0.00000000 0.00000000 -1.00000000
vn -0.42185818 -0.89350186 -0.15391592
vn 0.90408815 -0.42685639 0.02045065
vn 0.42112845 0.89195630 0.16451380
vn -0.90408815 0.42685639 0.02045065
vn 0.00000000 0.00000000 -1.00000000
vn 0.00000000 0.00000000 -1.00000000
vn 0.33586574 -0.93669096 -0.09901646
vn 0.94116276 0.33746918 0.01808894
vn -0.33552809 0.93574928 0.10860109
vn -0.94116276 -0.33746918 0.01808894
vn 0.00000000 0.00000000 -1.00000000
vn 0.00000000 0.00000000 -1.00000000
vn 0.99563414 -0.09096652 -0.02092238
vn 0.09097710 0.99575006 0.01431698
vn -0.99544405 0.09094914 0.02862516
vn -0.09097710 -0.99575006 0.01431698
vn 0.00000000 0.00000000 -1.00000000
vn 0.00000000 0.00000000 -1.00000000
vn -0.98260169 -0.13701170 -0.12538623
vn 0.13808258 -0.99028170 0.01659355
vn 0.98147273 0.13685428 0.13409767
vn -0.13808258 0.99028170 0.01659355
vn 0.00000000 0.00000000 -1.00000000
vn 0.00000000 0.00000000 -1.00000000
vn -0.60072426 -0.79539603 -0.08047062
vn 0.79789796 -0.60261384 0.01467704
vn 0.60032517 0.79486762 0.08829016
vn -0.79789796 0.60261384 0.01467704
vn 0.00000000 0.00000000 -1.00000000
vn 0.00000000 0.00000000 -1.00000000
vn 0.13741341 -0.98548258 -0.09970774
vn 0.99033233 0.13808964 0.01315737
vn -0.13731351 0.98476614 0.10668017
vn -0.99033233 -0.13808964 0.01315737
vn 0.00000000 0.00000000 -1.00000000
vn 0.00000000 0.00000000 -1.00000000
vn 0.79468033 -0.60018372 -0.09089920
vn 0.60259578 0.79787404 0.01659355
vn -0.79400688 0.59967510 0.09971385
vn -0.60259578 -0.79787404 0.01659355
vn 0.00000000 0.00000000 -1.00000000
vn 0.00000000 0.00000000 -1.00000000
vn 0.98428757 0.13724678 -0.11109145
vn -0.13808672 0.99031139 0.01467704
vn -0.98339950 -0.13712295 0.11883908
vn 0.13808672 -0.99031139 0.01467704
vn 0.00000000 0.00000000 -1.00000000
vn 0.00000000 0.00000000 -1.00000000
vn 0.60110661 0.79590229 -0.07218300
vn -0.79791483 0.60262659 0.01315737
vn -0.60078523 -0.79547676 0.07920750
vn 0.79791483 -0.60262659 0.01315737
vn 0.00000000 0.00000000 -1.00000000
vn 0.00000000 0.00000000 -1.00000000
vn -0.13701170 0.98260169 -0.12538623
vn -0.99028170 -0.13808258 0.01659355
vn 0.13685428 -0.98147273 0.13409767
vn 0.99028170 0.13808258 0.01659355
vn 0.00000000 0.00000000 -1.00000000
vn 0.00000000 0.00000000 -1.00000000
vn -0.79539603 0.60072426 -0.08047062
vn -0.60261384 -0.79789796 0.01467704
vn 0.79486762 -0.60032517 0.08829016
vn 0.60261384 0.79789796 0.01467704
vn 0.00000000 0.00000000 -1.00000000
vn 0.00000000 0.00000000 -1.00000000
vn -0.88288972 -0.46927342 -0.01697637
vn 0.46930939 -0.88295739 0.01161630
vn 0.88277873 0.46921443 0.02322790
vn -0.46930939 0.88295739 0.01161630
vn 0.00000000 0.00000000 -1.00000000
vn 0.00000000 0.00000000 -1.00000000
vn -0.52280433 -0.84515273 -0.11132158
vn 0.85034670 -0.52601727 0.01470782
vn 0.52233068 0.84438704 0.11908482
vn -0.85034670 0.52601727 0.01470782
vn 0.00000000 0.00000000 -1.00000000
vn 0.00000000 0.00000000 -1.00000000
vn 0.22877540 -0.97085925 -0.07137323
vn 0.97325921 0.22934094 0.01300903
vn -0.22865582 0.97035175 0.07831986
vn -0.97325921 -0.22934094 0.01300903
vn 0.00000000 0.00000000 -1.00000000
vn 0.00000000 0.00000000 -1.00000000
vn 0.84710410 -0.52401143 -0.08846848
vn 0.52603840 0.85038086 0.01166201
vn -0.84661915 0.52371144 0.09466960
vn -0.52603840 -0.85038086 0.01166201
vn 0.00000000 0.00000000 -1.00000000
vn 0.00000000 0.00000000 -1.00000000
vn 0.97017182 0.22861342 -0.08063831
vn -0.22933554 0.97323630 0.01470782
vn -0.96952462 -0.22846091 0.08847391
vn 0.22933554 -0.97323630 0.01470782
vn 0.00000000 0.00000000 -1.00000000
vn 0.00000000 0.00000000 -1.00000000
vn 0.52351098 0.84629510 -0.09859442
vn -0.85036672 0.52602966 0.01300903
vn -0.52313883 -0.84569349 0.10549069
vn 0.85036672 -0.52602966 0.01300903
vn 0.00000000 0.00000000 -1.00000000
vn 0.00000000 0.00000000 -1.00000000
vn -0.22888993 0.97134527 -0.06401386
vn -0.97327539 -0.22934475 0.01166201
vn 0.22879367 -0.97093676 0.07025139
vn 0.97327539 0.22934475 0.01166201
vn 0.00000000 0.00000000 -1.00000000
vn 0.00000000 0.00000000 -1.00000000
vn -0.84515273 0.52280433 -0.11132158
vn -0.52601727 -0.85034670 0.01470782
vn 0.84438704 -0.52233068 0.11908482
vn 0.52601727 0.85034670 0.01470782
vn 0.00000000 0.00000000 -1.00000000
vn 0.00000000 0.00000000 -1.00000000
vn -0.97085925 -0.22877540 -0.07137323
vn 0.22934094 -0.97325921 0.01300903
vn 0.97035175 0.22865582 0.07831986
vn -0.22934094 0.97325921 0.01300903
vn 0.00000000 0.00000000 -1.00000000
vn 0.00000000 0.00000000 -1.00000000
vn -0.20254323 -0.97915771 -0.01504716
vn 0.97921667 -0.20255542 0.01029604
vn 0.20252322 0.97906100 0.02058881
vn -0.97921667 0.20255542 0.01029604
vn 0.00000000 0.00000000 -1.00000000
vn 0.00000000 0.00000000 -1.00000000
vn -0.97255578 -0.20679019 -0.10664462
vn 0.20795561 -0.97803688 0.01408276
vn 0.97174705 0.20661824 0.11409020
vn -0.20795561 0.97803688 0.01408276
vn 0.00000000 0.00000000 -1.00000000
vn 0.00000000 0.00000000 -1.00000000
vn -0.54330999 -0.83674489 -0.06835384
vn 0.83864144 -0.54454144 0.01245614
vn 0.54304949 0.83634370 0.07500985
vn -0.83864144 0.54454144 0.01245614
vn 0.00000000 0.00000000 -1.00000000
vn 0.00000000 0.00000000 -1.00000000
vn 0.20722825 -0.97461600 -0.08473553
vn 0.97807290 0.20796327 0.01116636
vn -0.20711941 0.97410411 0.09067928
vn -0.97807290 -0.20796327 0.01116636
vn 0.00000000 0.00000000 -1.00000000
vn 0.00000000 0.00000000 -1.00000000
vn 0.83620145 -0.54295712 -0.07723150
vn 0.54452969 0.83862333 0.01408276
vn -0.83568971 0.54262484 0.08474074
vn -0.54452969 -0.83862333 0.01408276
vn 0.00000000 0.00000000 -1.00000000
vn 0.00000000 0.00000000 -1.00000000
vn 0.97376201 0.20704667 -0.09444165
vn -0.20796010 0.97805799 0.01245614
vn -0.97312682 -0.20691161 0.10105338
vn 0.20796010 -0.97805799 0.01245614
vn 0.00000000 0.00000000 -1.00000000
vn 0.00000000 0.00000000 -1.00000000
vn 0.54355943 0.83712906 -0.06130326
vn -0.83865422 0.54454974 0.01116636
vn -0.54334977 -0.83680617 0.06727902
vn 0.83865422 -0.54454974 0.01116636
vn 0.00000000 0.00000000 -1.00000000
vn 0.00000000 0.00000000 -1.00000000
vn -0.20679019 0.97255578 -0.10664462
vn -0.97803688 -0.20795561 0.01408276
vn 0.20661824 -0.97174705 0.11409020
vn 0.97803688 0.20795561 0.01408276
vn 0.00000000 0.00000000 -1.00000000
vn 0.00000000 0.00000000 -1.00000000
vn -0.83674489 0.54330999 -0.06835384
vn -0.54454144 -0.83864144 0.01245614
vn 0.83634370 -0.54304949 0.07500985
vn 0.54454144 0.83864144 0.01245614
vn 0.00000000 0.00000000 -1.00000000
vn 0.00000000 0.00000000 -1.00000000
vn -0.84742971 -0.53071207 -0.01440768
vn 0.53074137 -0.84747649 0.00985843
vn 0.84735297 0.53066402 0.01971399
vn -0.53074137 0.84747649 0.00985843
vn 0.00000000 0.00000000 -1.00000000
vn 0.00000000 0.00000000 -1.00000000
vn 0.78384876 -0.60984866 -0.11690056
vn 0.61398554 0.78916596 0.01545471
vn -0.78306575 0.60923946 0.12504122
vn -0.61398554 -0.78916596 0.01545471
vn 0.00000000 0.00000000 -1.00000000
vn 0.00000000 0.00000000 -1.00000000
vn 0.98950327 0.12353734 -0.07497863
vn -0.12387449 0.99220373 0.01366968
vn -0.98893250 -0.12346608 0.08227171
vn 0.12387449 -0.99220373 0.01366968
vn 0.00000000 0.00000000 -1.00000000
vn 0.00000000 0.00000000 -1.00000000
vn 0.61140195 0.78584524 -0.09292422
vn -0.78920096 0.61401277 0.01225428
vn -0.61101583 -0.78534895 0.09943179
vn 0.78920096 -0.61401277 0.01225428
vn 0.00000000 0.00000000 -1.00000000
vn 0.00000000 0.00000000 -1.00000000
vn -0.12344082 0.98873016 -0.08470552
vn -0.99217794 -0.12387127 0.01545471
vn 0.12334996 -0.98800244 0.09292992
vn 0.99217794 0.12387127 0.01545471
vn 0.00000000 0.00000000 -1.00000000
vn 0.00000000 0.00000000 -1.00000000
vn -0.78501736 0.61075785 -0.10354995
vn -0.61400150 -0.78918648 0.01366968
vn 0.78440187 -0.61027899 0.11078473
vn 0.61400150 0.78918648 0.01366968
vn 0.00000000 0.00000000 -1.00000000
vn 0.00000000 0.00000000 -1.00000000
vn -0.99004998 -0.12360559 -0.06725099
vn 0.12387676 -0.99222194 0.01225428
vn 0.98959046 0.12354823 0.07380073
vn -0.12387676 0.99222194 0.01225428
vn 0.00000000 0.00000000 -1.00000000
vn 0.00000000 0.00000000 -1.00000000
vn -0.60984866 -0.78384876 -0.11690056
vn 0.78916596 -0.61398554 0.01545471
vn 0.60923946 0.78306575 0.12504122
vn -0.78916596 0.61398554 0.01545471
vn 0.00000000 0.00000000 -1.00000000
vn 0.00000000 0.00000000 -1.00000000
vn 0.12353734 -0.98950327 -0.07497863
vn 0.99220373 0.12387449 0.01366968
vn -0.12346608 0.98893250 0.08227171
vn -0.99220373 -0.12387449 0.01366968
vn 0.00000000 0.00000000 -1.00000000
vn 0.00000000 0.00000000 -1.00000000
vn 0.95184996 -0.30615628 -0.01581127
vn 0.30617663 0.95191324 0.01081895
vn -0.95174616 0.30612288 0.02163411
vn -0.30617663 -0.95191324 0.01081895
vn 0.00000000 0.00000000 -1.00000000
vn 0.00000000 0.00000000 -1.00000000
vn -0.72956840 0.67032435 -0.13562899
vn -0.67646683 -0.73625376 0.01797307
vn 0.72858790 -0.66942347 0.14502375
vn 0.67646683 0.73625376 0.01797307
vn 0.00000000 0.00000000 -1.00000000
vn 0.00000000 0.00000000 -1.00000000
vn -0.99530745 -0.04212183 -0.08711384
vn 0.04227723 -0.99897943 0.01589731
vn 0.99453269 0.04208904 0.09556802
vn -0.04227723 0.99897943 0.01589731
vn 0.00000000 0.00000000 -1.00000000
vn 0.00000000 0.00000000 -1.00000000
vn -0.67262560 -0.73207304 -0.10790673
vn 0.73629792 -0.67650740 0.01425135
vn 0.67205298 0.73144981 0.11543814
vn -0.73629792 0.67650740 0.01425135
vn 0.00000000 0.00000000 -1.00000000
vn 0.00000000 0.00000000 -1.00000000
vn 0.04207742 -0.99425815 -0.09838815
vn 0.99894431 0.04227574 0.01797307
vn -0.04203566 0.99327122 0.10791333
vn -0.99894431 -0.04227574 0.01797307
vn 0.00000000 0.00000000 -1.00000000
vn 0.00000000 0.00000000 -1.00000000
vn 0.73103364 -0.67167060 -0.12020158
vn 0.67649062 0.73627965 0.01589731
vn -0.73026163 0.67096129 0.12856477
vn -0.67649062 -0.73627965 0.01589731
vn 0.00000000 0.00000000 -1.00000000
vn 0.00000000 0.00000000 -1.00000000
vn 0.99604999 0.04215326 -0.07815061
vn -0.04227828 0.99900423 0.01425135
vn -0.99542585 -0.04212684 0.08574795
vn 0.04227828 -0.99900423 0.01425135
vn 0.00000000 0.00000000 -1.00000000
vn 0.00000000 0.00000000 -1.00000000
vn 0.67032435 0.72956840 -0.13562899
vn -0.73625376 0.67646683 0.01797307
vn -0.66942347 -0.72858790 0.14502375
vn 0.73625376 -0.67646683 0.01797307
vn 0.00000000 0.00000000 -1.00000000
vn 0.00000000 0.00000000 -1.00000000
vn -0.04212183 0.99530745 -0.08711384
vn -0.99897943 -0.04227723 0.01589731
vn 0.04208904 -0.99453269 0.09556802
vn 0.99897943 0.04227723 0.01589731
vn 0.00000000 0.00000000 -1.00000000
vn 0.00000000 0.00000000 -1.00000000
vn -0.92356872 0.38299180 -0.01838769
vn -0.38302623 -0.92365177 0.01258218
vn 0.92343251 -0.38293530 0.02515839
vn 0.38302623 0.92365177 0.01258218
vn 0.00000000 0.00000000 -1.00000000
vn 0.00000000 0.00000000 -1.00000000
vn -0.16280218 -0.97236975 -0.16730963
vn 0.98602706 -0.16508880 0.02227853
vn 0.16246958 0.97038324 0.17877363
vn -0.98602706 0.16508880 0.02227853
vn 0.00000000 0.00000000 -1.00000000
vn 0.00000000 0.00000000 -1.00000000
vn 0.57725328 -0.80942190 -0.10777212
vn 0.81400581 0.58052237 0.01970590
vn -0.57656598 0.80845817 0.11818235
vn -0.81400581 -0.58052237 0.01970590
vn 0.00000000 0.00000000 -1.00000000
vn 0.00000000 0.00000000 -1.00000000
vn 0.97746327 -0.16365498 -0.13335139
vn 0.16510402 0.98611794 0.01766583
vn -0.97619328 0.16344235 0.14259477
vn -0.16510402 -0.98611794 0.01766583
vn 0.00000000 0.00000000 -1.00000000
vn 0.00000000 0.00000000 -1.00000000
vn 0.80811695 0.57632263 -0.12165203
vn -0.58049101 0.81396183 0.02227853
vn -0.80689157 -0.57544873 0.13335949
vn 0.58049101 -0.81396183 0.02227853
vn 0.00000000 0.00000000 -1.00000000
vn 0.00000000 0.00000000 -1.00000000
vn 0.16330052 0.97534618 -0.14843442
vn -0.98608033 0.16509772 0.01970590
vn -0.16303776 -0.97377679 0.15867405
vn 0.98608033 -0.16509772 0.01970590
vn 0.00000000 0.00000000 -1.00000000
vn 0.00000000 0.00000000 -1.00000000
vn -0.57791280 0.81034667 -0.09672163
vn -0.81403685 -0.58054451 0.01766583
vn 0.57735838 -0.80956928 0.10608901
vn 0.81403685 0.58054451 0.01766583
vn 0.00000000 0.00000000 -1.00000000
vn 0.00000000 0.00000000 -1.00000000
vn -0.97236975 0.16280218 -0.16730963
vn -0.16508880 -0.98602706 0.02227853
vn 0.97038324 -0.16246958 0.17877363
vn 0.16508880 0.98602706 0.02227853
vn 0.00000000 0.00000000 -1.00000000
vn 0.00000000 0.00000000 -1.00000000
vn -0.80942190 -0.57725328 -0.10777212
vn 0.58052237 -0.81400581 0.01970590
vn 0.80845817 0.57656598 0.11818235
vn -0.58052237 0.81400581 0.01970590
vn 0.00000000 0.00000000 -1.00000000
vn 0.00000000 0.00000000 -1.00000000
vn 0.18302448 -0.98284411 -0.02279238
vn 0.98297992 0.18304977 0.01559694
vn -0.18298302 0.98262143 0.03118251
vn -0.98297992 -0.18304977 0.01559694
vn 0.00000000 0.00000000 -1.00000000
vn 0.00000000 0.00000000 -1.00000000
vn -0.02847515 -0.99358149 -0.10947595
vn 0.99948506 -0.02864434 0.01446105
vn 0.02845020 0.99271089 0.11711397
vn -0.99948506 0.02864434 0.01446105
vn 0.00000000 0.00000000 -1.00000000
vn 0.00000000 0.00000000 -1.00000000
vn 0.68486696 -0.72528052 -0.07018139
vn 0.72701382 0.68650368 0.01279075
vn -0.68452080 0.72491394 0.07701335
vn -0.72701382 -0.68650368 0.01279075
vn 0.00000000 0.00000000 -1.00000000
vn 0.00000000 0.00000000 -1.00000000
vn 0.99579987 -0.02853873 -0.08699512
vn 0.02864546 0.99952387 0.01146632
vn -0.99524862 0.02852293 0.09309473
vn -0.02864546 -0.99952387 0.01146632
vn 0.00000000 0.00000000 -1.00000000
vn 0.00000000 0.00000000 -1.00000000
vn 0.72478397 0.68439808 -0.07929361
vn -0.68648805 0.72699727 0.01446105
vn -0.72431643 -0.68395659 0.08700046
vn 0.68648805 -0.72699727 0.01446105
vn 0.00000000 0.00000000 -1.00000000
vn 0.00000000 0.00000000 -1.00000000
vn 0.02851237 0.99488023 -0.09695548
vn -0.99950781 0.02864500 0.01279075
vn -0.02849277 -0.99419629 0.10373955
vn 0.99950781 -0.02864500 0.01279075
vn 0.00000000 0.00000000 -1.00000000
vn 0.00000000 0.00000000 -1.00000000
vn -0.68519844 0.72563156 -0.06294386
vn -0.72702550 -0.68651471 0.01146632
vn 0.68491983 -0.72533651 0.06907810
vn 0.72702550 0.68651471 0.01146632
vn 0.00000000 0.00000000 -1.00000000
vn 0.00000000 0.00000000 -1.00000000
vn -0.99358149 0.02847515 -0.10947595
vn -0.02864434 -0.99948506 0.01446105
vn 0.99271089 -0.02845020 0.11711397
vn 0.02864434 0.99948506 0.01446105
vn 0.00000000 0.00000000 -1.00000000
vn 0.00000000 0.00000000 -1.00000000
vn -0.72528052 -0.68486696 -0.07018139
vn 0.68650368 -0.72701382 0.01279075
vn 0.72491394 0.68452080 0.07701335
vn -0.68650368 0.72701382 0.01279075
vn 0.00000000 0.00000000 -1.00000000
vn 0.00000000 0.00000000 -1.00000000
vn 0.31581197 -0.94870644 -0.01479469
vn 0.94876167 0.31583036 0.01012327
vn -0.31578183 0.94861585 0.02024343
vn -0.94876167 -0.31583036 0.01012327
vn 0.00000000 0.00000000 -1.00000000
vn 0.00000000 0.00000000 -1.00000000
vn 0.52602647 0.83790079 -0.14566544
vn -0.84677602 0.53159826 0.01933039
vn -0.52521128 -0.83660227 0.15572332
vn 0.84677602 -0.53159826 0.01933039
vn 0.00000000 0.00000000 -1.00000000
vn 0.00000000 0.00000000 -1.00000000
vn -0.22192657 0.97055668 -0.09363935
vn -0.97469745 -0.22287339 0.01709797
vn 0.22172700 -0.96968391 0.10271439
vn 0.97469745 0.22287339 0.01709797
vn 0.00000000 0.00000000 -1.00000000
vn 0.00000000 0.00000000 -1.00000000
vn -0.84122145 0.52811115 -0.11595297
vn -0.53163515 -0.84683477 0.01532775
vn 0.84039468 -0.52759211 0.12402965
vn 0.53163515 0.84683477 0.01532775
vn 0.00000000 0.00000000 -1.00000000
vn 0.00000000 0.00000000 -1.00000000
vn -0.96937472 -0.22165631 -0.10574087
vn 0.22286433 -0.97465780 0.01933039
vn 0.96826356 0.22140223 0.11596004
vn -0.22286433 0.97465780 0.01933039
vn 0.00000000 0.00000000 -1.00000000
vn 0.00000000 0.00000000 -1.00000000
vn -0.52724563 -0.83984277 -0.12913627
vn 0.84681046 -0.53161988 0.01709797
vn 0.52660314 0.83881935 0.13809863
vn -0.84681046 0.53161988 0.01709797
vn 0.00000000 0.00000000 -1.00000000
vn 0.00000000 0.00000000 -1.00000000
vn 0.22211790 -0.97139344 -0.08401444
vn 0.97472543 0.22287979 0.01532775
vn -0.22195707 0.97069008 0.09217284
vn -0.97472543 -0.22287979 0.01532775
vn 0.00000000 0.00000000 -1.00000000
vn 0.00000000 0.00000000 -1.00000000
vn 0.83790079 -0.52602647 -0.14566544
vn 0.53159826 0.84677602 0.01933039
vn -0.83660227 0.52521128 0.15572332
vn -0.53159826 -0.84677602 0.01933039
vn 0.00000000 0.00000000 -1.00000000
vn 0.00000000 0.00000000 -1.00000000
vn 0.97055668 0.22192657 -0.09363935
vn -0.22287339 0.97469745 0.01709797
vn -0.96968391 -0.22172700 0.10271439
vn 0.22287339 -0.97469745 0.01709797
vn 0.00000000 0.00000000 -1.00000000
vn 0.00000000 0.00000000 -1.00000000
vn 0.20900944 0.97771363 -0.01977630
vn -0.97781534 0.20903118 0.01353256
vn -0.20897378 -0.97754685 0.02705769
vn 0.97781534 -0.20903118 0.01353256
vn 0.00000000 0.00000000 -1.00000000
vn 0.00000000 0.00000000 -1.00000000
vn -0.14731994 -0.98205894 -0.11771607
vn 0.98881493 -0.14833341 0.01556401
vn 0.14717072 0.98106422 0.12591176
vn -0.98881493 0.14833341 0.01556401
vn 0.00000000 0.00000000 -1.00000000
vn 0.00000000 0.00000000 -1.00000000
vn 0.59268542 -0.80188705 -0.07550600
vn 0.80410650 0.59432585 0.01376636
vn -0.59233872 0.80141797 0.08284970
vn -0.80410650 -0.59432585 0.01376636
vn 0.00000000 0.00000000 -1.00000000
vn 0.00000000 0.00000000 -1.00000000
vn 0.98459542 -0.14770044 -0.09357581
vn 0.14834008 0.98885940 0.01234095
vn -0.98396487 0.14760585 0.10012812
vn -0.14834008 -0.98885940 0.01234095
vn 0.00000000 0.00000000 -1.00000000
vn 0.00000000 0.00000000 -1.00000000
vn 0.80125169 0.59221582 -0.08530037
vn -0.59431018 0.80408530 0.01556401
vn -0.80065365 -0.59177380 0.09358155
vn 0.59431018 -0.80408530 0.01556401
vn 0.00000000 0.00000000 -1.00000000
vn 0.00000000 0.00000000 -1.00000000
vn 0.14754265 0.98354359 -0.10427450
vn -0.98884100 0.14833732 0.01376636
vn -0.14742535 -0.98276163 0.11155868
vn 0.98884100 -0.14833732 0.01376636
vn 0.00000000 0.00000000 -1.00000000
vn 0.00000000 0.00000000 -1.00000000
vn -0.59301751 0.80233635 -0.06772453
vn -0.80412147 -0.59433691 0.01234095
vn 0.59273838 -0.80195870 0.07431991
vn 0.80412147 0.59433691 0.01234095
vn 0.00000000 0.00000000 -1.00000000
vn 0.00000000 0.00000000 -1.00000000
vn -0.98205894 0.14731994 -0.11771607
vn -0.14833341 -0.98881493 0.01556401
vn 0.98106422 -0.14717072 0.12591176
vn 0.14833341 0.98881493 0.01556401
vn 0.00000000 0.00000000 -1.00000000
vn 0.00000000 0.00000000 -1.00000000
vn -0.80188705 -0.59268542 -0.07550600
vn 0.59432585 -0.80410650 0.01376636
vn 0.80141797 0.59233872 0.08284970
vn -0.59432585 0.80410650 0.01376636
vn 0.00000000 0.00000000 -1.00000000
vn 0.00000000 0.00000000 -1.00000000
vn 0.19972098 -0.97972342 -0.01592308
vn 0.97978949 0.19973445 0.01089548
vn -0.19969890 0.97961506 0.02178707
vn -0.97978949 -0.19973445 0.01089548
vn 0.00000000 0.00000000 -1.00000000
vn 0.00000000 0.00000000 -1.00000000
vn 0.69340990 -0.71232575 -0.10851145
vn 0.71648328 0.69745703 0.01433214
vn -0.69281296 0.71171253 0.11608395
vn -0.71648328 -0.69745703 0.01433214
vn 0.00000000 0.00000000 -1.00000000
vn 0.00000000 0.00000000 -1.00000000
vn 0.99748756 -0.01342238 -0.06955871
vn 0.01345389 0.99982913 0.01267673
vn -0.99699230 0.01341572 0.07633074
vn -0.01345389 -0.99982913 0.01267673
vn 0.00000000 0.00000000 -1.00000000
vn 0.00000000 0.00000000 -1.00000000
vn 0.71388818 0.69493084 -0.08622530
vn -0.69748363 0.71651061 0.01136411
vn -0.71349994 -0.69455291 0.09227183
vn 0.69748363 -0.71651061 0.01136411
vn 0.00000000 0.00000000 -1.00000000
vn 0.00000000 0.00000000 -1.00000000
vn 0.01341336 0.99681670 -0.07859104
vn -0.99980678 0.01345359 0.01433214
vn -0.01340486 -0.99618502 0.08623059
vn 0.99980678 -0.01345359 0.01433214
vn 0.00000000 0.00000000 -1.00000000
vn 0.00000000 0.00000000 -1.00000000
vn -0.69430035 0.71324049 -0.09609908
vn -0.71649930 -0.69747262 0.01267673
vn 0.69383143 -0.71275878 0.10282447
vn 0.71649930 0.69747262 0.01267673
vn 0.00000000 0.00000000 -1.00000000
vn 0.00000000 0.00000000 -1.00000000
vn -0.99796182 0.01342877 -0.06238487
vn -0.01345411 -0.99984491 0.01136411
vn 0.99756320 -0.01342340 0.06846512
vn 0.01345411 0.99984491 0.01136411
vn 0.00000000 0.00000000 -1.00000000
vn 0.00000000 0.00000000 -1.00000000
vn -0.71232575 -0.69340990 -0.10851145
vn 0.69745703 -0.71648328 0.01433214
vn 0.71171253 0.69281296 0.11608395
vn -0.69745703 0.71648328 0.01433214
vn 0.00000000 0.00000000 -1.00000000
vn 0.00000000 0.00000000 -1.00000000
vn -0.01342238 -0.99748756 -0.06955871
vn 0.99982913 -0.01345389 0.01267673
vn 0.01341572 0.99699230 0.07633074
vn -0.99982913 0.01345389 0.01267673
vn 0.00000000 0.00000000 -1.00000000
vn 0.00000000 0.00000000 -1.00000000
vn 0.90084832 -0.43388628 -0.01466281
vn 0.43391108 0.90089983 0.01003303
vn -0.90076384 0.43384558 0.02006302
vn -0.43391108 -0.90089983 0.01003303
vn 0.00000000 0.00000000 -1.00000000
vn 0.00000000 0.00000000 -1.00000000
vn 0.91657449 -0.37704498 -0.13314761
vn 0.38037308 0.92466492 0.01763836
vn -0.91538724 0.37655659 0.14237742
vn -0.38037308 -0.92466492 0.01763836
vn 0.00000000 0.00000000 -1.00000000
vn 0.00000000 0.00000000 -1.00000000
vn 0.91956489 0.38352267 -0.08550300
vn -0.38488548 0.92283247 0.01560124
vn -0.91887528 -0.38323506 0.09380353
vn 0.38488548 -0.92283247 0.01560124
vn 0.00000000 0.00000000 -1.00000000
vn 0.00000000 0.00000000 -1.00000000
vn 0.37829223 0.91960648 -0.10591933
vn -0.92471833 0.38039506 0.01398591
vn -0.37798192 -0.91885214 0.11331555
vn 0.92471833 -0.38039506 0.01398591
vn 0.00000000 0.00000000 -1.00000000
vn 0.00000000 0.00000000 -1.00000000
vn -0.38313314 0.91863091 -0.09657255
vn -0.92280122 -0.38487245 0.01763836
vn 0.38276671 -0.91775234 0.10592581
vn 0.92280122 0.38487245 0.01763836
vn 0.00000000 0.00000000 -1.00000000
vn 0.00000000 0.00000000 -1.00000000
vn -0.91834837 0.37777469 -0.11799385
vn -0.38038596 -0.92469623 0.01560124
vn 0.91741380 -0.37739024 0.12620828
vn 0.38038596 0.92469623 0.01560124
vn 0.00000000 0.00000000 -1.00000000
vn 0.00000000 0.00000000 -1.00000000
vn -0.92022576 -0.38379830 -0.07670341
vn 0.38489468 -0.92285453 0.01398591
vn 0.91967027 0.38356662 0.08416200
vn -0.38489468 0.92285453 0.01398591
vn 0.00000000 0.00000000 -1.00000000
vn 0.00000000 0.00000000 -1.00000000
vn -0.37704498 -0.91657449 -0.13314761
vn 0.92466492 -0.38037308 0.01763836
vn 0.37655659 0.91538724 0.14237742
vn -0.92466492 0.38037308 0.01763836
vn 0.00000000 0.00000000 -1.00000000
vn 0.00000000 0.00000000 -1.00000000
vn 0.38352267 -0.91956489 -0.08550300
vn 0.92283247 0.38488548 0.01560124
vn -0.38323506 0.91887528 0.09380353
vn -0.92283247 -0.38488548 0.01560124
vn 0.00000000 0.00000000 -1.00000000
vn 0.00000000 0.00000000 -1.00000000
vn 0.99902683 -0.04024623 -0.01804526
vn 0.04024971 0.99911335 0.01234783
vn -0.99888493 0.04024051 0.02469001
vn -0.04024971 -0.99911335 0.01234783
vn 0.00000000 0.00000000 -1.00000000
vn 0.00000000 0.00000000 -1.00000000
vn 0.24491075 -0.96012777 -0.13480874
vn 0.96881831 0.24712754 0.01786239
vn -0.24458556 0.95885294 0.14414902
vn -0.96881831 -0.24712754 0.01786239
vn 0.00000000 0.00000000 -1.00000000
vn 0.00000000 0.00000000 -1.00000000
vn 0.85671150 -0.50847723 -0.08658126
vn 0.51033016 0.85983342 0.01579941
vn -0.85605274 0.50808624 0.09498465
vn -0.51033016 -0.85983342 0.01579941
vn 0.00000000 0.00000000 -1.00000000
vn 0.00000000 0.00000000 -1.00000000
vn 0.96338398 0.24574135 -0.10724969
vn -0.24714218 0.96887571 0.01416357
vn -0.96257378 -0.24553468 0.11473643
vn 0.24714218 -0.96887571 0.01416357
vn 0.00000000 0.00000000 -1.00000000
vn 0.00000000 0.00000000 -1.00000000
vn 0.50794769 0.85581930 -0.09778789
vn -0.85980356 0.51031243 0.01786239
vn -0.50744961 -0.85498011 0.10725625
vn 0.85980356 -0.51031243 0.01786239
vn 0.00000000 0.00000000 -1.00000000
vn 0.00000000 0.00000000 -1.00000000
vn -0.24539667 0.96203273 -0.11947174
vn -0.96885196 -0.24713613 0.01579941
vn 0.24514065 -0.96102906 0.12778578
vn 0.96885196 0.24713613 0.01579941
vn 0.00000000 0.00000000 -1.00000000
vn 0.00000000 0.00000000 -1.00000000
vn -0.85734284 0.50885194 -0.07767211
vn -0.51034267 -0.85985450 0.01416357
vn 0.85681216 -0.50853698 0.08522359
vn 0.51034267 0.85985450 0.01416357
vn 0.00000000 0.00000000 -1.00000000
vn 0.00000000 0.00000000 -1.00000000
vn -0.96012777 -0.24491075 -0.13480874
vn 0.24712754 -0.96881831 0.01786239
vn 0.95885294 0.24458556 0.14414902
vn -0.24712754 0.96881831 0.01786239
vn 0.00000000 0.00000000 -1.00000000
vn 0.00000000 0.00000000 -1.00000000
vn -0.50847723 -0.85671150 -0.08658126
vn 0.85983342 -0.51033016 0.01579941
vn 0.50808624 0.85605274 0.09498465
vn -0.85983342 0.51033016 0.01579941
vn 0.00000000 0.00000000 -1.00000000
vn 0.00000000 0.00000000 -1.00000000
vn 0.56434634 -0.82533584 -0.01827446
vn 0.82540915 0.56439647 0.01250469
vn -0.56426414 0.82521561 0.02500351
vn -0.82540915 -0.56439647 0.01250469
vn 0.00000000 0.00000000 -1.00000000
vn 0.00000000 0.00000000 -1.00000000
vn 0.97939511 0.17209007 -0.10568933
vn -0.17304249 0.98481549 0.01395521
vn -0.97859520 -0.17194952 0.11306989
vn 0.17304249 -0.98481549 0.01395521
vn 0.00000000 0.00000000 -1.00000000
vn 0.00000000 0.00000000 -1.00000000
vn 0.57274757 0.81692831 -0.06773746
vn -0.81874659 0.57402236 0.01234331
vn -0.57247788 -0.81654364 0.07433408
vn 0.81874659 -0.57402236 0.01234331
vn 0.00000000 0.00000000 -1.00000000
vn 0.00000000 0.00000000 -1.00000000
vn -0.17244810 0.98143269 -0.08397332
vn -0.98485110 -0.17304875 0.01106521
vn 0.17235915 -0.98092645 0.08986446
vn 0.98485110 0.17304875 0.01106521
vn 0.00000000 0.00000000 -1.00000000
vn 0.00000000 0.00000000 -1.00000000
vn -0.81640725 0.57238226 -0.07653595
vn -0.57401019 -0.81872923 0.01395521
vn 0.81591658 -0.57203824 0.08397848
vn 0.57401019 0.81872923 0.01395521
vn 0.00000000 0.00000000 -1.00000000
vn 0.00000000 0.00000000 -1.00000000
vn -0.98058812 -0.17229970 -0.09359360
vn 0.17304616 -0.98483637 0.01234331
vn 0.97995989 0.17218931 0.10014713
vn -0.17304616 0.98483637 0.01234331
vn 0.00000000 0.00000000 -1.00000000
vn 0.00000000 0.00000000 -1.00000000
vn -0.57300580 -0.81729664 -0.06074996
vn 0.81875884 -0.57403095 0.01106521
vn 0.57278876 0.81698706 0.06667224
vn -0.81875884 0.57403095 0.01106521
vn 0.00000000 0.00000000 -1.00000000
vn 0.00000000 0.00000000 -1.00000000
vn 0.17209007 -0.97939511 -0.10568933
vn 0.98481549 0.17304249 0.01395521
vn -0.17194952 0.97859520 0.11306989
vn -0.98481549 -0.17304249 0.01395521
vn 0.00000000 0.00000000 -1.00000000
vn 0.00000000 0.00000000 -1.00000000
vn 0.81692831 -0.57274757 -0.06773746
vn 0.57402236 0.81874659 0.01234331
vn -0.81654364 0.57247788 0.07433408
vn -0.57402236 -0.81874659 0.01234331
vn 0.00000000 0.00000000 -1.00000000
vn 0.00000000 0.00000000 -1.00000000
vn 0.86576897 0.50024019 -0.01427718
vn -0.50026731 0.86581590 0.00976913
vn -0.86569198 -0.50019571 0.01953546
vn 0.50026731 -0.86581590 0.00976913
vn 0.00000000 0.00000000 -1.00000000
vn 0.00000000 0.00000000 -1.00000000
vn 0.98742451 0.03942669 -0.15309595
vn -0.03988877 0.99899710 0.02033912
vn -0.98573459 -0.03935922 0.16364037
vn 0.03988877 -0.99899710 0.02033912
vn 0.00000000 0.00000000 -1.00000000
vn 0.00000000 0.00000000 -1.00000000
vn 0.67503487 0.73118350 -0.09848152
vn -0.73463633 0.67822254 0.01799028
vn -0.67436354 -0.73045634 0.10801553
vn 0.73463633 -0.67822254 0.01799028
vn 0.00000000 0.00000000 -1.00000000
vn 0.00000000 0.00000000 -1.00000000
vn -0.03959940 0.99174985 -0.12191848
vn -0.99907384 -0.03989184 0.01612773
vn 0.03955638 -0.99067243 0.13039716
vn 0.99907384 0.03989184 0.01612773
vn 0.00000000 0.00000000 -1.00000000
vn 0.00000000 0.00000000 -1.00000000
vn -0.73019878 0.67412576 -0.11119445
vn -0.67819200 -0.73460325 0.02033912
vn 0.72927338 -0.67327142 0.12192591
vn 0.67819200 0.73460325 0.02033912
vn 0.00000000 0.00000000 -1.00000000
vn 0.00000000 0.00000000 -1.00000000
vn -0.98995339 -0.03952767 -0.13575657
vn 0.03989057 -0.99904209 0.01799028
vn 0.98862045 0.03947445 0.14515980
vn -0.03989057 0.99904209 0.01799028
vn 0.00000000 0.00000000 -1.00000000
vn 0.00000000 0.00000000 -1.00000000
vn -0.67567868 -0.73188087 -0.08836698
vn 0.73465968 -0.67824410 0.01612773
vn 0.67513749 0.73129467 0.09694059
vn -0.73465968 0.67824410 0.01612773
vn 0.00000000 0.00000000 -1.00000000
vn 0.00000000 0.00000000 -1.00000000
vn 0.03942669 -0.98742451 -0.15309595
vn 0.99899710 0.03988877 0.02033912
vn -0.03935922 0.98573459 0.16364037
vn -0.99899710 -0.03988877 0.02033912
vn 0.00000000 0.00000000 -1.00000000
vn 0.00000000 0.00000000 -1.00000000
vn 0.73118350 -0.67503487 -0.09848152
vn 0.67822254 0.73463633 0.01799028
vn -0.73045634 0.67436354 0.10801553
vn -0.67822254 -0.73463633 0.01799028
vn 0.00000000 0.00000000 -1.00000000
vn 0.00000000 0.00000000 -1.00000000
vn 0.92474392 0.38002067 -0.02080828
vn -0.38006444 0.92485041 0.01423889
vn -0.92456927 -0.37994891 0.02846912
vn 0.38006444 -0.92485041 0.01423889
vn 0.00000000 0.00000000 -1.00000000
vn 0.00000000 0.00000000 -1.00000000
usemtl grass_mid
f 4//1 3//1 5//1
f 3//2 2//2 5//2
f 2//3 1//3 5//3
f 1//4 4//4 5//4
f 4//5 2//5 3//5
f 4//6 1//6 2//6
f 19//19 18//19 20//19
f 18//20 17//20 20//20
f 17//21 16//21 20//21
f 16//22 19//22 20//22
f 19//23 17//23 18//23
f 19//24 16//24 17//24
f 34//37 33//37 35//37
f 33//38 32//38 35//38
f 32//39 31//39 35//39
f 31//40 34//40 35//40
f 34//41 32//41 33//41
f 34//42 31//42 32//42
f 49//55 48//55 50//55
f 48//56 47//56 50//56
f 47//57 46//57 50//57
f 46//58 49//58 50//58
f 49//59 47//59 48//59
f 49//60 46//60 47//60
f 64//73 63//73 65//73
f 63//74 62//74 65//74
f 62//75 61//75 65//75
f 61//76 64//76 65//76
f 64//77 62//77 63//77
f 64//78 61//78 62//78
f 79//91 78//91 80//91
f 78//92 77//92 80//92
f 77//93 76//93 80//93
f 76//94 79//94 80//94
f 79//95 77//95 78//95
f 79//96 76//96 77//96
f 94//109 93//109 95//109
f 93//110 92//110 95//110
f 92//111 91//111 95//111
f 91//112 94//112 95//112
f 94//113 92//113 93//113
f 94//114 91//114 92//114
f 109//127 108//127 110//127
f 108//128 107//128 110//128
f 107//129 106//129 110//129
f 106//130 109//130 110//130
f 109//131 107//131 108//131
f 109//132 106//132 107//132
f 124//145 123//145 125//145
f 123//146 122//146 125//146
f 122//147 121//147 125//147
f 121//148 124//148 125//148
f 124//149 122//149 123//149
f 124//150 121//150 122//150
f 139//163 138//163 140//163
f 138//164 137//164 140//164
f 137//165 136//165 140//165
f 136//166 139//166 140//166
f 139//167 137//167 138//167
f 139//168 136//168 137//168
f 154//181 153//181 155//181
f 153//182 152//182 155//182
f 152//183 151//183 155//183
f 151//184 154//184 155//184
f 154//185 152//185 153//185
f 154//186 151//186 152//186
f 169//199 168//199 170//199
f 168//200 167//200 170//200
f 167//201 166//201 170//201
f 166//202 169//202 170//202
f 169//203 167//203 168//203
f 169//204 166//204 167//204
f 184//217 183//217 185//217
f 183//218 182//218 185//218
f 182//219 181//219 185//219
f 181//220 184//220 185//220
f 184//221 182//221 183//221
f 184//222 181//222 182//222
f 199//235 198//235 200//235
f 198//236 197//236 200//236
f 197//237 196//237 200//237
f 196//238 199//238 200//238
f 199//239 197//239 198//239
f 199//240 196//240 197//240
f 214//253 213//253 215//253
f 213//254 212//254 215//254
f 212//255 211//255 215//255
f 211//256 214//256 215//256
f 214//257 212//257 213//257
f 214//258 211//258 212//258
f 229//271 228//271 230//271
f 228//272 227//272 230//272
f 227//273 226//273 230//273
f 226//274 229//274 230//274
f 229//275 227//275 228//275
f 229//276 226//276 227//276
f 244//289 243//289 245//289
f 243//290 242//290 245//290
f 242//291 241//291 245//291
f 241//292 244//292 245//292
f 244//293 242//293 243//293
f 244//294 241//294 242//294
f 259//307 258//307 260//307
f 258//308 257//308 260//308
f 257//309 256//309 260//309
f 256//310 259//310 260//310
f 259//311 257//311 258//311
f 259//312 256//312 257//312
f 274//325 273//325 275//325
f 273//326 272//326 275//326
f 272//327 271//327 275//327
f 271//328 274//328 275//328
f 274//329 272//329 273//329
f 274//330 271//330 272//330
f 289//343 288//343 290//343
f 288//344 287//344 290//344
f 287//345 286//345 290//345
f 286//346 289//346 290//346
f 289//347 287//347 288//347
f 289//348 286//348 287//348
f 304//361 303//361 305//361
f 303//362 302//362 305//362
f 302//363 301//363 305//363
f 301//364 304//364 305//364
f 304//365 302//365 303//365
f 304//366 301//366 302//366
f 319//379 318//379 320//379
f 318//380 317//380 320//380
f 317//381 316//381 320//381
f 316//382 319//382 320//382
f 319//383 317//383 318//383
f 319//384 316//384 317//384
f 334//397 333//397 335//397
f 333//398 332//398 335//398
f 332//399 331//399 335//399
f 331//400 334//400 335//400
f 334//401 332//401 333//401
f 334//402 331//402 332//402
f 349//415 348//415 350//415
f 348//416 347//416 350//416
f 347//417 346//417 350//417
f 346//418 349//418 350//418
f 349//419 347//419 348//419
f 349//420 346//420 347//420
f 364//433 363//433 365//433
f 363//434 362//434 365//434
f 362//435 361//435 365//435
f 361//436 364//436 365//436
f 364//437 362//437 363//437
f 364//438 361//438 362//438
f 379//451 378//451 380//451
f 378//452 377//452 380//452
f 377//453 376//453 380//453
f 376//454 379//454 380//454
f 379//455 377//455 378//455
f 379//456 376//456 377//456
f 394//469 393//469 395//469
f 393//470 392//470 395//470
f 392//471 391//471 395//471
f 391//472 394//472 395//472
f 394//473 392//473 393//473
f 394//474 391//474 392//474
f 409//487 408//487 410//487
f 408//488 407//488 410//488
f 407//489 406//489 410//489
f 406//490 409//490 410//490
f 409//491 407//491 408//491
f 409//492 406//492 407//492
f 424//505 423//505 425//505
f 423//506 422//506 425//506
f 422//507 421//507 425//507
f 421//508 424//508 425//508
f 424//509 422//509 423//509
f 424//510 421//510 422//510
f 439//523 438//523 440//523
f 438//524 437//524 440//524
f 437//525 436//525 440//525
f 436//526 439//526 440//526
f 439//527 437//527 438//527
f 439//528 436//528 437//528
f 454//541 453//541 455//541
f 453//542 452//542 455//542
f 452//543 451//543 455//543
f 451//544 454//544 455//544
f 454//545 452//545 453//545
f 454//546 451//546 452//546
f 469//559 468//559 470//559
f 468//560 467//560 470//560
f 467//561 466//561 470//561
f 466//562 469//562 470//562
f 469//563 467//563 468//563
f 469//564 466//564 467//564
f 484//577 483//577 485//577
f 483//578 482//578 485//578
f 482//579 481//579 485//579
f 481//580 484//580 485//580
f 484//581 482//581 483//581
f 484//582 481//582 482//582
f 499//595 498//595 500//595
f 498//596 497//596 500//596
f 497//597 496//597 500//597
f 496//598 499//598 500//598
f 499//599 497//599 498//599
f 499//600 496//600 497//600
f 514//613 513//613 515//613
f 513//614 512//614 515//614
f 512//615 511//615 515//615
f 511//616 514//616 515//616
f 514//617 512//617 513//617
f 514//618 511//618 512//618
f 529//631 528//631 530//631
f 528//632 527//632 530//632
f 527//633 526//633 530//633
f 526//634 529//634 530//634
f 529//635 527//635 528//635
f 529//636 526//636 527//636
f 544//649 543//649 545//649
f 543//650 542//650 545//650
f 542//651 541//651 545//651
f 541//652 544//652 545//652
f 544//653 542//653 543//653
f 544//654 541//654 542//654
f 559//667 558//667 560//667
f 558//668 557//668 560//668
f 557//669 556//669 560//669
f 556//670 559//670 560//670
f 559//671 557//671 558//671
f 559//672 556//672 557//672
f 574//685 573//685 575//685
f 573//686 572//686 575//686
f 572//687 571//687 575//687
f 571//688 574//688 575//688
f 574//689 572//689 573//689
f 574//690 571//690 572//690
f 589//703 588//703 590//703
f 588//704 587//704 590//704
f 587//705 586//705 590//705
f 586//706 589//706 590//706
f 589//707 587//707 588//707
f 589//708 586//708 587//708
f 604//721 603//721 605//721
f 603//722 602//722 605//722
f 602//723 601//723 605//723
f 601//724 604//724 605//724
f 604//725 602//725 603//725
f 604//726 601//726 602//726
f 619//739 618//739 620//739
f 618//740 617//740 620//740
f 617//741 616//741 620//741
f 616//742 619//742 620//742
f 619//743 617//743 618//743
f 619//744 616//744 617//744
f 634//757 633//757 635//757
f 633//758 632//758 635//758
f 632//759 631//759 635//759
f 631//760 634//760 635//760
f 634//761 632//761 633//761
f 634//762 631//762 632//762
f 649//775 648//775 650//775
f 648//776 647//776 650//776
f 647//777 646//777 650//777
f 646//778 649//778 650//778
f 649//779 647//779 648//779
f 649//780 646//780 647//780
f 664//793 663//793 665//793
f 663//794 662//794 665//794
f 662//795 661//795 665//795
f 661//796 664//796 665//796
f 664//797 662//797 663//797
f 664//798 661//798 662//798
f 679//811 678//811 680//811
f 678//812 677//812 680//812
f 677//813 676//813 680//813
f 676//814 679//814 680//814
f 679//815 677//815 678//815
f 679//816 676//816 677//816
f 694//829 693//829 695//829
f 693//830 692//830 695//830
f 692//831 691//831 695//831
f 691//832 694//832 695//832
f 694//833 692//833 693//833
f 694//834 691//834 692//834
f 709//847 708//847 710//847
f 708//848 707//848 710//848
f 707//849 706//849 710//849
f 706//850 709//850 710//850
f 709//851 707//851 708//851
f 709//852 706//852 707//852
f 724//865 723//865 725//865
f 723//866 722//866 725//866
f 722//867 721//867 725//867
f 721//868 724//868 725//868
f 724//869 722//869 723//869
f 724//870 721//870 722//870
f 739//883 738//883 740//883
f 738//884 737//884 740//884
f 737//885 736//885 740//885
f 736//886 739//886 740//886
f 739//887 737//887 738//887
f 739//888 736//888 737//888
f 754//901 753//901 755//901
f 753//902 752//902 755//902
f 752//903 751//903 755//903
f 751//904 754//904 755//904
f 754//905 752//905 753//905
f 754//906 751//906 752//906
f 769//919 768//919 770//919
f 768//920 767//920 770//920
f 767//921 766//921 770//921
f 766//922 769//922 770//922
f 769//923 767//923 768//923
f 769//924 766//924 767//924
f 784//937 783//937 785//937
f 783//938 782//938 785//938
f 782//939 781//939 785//939
f 781//940 784//940 785//940
f 784//941 782//941 783//941
f 784//942 781//942 782//942
f 799//955 798//955 800//955
f 798//956 797//956 800//956
f 797//957 796//957 800//957
f 796//958 799//958 800//958
f 799//959 797//959 798//959
f 799//960 796//960 797//960
f 814//973 813//973 815//973
f 813//974 812//974 815//974
f 812//975 811//975 815//975
f 811//976 814//976 815//976
f 814//977 812//977 813//977
f 814//978 811//978 812//978
f 829//991 828//991 830//991
f 828//992 827//992 830//992
f 827//993 826//993 830//993
f 826//994 829//994 830//994
f 829//995 827//995 828//995
f 829//996 826//996 827//996
f 844//1009 843//1009 845//1009
f 843//1010 842//1010 845//1010
f 842//1011 841//1011 845//1011
f 841//1012 844//1012 845//1012
f 844//1013 842//1013 843//1013
f 844//1014 841//1014 842//1014
f 859//1027 858//1027 860//1027
f 858//1028 857//1028 860//1028
f 857//1029 856//1029 860//1029
f 856//1030 859//1030 860//1030
f 859//1031 857//1031 858//1031
f 859//1032 856//1032 857//1032
f 874//1045 873//1045 875//1045
f 873//1046 872//1046 875//1046
f 872//1047 871//1047 875//1047
f 871//1048 874//1048 875//1048
f 874//1049 872//1049 873//1049
f 874//1050 871//1050 872//1050
f 889//1063 888//1063 890//1063
f 888//1064 887//1064 890//1064
f 887//1065 886//1065 890//1065
f 886//1066 889//1066 890//1066
f 889//1067 887//1067 888//1067
f 889//1068 886//1068 887//1068
f 904//1081 903//1081 905//1081
f 903//1082 902//1082 905//1082
f 902//1083 901//1083 905//1083
f 901//1084 904//1084 905//1084
f 904//1085 902//1085 903//1085
f 904//1086 901//1086 902//1086
f 919//1099 918//1099 920//1099
f 918//1100 917//1100 920//1100
f 917//1101 916//1101 920//1101
f 916//1102 919//1102 920//1102
f 919//1103 917//1103 918//1103
f 919//1104 916//1104 917//1104
f 934//1117 933//1117 935//1117
f 933//1118 932//1118 935//1118
f 932//1119 931//1119 935//1119
f 931//1120 934//1120 935//1120
f 934//1121 932//1121 933//1121
f 934//1122 931//1122 932//1122
f 949//1135 948//1135 950//1135
f 948//1136 947//1136 950//1136
f 947//1137 946//1137 950//1137
f 946//1138 949//1138 950//1138
f 949//1139 947//1139 948//1139
f 949//1140 946//1140 947//1140
f 964//1153 963//1153 965//1153
f 963//1154 962//1154 965//1154
f 962//1155 961//1155 965//1155
f 961//1156 964//1156 965//1156
f 964//1157 962//1157 963//1157
f 964//1158 961//1158 962//1158
f 979//1171 978//1171 980//1171
f 978//1172 977//1172 980//1172
f 977//1173 976//1173 980//1173
f 976//1174 979//1174 980//1174
f 979//1175 977//1175 978//1175
f 979//1176 976//1176 977//1176
f 994//1189 993//1189 995//1189
f 993//1190 992//1190 995//1190
f 992//1191 991//1191 995//1191
f 991//1192 994//1192 995//1192
f 994//1193 992//1193 993//1193
f 994//1194 991//1194 992//1194
f 1009//1207 1008//1207 1010//1207
f 1008//1208 1007//1208 1010//1208
f 1007//1209 1006//1209 1010//1209
f 1006//1210 1009//1210 1010//1210
f 1009//1211 1007//1211 1008//1211
f 1009//1212 1006//1212 1007//1212
f 1024//1225 1023//1225 1025//1225
f 1023//1226 1022//1226 1025//1226
f 1022//1227 1021//1227 1025//1227
f 1021//1228 1024//1228 1025//1228
f 1024//1229 1022//1229 1023//1229
f 1024//1230 1021//1230 1022//1230
f 1039//1243 1038//1243 1040//1243
f 1038//1244 1037//1244 1040//1244
f 1037//1245 1036//1245 1040//1245
f 1036//1246 1039//1246 1040//1246
f 1039//1247 1037//1247 1038//1247
f 1039//1248 1036//1248 1037//1248
f 1054//1261 1053//1261 1055//1261
f 1053//1262 1052//1262 1055//1262
f 1052//1263 1051//1263 1055//1263
f 1051//1264 1054//1264 1055//1264
f 1054//1265 1052//1265 1053//1265
f 1054//1266 1051//1266 1052//1266
f 1069//1279 1068//1279 1070//1279
f 1068//1280 1067//1280 1070//1280
f 1067//1281 1066//1281 1070//1281
f 1066//1282 1069//1282 1070//1282
f 1069//1283 1067//1283 1068//1283
f 1069//1284 1066//1284 1067//1284
f 1084//1297 1083//1297 1085//1297
f 1083//1298 1082//1298 1085//1298
f 1082//1299 1081//1299 1085//1299
f 1081//1300 1084//1300 1085//1300
f 1084//1301 1082//1301 1083//1301
f 1084//1302 1081//1302 1082//1302
f 1099//1315 1098//1315 1100//1315
f 1098//1316 1097//1316 1100//1316
f 1097//1317 1096//1317 1100//1317
f 1096//1318 1099//1318 1100//1318
f 1099//1319 1097//1319 1098//1319
f 1099//1320 1096//1320 1097//1320
f 1114//1333 1113//1333 1115//1333
f 1113//1334 1112//1334 1115//1334
f 1112//1335 1111//1335 1115//1335
f 1111//1336 1114//1336 1115//1336
f 1114//1337 1112//1337 1113//1337
f 1114//1338 1111//1338 1112//1338
f 1129//1351 1128//1351 1130//1351
f 1128//1352 1127//1352 1130//1352
f 1127//1353 1126//1353 1130//1353
f 1126//1354 1129//1354 1130//1354
f 1129//1355 1127//1355 1128//1355
f 1129//1356 1126//1356 1127//1356
f 1144//1369 1143//1369 1145//1369
f 1143//1370 1142//1370 1145//1370
f 1142//1371 1141//1371 1145//1371
f 1141//1372 1144//1372 1145//1372
f 1144//1373 1142//1373 1143//1373
f 1144//1374 1141//1374 1142//1374
f 1159//1387 1158//1387 1160//1387
f 1158//1388 1157//1388 1160//1388
f 1157//1389 1156//1389 1160//1389
f 1156//1390 1159//1390 1160//1390
f 1159//1391 1157//1391 1158//1391
f 1159//1392 1156//1392 1157//1392
f 1174//1405 1173//1405 1175//1405
f 1173//1406 1172//1406 1175//1406
f 1172//1407 1171//1407 1175//1407
f 1171//1408 1174//1408 1175//1408
f 1174//1409 1172//1409 1173//1409
f 1174//1410 1171//1410 1172//1410
f 1189//1423 1188//1423 1190//1423
f 1188//1424 1187//1424 1190//1424
f 1187//1425 1186//1425 1190//1425
f 1186//1426 1189//1426 1190//1426
f 1189//1427 1187//1427 1188//1427
f 1189//1428 1186//1428 1187//1428
f 1204//1441 1203//1441 1205//1441
f 1203//1442 1202//1442 1205//1442
f 1202//1443 1201//1443 1205//1443
f 1201//1444 1204//1444 1205//1444
f 1204//1445 1202//1445 1203//1445
f 1204//1446 1201//1446 1202//1446
f 1219//1459 1218//1459 1220//1459
f 1218//1460 1217//1460 1220//1460
f 1217//1461 1216//1461 1220//1461
f 1216//1462 1219//1462 1220//1462
f 1219//1463 1217//1463 1218//1463
f 1219//1464 1216//1464 1217//1464
f 1234//1477 1233//1477 1235//1477
f 1233//1478 1232//1478 1235//1478
f 1232//1479 1231//1479 1235//1479
f 1231//1480 1234//1480 1235//1480
f 1234//1481 1232//1481 1233//1481
f 1234//1482 1231//1482 1232//1482
f 1249//1495 1248//1495 1250//1495
f 1248//1496 1247//1496 1250//1496
f 1247//1497 1246//1497 1250//1497
f 1246//1498 1249//1498 1250//1498
f 1249//1499 1247//1499 1248//1499
f 1249//1500 1246//1500 1247//1500
f 1264//1513 1263//1513 1265//1513
f 1263//1514 1262//1514 1265//1514
f 1262//1515 1261//1515 1265//1515
f 1261//1516 1264//1516 1265//1516
f 1264//1517 1262//1517 1263//1517
f 1264//1518 1261//1518 1262//1518
f 1279//1531 1278//1531 1280//1531
f 1278//1532 1277//1532 1280//1532
f 1277//1533 1276//1533 1280//1533
f 1276//1534 1279//1534 1280//1534
f 1279//1535 1277//1535 1278//1535
f 1279//1536 1276//1536 1277//1536
f 1294//1549 1293//1549 1295//1549
f 1293//1550 1292//1550 1295//1550
f 1292//1551 1291//1551 1295//1551
f 1291//1552 1294//1552 1295//1552
f 1294//1553 1292//1553 1293//1553
f 1294//1554 1291//1554 1292//1554
f 1309//1567 1308//1567 1310//1567
f 1308//1568 1307//1568 1310//1568
f 1307//1569 1306//1569 1310//1569
f 1306//1570 1309//1570 1310//1570
f 1309//1571 1307//1571 1308//1571
f 1309//1572 1306//1572 1307//1572
f 1324//1585 1323//1585 1325//1585
f 1323//1586 1322//1586 1325//1586
f 1322//1587 1321//1587 1325//1587
f 1321//1588 1324//1588 1325//1588
f 1324//1589 1322//1589 1323//1589
f 1324//1590 1321//1590 1322//1590
f 1339//1603 1338//1603 1340//1603
f 1338//1604 1337//1604 1340//1604
f 1337//1605 1336//1605 1340//1605
f 1336//1606 1339//1606 1340//1606
f 1339//1607 1337//1607 1338//1607
f 1339//1608 1336//1608 1337//1608
f 1354//1621 1353//1621 1355//1621
f 1353//1622 1352//1622 1355//1622
f 1352//1623 1351//1623 1355//1623
f 1351//1624 1354//1624 1355//1624
f 1354//1625 1352//1625 1353//1625
f 1354//1626 1351//1626 1352//1626
f 1369//1639 1368//1639 1370//1639
f 1368//1640 1367//1640 1370//1640
f 1367//1641 1366//1641 1370//1641
f 1366//1642 1369//1642 1370//1642
f 1369//1643 1367//1643 1368//1643
f 1369//1644 1366//1644 1367//1644
f 1384//1657 1383//1657 1385//1657
f 1383//1658 1382//1658 1385//1658
f 1382//1659 1381//1659 1385//1659
f 1381//1660 1384//1660 1385//1660
f 1384//1661 1382//1661 1383//1661
f 1384//1662 1381//1662 1382//1662
f 1399//1675 1398//1675 1400//1675
f 1398//1676 1397//1676 1400//1676
f 1397//1677 1396//1677 1400//1677
f 1396//1678 1399//1678 1400//1678
f 1399//1679 1397//1679 1398//1679
f 1399//1680 1396//1680 1397//1680
f 1414//1693 1413//1693 1415//1693
f 1413//1694 1412//1694 1415//1694
f 1412//1695 1411//1695 1415//1695
f 1411//1696 1414//1696 1415//1696
f 1414//1697 1412//1697 1413//1697
f 1414//1698 1411//1698 1412//1698
f 1429//1711 1428//1711 1430//1711
f 1428//1712 1427//1712 1430//1712
f 1427//1713 1426//1713 1430//1713
f 1426//1714 1429//1714 1430//1714
f 1429//1715 1427//1715 1428//1715
f 1429//1716 1426//1716 1427//1716
f 1444//1729 1443//1729 1445//1729
f 1443//1730 1442//1730 1445//1730
f 1442//1731 1441//1731 1445//1731
f 1441//1732 1444//1732 1445//1732
f 1444//1733 1442//1733 1443//1733
f 1444//1734 1441//1734 1442//1734
f 1459//1747 1458//1747 1460//1747
f 1458//1748 1457//1748 1460//1748
f 1457//1749 1456//1749 1460//1749
f 1456//1750 1459//1750 1460//1750
f 1459//1751 1457//1751 1458//1751
f 1459//1752 1456//1752 1457//1752
f 1474//1765 1473//1765 1475//1765
f 1473//1766 1472//1766 1475//1766
f 1472//1767 1471//1767 1475//1767
f 1471//1768 1474//1768 1475//1768
f 1474//1769 1472//1769 1473//1769
f 1474//1770 1471//1770 1472//1770
f 1489//1783 1488//1783 1490//1783
f 1488//1784 1487//1784 1490//1784
f 1487//1785 1486//1785 1490//1785
f 1486//1786 1489//1786 1490//1786
f 1489//1787 1487//1787 1488//1787
f 1489//1788 1486//1788 1487//1788
f 1504//1801 1503//1801 1505//1801
f 1503//1802 1502//1802 1505//1802
f 1502//1803 1501//1803 1505//1803
f 1501//1804 1504//1804 1505//1804
f 1504//1805 1502//1805 1503//1805
f 1504//1806 1501//1806 1502//1806
f 1519//1819 1518//1819 1520//1819
f 1518//1820 1517//1820 1520//1820
f 1517//1821 1516//1821 1520//1821
f 1516//1822 1519//1822 1520//1822
f 1519//1823 1517//1823 1518//1823
f 1519//1824 1516//1824 1517//1824
f 1534//1837 1533//1837 1535//1837
f 1533//1838 1532//1838 1535//1838
f 1532//1839 1531//1839 1535//1839
f 1531//1840 1534//1840 1535//1840
f 1534//1841 1532//1841 1533//1841
f 1534//1842 1531//1842 1532//1842
f 1549//1855 1548//1855 1550//1855
f 1548//1856 1547//1856 1550//1856
f 1547//1857 1546//1857 1550//1857
f 1546//1858 1549//1858 1550//1858
f 1549//1859 1547//1859 1548//1859
f 1549//1860 1546//1860 1547//1860
f 1564//1873 1563//1873 1565//1873
f 1563//1874 1562//1874 1565//1874
f 1562//1875 1561//1875 1565//1875
f 1561//1876 1564//1876 1565//1876
f 1564//1877 1562//1877 1563//1877
f 1564//1878 1561//1878 1562//1878
f 1579//1891 1578//1891 1580//1891
f 1578//1892 1577//1892 1580//1892
f 1577//1893 1576//1893 1580//1893
f 1576//1894 1579//1894 1580//1894
f 1579//1895 1577//1895 1578//1895
f 1579//1896 1576//1896 1577//1896
f 1594//1909 1593//1909 1595//1909
f 1593//1910 1592//1910 1595//1910
f 1592//1911 1591//1911 1595//1911
f 1591//1912 1594//1912 1595//1912
f 1594//1913 1592//1913 1593//1913
f 1594//1914 1591//1914 1592//1914
f 1609//1927 1608//1927 1610//1927
f 1608//1928 1607//1928 1610//1928
f 1607//1929 1606//1929 1610//1929
f 1606//1930 1609//1930 1610//1930
f 1609//1931 1607//1931 1608//1931
f 1609//1932 1606//1932 1607//1932
f 1624//1945 1623//1945 1625//1945
f 1623//1946 1622//1946 1625//1946
f 1622//1947 1621//1947 1625//1947
f 1621//1948 1624//1948 1625//1948
f 1624//1949 1622//1949 1623//1949
f 1624//1950 1621//1950 1622//1950
f 1639//1963 1638//1963 1640//1963
f 1638//1964 1637//1964 1640//1964
f 1637//1965 1636//1965 1640//1965
f 1636//1966 1639//1966 1640//1966
f 1639//1967 1637//1967 1638//1967
f 1639//1968 1636//1968 1637//1968
f 1654//1981 1653//1981 1655//1981
f 1653//1982 1652//1982 1655//1982
f 1652//1983 1651//1983 1655//1983
f 1651//1984 1654//1984 1655//1984
f 1654//1985 1652//1985 1653//1985
f 1654//1986 1651//1986 1652//1986
f 1669//1999 1668//1999 1670//1999
f 1668//2000 1667//2000 1670//2000
f 1667//2001 1666//2001 1670//2001
f 1666//2002 1669//2002 1670//2002
f 1669//2003 1667//2003 1668//2003
f 1669//2004 1666//2004 1667//2004
f 1684//2017 1683//2017 1685//2017
f 1683//2018 1682//2018 1685//2018
f 1682//2019 1681//2019 1685//2019
f 1681//2020 1684//2020 1685//2020
f 1684//2021 1682//2021 1683//2021
f 1684//2022 1681//2022 1682//2022
f 1699//2035 1698//2035 1700//2035
f 1698//2036 1697//2036 1700//2036
f 1697//2037 1696//2037 1700//2037
f 1696//2038 1699//2038 1700//2038
f 1699//2039 1697//2039 1698//2039
f 1699//2040 1696//2040 1697//2040
f 1714//2053 1713//2053 1715//2053
f 1713//2054 1712//2054 1715//2054
f 1712//2055 1711//2055 1715//2055
f 1711//2056 1714//2056 1715//2056
f 1714//2057 1712//2057 1713//2057
f 1714//2058 1711//2058 1712//2058
f 1729//2071 1728//2071 1730//2071
f 1728//2072 1727//2072 1730//2072
f 1727//2073 1726//2073 1730//2073
f 1726//2074 1729//2074 1730//2074
f 1729//2075 1727//2075 1728//2075
f 1729//2076 1726//2076 1727//2076
f 1744//2089 1743//2089 1745//2089
f 1743//2090 1742//2090 1745//2090
f 1742//2091 1741//2091 1745//2091
f 1741//2092 1744//2092 1745//2092
f 1744//2093 1742//2093 1743//2093
f 1744//2094 1741//2094 1742//2094
f 1759//2107 1758//2107 1760//2107
f 1758//2108 1757//2108 1760//2108
f 1757//2109 1756//2109 1760//2109
f 1756//2110 1759//2110 1760//2110
f 1759//2111 1757//2111 1758//2111
f 1759//2112 1756//2112 1757//2112
f 1774//2125 1773//2125 1775//2125
f 1773//2126 1772//2126 1775//2126
f 1772//2127 1771//2127 1775//2127
f 1771//2128 1774//2128 1775//2128
f 1774//2129 1772//2129 1773//2129
f 1774//2130 1771//2130 1772//2130
f 1789//2143 1788//2143 1790//2143
f 1788//2144 1787//2144 1790//2144
f 1787//2145 1786//2145 1790//2145
f 1786//2146 1789//2146 1790//2146
f 1789//2147 1787//2147 1788//2147
f 1789//2148 1786//2148 1787//2148
f 1804//2161 1803//2161 1805//2161
f 1803//2162 1802//2162 1805//2162
f 1802//2163 1801//2163 1805//2163
f 1801//2164 1804//2164 1805//2164
f 1804//2165 1802//2165 1803//2165
f 1804//2166 1801//2166 1802//2166
f 1819//2179 1818//2179 1820//2179
f 1818//2180 1817//2180 1820//2180
f 1817//2181 1816//2181 1820//2181
f 1816//2182 1819//2182 1820//2182
f 1819//2183 1817//2183 1818//2183
f 1819//2184 1816//2184 1817//2184
f 1834//2197 1833//2197 1835//2197
f 1833//2198 1832//2198 1835//2198
f 1832//2199 1831//2199 1835//2199
f 1831//2200 1834//2200 1835//2200
f 1834//2201 1832//2201 1833//2201
f 1834//2202 1831//2202 1832//2202
f 1849//2215 1848//2215 1850//2215
f 1848//2216 1847//2216 1850//2216
f 1847//2217 1846//2217 1850//2217
f 1846//2218 1849//2218 1850//2218
f 1849//2219 1847//2219 1848//2219
f 1849//2220 1846//2220 1847//2220
f 1864//2233 1863//2233 1865//2233
f 1863//2234 1862//2234 1865//2234
f 1862//2235 1861//2235 1865//2235
f 1861//2236 1864//2236 1865//2236
f 1864//2237 1862//2237 1863//2237
f 1864//2238 1861//2238 1862//2238
f 1879//2251 1878//2251 1880//2251
f 1878//2252 1877//2252 1880//2252
f 1877//2253 1876//2253 1880//2253
f 1876//2254 1879//2254 1880//2254
f 1879//2255 1877//2255 1878//2255
f 1879//2256 1876//2256 1877//2256
f 1894//2269 1893//2269 1895//2269
f 1893//2270 1892//2270 1895//2270
f 1892//2271 1891//2271 1895//2271
f 1891//2272 1894//2272 1895//2272
f 1894//2273 1892//2273 1893//2273
f 1894//2274 1891//2274 1892//2274
f 1909//2287 1908//2287 1910//2287
f 1908//2288 1907//2288 1910//2288
f 1907//2289 1906//2289 1910//2289
f 1906//2290 1909//2290 1910//2290
f 1909//2291 1907//2291 1908//2291
f 1909//2292 1906//2292 1907//2292
f 1924//2305 1923//2305 1925//2305
f 1923//2306 1922//2306 1925//2306
f 1922//2307 1921//2307 1925//2307
f 1921//2308 1924//2308 1925//2308
f 1924//2309 1922//2309 1923//2309
f 1924//2310 1921//2310 1922//2310
f 1939//2323 1938//2323 1940//2323
f 1938//2324 1937//2324 1940//2324
f 1937//2325 1936//2325 1940//2325
f 1936//2326 1939//2326 1940//2326
f 1939//2327 1937//2327 1938//2327
f 1939//2328 1936//2328 1937//2328
f 1954//2341 1953//2341 1955//2341
f 1953//2342 1952//2342 1955//2342
f 1952//2343 1951//2343 1955//2343
f 1951//2344 1954//2344 1955//2344
f 1954//2345 1952//2345 1953//2345
f 1954//2346 1951//2346 1952//2346
f 1969//2359 1968//2359 1970//2359
f 1968//2360 1967//2360 1970//2360
f 1967//2361 1966//2361 1970//2361
f 1966//2362 1969//2362 1970//2362
f 1969//2363 1967//2363 1968//2363
f 1969//2364 1966//2364 1967//2364
f 1984//2377 1983//2377 1985//2377
f 1983//2378 1982//2378 1985//2378
f 1982//2379 1981//2379 1985//2379
f 1981//2380 1984//2380 1985//2380
f 1984//2381 1982//2381 1983//2381
f 1984//2382 1981//2382 1982//2382
f 1999//2395 1998//2395 2000//2395
f 1998//2396 1997//2396 2000//2396
f 1997//2397 1996//2397 2000//2397
f 1996//2398 1999//2398 2000//2398
f 1999//2399 1997//2399 1998//2399
f 1999//2400 1996//2400 1997//2400
f 2014//2413 2013//2413 2015//2413
f 2013//2414 2012//2414 2015//2414
f 2012//2415 2011//2415 2015//2415
f 2011//2416 2014//2416 2015//2416
f 2014//2417 2012//2417 2013//2417
f 2014//2418 2011//2418 2012//2418
f 2029//2431 2028//2431 2030//2431
f 2028//2432 2027//2432 2030//2432
f 2027//2433 2026//2433 2030//2433
f 2026//2434 2029//2434 2030//2434
f 2029//2435 2027//2435 2028//2435
f 2029//2436 2026//2436 2027//2436
f 2044//2449 2043//2449 2045//2449
f 2043//2450 2042//2450 2045//2450
f 2042//2451 2041//2451 2045//2451
f 2041//2452 2044//2452 2045//2452
f 2044//2453 2042//2453 2043//2453
f 2044//2454 2041//2454 2042//2454
f 2059//2467 2058//2467 2060//2467
f 2058//2468 2057//2468 2060//2468
f 2057//2469 2056//2469 2060//2469
f 2056//2470 2059//2470 2060//2470
f 2059//2471 2057//2471 2058//2471
f 2059//2472 2056//2472 2057//2472
f 2074//2485 2073//2485 2075//2485
f 2073//2486 2072//2486 2075//2486
f 2072//2487 2071//2487 2075//2487
f 2071//2488 2074//2488 2075//2488
f 2074//2489 2072//2489 2073//2489
f 2074//2490 2071//2490 2072//2490
f 2089//2503 2088//2503 2090//2503
f 2088//2504 2087//2504 2090//2504
f 2087//2505 2086//2505 2090//2505
f 2086//2506 2089//2506 2090//2506
f 2089//2507 2087//2507 2088//2507
f 2089//2508 2086//2508 2087//2508
f 2104//2521 2103//2521 2105//2521
f 2103//2522 2102//2522 2105//2522
f 2102//2523 2101//2523 2105//2523
f 2101//2524 2104//2524 2105//2524
f 2104//2525 2102//2525 2103//2525
f 2104//2526 2101//2526 2102//2526
f 2119//2539 2118//2539 2120//2539
f 2118//2540 2117//2540 2120//2540
f 2117//2541 2116//2541 2120//2541
f 2116//2542 2119//2542 2120//2542
f 2119//2543 2117//2543 2118//2543
f 2119//2544 2116//2544 2117//2544
f 2134//2557 2133//2557 2135//2557
f 2133//2558 2132//2558 2135//2558
f 2132//2559 2131//2559 2135//2559
f 2131//2560 2134//2560 2135//2560
f 2134//2561 2132//2561 2133//2561
f 2134//2562 2131//2562 2132//2562
f 2149//2575 2148//2575 2150//2575
f 2148//2576 2147//2576 2150//2576
f 2147//2577 2146//2577 2150//2577
f 2146//2578 2149//2578 2150//2578
f 2149//2579 2147//2579 2148//2579
f 2149//2580 2146//2580 2147//2580
f 2164//2593 2163//2593 2165//2593
f 2163//2594 2162//2594 2165//2594
f 2162//2595 2161//2595 2165//2595
f 2161//2596 2164//2596 2165//2596
f 2164//2597 2162//2597 2163//2597
f 2164//2598 2161//2598 2162//2598
f 2179//2611 2178//2611 2180//2611
f 2178//2612 2177//2612 2180//2612
f 2177//2613 2176//2613 2180//2613
f 2176//2614 2179//2614 2180//2614
f 2179//2615 2177//2615 2178//2615
f 2179//2616 2176//2616 2177//2616
f 2194//2629 2193//2629 2195//2629
f 2193//2630 2192//2630 2195//2630
f 2192//2631 2191//2631 2195//2631
f 2191//2632 2194//2632 2195//2632
f 2194//2633 2192//2633 2193//2633
f 2194//2634 2191//2634 2192//2634
f 2209//2647 2208//2647 2210//2647
f 2208//2648 2207//2648 2210//2648
f 2207//2649 2206//2649 2210//2649
f 2206//2650 2209//2650 2210//2650
f 2209//2651 2207//2651 2208//2651
f 2209//2652 2206//2652 2207//2652
f 2224//2665 2223//2665 2225//2665
f 2223//2666 2222//2666 2225//2666
f 2222//2667 2221//2667 2225//2667
f 2221//2668 2224//2668 2225//2668
f 2224//2669 2222//2669 2223//2669
f 2224//2670 2221//2670 2222//2670
f 2239//2683 2238//2683 2240//2683
f 2238//2684 2237//2684 2240//2684
f 2237//2685 2236//2685 2240//2685
f 2236//2686 2239//2686 2240//2686
f 2239//2687 2237//2687 2238//2687
f 2239//2688 2236//2688 2237//2688
f 2254//2701 2253//2701 2255//2701
f 2253//2702 2252//2702 2255//2702
f 2252//2703 2251//2703 2255//2703
f 2251//2704 2254//2704 2255//2704
f 2254//2705 2252//2705 2253//2705
f 2254//2706 2251//2706 2252//2706
f 2269//2719 2268//2719 2270//2719
f 2268//2720 2267//2720 2270//2720
f 2267//2721 2266//2721 2270//2721
f 2266//2722 2269//2722 2270//2722
f 2269//2723 2267//2723 2268//2723
f 2269//2724 2266//2724 2267//2724
f 2284//2737 2283//2737 2285//2737
f 2283//2738 2282//2738 2285//2738
f 2282//2739 2281//2739 2285//2739
f 2281//2740 2284//2740 2285//2740
f 2284//2741 2282//2741 2283//2741
f 2284//2742 2281//2742 2282//2742
usemtl grass_dark
f 9//7 8//7 10//7
f 8//8 7//8 10//8
f 7//9 6//9 10//9
f 6//10 9//10 10//10
f 9//11 7//11 8//11
f 9//12 6//12 7//12
f 24//25 23//25 25//25
f 23//26 22//26 25//26
f 22//27 21//27 25//27
f 21//28 24//28 25//28
f 24//29 22//29 23//29
f 24//30 21//30 22//30
f 39//43 38//43 40//43
f 38//44 37//44 40//44
f 37//45 36//45 40//45
f 36//46 39//46 40//46
f 39//47 37//47 38//47
f 39//48 36//48 37//48
f 54//61 53//61 55//61
f 53//62 52//62 55//62
f 52//63 51//63 55//63
f 51//64 54//64 55//64
f 54//65 52//65 53//65
f 54//66 51//66 52//66
f 69//79 68//79 70//79
f 68//80 67//80 70//80
f 67//81 66//81 70//81
f 66//82 69//82 70//82
f 69//83 67//83 68//83
f 69//84 66//84 67//84
f 84//97 83//97 85//97
f 83//98 82//98 85//98
f 82//99 81//99 85//99
f 81//100 84//100 85//100
f 84//101 82//101 83//101
f 84//102 81//102 82//102
f 99//115 98//115 100//115
f 98//116 97//116 100//116
f 97//117 96//117 100//117
f 96//118 99//118 100//118
f 99//119 97//119 98//119
f 99//120 96//120 97//120
f 114//133 113//133 115//133
f 113//134 112//134 115//134
f 112//135 111//135 115//135
f 111//136 114//136 115//136
f 114//137 112//137 113//137
f 114//138 111//138 112//138
f 129//151 128//151 130//151
f 128//152 127//152 130//152
f 127//153 126//153 130//153
f 126//154 129//154 130//154
f 129//155 127//155 128//155
f 129//156 126//156 127//156
f 144//169 143//169 145//169
f 143//170 142//170 145//170
f 142//171 141//171 145//171
f 141//172 144//172 145//172
f 144//173 142//173 143//173
f 144//174 141//174 142//174
f 159//187 158//187 160//187
f 158//188 157//188 160//188
f 157//189 156//189 160//189
f 156//190 159//190 160//190
f 159//191 157//191 158//191
f 159//192 156//192 157//192
f 174//205 173//205 175//205
f 173//206 172//206 175//206
f 172//207 171//207 175//207
f 171//208 174//208 175//208
f 174//209 172//209 173//209
f 174//210 171//210 172//210
f 189//223 188//223 190//223
f 188//224 187//224 190//224
f 187//225 186//225 190//225
f 186//226 189//226 190//226
f 189//227 187//227 188//227
f 189//228 186//228 187//228
f 204//241 203//241 205//241
f 203//242 202//242 205//242
f 202//243 201//243 205//243
f 201//244 204//244 205//244
f 204//245 202//245 203//245
f 204//246 201//246 202//246
f 219//259 218//259 220//259
f 218//260 217//260 220//260
f 217//261 216//261 220//261
f 216//262 219//262 220//262
f 219//263 217//263 218//263
f 219//264 216//264 217//264
f 234//277 233//277 235//277
f 233//278 232//278 235//278
f 232//279 231//279 235//279
f 231//280 234//280 235//280
f 234//281 232//281 233//281
f 234//282 231//282 232//282
f 249//295 248//295 250//295
f 248//296 247//296 250//296
f 247//297 246//297 250//297
f 246//298 249//298 250//298
f 249//299 247//299 248//299
f 249//300 246//300 247//300
f 264//313 263//313 265//313
f 263//314 262//314 265//314
f 262//315 261//315 265//315
f 261//316 264//316 265//316
f 264//317 262//317 263//317
f 264//318 261//318 262//318
f 279//331 278//331 280//331
f 278//332 277//332 280//332
f 277//333 276//333 280//333
f 276//334 279//334 280//334
f 279//335 277//335 278//335
f 279//336 276//336 277//336
f 294//349 293//349 295//349
f 293//350 292//350 295//350
f 292//351 291//351 295//351
f 291//352 294//352 295//352
f 294//353 292//353 293//353
f 294//354 291//354 292//354
f 309//367 308//367 310//367
f 308//368 307//368 310//368
f 307//369 306//369 310//369
f 306//370 309//370 310//370
f 309//371 307//371 308//371
f 309//372 306//372 307//372
f 324//385 323//385 325//385
f 323//386 322//386 325//386
f 322//387 321//387 325//387
f 321//388 324//388 325//388
f 324//389 322//389 323//389
f 324//390 321//390 322//390
f 339//403 338//403 340//403
f 338//404 337//404 340//404
f 337//405 336//405 340//405
f 336//406 339//406 340//406
f 339//407 337//407 338//407
f 339//408 336//408 337//408
f 354//421 353//421 355//421
f 353//422 352//422 355//422
f 352//423 351//423 355//423
f 351//424 354//424 355//424
f 354//425 352//425 353//425
f 354//426 351//426 352//426
f 369//439 368//439 370//439
f 368//440 367//440 370//440
f 367//441 366//441 370//441
f 366//442 369//442 370//442
f 369//443 367//443 368//443
f 369//444 366//444 367//444
f 384//457 383//457 385//457
f 383//458 382//458 385//458
f 382//459 381//459 385//459
f 381//460 384//460 385//460
f 384//461 382//461 383//461
f 384//462 381//462 382//462
f 399//475 398//475 400//475
f 398//476 397//476 400//476
f 397//477 396//477 400//477
f 396//478 399//478 400//478
f 399//479 397//479 398//479
f 399//480 396//480 397//480
f 414//493 413//493 415//493
f 413//494 412//494 415//494
f 412//495 411//495 415//495
f 411//496 414//496 415//496
f 414//497 412//497 413//497
f 414//498 411//498 412//498
f 429//511 428//511 430//511
f 428//512 427//512 430//512
f 427//513 426//513 430//513
f 426//514 429//514 430//514
f 429//515 427//515 428//515
f 429//516 426//516 427//516
f 444//529 443//529 445//529
f 443//530 442//530 445//530
f 442//531 441//531 445//531
f 441//532 444//532 445//532
f 444//533 442//533 443//533
f 444//534 441//534 442//534
f 459//547 458//547 460//547
f 458//548 457//548 460//548
f 457//549 456//549 460//549
f 456//550 459//550 460//550
f 459//551 457//551 458//551
f 459//552 456//552 457//552
f 474//565 473//565 475//565
f 473//566 472//566 475//566
f 472//567 471//567 475//567
f 471//568 474//568 475//568
f 474//569 472//569 473//569
f 474//570 471//570 472//570
f 489//583 488//583 490//583
f 488//584 487//584 490//584
f 487//585 486//585 490//585
f 486//586 489//586 490//586
f 489//587 487//587 488//587
f 489//588 486//588 487//588
f 504//601 503//601 505//601
f 503//602 502//602 505//602
f 502//603 501//603 505//603
f 501//604 504//604 505//604
f 504//605 502//605 503//605
f 504//606 501//606 502//606
f 519//619 518//619 520//619
f 518//620 517//620 520//620
f 517//621 516//621 520//621
f 516//622 519//622 520//622
f 519//623 517//623 518//623
f 519//624 516//624 517//624
f 534//637 533//637 535//637
f 533//638 532//638 535//638
f 532//639 531//639 535//639
f 531//640 534//640 535//640
f 534//641 532//641 533//641
f 534//642 531//642 532//642
f 549//655 548//655 550//655
f 548//656 547//656 550//656
f 547//657 546//657 550//657
f 546//658 549//658 550//658
f 549//659 547//659 548//659
f 549//660 546//660 547//660
f 564//673 563//673 565//673
f 563//674 562//674 565//674
f 562//675 561//675 565//675
f 561//676 564//676 565//676
f 564//677 562//677 563//677
f 564//678 561//678 562//678
f 579//691 578//691 580//691
f 578//692 577//692 580//692
f 577//693 576//693 580//693
f 576//694 579//694 580//694
f 579//695 577//695 578//695
f 579//696 576//696 577//696
f 594//709 593//709 595//709
f 593//710 592//710 595//710
f 592//711 591//711 595//711
f 591//712 594//712 595//712
f 594//713 592//713 593//713
f 594//714 591//714 592//714
f 609//727 608//727 610//727
f 608//728 607//728 610//728
f 607//729 606//729 610//729
f 606//730 609//730 610//730
f 609//731 607//731 608//731
f 609//732 606//732 607//732
f 624//745 623//745 625//745
f 623//746 622//746 625//746
f 622//747 621//747 625//747
f 621//748 624//748 625//748
f 624//749 622//749 623//749
f 624//750 621//750 622//750
f 639//763 638//763 640//763
f 638//764 637//764 640//764
f 637//765 636//765 640//765
f 636//766 639//766 640//766
f 639//767 637//767 638//767
f 639//768 636//768 637//768
f 654//781 653//781 655//781
f 653//782 652//782 655//782
f 652//783 651//783 655//783
f 651//784 654//784 655//784
f 654//785 652//785 653//785
f 654//786 651//786 652//786
f 669//799 668//799 670//799
f 668//800 667//800 670//800
f 667//801 666//801 670//801
f 666//802 669//802 670//802
f 669//803 667//803 668//803
f 669//804 666//804 667//804
f 684//817 683//817 685//817
f 683//818 682//818 685//818
f 682//819 681//819 685//819
f 681//820 684//820 685//820
f 684//821 682//821 683//821
f 684//822 681//822 682//822
f 699//835 698//835 700//835
f 698//836 697//836 700//836
f 697//837 696//837 700//837
f 696//838 699//838 700//838
f 699//839 697//839 698//839
f 699//840 696//840 697//840
f 714//853 713//853 715//853
f 713//854 712//854 715//854
f 712//855 711//855 715//855
f 711//856 714//856 715//856
f 714//857 712//857 713//857
f 714//858 711//858 712//858
f 729//871 728//871 730//871
f 728//872 727//872 730//872
f 727//873 726//873 730//873
f 726//874 729//874 730//874
f 729//875 727//875 728//875
f 729//876 726//876 727//876
f 744//889 743//889 745//889
f 743//890 742//890 745//890
f 742//891 741//891 745//891
f 741//892 744//892 745//892
f 744//893 742//893 743//893
f 744//894 741//894 742//894
f 759//907 758//907 760//907
f 758//908 757//908 760//908
f 757//909 756//909 760//909
f 756//910 759//910 760//910
f 759//911 757//911 758//911
f 759//912 756//912 757//912
f 774//925 773//925 775//925
f 773//926 772//926 775//926
f 772//927 771//927 775//927
f 771//928 774//928 775//928
f 774//929 772//929 773//929
f 774//930 771//930 772//930
f 789//943 788//943 790//943
f 788//944 787//944 790//944
f 787//945 786//945 790//945
f 786//946 789//946 790//946
f 789//947 787//947 788//947
f 789//948 786//948 787//948
f 804//961 803//961 805//961
f 803//962 802//962 805//962
f 802//963 801//963 805//963
f 801//964 804//964 805//964
f 804//965 802//965 803//965
f 804//966 801//966 802//966
f 819//979 818//979 820//979
f 818//980 817//980 820//980
f 817//981 816//981 820//981
f 816//982 819//982 820//982
f 819//983 817//983 818//983
f 819//984 816//984 817//984
f 834//997 833//997 835//997
f 833//998 832//998 835//998
f 832//999 831//999 835//999
f 831//1000 834//1000 835//1000
f 834//1001 832//1001 833//1001
f 834//1002 831//1002 832//1002
f 849//1015 848//1015 850//1015
f 848//1016 847//1016 850//1016
f 847//1017 846//1017 850//1017
f 846//1018 849//1018 850//1018
f 849//1019 847//1019 848//1019
f 849//1020 846//1020 847//1020
f 864//1033 863//1033 865//1033
f 863//1034 862//1034 865//1034
f 862//1035 861//1035 865//1035
f 861//1036 864//1036 865//1036
f 864//1037 862//1037 863//1037
f 864//1038 861//1038 862//1038
f 879//1051 878//1051 880//1051
f 878//1052 877//1052 880//1052
f 877//1053 876//1053 880//1053
f 876//1054 879//1054 880//1054
f 879//1055 877//1055 878//1055
f 879//1056 876//1056 877//1056
f 894//1069 893//1069 895//1069
f 893//1070 892//1070 895//1070
f 892//1071 891//1071 895//1071
f 891//1072 894//1072 895//1072
f 894//1073 892//1073 893//1073
f 894//1074 891//1074 892//1074
f 909//1087 908//1087 910//1087
f 908//1088 907//1088 910//1088
f 907//1089 906//1089 910//1089
f 906//1090 909//1090 910//1090
f 909//1091 907//1091 908//1091
f 909//1092 906//1092 907//1092
f 924//1105 923//1105 925//1105
f 923//1106 922//1106 925//1106
f 922//1107 921//1107 925//1107
f 921//1108 924//1108 925//1108
f 924//1109 922//1109 923//1109
f 924//1110 921//1110 922//1110
f 939//1123 938//1123 940//1123
f 938//1124 937//1124 940//1124
f 937//1125 936//1125 940//1125
f 936//1126 939//1126 940//1126
f 939//1127 937//1127 938//1127
f 939//1128 936//1128 937//1128
f 954//1141 953//1141 955//1141
f 953//1142 952//1142 955//1142
f 952//1143 951//1143 955//1143
f 951//1144 954//1144 955//1144
f 954//1145 952//1145 953//1145
f 954//1146 951//1146 952//1146
f 969//1159 968//1159 970//1159
f 968//1160 967//1160 970//1160
f 967//1161 966//1161 970//1161
f 966//1162 969//1162 970//1162
f 969//1163 967//1163 968//1163
f 969//1164 966//1164 967//1164
f 984//1177 983//1177 985//1177
f 983//1178 982//1178 985//1178
f 982//1179 981//1179 985//1179
f 981//1180 984//1180 985//1180
f 984//1181 982//1181 983//1181
f 984//1182 981//1182 982//1182
f 999//1195 998//1195 1000//1195
f 998//1196 997//1196 1000//1196
f 997//1197 996//1197 1000//1197
f 996//1198 999//1198 1000//1198
f 999//1199 997//1199 998//1199
f 999//1200 996//1200 997//1200
f 1014//1213 1013//1213 1015//1213
f 1013//1214 1012//1214 1015//1214
f 1012//1215 1011//1215 1015//1215
f 1011//1216 1014//1216 1015//1216
f 1014//1217 1012//1217 1013//1217
f 1014//1218 1011//1218 1012//1218
f 1029//1231 1028//1231 1030//1231
f 1028//1232 1027//1232 1030//1232
f 1027//1233 1026//1233 1030//1233
f 1026//1234 1029//1234 1030//1234
f 1029//1235 1027//1235 1028//1235
f 1029//1236 1026//1236 1027//1236
f 1044//1249 1043//1249 1045//1249
f 1043//1250 1042//1250 1045//1250
f 1042//1251 1041//1251 1045//1251
f 1041//1252 1044//1252 1045//1252
f 1044//1253 1042//1253 1043//1253
f 1044//1254 1041//1254 1042//1254
f 1059//1267 1058//1267 1060//1267
f 1058//1268 1057//1268 1060//1268
f 1057//1269 1056//1269 1060//1269
f 1056//1270 1059//1270 1060//1270
f 1059//1271 1057//1271 1058//1271
f 1059//1272 1056//1272 1057//1272
f 1074//1285 1073//1285 1075//1285
f 1073//1286 1072//1286 1075//1286
f 1072//1287 1071//1287 1075//1287
f 1071//1288 1074//1288 1075//1288
f 1074//1289 1072//1289 1073//1289
f 1074//1290 1071//1290 1072//1290
f 1089//1303 1088//1303 1090//1303
f 1088//1304 1087//1304 1090//1304
f 1087//1305 1086//1305 1090//1305
f 1086//1306 1089//1306 1090//1306
f 1089//1307 1087//1307 1088//1307
f 1089//1308 1086//1308 1087//1308
f 1104//1321 1103//1321 1105//1321
f 1103//1322 1102//1322 1105//1322
f 1102//1323 1101//1323 1105//1323
f 1101//1324 1104//1324 1105//1324
f 1104//1325 1102//1325 1103//1325
f 1104//1326 1101//1326 1102//1326
f 1119//1339 1118//1339 1120//1339
f 1118//1340 1117//1340 1120//1340
f 1117//1341 1116//1341 1120//1341
f 1116//1342 1119//1342 1120//1342
f 1119//1343 1117//1343 1118//1343
f 1119//1344 1116//1344 1117//1344
f 1134//1357 1133//1357 1135//1357
f 1133//1358 1132//1358 1135//1358
f 1132//1359 1131//1359 1135//1359
f 1131//1360 1134//1360 1135//1360
f 1134//1361 1132//1361 1133//1361
f 1134//1362 1131//1362 1132//1362
f 1149//1375 1148//1375 1150//1375
f 1148//1376 1147//1376 1150//1376
f 1147//1377 1146//1377 1150//1377
f 1146//1378 1149//1378 1150//1378
f 1149//1379 1147//1379 1148//1379
f 1149//1380 1146//1380 1147//1380
f 1164//1393 1163//1393 1165//1393
f 1163//1394 1162//1394 1165//1394
f 1162//1395 1161//1395 1165//1395
f 1161//1396 1164//1396 1165//1396
f 1164//1397 1162//1397 1163//1397
f 1164//1398 1161//1398 1162//1398
f 1179//1411 1178//1411 1180//1411
f 1178//1412 1177//1412 1180//1412
f 1177//1413 1176//1413 1180//1413
f 1176//1414 1179//1414 1180//1414
f 1179//1415 1177//1415 1178//1415
f 1179//1416 1176//1416 1177//1416
f 1194//1429 1193//1429 1195//1429
f 1193//1430 1192//1430 1195//1430
f 1192//1431 1191//1431 1195//1431
f 1191//1432 1194//1432 1195//1432
f 1194//1433 1192//1433 1193//1433
f 1194//1434 1191//1434 1192//1434
f 1209//1447 1208//1447 1210//1447
f 1208//1448 1207//1448 1210//1448
f 1207//1449 1206//1449 1210//1449
f 1206//1450 1209//1450 1210//1450
f 1209//1451 1207//1451 1208//1451
f 1209//1452 1206//1452 1207//1452
f 1224//1465 1223//1465 1225//1465
f 1223//1466 1222//1466 1225//1466
f 1222//1467 1221//1467 1225//1467
f 1221//1468 1224//1468 1225//1468
f 1224//1469 1222//1469 1223//1469
f 1224//1470 1221//1470 1222//1470
f 1239//1483 1238//1483 1240//1483
f 1238//1484 1237//1484 1240//1484
f 1237//1485 1236//1485 1240//1485
f 1236//1486 1239//1486 1240//1486
f 1239//1487 1237//1487 1238//1487
f 1239//1488 1236//1488 1237//1488
f 1254//1501 1253//1501 1255//1501
f 1253//1502 1252//1502 1255//1502
f 1252//1503 1251//1503 1255//1503
f 1251//1504 1254//1504 1255//1504
f 1254//1505 1252//1505 1253//1505
f 1254//1506 1251//1506 1252//1506
f 1269//1519 1268//1519 1270//1519
f 1268//1520 1267//1520 1270//1520
f 1267//1521 1266//1521 1270//1521
f 1266//1522 1269//1522 1270//1522
f 1269//1523 1267//1523 1268//1523
f 1269//1524 1266//1524 1267//1524
f 1284//1537 1283//1537 1285//1537
f 1283//1538 1282//1538 1285//1538
f 1282//1539 1281//1539 1285//1539
f 1281//1540 1284//1540 1285//1540
f 1284//1541 1282//1541 1283//1541
f 1284//1542 1281//1542 1282//1542
f 1299//1555 1298//1555 1300//1555
f 1298//1556 1297//1556 1300//1556
f 1297//1557 1296//1557 1300//1557
f 1296//1558 1299//1558 1300//1558
f 1299//1559 1297//1559 1298//1559
f 1299//1560 1296//1560 1297//1560
f 1314//1573 1313//1573 1315//1573
f 1313//1574 1312//1574 1315//1574
f 1312//1575 1311//1575 1315//1575
f 1311//1576 1314//1576 1315//1576
f 1314//1577 1312//1577 1313//1577
f 1314//1578 1311//1578 1312//1578
f 1329//1591 1328//1591 1330//1591
f 1328//1592 1327//1592 1330//1592
f 1327//1593 1326//1593 1330//1593
f 1326//1594 1329//1594 1330//1594
f 1329//1595 1327//1595 1328//1595
f 1329//1596 1326//1596 1327//1596
f 1344//1609 1343//1609 1345//1609
f 1343//1610 1342//1610 1345//1610
f 1342//1611 1341//1611 1345//1611
f 1341//1612 1344//1612 1345//1612
f 1344//1613 1342//1613 1343//1613
f 1344//1614 1341//1614 1342//1614
f 1359//1627 1358//1627 1360//1627
f 1358//1628 1357//1628 1360//1628
f 1357//1629 1356//1629 1360//1629
f 1356//1630 1359//1630 1360//1630
f 1359//1631 1357//1631 1358//1631
f 1359//1632 1356//1632 1357//1632
f 1374//1645 1373//1645 1375//1645
f 1373//1646 1372//1646 1375//1646
f 1372//1647 1371//1647 1375//1647
f 1371//1648 1374//1648 1375//1648
f 1374//1649 1372//1649 1373//1649
f 1374//1650 1371//1650 1372//1650
f 1389//1663 1388//1663 1390//1663
f 1388//1664 1387//1664 1390//1664
f 1387//1665 1386//1665 1390//1665
f 1386//1666 1389//1666 1390//1666
f 1389//1667 1387//1667 1388//1667
f 1389//1668 1386//1668 1387//1668
f 1404//1681 1403//1681 1405//1681
f 1403//1682 1402//1682 1405//1682
f 1402//1683 1401//1683 1405//1683
f 1401//1684 1404//1684 1405//1684
f 1404//1685 1402//1685 1403//1685
f 1404//1686 1401//1686 1402//1686
f 1419//1699 1418//1699 1420//1699
f 1418//1700 1417//1700 1420//1700
f 1417//1701 1416//1701 1420//1701
f 1416//1702 1419//1702 1420//1702
f 1419//1703 1417//1703 1418//1703
f 1419//1704 1416//1704 1417//1704
f 1434//1717 1433//1717 1435//1717
f 1433//1718 1432//1718 1435//1718
f 1432//1719 1431//1719 1435//1719
f 1431//1720 1434//1720 1435//1720
f 1434//1721 1432//1721 1433//1721
f 1434//1722 1431//1722 1432//1722
f 1449//1735 1448//1735 1450//1735
f 1448//1736 1447//1736 1450//1736
f 1447//1737 1446//1737 1450//1737
f 1446//1738 1449//1738 1450//1738
f 1449//1739 1447//1739 1448//1739
f 1449//1740 1446//1740 1447//1740
f 1464//1753 1463//1753 1465//1753
f 1463//1754 1462//1754 1465//1754
f 1462//1755 1461//1755 1465//1755
f 1461//1756 1464//1756 1465//1756
f 1464//1757 1462//1757 1463//1757
f 1464//1758 1461//1758 1462//1758
f 1479//1771 1478//1771 1480//1771
f 1478//1772 1477//1772 1480//1772
f 1477//1773 1476//1773 1480//1773
f 1476//1774 1479//1774 1480//1774
f 1479//1775 1477//1775 1478//1775
f 1479//1776 1476//1776 1477//1776
f 1494//1789 1493//1789 1495//1789
f 1493//1790 1492//1790 1495//1790
f 1492//1791 1491//1791 1495//1791
f 1491//1792 1494//1792 1495//1792
f 1494//1793 1492//1793 1493//1793
f 1494//1794 1491//1794 1492//1794
f 1509//1807 1508//1807 1510//1807
f 1508//1808 1507//1808 1510//1808
f 1507//1809 1506//1809 1510//1809
f 1506//1810 1509//1810 1510//1810
f 1509//1811 1507//1811 1508//1811
f 1509//1812 1506//1812 1507//1812
f 1524//1825 1523//1825 1525//1825
f 1523//1826 1522//1826 1525//1826
f 1522//1827 1521//1827 1525//1827
f 1521//1828 1524//1828 1525//1828
f 1524//1829 1522//1829 1523//1829
f 1524//1830 1521//1830 1522//1830
f 1539//1843 1538//1843 1540//1843
f 1538//1844 1537//1844 1540//1844
f 1537//1845 1536//1845 1540//1845
f 1536//1846 1539//1846 1540//1846
f 1539//1847 1537//1847 1538//1847
f 1539//1848 1536//1848 1537//1848
f 1554//1861 1553//1861 1555//1861
f 1553//1862 1552//1862 1555//1862
f 1552//1863 1551//1863 1555//1863
f 1551//1864 1554//1864 1555//1864
f 1554//1865 1552//1865 1553//1865
f 1554//1866 1551//1866 1552//1866
f 1569//1879 1568//1879 1570//1879
f 1568//1880 1567//1880 1570//1880
f 1567//1881 1566//1881 1570//1881
f 1566//1882 1569//1882 1570//1882
f 1569//1883 1567//1883 1568//1883
f 1569//1884 1566//1884 1567//1884
f 1584//1897 1583//1897 1585//1897
f 1583//1898 1582//1898 1585//1898
f 1582//1899 1581//1899 1585//1899
f 1581//1900 1584//1900 1585//1900
f 1584//1901 1582//1901 1583//1901
f 1584//1902 1581//1902 1582//1902
f 1599//1915 1598//1915 1600//1915
f 1598//1916 1597//1916 1600//1916
f 1597//1917 1596//1917 1600//1917
f 1596//1918 1599//1918 1600//1918
f 1599//1919 1597//1919 1598//1919
f 1599//1920 1596//1920 1597//1920
f 1614//1933 1613//1933 1615//1933
f 1613//1934 1612//1934 1615//1934
f 1612//1935 1611//1935 1615//1935
f 1611//1936 1614//1936 1615//1936
f 1614//1937 1612//1937 1613//1937
f 1614//1938 1611//1938 1612//1938
f 1629//1951 1628//1951 1630//1951
f 1628//1952 1627//1952 1630//1952
f 1627//1953 1626//1953 1630//1953
f 1626//1954 1629//1954 1630//1954
f 1629//1955 1627//1955 1628//1955
f 1629//1956 1626//1956 1627//1956
f 1644//1969 1643//1969 1645//1969
f 1643//1970 1642//1970 1645//1970
f 1642//1971 1641//1971 1645//1971
f 1641//1972 1644//1972 1645//1972
f 1644//1973 1642//1973 1643//1973
f 1644//1974 1641//1974 1642//1974
f 1659//1987 1658//1987 1660//1987
f 1658//1988 1657//1988 1660//1988
f 1657//1989 1656//1989 1660//1989
f 1656//1990 1659//1990 1660//1990
f 1659//1991 1657//1991 1658//1991
f 1659//1992 1656//1992 1657//1992
f 1674//2005 1673//2005 1675//2005
f 1673//2006 1672//2006 1675//2006
f 1672//2007 1671//2007 1675//2007
f 1671//2008 1674//2008 1675//2008
f 1674//2009 1672//2009 1673//2009
f 1674//2010 1671//2010 1672//2010
f 1689//2023 1688//2023 1690//2023
f 1688//2024 1687//2024 1690//2024
f 1687//2025 1686//2025 1690//2025
f 1686//2026 1689//2026 1690//2026
f 1689//2027 1687//2027 1688//2027
f 1689//2028 1686//2028 1687//2028
f 1704//2041 1703//2041 1705//2041
f 1703//2042 1702//2042 1705//2042
f 1702//2043 1701//2043 1705//2043
f 1701//2044 1704//2044 1705//2044
f 1704//2045 1702//2045 1703//2045
f 1704//2046 1701//2046 1702//2046
f 1719//2059 1718//2059 1720//2059
f 1718//2060 1717//2060 1720//2060
f 1717//2061 1716//2061 1720//2061
f 1716//2062 1719//2062 1720//2062
f 1719//2063 1717//2063 1718//2063
f 1719//2064 1716//2064 1717//2064
f 1734//2077 1733//2077 1735//2077
f 1733//2078 1732//2078 1735//2078
f 1732//2079 1731//2079 1735//2079
f 1731//2080 1734//2080 1735//2080
f 1734//2081 1732//2081 1733//2081
f 1734//2082 1731//2082 1732//2082
f 1749//2095 1748//2095 1750//2095
f 1748//2096 1747//2096 1750//2096
f 1747//2097 1746//2097 1750//2097
f 1746//2098 1749//2098 1750//2098
f 1749//2099 1747//2099 1748//2099
f 1749//2100 1746//2100 1747//2100
f 1764//2113 1763//2113 1765//2113
f 1763//2114 1762//2114 1765//2114
f 1762//2115 1761//2115 1765//2115
f 1761//2116 1764//2116 1765//2116
f 1764//2117 1762//2117 1763//2117
f 1764//2118 1761//2118 1762//2118
f 1779//2131 1778//2131 1780//2131
f 1778//2132 1777//2132 1780//2132
f 1777//2133 1776//2133 1780//2133
f 1776//2134 1779//2134 1780//2134
f 1779//2135 1777//2135 1778//2135
f 1779//2136 1776//2136 1777//2136
f 1794//2149 1793//2149 1795//2149
f 1793//2150 1792//2150 1795//2150
f 1792//2151 1791//2151 1795//2151
f 1791//2152 1794//2152 1795//2152
f 1794//2153 1792//2153 1793//2153
f 1794//2154 1791//2154 1792//2154
f 1809//2167 1808//2167 1810//2167
f 1808//2168 1807//2168 1810//2168
f 1807//2169 1806//2169 1810//2169
f 1806//2170 1809//2170 1810//2170
f 1809//2171 1807//2171 1808//2171
f 1809//2172 1806//2172 1807//2172
f 1824//2185 1823//2185 1825//2185
f 1823//2186 1822//2186 1825//2186
f 1822//2187 1821//2187 1825//2187
f 1821//2188 1824//2188 1825//2188
f 1824//2189 1822//2189 1823//2189
f 1824//2190 1821//2190 1822//2190
f 1839//2203 1838//2203 1840//2203
f 1838//2204 1837//2204 1840//2204
f 1837//2205 1836//2205 1840//2205
f 1836//2206 1839//2206 1840//2206
f 1839//2207 1837//2207 1838//2207
f 1839//2208 1836//2208 1837//2208
f 1854//2221 1853//2221 1855//2221
f 1853//2222 1852//2222 1855//2222
f 1852//2223 1851//2223 1855//2223
f 1851//2224 1854//2224 1855//2224
f 1854//2225 1852//2225 1853//2225
f 1854//2226 1851//2226 1852//2226
f 1869//2239 1868//2239 1870//2239
f 1868//2240 1867//2240 1870//2240
f 1867//2241 1866//2241 1870//2241
f 1866//2242 1869//2242 1870//2242
f 1869//2243 1867//2243 1868//2243
f 1869//2244 1866//2244 1867//2244
f 1884//2257 1883//2257 1885//2257
f 1883//2258 1882//2258 1885//2258
f 1882//2259 1881//2259 1885//2259
f 1881//2260 1884//2260 1885//2260
f 1884//2261 1882//2261 1883//2261
f 1884//2262 1881//2262 1882//2262
f 1899//2275 1898//2275 1900//2275
f 1898//2276 1897//2276 1900//2276
f 1897//2277 1896//2277 1900//2277
f 1896//2278 1899//2278 1900//2278
f 1899//2279 1897//2279 1898//2279
f 1899//2280 1896//2280 1897//2280
f 1914//2293 1913//2293 1915//2293
f 1913//2294 1912//2294 1915//2294
f 1912//2295 1911//2295 1915//2295
f 1911//2296 1914//2296 1915//2296
f 1914//2297 1912//2297 1913//2297
f 1914//2298 1911//2298 1912//2298
f 1929//2311 1928//2311 1930//2311
f 1928//2312 1927//2312 1930//2312
f 1927//2313 1926//2313 1930//2313
f 1926//2314 1929//2314 1930//2314
f 1929//2315 1927//2315 1928//2315
f 1929//2316 1926//2316 1927//2316
f 1944//2329 1943//2329 1945//2329
f 1943//2330 1942//2330 1945//2330
f 1942//2331 1941//2331 1945//2331
f 1941//2332 1944//2332 1945//2332
f 1944//2333 1942//2333 1943//2333
f 1944//2334 1941//2334 1942//2334
f 1959//2347 1958//2347 1960//2347
f 1958//2348 1957//2348 1960//2348
f 1957//2349 1956//2349 1960//2349
f 1956//2350 1959//2350 1960//2350
f 1959//2351 1957//2351 1958//2351
f 1959//2352 1956//2352 1957//2352
f 1974//2365 1973//2365 1975//2365
f 1973//2366 1972//2366 1975//2366
f 1972//2367 1971//2367 1975//2367
f 1971//2368 1974//2368 1975//2368
f 1974//2369 1972//2369 1973//2369
f 1974//2370 1971//2370 1972//2370
f 1989//2383 1988//2383 1990//2383
f 1988//2384 1987//2384 1990//2384
f 1987//2385 1986//2385 1990//2385
f 1986//2386 1989//2386 1990//2386
f 1989//2387 1987//2387 1988//2387
f 1989//2388 1986//2388 1987//2388
f 2004//2401 2003//2401 2005//2401
f 2003//2402 2002//2402 2005//2402
f 2002//2403 2001//2403 2005//2403
f 2001//2404 2004//2404 2005//2404
f 2004//2405 2002//2405 2003//2405
f 2004//2406 2001//2406 2002//2406
f 2019//2419 2018//2419 2020//2419
f 2018//2420 2017//2420 2020//2420
f 2017//2421 2016//2421 2020//2421
f 2016//2422 2019//2422 2020//2422
f 2019//2423 2017//2423 2018//2423
f 2019//2424 2016//2424 2017//2424
f 2034//2437 2033//2437 2035//2437
f 2033//2438 2032//2438 2035//2438
f 2032//2439 2031//2439 2035//2439
f 2031//2440 2034//2440 2035//2440
f 2034//2441 2032//2441 2033//2441
f 2034//2442 2031//2442 2032//2442
f 2049//2455 2048//2455 2050//2455
f 2048//2456 2047//2456 2050//2456
f 2047//2457 2046//2457 2050//2457
f 2046//2458 2049//2458 2050//2458
f 2049//2459 2047//2459 2048//2459
f 2049//2460 2046//2460 2047//2460
f 2064//2473 2063//2473 2065//2473
f 2063//2474 2062//2474 2065//2474
f 2062//2475 2061//2475 2065//2475
f 2061//2476 2064//2476 2065//2476
f 2064//2477 2062//2477 2063//2477
f 2064//2478 2061//2478 2062//2478
f 2079//2491 2078//2491 2080//2491
f 2078//2492 2077//2492 2080//2492
f 2077//2493 2076//2493 2080//2493
f 2076//2494 2079//2494 2080//2494
f 2079//2495 2077//2495 2078//2495
f 2079//2496 2076//2496 2077//2496
f 2094//2509 2093//2509 2095//2509
f 2093//2510 2092//2510 2095//2510
f 2092//2511 2091//2511 2095//2511
f 2091//2512 2094//2512 2095//2512
f 2094//2513 2092//2513 2093//2513
f 2094//2514 2091//2514 2092//2514
f 2109//2527 2108//2527 2110//2527
f 2108//2528 2107//2528 2110//2528
f 2107//2529 2106//2529 2110//2529
f 2106//2530 2109//2530 2110//2530
f 2109//2531 2107//2531 2108//2531
f 2109//2532 2106//2532 2107//2532
f 2124//2545 2123//2545 2125//2545
f 2123//2546 2122//2546 2125//2546
f 2122//2547 2121//2547 2125//2547
f 2121//2548 2124//2548 2125//2548
f 2124//2549 2122//2549 2123//2549
f 2124//2550 2121//2550 2122//2550
f 2139//2563 2138//2563 2140//2563
f 2138//2564 2137//2564 2140//2564
f 2137//2565 2136//2565 2140//2565
f 2136//2566 2139//2566 2140//2566
f 2139//2567 2137//2567 2138//2567
f 2139//2568 2136//2568 2137//2568
f 2154//2581 2153//2581 2155//2581
f 2153//2582 2152//2582 2155//2582
f 2152//2583 2151//2583 2155//2583
f 2151//2584 2154//2584 2155//2584
f 2154//2585 2152//2585 2153//2585
f 2154//2586 2151//2586 2152//2586
f 2169//2599 2168//2599 2170//2599
f 2168//2600 2167//2600 2170//2600
f 2167//2601 2166//2601 2170//2601
f 2166//2602 2169//2602 2170//2602
f 2169//2603 2167//2603 2168//2603
f 2169//2604 2166//2604 2167//2604
f 2184//2617 2183//2617 2185//2617
f 2183//2618 2182//2618 2185//2618
f 2182//2619 2181//2619 2185//2619
f 2181//2620 2184//2620 2185//2620
f 2184//2621 2182//2621 2183//2621
f 2184//2622 2181//2622 2182//2622
f 2199//2635 2198//2635 2200//2635
f 2198//2636 2197//2636 2200//2636
f 2197//2637 2196//2637 2200//2637
f 2196//2638 2199//2638 2200//2638
f 2199//2639 2197//2639 2198//2639
f 2199//2640 2196//2640 2197//2640
f 2214//2653 2213//2653 2215//2653
f 2213//2654 2212//2654 2215//2654
f 2212//2655 2211//2655 2215//2655
f 2211//2656 2214//2656 2215//2656
f 2214//2657 2212//2657 2213//2657
f 2214//2658 2211//2658 2212//2658
f 2229//2671 2228//2671 2230//2671
f 2228//2672 2227//2672 2230//2672
f 2227//2673 2226//2673 2230//2673
f 2226//2674 2229//2674 2230//2674
f 2229//2675 2227//2675 2228//2675
f 2229//2676 2226//2676 2227//2676
f 2244//2689 2243//2689 2245//2689
f 2243//2690 2242//2690 2245//2690
f 2242//2691 2241//2691 2245//2691
f 2241//2692 2244//2692 2245//2692
f 2244//2693 2242//2693 2243//2693
f 2244//2694 2241//2694 2242//2694
f 2259//2707 2258//2707 2260//2707
f 2258//2708 2257//2708 2260//2708
f 2257//2709 2256//2709 2260//2709
f 2256//2710 2259//2710 2260//2710
f 2259//2711 2257//2711 2258//2711
f 2259//2712 2256//2712 2257//2712
f 2274//2725 2273//2725 2275//2725
f 2273//2726 2272//2726 2275//2726
f 2272//2727 2271//2727 2275//2727
f 2271//2728 2274//2728 2275//2728
f 2274//2729 2272//2729 2273//2729
f 2274//2730 2271//2730 2272//2730
f 2289//2743 2288//2743 2290//2743
f 2288//2744 2287//2744 2290//2744
f 2287//2745 2286//2745 2290//2745
f 2286//2746 2289//2746 2290//2746
f 2289//2747 2287//2747 2288//2747
f 2289//2748 2286//2748 2287//2748
usemtl grass_light
f 14//13 13//13 15//13
f 13//14 12//14 15//14
f 12//15 11//15 15//15
f 11//16 14//16 15//16
f 14//17 12//17 13//17
f 14//18 11//18 12//18
f 29//31 28//31 30//31
f 28//32 27//32 30//32
f 27//33 26//33 30//33
f 26//34 29//34 30//34
f 29//35 27//35 28//35
f 29//36 26//36 27//36
f 44//49 43//49 45//49
f 43//50 42//50 45//50
f 42//51 41//51 45//51
f 41//52 44//52 45//52
f 44//53 42//53 43//53
f 44//54 41//54 42//54
f 59//67 58//67 60//67
f 58//68 57//68 60//68
f 57//69 56//69 60//69
f 56//70 59//70 60//70
f 59//71 57//71 58//71
f 59//72 56//72 57//72
f 74//85 73//85 75//85
f 73//86 72//86 75//86
f 72//87 71//87 75//87
f 71//88 74//88 75//88
f 74//89 72//89 73//89
f 74//90 71//90 72//90
f 89//103 88//103 90//103
f 88//104 87//104 90//104
f 87//105 86//105 90//105
f 86//106 89//106 90//106
f 89//107 87//107 88//107
f 89//108 86//108 87//108
f 104//121 103//121 105//121
f 103//122 102//122 105//122
f 102//123 101//123 105//123
f 101//124 104//124 105//124
f 104//125 102//125 103//125
f 104//126 101//126 102//126
f 119//139 118//139 120//139
f 118//140 117//140 120//140
f 117//141 116//141 120//141
f 116//142 119//142 120//142
f 119//143 117//143 118//143
f 119//144 116//144 117//144
f 134//157 133//157 135//157
f 133//158 132//158 135//158
f 132//159 131//159 135//159
f 131//160 134//160 135//160
f 134//161 132//161 133//161
f 134//162 131//162 132//162
f 149//175 148//175 150//175
f 148//176 147//176 150//176
f 147//177 146//177 150//177
f 146//178 149//178 150//178
f 149//179 147//179 148//179
f 149//180 146//180 147//180
f 164//193 163//193 165//193
f 163//194 162//194 165//194
f 162//195 161//195 165//195
f 161//196 164//196 165//196
f 164//197 162//197 163//197
f 164//198 161//198 162//198
f 179//211 178//211 180//211
f 178//212 177//212 180//212
f 177//213 176//213 180//213
f 176//214 179//214 180//214
f 179//215 177//215 178//215
f 179//216 176//216 177//216
f 194//229 193//229 195//229
f 193//230 192//230 195//230
f 192//231 191//231 195//231
f 191//232 194//232 195//232
f 194//233 192//233 193//233
f 194//234 191//234 192//234
f 209//247 208//247 210//247
f 208//248 207//248 210//248
f 207//249 206//249 210//249
f 206//250 209//250 210//250
f 209//251 207//251 208//251
f 209//252 206//252 207//252
f 224//265 223//265 225//265
f 223//266 222//266 225//266
f 222//267 221//267 225//267
f 221//268 224//268 225//268
f 224//269 222//269 223//269
f 224//270 221//270 222//270
f 239//283 238//283 240//283
f 238//284 237//284 240//284
f 237//285 236//285 240//285
f 236//286 239//286 240//286
f 239//287 237//287 238//287
f 239//288 236//288 237//288
f 254//301 253//301 255//301
f 253//302 252//302 255//302
f 252//303 251//303 255//303
f 251//304 254//304 255//304
f 254//305 252//305 253//305
f 254//306 251//306 252//306
f 269//319 268//319 270//319
f 268//320 267//320 270//320
f 267//321 266//321 270//321
f 266//322 269//322 270//322
f 269//323 267//323 268//323
f 269//324 266//324 267//324
f 284//337 283//337 285//337
f 283//338 282//338 285//338
f 282//339 281//339 285//339
f 281//340 284//340 285//340
f 284//341 282//341 283//341
f 284//342 281//342 282//342
f 299//355 298//355 300//355
f 298//356 297//356 300//356
f 297//357 296//357 300//357
f 296//358 299//358 300//358
f 299//359 297//359 298//359
f 299//360 296//360 297//360
f 314//373 313//373 315//373
f 313//374 312//374 315//374
f 312//375 311//375 315//375
f 311//376 314//376 315//376
f 314//377 312//377 313//377
f 314//378 311//378 312//378
f 329//391 328//391 330//391
f 328//392 327//392 330//392
f 327//393 326//393 330//393
f 326//394 329//394 330//394
f 329//395 327//395 328//395
f 329//396 326//396 327//396
f 344//409 343//409 345//409
f 343//410 342//410 345//410
f 342//411 341//411 345//411
f 341//412 344//412 345//412
f 344//413 342//413 343//413
f 344//414 341//414 342//414
f 359//427 358//427 360//427
f 358//428 357//428 360//428
f 357//429 356//429 360//429
f 356//430 359//430 360//430
f 359//431 357//431 358//431
f 359//432 356//432 357//432
f 374//445 373//445 375//445
f 373//446 372//446 375//446
f 372//447 371//447 375//447
f 371//448 374//448 375//448
f 374//449 372//449 373//449
f 374//450 371//450 372//450
f 389//463 388//463 390//463
f 388//464 387//464 390//464
f 387//465 386//465 390//465
f 386//466 389//466 390//466
f 389//467 387//467 388//467
f 389//468 386//468 387//468
f 404//481 403//481 405//481
f 403//482 402//482 405//482
f 402//483 401//483 405//483
f 401//484 404//484 405//484
f 404//485 402//485 403//485
f 404//486 401//486 402//486
f 419//499 418//499 420//499
f 418//500 417//500 420//500
f 417//501 416//501 420//501
f 416//502 419//502 420//502
f 419//503 417//503 418//503
f 419//504 416//504 417//504
f 434//517 433//517 435//517
f 433//518 432//518 435//518
f 432//519 431//519 435//519
f 431//520 434//520 435//520
f 434//521 432//521 433//521
f 434//522 431//522 432//522
f 449//535 448//535 450//535
f 448//536 447//536 450//536
f 447//537 446//537 450//537
f 446//538 449//538 450//538
f 449//539 447//539 448//539
f 449//540 446//540 447//540
f 464//553 463//553 465//553
f 463//554 462//554 465//554
f 462//555 461//555 465//555
f 461//556 464//556 465//556
f 464//557 462//557 463//557
f 464//558 461//558 462//558
f 479//571 478//571 480//571
f 478//572 477//572 480//572
f 477//573 476//573 480//573
f 476//574 479//574 480//574
f 479//575 477//575 478//575
f 479//576 476//576 477//576
f 494//589 493//589 495//589
f 493//590 492//590 495//590
f 492//591 491//591 495//591
f 491//592 494//592 495//592
f 494//593 492//593 493//593
f 494//594 491//594 492//594
f 509//607 508//607 510//607
f 508//608 507//608 510//608
f 507//609 506//609 510//609
f 506//610 509//610 510//610
f 509//611 507//611 508//611
f 509//612 506//612 507//612
f 524//625 523//625 525//625
f 523//626 522//626 525//626
f 522//627 521//627 525//627
f 521//628 524//628 525//628
f 524//629 522//629 523//629
f 524//630 521//630 522//630
f 539//643 538//643 540//643
f 538//644 537//644 540//644
f 537//645 536//645 540//645
f 536//646 539//646 540//646
f 539//647 537//647 538//647
f 539//648 536//648 537//648
f 554//661 553//661 555//661
f 553//662 552//662 555//662
f 552//663 551//663 555//663
f 551//664 554//664 555//664
f 554//665 552//665 553//665
f 554//666 551//666 552//666
f 569//679 568//679 570//679
f 568//680 567//680 570//680
f 567//681 566//681 570//681
f 566//682 569//682 570//682
f 569//683 567//683 568//683
f 569//684 566//684 567//684
f 584//697 583//697 585//697
f 583//698 582//698 585//698
f 582//699 581//699 585//699
f 581//700 584//700 585//700
f 584//701 582//701 583//701
f 584//702 581//702 582//702
f 599//715 598//715 600//715
f 598//716 597//716 600//716
f 597//717 596//717 600//717
f 596//718 599//718 600//718
f 599//719 597//719 598//719
f 599//720 596//720 597//720
f 614//733 613//733 615//733
f 613//734 612//734 615//734
f 612//735 611//735 615//735
f 611//736 614//736 615//736
f 614//737 612//737 613//737
f 614//738 611//738 612//738
f 629//751 628//751 630//751
f 628//752 627//752 630//752
f 627//753 626//753 630//753
f 626//754 629//754 630//754
f 629//755 627//755 628//755
f 629//756 626//756 627//756
f 644//769 643//769 645//769
f 643//770 642//770 645//770
f 642//771 641//771 645//771
f 641//772 644//772 645//772
f 644//773 642//773 643//773
f 644//774 641//774 642//774
f 659//787 658//787 660//787
f 658//788 657//788 660//788
f 657//789 656//789 660//789
f 656//790 659//790 660//790
f 659//791 657//791 658//791
f 659//792 656//792 657//792
f 674//805 673//805 675//805
f 673//806 672//806 675//806
f 672//807 671//807 675//807
f 671//808 674//808 675//808
f 674//809 672//809 673//809
f 674//810 671//810 672//810
f 689//823 688//823 690//823
f 688//824 687//824 690//824
f 687//825 686//825 690//825
f 686//826 689//826 690//826
f 689//827 687//827 688//827
f 689//828 686//828 687//828
f 704//841 703//841 705//841
f 703//842 702//842 705//842
f 702//843 701//843 705//843
f 701//844 704//844 705//844
f 704//845 702//845 703//845
f 704//846 701//846 702//846
f 719//859 718//859 720//859
f 718//860 717//860 720//860
f 717//861 716//861 720//861
f 716//862 719//862 720//862
f 719//863 717//863 718//863
f 719//864 716//864 717//864
f 734//877 733//877 735//877
f 733//878 732//878 735//878
f 732//879 731//879 735//879
f 731//880 734//880 735//880
f 734//881 732//881 733//881
f 734//882 731//882 732//882
f 749//895 748//895 750//895
f 748//896 747//896 750//896
f 747//897 746//897 750//897
f 746//898 749//898 750//898
f 749//899 747//899 748//899
f 749//900 746//900 747//900
f 764//913 763//913 765//913
f 763//914 762//914 765//914
f 762//915 761//915 765//915
f 761//916 764//916 765//916
f 764//917 762//917 763//917
f 764//918 761//918 762//918
f 779//931 778//931 780//931
f 778//932 777//932 780//932
f 777//933 776//933 780//933
f 776//934 779//934 780//934
f 779//935 777//935 778//935
f 779//936 776//936 777//936
f 794//949 793//949 795//949
f 793//950 792//950 795//950
f 792//951 791//951 795//951
f 791//952 794//952 795//952
f 794//953 792//953 793//953
f 794//954 791//954 792//954
f 809//967 808//967 810//967
f 808//968 807//968 810//968
f 807//969 806//969 810//969
f 806//970 809//970 810//970
f 809//971 807//971 808//971
f 809//972 806//972 807//972
f 824//985 823//985 825//985
f 823//986 822//986 825//986
f 822//987 821//987 825//987
f 821//988 824//988 825//988
f 824//989 822//989 823//989
f 824//990 821//990 822//990
f 839//1003 838//1003 840//1003
f 838//1004 837//1004 840//1004
f 837//1005 836//1005 840//1005
f 836//1006 839//1006 840//1006
f 839//1007 837//1007 838//1007
f 839//1008 836//1008 837//1008
f 854//1021 853//1021 855//1021
f 853//1022 852//1022 855//1022
f 852//1023 851//1023 855//1023
f 851//1024 854//1024 855//1024
f 854//1025 852//1025 853//1025
f 854//1026 851//1026 852//1026
f 869//1039 868//1039 870//1039
f 868//1040 867//1040 870//1040
f 867//1041 866//1041 870//1041
f 866//1042 869//1042 870//1042
f 869//1043 867//1043 868//1043
f 869//1044 866//1044 867//1044
f 884//1057 883//1057 885//1057
f 883//1058 882//1058 885//1058
f 882//1059 881//1059 885//1059
f 881//1060 884//1060 885//1060
f 884//1061 882//1061 883//1061
f 884//1062 881//1062 882//1062
f 899//1075 898//1075 900//1075
f 898//1076 897//1076 900//1076
f 897//1077 896//1077 900//1077
f 896//1078 899//1078 900//1078
f 899//1079 897//1079 898//1079
f 899//1080 896//1080 897//1080
f 914//1093 913//1093 915//1093
f 913//1094 912//1094 915//1094
f 912//1095 911//1095 915//1095
f 911//1096 914//1096 915//1096
f 914//1097 912//1097 913//1097
f 914//1098 911//1098 912//1098
f 929//1111 928//1111 930//1111
f 928//1112 927//1112 930//1112
f 927//1113 926//1113 930//1113
f 926//1114 929//1114 930//1114
f 929//1115 927//1115 928//1115
f 929//1116 926//1116 927//1116
f 944//1129 943//1129 945//1129
f 943//1130 942//1130 945//1130
f 942//1131 941//1131 945//1131
f 941//1132 944//1132 945//1132
f 944//1133 942//1133 943//1133
f 944//1134 941//1134 942//1134
f 959//1147 958//1147 960//1147
f 958//1148 957//1148 960//1148
f 957//1149 956//1149 960//1149
f 956//1150 959//1150 960//1150
f 959//1151 957//1151 958//1151
f 959//1152 956//1152 957//1152
f 974//1165 973//1165 975//1165
f 973//1166 972//1166 975//1166
f 972//1167 971//1167 975//1167
f 971//1168 974//1168 975//1168
f 974//1169 972//1169 973//1169
f 974//1170 971//1170 972//1170
f 989//1183 988//1183 990//1183
f 988//1184 987//1184 990//1184
f 987//1185 986//1185 990//1185
f 986//1186 989//1186 990//1186
f 989//1187 987//1187 988//1187
f 989//1188 986//1188 987//1188
f 1004//1201 1003//1201 1005//1201
f 1003//1202 1002//1202 1005//1202
f 1002//1203 1001//1203 1005//1203
f 1001//1204 1004//1204 1005//1204
f 1004//1205 1002//1205 1003//1205
f 1004//1206 1001//1206 1002//1206
f 1019//1219 1018//1219 1020//1219
f 1018//1220 1017//1220 1020//1220
f 1017//1221 1016//1221 1020//1221
f 1016//1222 1019//1222 1020//1222
f 1019//1223 1017//1223 1018//1223
f 1019//1224 1016//1224 1017//1224
f 1034//1237 1033//1237 1035//1237
f 1033//1238 1032//1238 1035//1238
f 1032//1239 1031//1239 1035//1239
f 1031//1240 1034//1240 1035//1240
f 1034//1241 1032//1241 1033//1241
f 1034//1242 1031//1242 1032//1242
f 1049//1255 1048//1255 1050//1255
f 1048//1256 1047//1256 1050//1256
f 1047//1257 1046//1257 1050//1257
f 1046//1258 1049//1258 1050//1258
f 1049//1259 1047//1259 1048//1259
f 1049//1260 1046//1260 1047//1260
f 1064//1273 1063//1273 1065//1273
f 1063//1274 1062//1274 1065//1274
f 1062//1275 1061//1275 1065//1275
f 1061//1276 1064//1276 1065//1276
f 1064//1277 1062//1277 1063//1277
f 1064//1278 1061//1278 1062//1278
f 1079//1291 1078//1291 1080//1291
f 1078//1292 1077//1292 1080//1292
f 1077//1293 1076//1293 1080//1293
f 1076//1294 1079//1294 1080//1294
f 1079//1295 1077//1295 1078//1295
f 1079//1296 1076//1296 1077//1296
f 1094//1309 1093//1309 1095//1309
f 1093//1310 1092//1310 1095//1310
f 1092//1311 1091//1311 1095//1311
f 1091//1312 1094//1312 1095//1312
f 1094//1313 1092//1313 1093//1313
f 1094//1314 1091//1314 1092//1314
f 1109//1327 1108//1327 1110//1327
f 1108//1328 1107//1328 1110//1328
f 1107//1329 1106//1329 1110//1329
f 1106//1330 1109//1330 1110//1330
f 1109//1331 1107//1331 1108//1331
f 1109//1332 1106//1332 1107//1332
f 1124//1345 1123//1345 1125//1345
f 1123//1346 1122//1346 1125//1346
f 1122//1347 1121//1347 1125//1347
f 1121//1348 1124//1348 1125//1348
f 1124//1349 1122//1349 1123//1349
f 1124//1350 1121//1350 1122//1350
f 1139//1363 1138//1363 1140//1363
f 1138//1364 1137//1364 1140//1364
f 1137//1365 1136//1365 1140//1365
f 1136//1366 1139//1366 1140//1366
f 1139//1367 1137//1367 1138//1367
f 1139//1368 1136//1368 1137//1368
f 1154//1381 1153//1381 1155//1381
f 1153//1382 1152//1382 1155//1382
f 1152//1383 1151//1383 1155//1383
f 1151//1384 1154//1384 1155//1384
f 1154//1385 1152//1385 1153//1385
f 1154//1386 1151//1386 1152//1386
f 1169//1399 1168//1399 1170//1399
f 1168//1400 1167//1400 1170//1400
f 1167//1401 1166//1401 1170//1401
f 1166//1402 1169//1402 1170//1402
f 1169//1403 1167//1403 1168//1403
f 1169//1404 1166//1404 1167//1404
f 1184//1417 1183//1417 1185//1417
f 1183//1418 1182//1418 1185//1418
f 1182//1419 1181//1419 1185//1419
f 1181//1420 1184//1420 1185//1420
f 1184//1421 1182//1421 1183//1421
f 1184//1422 1181//1422 1182//1422
f 1199//1435 1198//1435 1200//1435
f 1198//1436 1197//1436 1200//1436
f 1197//1437 1196//1437 1200//1437
f 1196//1438 1199//1438 1200//1438
f 1199//1439 1197//1439 1198//1439
f 1199//1440 1196//1440 1197//1440
f 1214//1453 1213//1453 1215//1453
f 1213//1454 1212//1454 1215//1454
f 1212//1455 1211//1455 1215//1455
f 1211//1456 1214//1456 1215//1456
f 1214//1457 1212//1457 1213//1457
f 1214//1458 1211//1458 1212//1458
f 1229//1471 1228//1471 1230//1471
f 1228//1472 1227//1472 1230//1472
f 1227//1473 1226//1473 1230//1473
f 1226//1474 1229//1474 1230//1474
f 1229//1475 1227//1475 1228//1475
f 1229//1476 1226//1476 1227//1476
f 1244//1489 1243//1489 1245//1489
f 1243//1490 1242//1490 1245//1490
f 1242//1491 1241//1491 1245//1491
f 1241//1492 1244//1492 1245//1492
f 1244//1493 1242//1493 1243//1493
f 1244//1494 1241//1494 1242//1494
f 1259//1507 1258//1507 1260//1507
f 1258//1508 1257//1508 1260//1508
f 1257//1509 1256//1509 1260//1509
f 1256//1510 1259//1510 1260//1510
f 1259//1511 1257//1511 1258//1511
f 1259//1512 1256//1512 1257//1512
f 1274//1525 1273//1525 1275//1525
f 1273//1526 1272//1526 1275//1526
f 1272//1527 1271//1527 1275//1527
f 1271//1528 1274//1528 1275//1528
f 1274//1529 1272//1529 1273//1529
f 1274//1530 1271//1530 1272//1530
f 1289//1543 1288//1543 1290//1543
f 1288//1544 1287//1544 1290//1544
f 1287//1545 1286//1545 1290//1545
f 1286//1546 1289//1546 1290//1546
f 1289//1547 1287//1547 1288//1547
f 1289//1548 1286//1548 1287//1548
f 1304//1561 1303//1561 1305//1561
f 1303//1562 1302//1562 1305//1562
f 1302//1563 1301//1563 1305//1563
f 1301//1564 1304//1564 1305//1564
f 1304//1565 1302//1565 1303//1565
f 1304//1566 1301//1566 1302//1566
f 1319//1579 1318//1579 1320//1579
f 1318//1580 1317//1580 1320//1580
f 1317//1581 1316//1581 1320//1581
f 1316//1582 1319//1582 1320//1582
f 1319//1583 1317//1583 1318//1583
f 1319//1584 1316//1584 1317//1584
f 1334//1597 1333//1597 1335//1597
f 1333//1598 1332//1598 1335//1598
f 1332//1599 1331//1599 1335//1599
f 1331//1600 1334//1600 1335//1600
f 1334//1601 1332//1601 1333//1601
f 1334//1602 1331//1602 1332//1602
f 1349//1615 1348//1615 1350//1615
f 1348//1616 1347//1616 1350//1616
f 1347//1617 1346//1617 1350//1617
f 1346//1618 1349//1618 1350//1618
f 1349//1619 1347//1619 1348//1619
f 1349//1620 1346//1620 1347//1620
f 1364//1633 1363//1633 1365//1633
f 1363//1634 1362//1634 1365//1634
f 1362//1635 1361//1635 1365//1635
f 1361//1636 1364//1636 1365//1636
f 1364//1637 1362//1637 1363//1637
f 1364//1638 1361//1638 1362//1638
f 1379//1651 1378//1651 1380//1651
f 1378//1652 1377//1652 1380//1652
f 1377//1653 1376//1653 1380//1653
f 1376//1654 1379//1654 1380//1654
f 1379//1655 1377//1655 1378//1655
f 1379//1656 1376//1656 1377//1656
f 1394//1669 1393//1669 1395//1669
f 1393//1670 1392//1670 1395//1670
f 1392//1671 1391//1671 1395//1671
f 1391//1672 1394//1672 1395//1672
f 1394//1673 1392//1673 1393//1673
f 1394//1674 1391//1674 1392//1674
f 1409//1687 1408//1687 1410//1687
f 1408//1688 1407//1688 1410//1688
f 1407//1689 1406//1689 1410//1689
f 1406//1690 1409//1690 1410//1690
f 1409//1691 1407//1691 1408//1691
f 1409//1692 1406//1692 1407//1692
f 1424//1705 1423//1705 1425//1705
f 1423//1706 1422//1706 1425//1706
f 1422//1707 1421//1707 1425//1707
f 1421//1708 1424//1708 1425//1708
f 1424//1709 1422//1709 1423//1709
f 1424//1710 1421//1710 1422//1710
f 1439//1723 1438//1723 1440//1723
f 1438//1724 1437//1724 1440//1724
f 1437//1725 1436//1725 1440//1725
f 1436//1726 1439//1726 1440//1726
f 1439//1727 1437//1727 1438//1727
f 1439//1728 1436//1728 1437//1728
f 1454//1741 1453//1741 1455//1741
f 1453//1742 1452//1742 1455//1742
f 1452//1743 1451//1743 1455//1743
f 1451//1744 1454//1744 1455//1744
f 1454//1745 1452//1745 1453//1745
f 1454//1746 1451//1746 1452//1746
f 1469//1759 1468//1759 1470//1759
f 1468//1760 1467//1760 1470//1760
f 1467//1761 1466//1761 1470//1761
f 1466//1762 1469//1762 1470//1762
f 1469//1763 1467//1763 1468//1763
f 1469//1764 1466//1764 1467//1764
f 1484//1777 1483//1777 1485//1777
f 1483//1778 1482//1778 1485//1778
f 1482//1779 1481//1779 1485//1779
f 1481//1780 1484//1780 1485//1780
f 1484//1781 1482//1781 1483//1781
f 1484//1782 1481//1782 1482//1782
f 1499//1795 1498//1795 1500//1795
f 1498//1796 1497//1796 1500//1796
f 1497//1797 1496//1797 1500//1797
f 1496//1798 1499//1798 1500//1798
f 1499//1799 1497//1799 1498//1799
f 1499//1800 1496//1800 1497//1800
f 1514//1813 1513//1813 1515//1813
f 1513//1814 1512//1814 1515//1814
f 1512//1815 1511//1815 1515//1815
f 1511//1816 1514//1816 1515//1816
f 1514//1817 1512//1817 1513//1817
f 1514//1818 1511//1818 1512//1818
f 1529//1831 1528//1831 1530//1831
f 1528//1832 1527//1832 1530//1832
f 1527//1833 1526//1833 1530//1833
f 1526//1834 1529//1834 1530//1834
f 1529//1835 1527//1835 1528//1835
f 1529//1836 1526//1836 1527//1836
f 1544//1849 1543//1849 1545//1849
f 1543//1850 1542//1850 1545//1850
f 1542//1851 1541//1851 1545//1851
f 1541//1852 1544//1852 1545//1852
f 1544//1853 1542//1853 1543//1853
f 1544//1854 1541//1854 1542//1854
f 1559//1867 1558//1867 1560//1867
f 1558//1868 1557//1868 1560//1868
f 1557//1869 1556//1869 1560//1869
f 1556//1870 1559//1870 1560//1870
f 1559//1871 1557//1871 1558//1871
f 1559//1872 1556//1872 1557//1872
f 1574//1885 1573//1885 1575//1885
f 1573//1886 1572//1886 1575//1886
f 1572//1887 1571//1887 1575//1887
f 1571//1888 1574//1888 1575//1888
f 1574//1889 1572//1889 1573//1889
f 1574//1890 1571//1890 1572//1890
f 1589//1903 1588//1903 1590//1903
f 1588//1904 1587//1904 1590//1904
f 1587//1905 1586//1905 1590//1905
f 1586//1906 1589//1906 1590//1906
f 1589//1907 1587//1907 1588//1907
f 1589//1908 1586//1908 1587//1908
f 1604//1921 1603//1921 1605//1921
f 1603//1922 1602//1922 1605//1922
f 1602//1923 1601//1923 1605//1923
f 1601//1924 1604//1924 1605//1924
f 1604//1925 1602//1925 1603//1925
f 1604//1926 1601//1926 1602//1926
f 1619//1939 1618//1939 1620//1939
f 1618//1940 1617//1940 1620//1940
f 1617//1941 1616//1941 1620//1941
f 1616//1942 1619//1942 1620//1942
f 1619//1943 1617//1943 1618//1943
f 1619//1944 1616//1944 1617//1944
f 1634//1957 1633//1957 1635//1957
f 1633//1958 1632//1958 1635//1958
f 1632//1959 1631//1959 1635//1959
f 1631//1960 1634//1960 1635//1960
f 1634//1961 1632//1961 1633//1961
f 1634//1962 1631//1962 1632//1962
f 1649//1975 1648//1975 1650//1975
f 1648//1976 1647//1976 1650//1976
f 1647//1977 1646//1977 1650//1977
f 1646//1978 1649//1978 1650//1978
f 1649//1979 1647//1979 1648//1979
f 1649//1980 1646//1980 1647//1980
f 1664//1993 1663//1993 1665//1993
f 1663//1994 1662//1994 1665//1994
f 1662//1995 1661//1995 1665//1995
f 1661//1996 1664//1996 1665//1996
f 1664//1997 1662//1997 1663//1997
f 1664//1998 1661//1998 1662//1998
f 1679//2011 1678//2011 1680//2011
f 1678//2012 1677//2012 1680//2012
f 1677//2013 1676//2013 1680//2013
f 1676//2014 1679//2014 1680//2014
f 1679//2015 1677//2015 1678//2015
f 1679//2016 1676//2016 1677//2016
f 1694//2029 1693//2029 1695//2029
f 1693//2030 1692//2030 1695//2030
f 1692//2031 1691//2031 1695//2031
f 1691//2032 1694//2032 1695//2032
f 1694//2033 1692//2033 1693//2033
f 1694//2034 1691//2034 1692//2034
f 1709//2047 1708//2047 1710//2047
f 1708//2048 1707//2048 1710//2048
f 1707//2049 1706//2049 1710//2049
f 1706//2050 1709//2050 1710//2050
f 1709//2051 1707//2051 1708//2051
f 1709//2052 1706//2052 1707//2052
f 1724//2065 1723//2065 1725//2065
f 1723//2066 1722//2066 1725//2066
f 1722//2067 1721//2067 1725//2067
f 1721//2068 1724//2068 1725//2068
f 1724//2069 1722//2069 1723//2069
f 1724//2070 1721//2070 1722//2070
f 1739//2083 1738//2083 1740//2083
f 1738//2084 1737//2084 1740//2084
f 1737//2085 1736//2085 1740//2085
f 1736//2086 1739//2086 1740//2086
f 1739//2087 1737//2087 1738//2087
f 1739//2088 1736//2088 1737//2088
f 1754//2101 1753//2101 1755//2101
f 1753//2102 1752//2102 1755//2102
f 1752//2103 1751//2103 1755//2103
f 1751//2104 1754//2104 1755//2104
f 1754//2105 1752//2105 1753//2105
f 1754//2106 1751//2106 1752//2106
f 1769//2119 1768//2119 1770//2119
f 1768//2120 1767//2120 1770//2120
f 1767//2121 1766//2121 1770//2121
f 1766//2122 1769//2122 1770//2122
f 1769//2123 1767//2123 1768//2123
f 1769//2124 1766//2124 1767//2124
f 1784//2137 1783//2137 1785//2137
f 1783//2138 1782//2138 1785//2138
f 1782//2139 1781//2139 1785//2139
f 1781//2140 1784//2140 1785//2140
f 1784//2141 1782//2141 1783//2141
f 1784//2142 1781//2142 1782//2142
f 1799//2155 1798//2155 1800//2155
f 1798//2156 1797//2156 1800//2156
f 1797//2157 1796//2157 1800//2157
f 1796//2158 1799//2158 1800//2158
f 1799//2159 1797//2159 1798//2159
f 1799//2160 1796//2160 1797//2160
f 1814//2173 1813//2173 1815//2173
f 1813//2174 1812//2174 1815//2174
f 1812//2175 1811//2175 1815//2175
f 1811//2176 1814//2176 1815//2176
f 1814//2177 1812//2177 1813//2177
f 1814//2178 1811//2178 1812//2178
f 1829//2191 1828//2191 1830//2191
f 1828//2192 1827//2192 1830//2192
f 1827//2193 1826//2193 1830//2193
f 1826//2194 1829//2194 1830//2194
f 1829//2195 1827//2195 1828//2195
f 1829//2196 1826//2196 1827//2196
f 1844//2209 1843//2209 1845//2209
f 1843//2210 1842//2210 1845//2210
f 1842//2211 1841//2211 1845//2211
f 1841//2212 1844//2212 1845//2212
f 1844//2213 1842//2213 1843//2213
f 1844//2214 1841//2214 1842//2214
f 1859//2227 1858//2227 1860//2227
f 1858//2228 1857//2228 1860//2228
f 1857//2229 1856//2229 1860//2229
f 1856//2230 1859//2230 1860//2230
f 1859//2231 1857//2231 1858//2231
f 1859//2232 1856//2232 1857//2232
f 1874//2245 1873//2245 1875//2245
f 1873//2246 1872//2246 1875//2246
f 1872//2247 1871//2247 1875//2247
f 1871//2248 1874//2248 1875//2248
f 1874//2249 1872//2249 1873//2249
f 1874//2250 1871//2250 1872//2250
f 1889//2263 1888//2263 1890//2263
f 1888//2264 1887//2264 1890//2264
f 1887//2265 1886//2265 1890//2265
f 1886//2266 1889//2266 1890//2266
f 1889//2267 1887//2267 1888//2267
f 1889//2268 1886//2268 1887//2268
f 1904//2281 1903//2281 1905//2281
f 1903//2282 1902//2282 1905//2282
f 1902//2283 1901//2283 1905//2283
f 1901//2284 1904//2284 1905//2284
f 1904//2285 1902//2285 1903//2285
f 1904//2286 1901//2286 1902//2286
f 1919//2299 1918//2299 1920//2299
f 1918//2300 1917//2300 1920//2300
f 1917//2301 1916//2301 1920//2301
f 1916//2302 1919//2302 1920//2302
f 1919//2303 1917//2303 1918//2303
f 1919//2304 1916//2304 1917//2304
f 1934//2317 1933//2317 1935//2317
f 1933//2318 1932//2318 1935//2318
f 1932//2319 1931//2319 1935//2319
f 1931//2320 1934//2320 1935//2320
f 1934//2321 1932//2321 1933//2321
f 1934//2322 1931//2322 1932//2322
f 1949//2335 1948//2335 1950//2335
f 1948//2336 1947//2336 1950//2336
f 1947//2337 1946//2337 1950//2337
f 1946//2338 1949//2338 1950//2338
f 1949//2339 1947//2339 1948//2339
f 1949//2340 1946//2340 1947//2340
f 1964//2353 1963//2353 1965//2353
f 1963//2354 1962//2354 1965//2354
f 1962//2355 1961//2355 1965//2355
f 1961//2356 1964//2356 1965//2356
f 1964//2357 1962//2357 1963//2357
f 1964//2358 1961//2358 1962//2358
f 1979//2371 1978//2371 1980//2371
f 1978//2372 1977//2372 1980//2372
f 1977//2373 1976//2373 1980//2373
f 1976//2374 1979//2374 1980//2374
f 1979//2375 1977//2375 1978//2375
f 1979//2376 1976//2376 1977//2376
f 1994//2389 1993//2389 1995//2389
f 1993//2390 1992//2390 1995//2390
f 1992//2391 1991//2391 1995//2391
f 1991//2392 1994//2392 1995//2392
f 1994//2393 1992//2393 1993//2393
f 1994//2394 1991//2394 1992//2394
f 2009//2407 2008//2407 2010//2407
f 2008//2408 2007//2408 2010//2408
f 2007//2409 2006//2409 2010//2409
f 2006//2410 2009//2410 2010//2410
f 2009//2411 2007//2411 2008//2411
f 2009//2412 2006//2412 2007//2412
f 2024//2425 2023//2425 2025//2425
f 2023//2426 2022//2426 2025//2426
f 2022//2427 2021//2427 2025//2427
f 2021//2428 2024//2428 2025//2428
f 2024//2429 2022//2429 2023//2429
f 2024//2430 2021//2430 2022//2430
f 2039//2443 2038//2443 2040//2443
f 2038//2444 2037//2444 2040//2444
f 2037//2445 2036//2445 2040//2445
f 2036//2446 2039//2446 2040//2446
f 2039//2447 2037//2447 2038//2447
f 2039//2448 2036//2448 2037//2448
f 2054//2461 2053//2461 2055//2461
f 2053//2462 2052//2462 2055//2462
f 2052//2463 2051//2463 2055//2463
f 2051//2464 2054//2464 2055//2464
f 2054//2465 2052//2465 2053//2465
f 2054//2466 2051//2466 2052//2466
f 2069//2479 2068//2479 2070//2479
f 2068//2480 2067//2480 2070//2480
f 2067//2481 2066//2481 2070//2481
f 2066//2482 2069//2482 2070//2482
f 2069//2483 2067//2483 2068//2483
f 2069//2484 2066//2484 2067//2484
f 2084//2497 2083//2497 2085//2497
f 2083//2498 2082//2498 2085//2498
f 2082//2499 2081//2499 2085//2499
f 2081//2500 2084//2500 2085//2500
f 2084//2501 2082//2501 2083//2501
f 2084//2502 2081//2502 2082//2502
f 2099//2515 2098//2515 2100//2515
f 2098//2516 2097//2516 2100//2516
f 2097//2517 2096//2517 2100//2517
f 2096//2518 2099//2518 2100//2518
f 2099//2519 2097//2519 2098//2519
f 2099//2520 2096//2520 2097//2520
f 2114//2533 2113//2533 2115//2533
f 2113//2534 2112//2534 2115//2534
f 2112//2535 2111//2535 2115//2535
f 2111//2536 2114//2536 2115//2536
f 2114//2537 2112//2537 2113//2537
f 2114//2538 2111//2538 2112//2538
f 2129//2551 2128//2551 2130//2551
f 2128//2552 2127//2552 2130//2552
f 2127//2553 2126//2553 2130//2553
f 2126//2554 2129//2554 2130//2554
f 2129//2555 2127//2555 2128//2555
f 2129//2556 2126//2556 2127//2556
f 2144//2569 2143//2569 2145//2569
f 2143//2570 2142//2570 2145//2570
f 2142//2571 2141//2571 2145//2571
f 2141//2572 2144//2572 2145//2572
f 2144//2573 2142//2573 2143//2573
f 2144//2574 2141//2574 2142//2574
f 2159//2587 2158//2587 2160//2587
f 2158//2588 2157//2588 2160//2588
f 2157//2589 2156//2589 2160//2589
f 2156//2590 2159//2590 2160//2590
f 2159//2591 2157//2591 2158//2591
f 2159//2592 2156//2592 2157//2592
f 2174//2605 2173//2605 2175//2605
f 2173//2606 2172//2606 2175//2606
f 2172//2607 2171//2607 2175//2607
f 2171//2608 2174//2608 2175//2608
f 2174//2609 2172//2609 2173//2609
f 2174//2610 2171//2610 2172//2610
f 2189//2623 2188//2623 2190//2623
f 2188//2624 2187//2624 2190//2624
f 2187//2625 2186//2625 2190//2625
f 2186//2626 2189//2626 2190//2626
f 2189//2627 2187//2627 2188//2627
f 2189//2628 2186//2628 2187//2628
f 2204//2641 2203//2641 2205//2641
f 2203//2642 2202//2642 2205//2642
f 2202//2643 2201//2643 2205//2643
f 2201//2644 2204//2644 2205//2644
f 2204//2645 2202//2645 2203//2645
f 2204//2646 2201//2646 2202//2646
f 2219//2659 2218//2659 2220//2659
f 2218//2660 2217//2660 2220//2660
f 2217//2661 2216//2661 2220//2661
f 2216//2662 2219//2662 2220//2662
f 2219//2663 2217//2663 2218//2663
f 2219//2664 2216//2664 2217//2664
f 2234//2677 2233//2677 2235//2677
f 2233//2678 2232//2678 2235//2678
f 2232//2679 2231//2679 2235//2679
f 2231//2680 2234//2680 2235//2680
f 2234//2681 2232//2681 2233//2681
f 2234//2682 2231//2682 2232//2682
f 2249//2695 2248//2695 2250//2695
f 2248//2696 2247//2696 2250//2696
f 2247//2697 2246//2697 2250//2697
f 2246//2698 2249//2698 2250//2698
f 2249//2699 2247//2699 2248//2699
f 2249//2700 2246//2700 2247//2700
f 2264//2713 2263//2713 2265//2713
f 2263//2714 2262//2714 2265//2714
f 2262//2715 2261//2715 2265//2715
f 2261//2716 2264//2716 2265//2716
f 2264//2717 2262//2717 2263//2717
f 2264//2718 2261//2718 2262//2718
f 2279//2731 2278//2731 2280//2731
f 2278//2732 2277//2732 2280//2732
f 2277//2733 2276//2733 2280//2733
f 2276//2734 2279//2734 2280//2734
f 2279//2735 2277//2735 2278//2735
f 2279//2736 2276//2736 2277//2736
f 2294//2749 2293//2749 2295//2749
f 2293//2750 2292//2750 2295//2750
f 2292//2751 2291//2751 2295//2751
f 2291//2752 2294//2752 2295//2752
f 2294//2753 2292//2753 2293//2753
f 2294//2754 2291//2754 2292//2754
