mtllib dead_end_cave.mtl
o natural_rock_corridors
s off
v 0.268743 -7.294502 -0.112724
v 0.965475 -6.080185 -0.112724
v 1.431777 -6.347783 -0.172453
v 0.268743 -7.294502 -0.112724
v 1.431777 -6.347783 -0.172453
v 0.721598 -7.554285 -0.172453
v 0.965475 -6.080185 -0.112724
v 0.979410 -6.055899 0.987276
v 1.445981 -6.323653 0.927547
v 0.965475 -6.080185 -0.112724
v 1.445981 -6.323653 0.927547
v 1.431777 -6.347783 -0.172453
v 0.979410 -6.055899 0.987276
v 0.923671 -6.153044 2.733513
v 1.389167 -6.420173 2.683139
v 0.979410 -6.055899 0.987276
v 1.389167 -6.420173 2.683139
v 1.445981 -6.323653 0.927547
v 0.923671 -6.153044 2.733513
v 0.704200 -6.535554 3.103513
v 1.165460 -6.800221 3.053139
v 0.923671 -6.153044 2.733513
v 1.165460 -6.800221 3.053139
v 1.389167 -6.420173 2.683139
v 0.704200 -6.535554 3.103513
v 0.352351 -7.148784 2.983513
v 0.806820 -7.409504 2.933139
v 0.704200 -6.535554 3.103513
v 0.806820 -7.409504 2.933139
v 1.165460 -6.800221 3.053139
v 0.352351 -7.148784 2.983513
v 0.254808 -7.318788 1.037276
v 0.707395 -7.578415 0.977547
v 0.352351 -7.148784 2.983513
v 0.707395 -7.578415 0.977547
v 0.806820 -7.409504 2.933139
v 0.254808 -7.318788 1.037276
v 0.268743 -7.294502 -0.112724
v 0.721598 -7.554285 -0.172453
v 0.254808 -7.318788 1.037276
v 0.721598 -7.554285 -0.172453
v 0.707395 -7.578415 0.977547
v 0.721598 -7.554285 -0.172453
v 1.431777 -6.347783 -0.172453
v 1.918657 -6.641362 -0.224744
v 0.721598 -7.554285 -0.172453
v 1.918657 -6.641362 -0.224744
v 1.184794 -7.833606 -0.224744
v 1.431777 -6.347783 -0.172453
v 1.445981 -6.323653 0.927547
v 1.933334 -6.617517 0.875256
v 1.431777 -6.347783 -0.172453
v 1.933334 -6.617517 0.875256
v 1.918657 -6.641362 -0.224744
v 1.445981 -6.323653 0.927547
v 1.389167 -6.420173 2.683139
v 1.874625 -6.712897 2.638506
v 1.445981 -6.323653 0.927547
v 1.874625 -6.712897 2.638506
v 1.933334 -6.617517 0.875256
v 1.389167 -6.420173 2.683139
v 1.165460 -6.800221 3.053139
v 1.643459 -7.088453 3.008506
v 1.389167 -6.420173 2.683139
v 1.643459 -7.088453 3.008506
v 1.874625 -6.712897 2.638506
v 1.165460 -6.800221 3.053139
v 0.806820 -7.409504 2.933139
v 1.272858 -7.690537 2.888506
v 1.165460 -6.800221 3.053139
v 1.272858 -7.690537 2.888506
v 1.643459 -7.088453 3.008506
v 0.806820 -7.409504 2.933139
v 0.707395 -7.578415 0.977547
v 1.170117 -7.857451 0.925256
v 0.806820 -7.409504 2.933139
v 1.170117 -7.857451 0.925256
v 1.272858 -7.690537 2.888506
v 0.707395 -7.578415 0.977547
v 0.721598 -7.554285 -0.172453
v 1.184794 -7.833606 -0.224744
v 0.707395 -7.578415 0.977547
v 1.184794 -7.833606 -0.224744
v 1.170117 -7.857451 0.925256
v 1.184794 -7.833606 -0.224744
v 1.918657 -6.641362 -0.224744
v 2.389903 -6.937493 -0.256555
v 1.184794 -7.833606 -0.224744
v 2.389903 -6.937493 -0.256555
v 1.636267 -8.117337 -0.256555
v 1.918657 -6.641362 -0.224744
v 1.933334 -6.617517 0.875256
v 2.404975 -6.913896 0.843445
v 1.918657 -6.641362 -0.224744
v 2.404975 -6.913896 0.843445
v 2.389903 -6.937493 -0.256555
v 1.933334 -6.617517 0.875256
v 1.874625 -6.712897 2.638506
v 2.344684 -7.008283 2.612573
v 1.933334 -6.617517 0.875256
v 2.344684 -7.008283 2.612573
v 2.404975 -6.913896 0.843445
v 1.874625 -6.712897 2.638506
v 1.643459 -7.088453 3.008506
v 2.107289 -7.379934 2.982573
v 1.874625 -6.712897 2.638506
v 2.107289 -7.379934 2.982573
v 2.344684 -7.008283 2.612573
v 1.643459 -7.088453 3.008506
v 1.272858 -7.690537 2.888506
v 1.726703 -7.975756 2.862573
v 1.643459 -7.088453 3.008506
v 1.726703 -7.975756 2.862573
v 2.107289 -7.379934 2.982573
v 1.272858 -7.690537 2.888506
v 1.170117 -7.857451 0.925256
v 1.621194 -8.140934 0.893445
v 1.272858 -7.690537 2.888506
v 1.621194 -8.140934 0.893445
v 1.726703 -7.975756 2.862573
v 1.170117 -7.857451 0.925256
v 1.184794 -7.833606 -0.224744
v 1.636267 -8.117337 -0.256555
v 1.170117 -7.857451 0.925256
v 1.636267 -8.117337 -0.256555
v 1.621194 -8.140934 0.893445
v 1.636267 -8.117337 -0.256555
v 2.389903 -6.937493 -0.256555
v 2.847169 -7.234415 -0.263685
v 1.636267 -8.117337 -0.256555
v 2.847169 -7.234415 -0.263685
v 2.077886 -8.404118 -0.263685
v 2.389903 -6.937493 -0.256555
v 2.404975 -6.913896 0.843445
v 2.862555 -7.211021 0.836315
v 2.389903 -6.937493 -0.256555
v 2.862555 -7.211021 0.836315
v 2.847169 -7.234415 -0.263685
v 2.404975 -6.913896 0.843445
v 2.344684 -7.008283 2.612573
v 2.801012 -7.304597 2.610015
v 2.404975 -6.913896 0.843445
v 2.801012 -7.304597 2.610015
v 2.862555 -7.211021 0.836315
v 2.344684 -7.008283 2.612573
v 2.107289 -7.379934 2.982573
v 2.558688 -7.673054 2.980015
v 2.344684 -7.008283 2.612573
v 2.558688 -7.673054 2.980015
v 2.801012 -7.304597 2.610015
v 2.107289 -7.379934 2.982573
v 1.726703 -7.975756 2.862573
v 2.170200 -8.263753 2.860015
v 2.107289 -7.379934 2.982573
v 2.170200 -8.263753 2.860015
v 2.558688 -7.673054 2.980015
v 1.726703 -7.975756 2.862573
v 1.621194 -8.140934 0.893445
v 2.062501 -8.427512 0.886315
v 1.726703 -7.975756 2.862573
v 2.062501 -8.427512 0.886315
v 2.170200 -8.263753 2.860015
v 1.621194 -8.140934 0.893445
v 1.636267 -8.117337 -0.256555
v 2.077886 -8.404118 -0.263685
v 1.621194 -8.140934 0.893445
v 2.077886 -8.404118 -0.263685
v 2.062501 -8.427512 0.886315
v 2.077886 -8.404118 -0.263685
v 2.847169 -7.234415 -0.263685
v 3.291431 -7.530372 -0.244670
v 2.077886 -8.404118 -0.263685
v 3.291431 -7.530372 -0.244670
v 2.510526 -8.692347 -0.244670
v 2.847169 -7.234415 -0.263685
v 2.862555 -7.211021 0.836315
v 3.307049 -7.507132 0.855330
v 2.847169 -7.234415 -0.263685
v 3.307049 -7.507132 0.855330
v 3.291431 -7.530372 -0.244670
v 2.862555 -7.211021 0.836315
v 2.801012 -7.304597 2.610015
v 3.244577 -7.600090 2.632645
v 2.862555 -7.211021 0.836315
v 3.244577 -7.600090 2.632645
v 3.307049 -7.507132 0.855330
v 2.801012 -7.304597 2.610015
v 2.558688 -7.673054 2.980015
v 2.998591 -7.966113 3.002645
v 2.801012 -7.304597 2.610015
v 2.998591 -7.966113 3.002645
v 3.244577 -7.600090 2.632645
v 2.558688 -7.673054 2.980015
v 2.170200 -8.263753 2.860015
v 2.604234 -8.552910 2.882645
v 2.558688 -7.673054 2.980015
v 2.604234 -8.552910 2.882645
v 2.998591 -7.966113 3.002645
v 2.170200 -8.263753 2.860015
v 2.062501 -8.427512 0.886315
v 2.494907 -8.715587 0.905330
v 2.170200 -8.263753 2.860015
v 2.494907 -8.715587 0.905330
v 2.604234 -8.552910 2.882645
v 2.062501 -8.427512 0.886315
v 2.077886 -8.404118 -0.263685
v 2.510526 -8.692347 -0.244670
v 2.062501 -8.427512 0.886315
v 2.510526 -8.692347 -0.244670
v 2.494907 -8.715587 0.905330
v 2.510526 -8.692347 -0.244670
v 3.291431 -7.530372 -0.244670
v 3.724044 -7.823696 -0.204124
v 2.510526 -8.692347 -0.244670
v 3.724044 -7.823696 -0.204124
v 2.935380 -8.980419 -0.204124
v 3.291431 -7.530372 -0.244670
v 3.307049 -7.507132 0.855330
v 3.739817 -7.800561 0.895876
v 3.291431 -7.530372 -0.244670
v 3.739817 -7.800561 0.895876
v 3.724044 -7.823696 -0.204124
v 3.307049 -7.507132 0.855330
v 3.244577 -7.600090 2.632645
v 3.676724 -7.893099 2.676149
v 3.307049 -7.507132 0.855330
v 3.676724 -7.893099 2.676149
v 3.739817 -7.800561 0.895876
v 3.244577 -7.600090 2.632645
v 2.998591 -7.966113 3.002645
v 3.428295 -8.257467 3.046149
v 3.244577 -7.600090 2.632645
v 3.428295 -8.257467 3.046149
v 3.676724 -7.893099 2.676149
v 2.998591 -7.966113 3.002645
v 2.604234 -8.552910 2.882645
v 3.030020 -8.841613 2.926149
v 2.998591 -7.966113 3.002645
v 3.030020 -8.841613 2.926149
v 3.428295 -8.257467 3.046149
v 2.604234 -8.552910 2.882645
v 2.494907 -8.715587 0.905330
v 2.919607 -9.003554 0.945876
v 2.604234 -8.552910 2.882645
v 2.919607 -9.003554 0.945876
v 3.030020 -8.841613 2.926149
v 2.494907 -8.715587 0.905330
v 2.510526 -8.692347 -0.244670
v 2.935380 -8.980419 -0.204124
v 2.494907 -8.715587 0.905330
v 2.935380 -8.980419 -0.204124
v 2.919607 -9.003554 0.945876
v 2.935380 -8.980419 -0.204124
v 3.724044 -7.823696 -0.204124
v 4.145898 -8.112940 -0.150825
v 2.935380 -8.980419 -0.204124
v 4.145898 -8.112940 -0.150825
v 3.353303 -9.266974 -0.150825
v 3.724044 -7.823696 -0.204124
v 3.739817 -7.800561 0.895876
v 4.161750 -8.089860 0.949175
v 3.724044 -7.823696 -0.204124
v 4.161750 -8.089860 0.949175
v 4.145898 -8.112940 -0.150825
v 3.739817 -7.800561 0.895876
v 3.676724 -7.893099 2.676149
v 4.098342 -8.182182 2.731957
v 3.739817 -7.800561 0.895876
v 4.098342 -8.182182 2.731957
v 4.161750 -8.089860 0.949175
v 3.676724 -7.893099 2.676149
v 3.428295 -8.257467 3.046149
v 3.848675 -8.545703 3.101957
v 3.676724 -7.893099 2.676149
v 3.848675 -8.545703 3.101957
v 4.098342 -8.182182 2.731957
v 3.428295 -8.257467 3.046149
v 3.030020 -8.841613 2.926149
v 3.448415 -9.128490 2.981957
v 3.428295 -8.257467 3.046149
v 3.448415 -9.128490 2.981957
v 3.848675 -8.545703 3.101957
v 3.030020 -8.841613 2.926149
v 2.919607 -9.003554 0.945876
v 3.337452 -9.290055 0.999175
v 3.030020 -8.841613 2.926149
v 3.337452 -9.290055 0.999175
v 3.448415 -9.128490 2.981957
v 2.919607 -9.003554 0.945876
v 2.935380 -8.980419 -0.204124
v 3.353303 -9.266974 -0.150825
v 2.919607 -9.003554 0.945876
v 3.353303 -9.266974 -0.150825
v 3.337452 -9.290055 0.999175
v 3.353303 -9.266974 -0.150825
v 4.145898 -8.112940 -0.150825
v 4.557892 -8.396380 -0.098769
v 3.353303 -9.266974 -0.150825
v 4.557892 -8.396380 -0.098769
v 3.765241 -9.550375 -0.098769
v 4.145898 -8.112940 -0.150825
v 4.161750 -8.089860 0.949175
v 4.573745 -8.373300 1.001231
v 4.145898 -8.112940 -0.150825
v 4.573745 -8.373300 1.001231
v 4.557892 -8.396380 -0.098769
v 4.161750 -8.089860 0.949175
v 4.098342 -8.182182 2.731957
v 4.510333 -8.465620 2.786261
v 4.161750 -8.089860 0.949175
v 4.510333 -8.465620 2.786261
v 4.573745 -8.373300 1.001231
v 4.098342 -8.182182 2.731957
v 3.848675 -8.545703 3.101957
v 4.260648 -8.829129 3.156261
v 4.098342 -8.182182 2.731957
v 4.260648 -8.829129 3.156261
v 4.510333 -8.465620 2.786261
v 3.848675 -8.545703 3.101957
v 3.448415 -9.128490 2.981957
v 3.860359 -9.411896 3.036261
v 3.848675 -8.545703 3.101957
v 3.860359 -9.411896 3.036261
v 4.260648 -8.829129 3.156261
v 3.448415 -9.128490 2.981957
v 3.337452 -9.290055 0.999175
v 3.749388 -9.573455 1.051231
v 3.448415 -9.128490 2.981957
v 3.749388 -9.573455 1.051231
v 3.860359 -9.411896 3.036261
v 3.337452 -9.290055 0.999175
v 3.353303 -9.266974 -0.150825
v 3.765241 -9.550375 -0.098769
v 3.337452 -9.290055 0.999175
v 3.765241 -9.550375 -0.098769
v 3.749388 -9.573455 1.051231
v 3.765241 -9.550375 -0.098769
v 4.557892 -8.396380 -0.098769
v 4.960164 -8.672245 -0.059144
v 3.765241 -9.550375 -0.098769
v 4.960164 -8.672245 -0.059144
v 4.171624 -9.829053 -0.059144
v 4.557892 -8.396380 -0.098769
v 4.573745 -8.373300 1.001231
v 4.975934 -8.649109 1.040856
v 4.557892 -8.396380 -0.098769
v 4.975934 -8.649109 1.040856
v 4.960164 -8.672245 -0.059144
v 4.573745 -8.373300 1.001231
v 4.510333 -8.465620 2.786261
v 4.912851 -8.741653 2.827998
v 4.573745 -8.373300 1.001231
v 4.912851 -8.741653 2.827998
v 4.975934 -8.649109 1.040856
v 4.510333 -8.465620 2.786261
v 4.260648 -8.829129 3.156261
v 4.664461 -9.106048 3.197998
v 4.510333 -8.465620 2.786261
v 4.664461 -9.106048 3.197998
v 4.912851 -8.741653 2.827998
v 4.260648 -8.829129 3.156261
v 3.860359 -9.411896 3.036261
v 4.266249 -9.690236 3.077998
v 4.260648 -8.829129 3.156261
v 4.266249 -9.690236 3.077998
v 4.664461 -9.106048 3.197998
v 3.860359 -9.411896 3.036261
v 3.749388 -9.573455 1.051231
v 4.155854 -9.852189 1.090856
v 3.860359 -9.411896 3.036261
v 4.155854 -9.852189 1.090856
v 4.266249 -9.690236 3.077998
v 3.749388 -9.573455 1.051231
v 3.765241 -9.550375 -0.098769
v 4.171624 -9.829053 -0.059144
v 3.749388 -9.573455 1.051231
v 4.171624 -9.829053 -0.059144
v 4.155854 -9.852189 1.090856
v 4.171624 -9.829053 -0.059144
v 4.960164 -8.672245 -0.059144
v 5.352468 -8.938023 -0.040334
v 4.171624 -9.829053 -0.059144
v 5.352468 -8.938023 -0.040334
v 4.572796 -10.100826 -0.040334
v 4.960164 -8.672245 -0.059144
v 4.975934 -8.649109 1.040856
v 5.368062 -8.914767 1.059666
v 4.960164 -8.672245 -0.059144
v 5.368062 -8.914767 1.059666
v 5.352468 -8.938023 -0.040334
v 4.975934 -8.649109 1.040856
v 4.912851 -8.741653 2.827998
v 5.305688 -9.007791 2.848896
v 4.975934 -8.649109 1.040856
v 5.305688 -9.007791 2.848896
v 5.368062 -8.914767 1.059666
v 4.912851 -8.741653 2.827998
v 4.664461 -9.106048 3.197998
v 5.060091 -9.374074 3.218896
v 4.912851 -8.741653 2.827998
v 5.060091 -9.374074 3.218896
v 5.305688 -9.007791 2.848896
v 4.664461 -9.106048 3.197998
v 4.266249 -9.690236 3.077998
v 4.666356 -9.961290 3.098896
v 4.664461 -9.106048 3.197998
v 4.666356 -9.961290 3.098896
v 5.060091 -9.374074 3.218896
v 4.266249 -9.690236 3.077998
v 4.155854 -9.852189 1.090856
v 4.557202 -10.124082 1.109666
v 4.266249 -9.690236 3.077998
v 4.557202 -10.124082 1.109666
v 4.666356 -9.961290 3.098896
v 4.155854 -9.852189 1.090856
v 4.171624 -9.829053 -0.059144
v 4.572796 -10.100826 -0.040334
v 4.155854 -9.852189 1.090856
v 4.572796 -10.100826 -0.040334
v 4.557202 -10.124082 1.109666
v 4.572796 -10.100826 -0.040334
v 5.352468 -8.938023 -0.040334
v 5.735268 -9.191996 -0.046877
v 4.572796 -10.100826 -0.040334
v 5.735268 -9.191996 -0.046877
v 4.969453 -10.363972 -0.046877
v 5.352468 -8.938023 -0.040334
v 5.368062 -8.914767 1.059666
v 5.750584 -9.168556 1.053123
v 5.352468 -8.938023 -0.040334
v 5.750584 -9.168556 1.053123
v 5.735268 -9.191996 -0.046877
v 5.368062 -8.914767 1.059666
v 5.305688 -9.007791 2.848896
v 5.689319 -9.262314 2.844479
v 5.368062 -8.914767 1.059666
v 5.689319 -9.262314 2.844479
v 5.750584 -9.168556 1.053123
v 5.305688 -9.007791 2.848896
v 5.060091 -9.374074 3.218896
v 5.448087 -9.631487 3.214479
v 5.305688 -9.007791 2.848896
v 5.448087 -9.631487 3.214479
v 5.689319 -9.262314 2.844479
v 5.060091 -9.374074 3.218896
v 4.666356 -9.961290 3.098896
v 5.061351 -10.223335 3.094479
v 5.060091 -9.374074 3.218896
v 5.061351 -10.223335 3.094479
v 5.448087 -9.631487 3.214479
v 4.666356 -9.961290 3.098896
v 4.557202 -10.124082 1.109666
v 4.954137 -10.387412 1.103123
v 4.666356 -9.961290 3.098896
v 4.954137 -10.387412 1.103123
v 5.061351 -10.223335 3.094479
v 4.557202 -10.124082 1.109666
v 4.572796 -10.100826 -0.040334
v 4.969453 -10.363972 -0.046877
v 4.557202 -10.124082 1.109666
v 4.969453 -10.363972 -0.046877
v 4.954137 -10.387412 1.103123
v 4.969453 -10.363972 -0.046877
v 5.735268 -9.191996 -0.046877
v 6.107396 -9.431381 -0.074808
v 4.969453 -10.363972 -0.046877
v 6.107396 -9.431381 -0.074808
v 5.361382 -10.616060 -0.074808
v 5.735268 -9.191996 -0.046877
v 5.750584 -9.168556 1.053123
v 6.122316 -9.407687 1.025192
v 5.735268 -9.191996 -0.046877
v 6.122316 -9.407687 1.025192
v 6.107396 -9.431381 -0.074808
v 5.750584 -9.168556 1.053123
v 5.689319 -9.262314 2.844479
v 6.062635 -9.502462 2.818718
v 5.750584 -9.168556 1.053123
v 6.062635 -9.502462 2.818718
v 6.122316 -9.407687 1.025192
v 5.689319 -9.262314 2.844479
v 5.448087 -9.631487 3.214479
v 5.827641 -9.875635 3.188718
v 5.689319 -9.262314 2.844479
v 5.827641 -9.875635 3.188718
v 6.062635 -9.502462 2.818718
v 5.448087 -9.631487 3.214479
v 5.061351 -10.223335 3.094479
v 5.450904 -10.473898 3.068718
v 5.448087 -9.631487 3.214479
v 5.450904 -10.473898 3.068718
v 5.827641 -9.875635 3.188718
v 5.061351 -10.223335 3.094479
v 4.954137 -10.387412 1.103123
v 5.346462 -10.639753 1.075192
v 5.061351 -10.223335 3.094479
v 5.346462 -10.639753 1.075192
v 5.450904 -10.473898 3.068718
v 4.954137 -10.387412 1.103123
v 4.969453 -10.363972 -0.046877
v 5.361382 -10.616060 -0.074808
v 4.954137 -10.387412 1.103123
v 5.361382 -10.616060 -0.074808
v 5.346462 -10.639753 1.075192
v 5.361382 -10.616060 -0.074808
v 6.107396 -9.431381 -0.074808
v 6.467147 -9.652968 -0.119640
v 5.361382 -10.616060 -0.074808
v 6.467147 -9.652968 -0.119640
v 5.748097 -10.854204 -0.119640
v 6.107396 -9.431381 -0.074808
v 6.122316 -9.407687 1.025192
v 6.481528 -9.628943 0.980360
v 6.107396 -9.431381 -0.074808
v 6.481528 -9.628943 0.980360
v 6.467147 -9.652968 -0.119640
v 6.122316 -9.407687 1.025192
v 6.062635 -9.502462 2.818718
v 6.424004 -9.725042 2.776042
v 6.122316 -9.407687 1.025192
v 6.424004 -9.725042 2.776042
v 6.481528 -9.628943 0.980360
v 6.062635 -9.502462 2.818718
v 5.827641 -9.875635 3.188718
v 6.197504 -10.103431 3.146042
v 6.062635 -9.502462 2.818718
v 6.197504 -10.103431 3.146042
v 6.424004 -9.725042 2.776042
v 5.827641 -9.875635 3.188718
v 5.450904 -10.473898 3.068718
v 5.834383 -10.710056 3.026042
v 5.827641 -9.875635 3.188718
v 5.834383 -10.710056 3.026042
v 6.197504 -10.103431 3.146042
v 5.450904 -10.473898 3.068718
v 5.346462 -10.639753 1.075192
v 5.733716 -10.878229 1.030360
v 5.450904 -10.473898 3.068718
v 5.733716 -10.878229 1.030360
v 5.834383 -10.710056 3.026042
v 5.346462 -10.639753 1.075192
v 5.361382 -10.616060 -0.074808
v 5.748097 -10.854204 -0.119640
v 5.346462 -10.639753 1.075192
v 5.748097 -10.854204 -0.119640
v 5.733716 -10.878229 1.030360
v 5.748097 -10.854204 -0.119640
v 6.467147 -9.652968 -0.119640
v 6.811818 -9.853189 -0.171534
v 5.748097 -10.854204 -0.119640
v 6.811818 -9.853189 -0.171534
v 6.128534 -11.075123 -0.171534
v 6.467147 -9.652968 -0.119640
v 6.481528 -9.628943 0.980360
v 6.825483 -9.828750 0.928466
v 6.467147 -9.652968 -0.119640
v 6.825483 -9.828750 0.928466
v 6.811818 -9.853189 -0.171534
v 6.481528 -9.628943 0.980360
v 6.424004 -9.725042 2.776042
v 6.770821 -9.926505 2.726143
v 6.481528 -9.628943 0.980360
v 6.770821 -9.926505 2.726143
v 6.825483 -9.828750 0.928466
v 6.424004 -9.725042 2.776042
v 6.197504 -10.103431 3.146042
v 6.555586 -10.311414 3.096143
v 6.424004 -9.725042 2.776042
v 6.555586 -10.311414 3.096143
v 6.770821 -9.926505 2.726143
v 6.197504 -10.103431 3.146042
v 5.834383 -10.710056 3.026042
v 6.210528 -10.928491 2.976143
v 6.197504 -10.103431 3.146042
v 6.210528 -10.928491 2.976143
v 6.555586 -10.311414 3.096143
v 5.834383 -10.710056 3.026042
v 5.733716 -10.878229 1.030360
v 6.114868 -11.099562 0.978466
v 5.834383 -10.710056 3.026042
v 6.114868 -11.099562 0.978466
v 6.210528 -10.928491 2.976143
v 5.733716 -10.878229 1.030360
v 5.748097 -10.854204 -0.119640
v 6.128534 -11.075123 -0.171534
v 5.733716 -10.878229 1.030360
v 6.128534 -11.075123 -0.171534
v 6.114868 -11.099562 0.978466
v 6.128534 -11.075123 -0.171534
v 6.811818 -9.853189 -0.171534
v 7.137654 -10.028125 -0.226347
v 6.128534 -11.075123 -0.171534
v 7.137654 -10.028125 -0.226347
v 6.500976 -11.274978 -0.226347
v 6.811818 -9.853189 -0.171534
v 6.825483 -9.828750 0.928466
v 7.150387 -10.003188 0.873653
v 6.811818 -9.853189 -0.171534
v 7.150387 -10.003188 0.873653
v 7.137654 -10.028125 -0.226347
v 6.825483 -9.828750 0.928466
v 6.770821 -9.926505 2.726143
v 7.099453 -10.102936 2.672897
v 6.825483 -9.828750 0.928466
v 7.099453 -10.102936 2.672897
v 7.150387 -10.003188 0.873653
v 6.770821 -9.926505 2.726143
v 6.555586 -10.311414 3.096143
v 6.898900 -10.495695 3.042897
v 6.770821 -9.926505 2.726143
v 6.898900 -10.495695 3.042897
v 7.099453 -10.102936 2.672897
v 6.555586 -10.311414 3.096143
v 6.210528 -10.928491 2.976143
v 6.577377 -11.125356 2.922897
v 6.555586 -10.311414 3.096143
v 6.577377 -11.125356 2.922897
v 6.898900 -10.495695 3.042897
v 6.210528 -10.928491 2.976143
v 6.114868 -11.099562 0.978466
v 6.488242 -11.299915 0.923653
v 6.210528 -10.928491 2.976143
v 6.488242 -11.299915 0.923653
v 6.577377 -11.125356 2.922897
v 6.114868 -11.099562 0.978466
v 6.128534 -11.075123 -0.171534
v 6.500976 -11.274978 -0.226347
v 6.114868 -11.099562 0.978466
v 6.500976 -11.274978 -0.226347
v 6.488242 -11.299915 0.923653
v 6.500976 -11.274978 -0.226347
v 7.137654 -10.028125 -0.226347
v 7.438681 -10.173619 -0.280602
v 6.500976 -11.274978 -0.226347
v 7.438681 -10.173619 -0.280602
v 6.862253 -11.449444 -0.280602
v 7.137654 -10.028125 -0.226347
v 7.150387 -10.003188 0.873653
v 7.450210 -10.148103 0.819398
v 7.137654 -10.028125 -0.226347
v 7.450210 -10.148103 0.819398
v 7.438681 -10.173619 -0.280602
v 7.150387 -10.003188 0.873653
v 7.099453 -10.102936 2.672897
v 7.404096 -10.250169 2.619386
v 7.150387 -10.003188 0.873653
v 7.404096 -10.250169 2.619386
v 7.450210 -10.148103 0.819398
v 7.099453 -10.102936 2.672897
v 6.898900 -10.495695 3.042897
v 7.222521 -10.652054 2.989386
v 7.099453 -10.102936 2.672897
v 7.222521 -10.652054 2.989386
v 7.404096 -10.250169 2.619386
v 6.898900 -10.495695 3.042897
v 6.577377 -11.125356 2.922897
v 6.931424 -11.296345 2.869386
v 6.898900 -10.495695 3.042897
v 6.931424 -11.296345 2.869386
v 7.222521 -10.652054 2.989386
v 6.577377 -11.125356 2.922897
v 6.488242 -11.299915 0.923653
v 6.850724 -11.474961 0.869398
v 6.577377 -11.125356 2.922897
v 6.850724 -11.474961 0.869398
v 6.931424 -11.296345 2.869386
v 6.488242 -11.299915 0.923653
v 6.500976 -11.274978 -0.226347
v 6.862253 -11.449444 -0.280602
v 6.488242 -11.299915 0.923653
v 6.862253 -11.449444 -0.280602
v 6.850724 -11.474961 0.869398
v 6.862253 -11.449444 -0.280602
v 7.438681 -10.173619 -0.280602
v 7.706248 -10.285532 -0.328534
v 6.862253 -11.449444 -0.280602
v 7.706248 -10.285532 -0.328534
v 7.207498 -11.593679 -0.328534
v 7.438681 -10.173619 -0.280602
v 7.450210 -10.148103 0.819398
v 7.716223 -10.259369 0.771466
v 7.438681 -10.173619 -0.280602
v 7.716223 -10.259369 0.771466
v 7.706248 -10.285532 -0.328534
v 7.450210 -10.148103 0.819398
v 7.404096 -10.250169 2.619386
v 7.676323 -10.364021 2.570904
v 7.450210 -10.148103 0.819398
v 7.676323 -10.364021 2.570904
v 7.716223 -10.259369 0.771466
v 7.404096 -10.250169 2.619386
v 7.222521 -10.652054 2.989386
v 7.519217 -10.776087 2.940904
v 7.404096 -10.250169 2.619386
v 7.519217 -10.776087 2.940904
v 7.676323 -10.364021 2.570904
v 7.222521 -10.652054 2.989386
v 6.931424 -11.296345 2.869386
v 7.267348 -11.436702 2.820904
v 7.222521 -10.652054 2.989386
v 7.267348 -11.436702 2.820904
v 7.519217 -10.776087 2.940904
v 6.931424 -11.296345 2.869386
v 6.850724 -11.474961 0.869398
v 7.197523 -11.619842 0.821466
v 6.931424 -11.296345 2.869386
v 7.197523 -11.619842 0.821466
v 7.267348 -11.436702 2.820904
v 6.850724 -11.474961 0.869398
v 6.862253 -11.449444 -0.280602
v 7.207498 -11.593679 -0.328534
v 6.850724 -11.474961 0.869398
v 7.207498 -11.593679 -0.328534
v 7.197523 -11.619842 0.821466
v 7.207498 -11.593679 -0.328534
v 7.706248 -10.285532 -0.328534
v 7.930373 -10.361802 -0.370244
v 7.207498 -11.593679 -0.328534
v 7.930373 -10.361802 -0.370244
v 7.530205 -11.703392 -0.370244
v 7.706248 -10.285532 -0.328534
v 7.716223 -10.259369 0.771466
v 7.938376 -10.334970 0.729756
v 7.706248 -10.285532 -0.328534
v 7.938376 -10.334970 0.729756
v 7.930373 -10.361802 -0.370244
v 7.716223 -10.259369 0.771466
v 7.676323 -10.364021 2.570904
v 7.906363 -10.442297 2.526935
v 7.716223 -10.259369 0.771466
v 7.906363 -10.442297 2.526935
v 7.938376 -10.334970 0.729756
v 7.676323 -10.364021 2.570904
v 7.519217 -10.776087 2.940904
v 7.780310 -10.864898 2.896935
v 7.676323 -10.364021 2.570904
v 7.780310 -10.864898 2.896935
v 7.906363 -10.442297 2.526935
v 7.519217 -10.776087 2.940904
v 7.267348 -11.436702 2.820904
v 7.578225 -11.542402 2.776935
v 7.519217 -10.776087 2.940904
v 7.578225 -11.542402 2.776935
v 7.780310 -10.864898 2.896935
v 7.267348 -11.436702 2.820904
v 7.197523 -11.619842 0.821466
v 7.522202 -11.730224 0.779756
v 7.267348 -11.436702 2.820904
v 7.522202 -11.730224 0.779756
v 7.578225 -11.542402 2.776935
v 7.197523 -11.619842 0.821466
v 7.207498 -11.593679 -0.328534
v 7.530205 -11.703392 -0.370244
v 7.197523 -11.619842 0.821466
v 7.530205 -11.703392 -0.370244
v 7.522202 -11.730224 0.779756
v 7.530205 -11.703392 -0.370244
v 7.930373 -10.361802 -0.370244
v 8.098000 -10.403411 -0.400768
v 7.530205 -11.703392 -0.370244
v 8.098000 -10.403411 -0.400768
v 7.821921 -11.775920 -0.400768
v 7.930373 -10.361802 -0.370244
v 7.938376 -10.334970 0.729756
v 8.103521 -10.375961 0.699232
v 7.930373 -10.361802 -0.370244
v 8.103521 -10.375961 0.699232
v 8.098000 -10.403411 -0.400768
v 7.938376 -10.334970 0.729756
v 7.906363 -10.442297 2.526935
v 8.081435 -10.485762 2.492369
v 7.938376 -10.334970 0.729756
v 8.081435 -10.485762 2.492369
v 8.103521 -10.375961 0.699232
v 7.906363 -10.442297 2.526935
v 7.780310 -10.864898 2.896935
v 7.994470 -10.918102 2.862369
v 7.906363 -10.442297 2.526935
v 7.994470 -10.918102 2.862369
v 8.081435 -10.485762 2.492369
v 7.780310 -10.864898 2.896935
v 7.578225 -11.542402 2.776935
v 7.855051 -11.611219 2.742369
v 7.780310 -10.864898 2.896935
v 7.855051 -11.611219 2.742369
v 7.994470 -10.918102 2.862369
v 7.578225 -11.542402 2.776935
v 7.522202 -11.730224 0.779756
v 7.816400 -11.803371 0.749232
v 7.578225 -11.542402 2.776935
v 7.816400 -11.803371 0.749232
v 7.855051 -11.611219 2.742369
v 7.522202 -11.730224 0.779756
v 7.530205 -11.703392 -0.370244
v 7.821921 -11.775920 -0.400768
v 7.522202 -11.730224 0.779756
v 7.821921 -11.775920 -0.400768
v 7.816400 -11.803371 0.749232
v 7.821921 -11.775920 -0.400768
v 8.098000 -10.403411 -0.400768
v 8.198686 -10.417212 -0.421591
v 7.821921 -11.775920 -0.400768
v 8.198686 -10.417212 -0.421591
v 8.076765 -11.811893 -0.421591
v 8.098000 -10.403411 -0.400768
v 8.103521 -10.375961 0.699232
v 8.201124 -10.389318 0.678409
v 8.098000 -10.403411 -0.400768
v 8.201124 -10.389318 0.678409
v 8.198686 -10.417212 -0.421591
v 8.103521 -10.375961 0.699232
v 8.081435 -10.485762 2.492369
v 8.191371 -10.500893 2.466233
v 8.103521 -10.375961 0.699232
v 8.191371 -10.500893 2.466233
v 8.201124 -10.389318 0.678409
v 8.081435 -10.485762 2.492369
v 7.994470 -10.918102 2.862369
v 8.152966 -10.940217 2.836233
v 8.081435 -10.485762 2.492369
v 8.152966 -10.940217 2.836233
v 8.191371 -10.500893 2.466233
v 7.994470 -10.918102 2.862369
v 7.855051 -11.611219 2.742369
v 8.091396 -11.644531 2.716233
v 7.994470 -10.918102 2.862369
v 8.091396 -11.644531 2.716233
v 8.152966 -10.940217 2.836233
v 7.855051 -11.611219 2.742369
v 7.816400 -11.803371 0.749232
v 8.074327 -11.839787 0.728409
v 7.855051 -11.611219 2.742369
v 8.074327 -11.839787 0.728409
v 8.091396 -11.644531 2.716233
v 7.816400 -11.803371 0.749232
v 7.821921 -11.775920 -0.400768
v 8.076765 -11.811893 -0.421591
v 7.816400 -11.803371 0.749232
v 8.076765 -11.811893 -0.421591
v 8.074327 -11.839787 0.728409
v 8.076765 -11.811893 -0.421591
v 8.198686 -10.417212 -0.421591
v 8.229937 -10.417114 -0.436962
v 8.076765 -11.811893 -0.421591
v 8.229937 -10.417114 -0.436962
v 8.298647 -11.815426 -0.436962
v 8.198686 -10.417212 -0.421591
v 8.201124 -10.389318 0.678409
v 8.228562 -10.389147 0.663038
v 8.198686 -10.417212 -0.421591
v 8.228562 -10.389147 0.663038
v 8.229937 -10.417114 -0.436962
v 8.201124 -10.389318 0.678409
v 8.191371 -10.500893 2.466233
v 8.234059 -10.501012 2.445193
v 8.201124 -10.389318 0.678409
v 8.234059 -10.501012 2.445193
v 8.228562 -10.389147 0.663038
v 8.191371 -10.500893 2.466233
v 8.152966 -10.940217 2.836233
v 8.255703 -10.941481 2.815193
v 8.191371 -10.500893 2.466233
v 8.255703 -10.941481 2.815193
v 8.234059 -10.501012 2.445193
v 8.152966 -10.940217 2.836233
v 8.091396 -11.644531 2.716233
v 8.290401 -11.647629 2.695193
v 8.152966 -10.940217 2.836233
v 8.290401 -11.647629 2.695193
v 8.255703 -10.941481 2.815193
v 8.091396 -11.644531 2.716233
v 8.074327 -11.839787 0.728409
v 8.300021 -11.843393 0.713038
v 8.091396 -11.644531 2.716233
v 8.300021 -11.843393 0.713038
v 8.290401 -11.647629 2.695193
v 8.074327 -11.839787 0.728409
v 8.076765 -11.811893 -0.421591
v 8.298647 -11.815426 -0.436962
v 8.074327 -11.839787 0.728409
v 8.298647 -11.815426 -0.436962
v 8.300021 -11.843393 0.713038
v 8.298647 -11.815426 -0.436962
v 8.229937 -10.417114 -0.436962
v 8.201303 -10.420756 -0.442098
v 8.298647 -11.815426 -0.436962
v 8.201303 -10.420756 -0.442098
v 8.506389 -11.787109 -0.442098
v 8.229937 -10.417114 -0.436962
v 8.228562 -10.389147 0.663038
v 8.195201 -10.393429 0.657902
v 8.229937 -10.417114 -0.436962
v 8.195201 -10.393429 0.657902
v 8.201303 -10.420756 -0.442098
v 8.228562 -10.389147 0.663038
v 8.234059 -10.501012 2.445193
v 8.219608 -10.502737 2.434466
v 8.228562 -10.389147 0.663038
v 8.219608 -10.502737 2.434466
v 8.195201 -10.393429 0.657902
v 8.234059 -10.501012 2.445193
v 8.255703 -10.941481 2.815193
v 8.315710 -10.933138 2.804466
v 8.234059 -10.501012 2.445193
v 8.315710 -10.933138 2.804466
v 8.219608 -10.502737 2.434466
v 8.255703 -10.941481 2.815193
v 8.290401 -11.647629 2.695193
v 8.469779 -11.623147 2.684466
v 8.255703 -10.941481 2.815193
v 8.469779 -11.623147 2.684466
v 8.315710 -10.933138 2.804466
v 8.290401 -11.647629 2.695193
v 8.300021 -11.843393 0.713038
v 8.512491 -11.814437 0.707902
v 8.290401 -11.647629 2.695193
v 8.512491 -11.814437 0.707902
v 8.469779 -11.623147 2.684466
v 8.300021 -11.843393 0.713038
v 8.298647 -11.815426 -0.436962
v 8.506389 -11.787109 -0.442098
v 8.300021 -11.843393 0.713038
v 8.506389 -11.787109 -0.442098
v 8.512491 -11.814437 0.707902
v 8.506389 -11.787109 -0.442098
v 8.201303 -10.420756 -0.442098
v 8.162850 -10.433081 -0.449887
v 8.506389 -11.787109 -0.442098
v 8.162850 -10.433081 -0.449887
v 8.705712 -11.723546 -0.449887
v 8.201303 -10.420756 -0.442098
v 8.195201 -10.393429 0.657902
v 8.151993 -10.407272 0.650113
v 8.201303 -10.420756 -0.442098
v 8.151993 -10.407272 0.650113
v 8.162850 -10.433081 -0.449887
v 8.195201 -10.393429 0.657902
v 8.219608 -10.502737 2.434466
v 8.195422 -10.510509 2.419897
v 8.195201 -10.393429 0.657902
v 8.195422 -10.510509 2.419897
v 8.151993 -10.407272 0.650113
v 8.219608 -10.502737 2.434466
v 8.315710 -10.933138 2.804466
v 8.366423 -10.917006 2.789897
v 8.219608 -10.502737 2.434466
v 8.366423 -10.917006 2.789897
v 8.195422 -10.510509 2.419897
v 8.315710 -10.933138 2.804466
v 8.469779 -11.623147 2.684466
v 8.640569 -11.568691 2.669897
v 8.315710 -10.933138 2.804466
v 8.640569 -11.568691 2.669897
v 8.366423 -10.917006 2.789897
v 8.469779 -11.623147 2.684466
v 8.512491 -11.814437 0.707902
v 8.716569 -11.749356 0.700113
v 8.469779 -11.623147 2.684466
v 8.716569 -11.749356 0.700113
v 8.640569 -11.568691 2.669897
v 8.512491 -11.814437 0.707902
v 8.506389 -11.787109 -0.442098
v 8.705712 -11.723546 -0.449887
v 8.512491 -11.814437 0.707902
v 8.705712 -11.723546 -0.449887
v 8.716569 -11.749356 0.700113
v 8.705712 -11.723546 -0.449887
v 8.162850 -10.433081 -0.449887
v 8.168219 -10.430983 -0.460513
v 8.705712 -11.723546 -0.449887
v 8.168219 -10.430983 -0.460513
v 8.896250 -11.626797 -0.460513
v 8.162850 -10.433081 -0.449887
v 8.151993 -10.407272 0.650113
v 8.153659 -10.407066 0.639487
v 8.162850 -10.433081 -0.449887
v 8.153659 -10.407066 0.639487
v 8.168219 -10.430983 -0.460513
v 8.151993 -10.407272 0.650113
v 8.195422 -10.510509 2.419897
v 8.211901 -10.502731 2.398320
v 8.151993 -10.407272 0.650113
v 8.211901 -10.502731 2.398320
v 8.153659 -10.407066 0.639487
v 8.195422 -10.510509 2.419897
v 8.366423 -10.917006 2.789897
v 8.441231 -10.879413 2.768320
v 8.195422 -10.510509 2.419897
v 8.441231 -10.879413 2.768320
v 8.211901 -10.502731 2.398320
v 8.366423 -10.917006 2.789897
v 8.640569 -11.568691 2.669897
v 8.808886 -11.483299 2.648320
v 8.366423 -10.917006 2.789897
v 8.808886 -11.483299 2.648320
v 8.441231 -10.879413 2.768320
v 8.640569 -11.568691 2.669897
v 8.716569 -11.749356 0.700113
v 8.910810 -11.650713 0.689487
v 8.640569 -11.568691 2.669897
v 8.910810 -11.650713 0.689487
v 8.808886 -11.483299 2.648320
v 8.716569 -11.749356 0.700113
v 8.705712 -11.723546 -0.449887
v 8.896250 -11.626797 -0.460513
v 8.716569 -11.749356 0.700113
v 8.896250 -11.626797 -0.460513
v 8.910810 -11.650713 0.689487
v 8.896250 -11.626797 -0.460513
v 8.168219 -10.430983 -0.460513
v 8.227022 -10.390974 -0.467839
v 8.896250 -11.626797 -0.460513
v 8.227022 -10.390974 -0.467839
v 9.094187 -11.490075 -0.467839
v 8.168219 -10.430983 -0.460513
v 8.153659 -10.407066 0.639487
v 8.209678 -10.368992 0.632161
v 8.168219 -10.430983 -0.460513
v 8.209678 -10.368992 0.632161
v 8.227022 -10.390974 -0.467839
v 8.153659 -10.407066 0.639487
v 8.211901 -10.502731 2.398320
v 8.279052 -10.456920 2.372035
v 8.153659 -10.407066 0.639487
v 8.279052 -10.456920 2.372035
v 8.209678 -10.368992 0.632161
v 8.211901 -10.502731 2.398320
v 8.441231 -10.879413 2.768320
v 8.552209 -10.803137 2.742035
v 8.211901 -10.502731 2.398320
v 8.552209 -10.803137 2.742035
v 8.279052 -10.456920 2.372035
v 8.441231 -10.879413 2.768320
v 8.808886 -11.483299 2.648320
v 8.990127 -11.358183 2.622035
v 8.441231 -10.879413 2.768320
v 8.990127 -11.358183 2.622035
v 8.552209 -10.803137 2.742035
v 8.808886 -11.483299 2.648320
v 8.910810 -11.650713 0.689487
v 9.111531 -11.512057 0.682161
v 8.808886 -11.483299 2.648320
v 9.111531 -11.512057 0.682161
v 8.990127 -11.358183 2.622035
v 8.910810 -11.650713 0.689487
v 8.896250 -11.626797 -0.460513
v 9.094187 -11.490075 -0.467839
v 8.910810 -11.650713 0.689487
v 9.094187 -11.490075 -0.467839
v 9.111531 -11.512057 0.682161
v 9.094187 -11.490075 -0.467839
v 8.227022 -10.390974 -0.467839
v 8.332090 -10.299677 -0.477863
v 9.094187 -11.490075 -0.467839
v 8.332090 -10.299677 -0.477863
v 9.305329 -11.306059 -0.477863
v 8.227022 -10.390974 -0.467839
v 8.209678 -10.368992 0.632161
v 8.312625 -10.279549 0.622137
v 8.227022 -10.390974 -0.467839
v 8.312625 -10.279549 0.622137
v 8.332090 -10.299677 -0.477863
v 8.209678 -10.368992 0.632161
v 8.279052 -10.456920 2.372035
v 8.390484 -10.360059 2.331639
v 8.209678 -10.368992 0.632161
v 8.390484 -10.360059 2.331639
v 8.312625 -10.279549 0.622137
v 8.279052 -10.456920 2.372035
v 8.552209 -10.803137 2.742035
v 8.697054 -10.677070 2.701639
v 8.279052 -10.456920 2.372035
v 8.697054 -10.677070 2.701639
v 8.390484 -10.360059 2.331639
v 8.552209 -10.803137 2.742035
v 8.990127 -11.358183 2.622035
v 9.188540 -11.185293 2.581639
v 8.552209 -10.803137 2.742035
v 9.188540 -11.185293 2.581639
v 8.697054 -10.677070 2.701639
v 8.990127 -11.358183 2.622035
v 9.111531 -11.512057 0.682161
v 9.324794 -11.326186 0.672137
v 8.990127 -11.358183 2.622035
v 9.324794 -11.326186 0.672137
v 9.188540 -11.185293 2.581639
v 9.111531 -11.512057 0.682161
v 9.094187 -11.490075 -0.467839
v 9.305329 -11.306059 -0.477863
v 9.111531 -11.512057 0.682161
v 9.305329 -11.306059 -0.477863
v 9.324794 -11.326186 0.672137
v 9.305329 -11.306059 -0.477863
v 8.332090 -10.299677 -0.477863
v 8.470060 -10.154501 -0.484258
v 9.305329 -11.306059 -0.477863
v 8.470060 -10.154501 -0.484258
v 9.524962 -11.074925 -0.484258
v 8.332090 -10.299677 -0.477863
v 8.312625 -10.279549 0.622137
v 8.448962 -10.136093 0.615742
v 8.332090 -10.299677 -0.477863
v 8.448962 -10.136093 0.615742
v 8.470060 -10.154501 -0.484258
v 8.312625 -10.279549 0.622137
v 8.390484 -10.360059 2.331639
v 8.533354 -10.209727 2.282714
v 8.312625 -10.279549 0.622137
v 8.533354 -10.209727 2.282714
v 8.448962 -10.136093 0.615742
v 8.390484 -10.360059 2.331639
v 8.697054 -10.677070 2.701639
v 8.865648 -10.499660 2.652714
v 8.390484 -10.360059 2.331639
v 8.865648 -10.499660 2.652714
v 8.533354 -10.209727 2.282714
v 8.697054 -10.677070 2.701639
v 9.188540 -11.185293 2.581639
v 9.398374 -10.964474 2.532714
v 8.697054 -10.677070 2.701639
v 9.398374 -10.964474 2.532714
v 8.865648 -10.499660 2.652714
v 9.188540 -11.185293 2.581639
v 9.324794 -11.326186 0.672137
v 9.546061 -11.093334 0.665742
v 9.188540 -11.185293 2.581639
v 9.546061 -11.093334 0.665742
v 9.398374 -10.964474 2.532714
v 9.324794 -11.326186 0.672137
v 9.305329 -11.306059 -0.477863
v 9.524962 -11.074925 -0.484258
v 9.324794 -11.326186 0.672137
v 9.524962 -11.074925 -0.484258
v 9.546061 -11.093334 0.665742
v 9.524962 -11.074925 -0.484258
v 8.470060 -10.154501 -0.484258
v 8.629053 -9.958168 -0.483645
v 9.524962 -11.074925 -0.484258
v 8.629053 -9.958168 -0.483645
v 9.746345 -10.801766 -0.483645
v 8.470060 -10.154501 -0.484258
v 8.448962 -10.136093 0.615742
v 8.606707 -9.941296 0.616355
v 8.470060 -10.154501 -0.484258
v 8.606707 -9.941296 0.616355
v 8.629053 -9.958168 -0.483645
v 8.448962 -10.136093 0.615742
v 8.533354 -10.209727 2.282714
v 8.696090 -10.008784 2.232010
v 8.448962 -10.136093 0.615742
v 8.696090 -10.008784 2.232010
v 8.606707 -9.941296 0.616355
v 8.533354 -10.209727 2.282714
v 8.865648 -10.499660 2.652714
v 9.048037 -10.274517 2.602010
v 8.533354 -10.209727 2.282714
v 9.048037 -10.274517 2.602010
v 8.696090 -10.008784 2.232010
v 8.865648 -10.499660 2.652714
v 9.398374 -10.964474 2.532714
v 9.612270 -10.700534 2.482010
v 8.865648 -10.499660 2.652714
v 9.612270 -10.700534 2.482010
v 9.048037 -10.274517 2.602010
v 9.398374 -10.964474 2.532714
v 9.546061 -11.093334 0.665742
v 9.768691 -10.818638 0.666355
v 9.398374 -10.964474 2.532714
v 9.768691 -10.818638 0.666355
v 9.612270 -10.700534 2.482010
v 9.546061 -11.093334 0.665742
v 9.524962 -11.074925 -0.484258
v 9.746345 -10.801766 -0.483645
v 9.546061 -11.093334 0.665742
v 9.746345 -10.801766 -0.483645
v 9.768691 -10.818638 0.666355
v 9.746345 -10.801766 -0.483645
v 8.629053 -9.958168 -0.483645
v 8.803300 -9.711652 -0.478593
v 9.746345 -10.801766 -0.483645
v 8.803300 -9.711652 -0.478593
v 9.960777 -10.499210 -0.478593
v 8.629053 -9.958168 -0.483645
v 8.606707 -9.941296 0.616355
v 8.780150 -9.695901 0.621407
v 8.629053 -9.958168 -0.483645
v 8.780150 -9.695901 0.621407
v 8.803300 -9.711652 -0.478593
v 8.606707 -9.941296 0.616355
v 8.696090 -10.008784 2.232010
v 8.872748 -9.758906 2.184970
v 8.606707 -9.941296 0.616355
v 8.872748 -9.758906 2.184970
v 8.780150 -9.695901 0.621407
v 8.696090 -10.008784 2.232010
v 9.048037 -10.274517 2.602010
v 9.237354 -10.006986 2.554970
v 8.696090 -10.008784 2.232010
v 9.237354 -10.006986 2.554970
v 8.872748 -9.758906 2.184970
v 9.048037 -10.274517 2.602010
v 9.612270 -10.700534 2.482010
v 9.821880 -10.404703 2.434970
v 9.048037 -10.274517 2.602010
v 9.821880 -10.404703 2.434970
v 9.237354 -10.006986 2.554970
v 9.612270 -10.700534 2.482010
v 9.768691 -10.818638 0.666355
v 9.983927 -10.514961 0.671407
v 9.612270 -10.700534 2.482010
v 9.983927 -10.514961 0.671407
v 9.821880 -10.404703 2.434970
v 9.768691 -10.818638 0.666355
v 9.746345 -10.801766 -0.483645
v 9.960777 -10.499210 -0.478593
v 9.768691 -10.818638 0.666355
v 9.960777 -10.499210 -0.478593
v 9.983927 -10.514961 0.671407
v 9.960777 -10.499210 -0.478593
v 8.803300 -9.711652 -0.478593
v 9.284396 -9.003119 -0.444644
v 9.960777 -10.499210 -0.478593
v 9.284396 -9.003119 -0.444644
v 10.335167 -9.928257 -0.444644
v 8.803300 -9.711652 -0.478593
v 8.780150 -9.695901 0.621407
v 9.263381 -8.984617 0.655356
v 8.803300 -9.711652 -0.478593
v 9.263381 -8.984617 0.655356
v 9.284396 -9.003119 -0.444644
v 8.780150 -9.695901 0.621407
v 8.872748 -9.758906 2.184970
v 9.347442 -9.058628 2.155853
v 8.780150 -9.695901 0.621407
v 9.347442 -9.058628 2.155853
v 9.263381 -8.984617 0.655356
v 8.872748 -9.758906 2.184970
v 9.237354 -10.006986 2.554970
v 9.678435 -9.350046 2.525853
v 8.872748 -9.758906 2.184970
v 9.678435 -9.350046 2.525853
v 9.347442 -9.058628 2.155853
v 9.237354 -10.006986 2.554970
v 9.821880 -10.404703 2.434970
v 10.209075 -9.817241 2.405853
v 9.237354 -10.006986 2.554970
v 10.209075 -9.817241 2.405853
v 9.678435 -9.350046 2.525853
v 9.821880 -10.404703 2.434970
v 9.983927 -10.514961 0.671407
v 10.356182 -9.946760 0.705356
v 9.821880 -10.404703 2.434970
v 10.356182 -9.946760 0.705356
v 10.209075 -9.817241 2.405853
v 9.983927 -10.514961 0.671407
v 9.960777 -10.499210 -0.478593
v 10.335167 -9.928257 -0.444644
v 9.983927 -10.514961 0.671407
v 10.335167 -9.928257 -0.444644
v 10.356182 -9.946760 0.705356
v 10.335167 -9.928257 -0.444644
v 9.284396 -9.003119 -0.444644
v 10.178923 -8.155917 -0.327721
v 10.335167 -9.928257 -0.444644
v 10.178923 -8.155917 -0.327721
v 11.060366 -9.243602 -0.327721
v 9.284396 -9.003119 -0.444644
v 9.263381 -8.984617 0.655356
v 10.161294 -8.134163 0.772279
v 9.284396 -9.003119 -0.444644
v 10.161294 -8.134163 0.772279
v 10.178923 -8.155917 -0.327721
v 9.263381 -8.984617 0.655356
v 9.347442 -9.058628 2.155853
v 10.231809 -8.221178 2.364415
v 9.263381 -8.984617 0.655356
v 10.231809 -8.221178 2.364415
v 10.161294 -8.134163 0.772279
v 9.347442 -9.058628 2.155853
v 9.678435 -9.350046 2.525853
v 10.509464 -8.563799 2.734415
v 9.347442 -9.058628 2.155853
v 10.509464 -8.563799 2.734415
v 10.231809 -8.221178 2.364415
v 9.678435 -9.350046 2.525853
v 10.209075 -9.817241 2.405853
v 10.954593 -9.113080 2.614415
v 9.678435 -9.350046 2.525853
v 10.954593 -9.113080 2.614415
v 10.509464 -8.563799 2.734415
v 10.209075 -9.817241 2.405853
v 10.356182 -9.946760 0.705356
v 11.077995 -9.265355 0.822279
v 10.209075 -9.817241 2.405853
v 11.077995 -9.265355 0.822279
v 10.954593 -9.113080 2.614415
v 10.356182 -9.946760 0.705356
v 10.335167 -9.928257 -0.444644
v 11.060366 -9.243602 -0.327721
v 10.356182 -9.946760 0.705356
v 11.060366 -9.243602 -0.327721
v 11.077995 -9.265355 0.822279
v 11.060366 -9.243602 -0.327721
v 10.178923 -8.155917 -0.327721
v 10.868581 -7.712560 -0.197049
v 11.060366 -9.243602 -0.327721
v 10.868581 -7.712560 -0.197049
v 11.619949 -8.893850 -0.197049
v 10.178923 -8.155917 -0.327721
v 10.161294 -8.134163 0.772279
v 10.853553 -7.688934 0.902951
v 10.178923 -8.155917 -0.327721
v 10.853553 -7.688934 0.902951
v 10.868581 -7.712560 -0.197049
v 10.161294 -8.134163 0.772279
v 10.231809 -8.221178 2.364415
v 10.913663 -7.783437 2.611101
v 10.161294 -8.134163 0.772279
v 10.913663 -7.783437 2.611101
v 10.853553 -7.688934 0.902951
v 10.231809 -8.221178 2.364415
v 10.509464 -8.563799 2.734415
v 11.150344 -8.155544 2.981101
v 10.231809 -8.221178 2.364415
v 11.150344 -8.155544 2.981101
v 10.913663 -7.783437 2.611101
v 10.509464 -8.563799 2.734415
v 10.954593 -9.113080 2.614415
v 11.529784 -8.752095 2.861101
v 10.509464 -8.563799 2.734415
v 11.529784 -8.752095 2.861101
v 11.150344 -8.155544 2.981101
v 10.954593 -9.113080 2.614415
v 11.077995 -9.265355 0.822279
v 11.634976 -8.917476 0.952951
v 10.954593 -9.113080 2.614415
v 11.634976 -8.917476 0.952951
v 11.529784 -8.752095 2.861101
v 11.077995 -9.265355 0.822279
v 11.060366 -9.243602 -0.327721
v 11.619949 -8.893850 -0.197049
v 11.077995 -9.265355 0.822279
v 11.619949 -8.893850 -0.197049
v 11.634976 -8.917476 0.952951
v 11.619949 -8.893850 -0.197049
v 10.868581 -7.712560 -0.197049
v 11.234786 -7.478956 -0.115295
v 11.619949 -8.893850 -0.197049
v 11.234786 -7.478956 -0.115295
v 12.000782 -8.650814 -0.115295
v 10.868581 -7.712560 -0.197049
v 10.853553 -7.688934 0.902951
v 11.219467 -7.455519 0.984705
v 10.868581 -7.712560 -0.197049
v 11.219467 -7.455519 0.984705
v 11.234786 -7.478956 -0.115295
v 10.853553 -7.688934 0.902951
v 10.913663 -7.783437 2.611101
v 11.280746 -7.549268 2.749745
v 10.853553 -7.688934 0.902951
v 11.280746 -7.549268 2.749745
v 11.219467 -7.455519 0.984705
v 10.913663 -7.783437 2.611101
v 11.150344 -8.155544 2.981101
v 11.522035 -7.918403 3.119745
v 10.913663 -7.783437 2.611101
v 11.522035 -7.918403 3.119745
v 11.280746 -7.549268 2.749745
v 11.150344 -8.155544 2.981101
v 11.529784 -8.752095 2.861101
v 11.908862 -8.510191 2.999745
v 11.150344 -8.155544 2.981101
v 11.908862 -8.510191 2.999745
v 11.522035 -7.918403 3.119745
v 11.529784 -8.752095 2.861101
v 11.634976 -8.917476 0.952951
v 12.016102 -8.674252 1.034705
v 11.529784 -8.752095 2.861101
v 12.016102 -8.674252 1.034705
v 11.908862 -8.510191 2.999745
v 11.634976 -8.917476 0.952951
v 11.619949 -8.893850 -0.197049
v 12.000782 -8.650814 -0.115295
v 11.634976 -8.917476 0.952951
v 12.000782 -8.650814 -0.115295
v 12.016102 -8.674252 1.034705
v 12.000782 -8.650814 -0.115295
v 11.234786 -7.478956 -0.115295
v 11.585232 -7.244271 -0.043772
v 12.000782 -8.650814 -0.115295
v 11.585232 -7.244271 -0.043772
v 12.377956 -8.398216 -0.043772
v 11.234786 -7.478956 -0.115295
v 11.219467 -7.455519 0.984705
v 11.569377 -7.221192 1.056228
v 11.234786 -7.478956 -0.115295
v 11.569377 -7.221192 1.056228
v 11.585232 -7.244271 -0.043772
v 11.219467 -7.455519 0.984705
v 11.280746 -7.549268 2.749745
v 11.632795 -7.313508 2.852521
v 11.219467 -7.455519 0.984705
v 11.632795 -7.313508 2.852521
v 11.569377 -7.221192 1.056228
v 11.280746 -7.549268 2.749745
v 11.522035 -7.918403 3.119745
v 11.882503 -7.677000 3.222521
v 11.280746 -7.549268 2.749745
v 11.882503 -7.677000 3.222521
v 11.632795 -7.313508 2.852521
v 11.522035 -7.918403 3.119745
v 11.908862 -8.510191 2.999745
v 12.282829 -8.259742 3.102521
v 11.522035 -7.918403 3.119745
v 12.282829 -8.259742 3.102521
v 11.882503 -7.677000 3.222521
v 11.908862 -8.510191 2.999745
v 12.016102 -8.674252 1.034705
v 12.393810 -8.421295 1.106228
v 11.908862 -8.510191 2.999745
v 12.393810 -8.421295 1.106228
v 12.282829 -8.259742 3.102521
v 12.016102 -8.674252 1.034705
v 12.000782 -8.650814 -0.115295
v 12.377956 -8.398216 -0.043772
v 12.016102 -8.674252 1.034705
v 12.377956 -8.398216 -0.043772
v 12.393810 -8.421295 1.106228
v 12.377956 -8.398216 -0.043772
v 11.585232 -7.244271 -0.043772
v 11.924073 -7.005481 0.016092
v 12.377956 -8.398216 -0.043772
v 11.924073 -7.005481 0.016092
v 12.745511 -8.139165 0.016092
v 11.585232 -7.244271 -0.043772
v 11.569377 -7.221192 1.056228
v 11.907644 -6.982808 1.116092
v 11.585232 -7.244271 -0.043772
v 11.907644 -6.982808 1.116092
v 11.924073 -7.005481 0.016092
v 11.569377 -7.221192 1.056228
v 11.632795 -7.313508 2.852521
v 11.973359 -7.073502 2.911486
v 11.569377 -7.221192 1.056228
v 11.973359 -7.073502 2.911486
v 11.907644 -6.982808 1.116092
v 11.632795 -7.313508 2.852521
v 11.882503 -7.677000 3.222521
v 12.232112 -7.430613 3.281486
v 11.632795 -7.313508 2.852521
v 12.232112 -7.430613 3.281486
v 11.973359 -7.073502 2.911486
v 11.882503 -7.677000 3.222521
v 12.282829 -8.259742 3.102521
v 12.646938 -8.003123 3.161486
v 11.882503 -7.677000 3.222521
v 12.646938 -8.003123 3.161486
v 12.232112 -7.430613 3.281486
v 12.282829 -8.259742 3.102521
v 12.393810 -8.421295 1.106228
v 12.761940 -8.161839 1.166092
v 12.282829 -8.259742 3.102521
v 12.761940 -8.161839 1.166092
v 12.646938 -8.003123 3.161486
v 12.393810 -8.421295 1.106228
v 12.377956 -8.398216 -0.043772
v 12.745511 -8.139165 0.016092
v 12.393810 -8.421295 1.106228
v 12.745511 -8.139165 0.016092
v 12.761940 -8.161839 1.166092
v 12.745511 -8.139165 0.016092
v 11.924073 -7.005481 0.016092
v 12.249861 -6.762753 0.067805
v 12.745511 -8.139165 0.016092
v 12.249861 -6.762753 0.067805
v 13.102201 -7.873391 0.067805
v 11.924073 -7.005481 0.016092
v 11.907644 -6.982808 1.116092
v 12.232814 -6.740540 1.167805
v 11.924073 -7.005481 0.016092
v 12.232814 -6.740540 1.167805
v 12.249861 -6.762753 0.067805
v 11.907644 -6.982808 1.116092
v 11.973359 -7.073502 2.911486
v 12.301002 -6.829391 2.930955
v 11.907644 -6.982808 1.116092
v 12.301002 -6.829391 2.930955
v 12.232814 -6.740540 1.167805
v 11.973359 -7.073502 2.911486
v 12.232112 -7.430613 3.281486
v 12.569489 -7.179242 3.300955
v 11.973359 -7.073502 2.911486
v 12.569489 -7.179242 3.300955
v 12.301002 -6.829391 2.930955
v 12.232112 -7.430613 3.281486
v 12.646938 -8.003123 3.161486
v 12.999920 -7.740114 3.180955
v 12.232112 -7.430613 3.281486
v 12.999920 -7.740114 3.180955
v 12.569489 -7.179242 3.300955
v 12.646938 -8.003123 3.161486
v 12.761940 -8.161839 1.166092
v 13.119248 -7.895604 1.217805
v 12.646938 -8.003123 3.161486
v 13.119248 -7.895604 1.217805
v 12.999920 -7.740114 3.180955
v 12.761940 -8.161839 1.166092
v 12.745511 -8.139165 0.016092
v 13.102201 -7.873391 0.067805
v 12.761940 -8.161839 1.166092
v 13.102201 -7.873391 0.067805
v 13.119248 -7.895604 1.217805
v 13.102201 -7.873391 0.067805
v 12.249861 -6.762753 0.067805
v 12.561764 -6.516159 0.115479
v 13.102201 -7.873391 0.067805
v 12.561764 -6.516159 0.115479
v 13.447070 -7.600703 0.115479
v 12.249861 -6.762753 0.067805
v 12.232814 -6.740540 1.167805
v 12.544058 -6.494468 1.215479
v 12.249861 -6.762753 0.067805
v 12.544058 -6.494468 1.215479
v 12.561764 -6.516159 0.115479
v 12.232814 -6.740540 1.167805
v 12.301002 -6.829391 2.930955
v 12.614883 -6.581232 2.922658
v 12.232814 -6.740540 1.167805
v 12.614883 -6.581232 2.922658
v 12.544058 -6.494468 1.215479
v 12.301002 -6.829391 2.930955
v 12.569489 -7.179242 3.300955
v 12.893754 -6.922863 3.292658
v 12.301002 -6.829391 2.930955
v 12.893754 -6.922863 3.292658
v 12.614883 -6.581232 2.922658
v 12.569489 -7.179242 3.300955
v 12.999920 -7.740114 3.180955
v 13.340833 -7.470557 3.172658
v 12.569489 -7.179242 3.300955
v 13.340833 -7.470557 3.172658
v 12.893754 -6.922863 3.292658
v 12.999920 -7.740114 3.180955
v 13.119248 -7.895604 1.217805
v 13.464776 -7.622393 1.265479
v 12.999920 -7.740114 3.180955
v 13.464776 -7.622393 1.265479
v 13.340833 -7.470557 3.172658
v 13.119248 -7.895604 1.217805
v 13.102201 -7.873391 0.067805
v 13.447070 -7.600703 0.115479
v 13.119248 -7.895604 1.217805
v 13.447070 -7.600703 0.115479
v 13.464776 -7.622393 1.265479
v 13.447070 -7.600703 0.115479
v 12.561764 -6.516159 0.115479
v 12.857309 -6.266992 0.158553
v 13.447070 -7.600703 0.115479
v 12.857309 -6.266992 0.158553
v 13.778238 -7.321453 0.158553
v 12.561764 -6.516159 0.115479
v 12.544058 -6.494468 1.215479
v 12.838890 -6.245902 1.258553
v 12.561764 -6.516159 0.115479
v 12.838890 -6.245902 1.258553
v 12.857309 -6.266992 0.158553
v 12.544058 -6.494468 1.215479
v 12.614883 -6.581232 2.922658
v 12.912565 -6.330259 2.898653
v 12.544058 -6.494468 1.215479
v 12.912565 -6.330259 2.898653
v 12.838890 -6.245902 1.258553
v 12.614883 -6.581232 2.922658
v 12.893754 -6.922863 3.292658
v 13.202657 -6.662415 3.268653
v 12.614883 -6.581232 2.922658
v 13.202657 -6.662415 3.268653
v 12.912565 -6.330259 2.898653
v 12.893754 -6.922863 3.292658
v 13.340833 -7.470557 3.172658
v 13.667727 -7.194918 3.148653
v 12.893754 -6.922863 3.292658
v 13.667727 -7.194918 3.148653
v 13.202657 -6.662415 3.268653
v 13.340833 -7.470557 3.172658
v 13.464776 -7.622393 1.265479
v 13.796657 -7.342542 1.308553
v 13.340833 -7.470557 3.172658
v 13.796657 -7.342542 1.308553
v 13.667727 -7.194918 3.148653
v 13.464776 -7.622393 1.265479
v 13.447070 -7.600703 0.115479
v 13.778238 -7.321453 0.158553
v 13.464776 -7.622393 1.265479
v 13.778238 -7.321453 0.158553
v 13.796657 -7.342542 1.308553
v 13.778238 -7.321453 0.158553
v 12.857309 -6.266992 0.158553
v 13.135221 -6.015435 0.193713
v 13.778238 -7.321453 0.158553
v 13.135221 -6.015435 0.193713
v 14.094281 -7.035339 0.193713
v 12.857309 -6.266992 0.158553
v 12.838890 -6.245902 1.258553
v 13.116040 -5.995037 1.293713
v 12.857309 -6.266992 0.158553
v 13.116040 -5.995037 1.293713
v 13.135221 -6.015435 0.193713
v 12.838890 -6.245902 1.258553
v 12.912565 -6.330259 2.898653
v 13.192765 -6.076629 2.869717
v 12.838890 -6.245902 1.258553
v 13.192765 -6.076629 2.869717
v 13.116040 -5.995037 1.293713
v 12.912565 -6.330259 2.898653
v 13.202657 -6.662415 3.268653
v 13.494868 -6.397899 3.239717
v 12.912565 -6.330259 2.898653
v 13.494868 -6.397899 3.239717
v 13.192765 -6.076629 2.869717
v 13.202657 -6.662415 3.268653
v 13.667727 -7.194918 3.148653
v 13.979194 -6.912950 3.119717
v 13.202657 -6.662415 3.268653
v 13.979194 -6.912950 3.119717
v 13.494868 -6.397899 3.239717
v 13.667727 -7.194918 3.148653
v 13.796657 -7.342542 1.308553
v 14.113462 -7.055737 1.343713
v 13.667727 -7.194918 3.148653
v 14.113462 -7.055737 1.343713
v 13.979194 -6.912950 3.119717
v 13.796657 -7.342542 1.308553
v 13.778238 -7.321453 0.158553
v 14.094281 -7.035339 0.193713
v 13.796657 -7.342542 1.308553
v 14.094281 -7.035339 0.193713
v 14.113462 -7.055737 1.343713
v 14.094281 -7.035339 0.193713
v 13.135221 -6.015435 0.193713
v 13.394879 -5.761617 0.218958
v 14.094281 -7.035339 0.193713
v 13.394879 -5.761617 0.218958
v 14.394108 -6.742199 0.218958
v 13.135221 -6.015435 0.193713
v 13.116040 -5.995037 1.293713
v 13.374894 -5.742005 1.318958
v 13.135221 -6.015435 0.193713
v 13.374894 -5.742005 1.318958
v 13.394879 -5.761617 0.218958
v 13.116040 -5.995037 1.293713
v 13.192765 -6.076629 2.869717
v 13.454833 -5.820452 2.846266
v 13.116040 -5.995037 1.293713
v 13.454833 -5.820452 2.846266
v 13.374894 -5.742005 1.318958
v 13.192765 -6.076629 2.869717
v 13.494868 -6.397899 3.239717
v 13.769590 -6.129335 3.216266
v 13.192765 -6.076629 2.869717
v 13.769590 -6.129335 3.216266
v 13.454833 -5.820452 2.846266
v 13.494868 -6.397899 3.239717
v 13.979194 -6.912950 3.119717
v 14.274201 -6.624529 3.096266
v 13.494868 -6.397899 3.239717
v 14.274201 -6.624529 3.096266
v 13.769590 -6.129335 3.216266
v 13.979194 -6.912950 3.119717
v 14.113462 -7.055737 1.343713
v 14.414093 -6.761810 1.368958
v 13.979194 -6.912950 3.119717
v 14.414093 -6.761810 1.368958
v 14.274201 -6.624529 3.096266
v 14.113462 -7.055737 1.343713
v 14.094281 -7.035339 0.193713
v 14.394108 -6.742199 0.218958
v 14.113462 -7.055737 1.343713
v 14.394108 -6.742199 0.218958
v 14.414093 -6.761810 1.368958
v 14.394108 -6.742199 0.218958
v 13.394879 -5.761617 0.218958
v 13.634430 -5.506899 0.234598
v 14.394108 -6.742199 0.218958
v 13.634430 -5.506899 0.234598
v 14.675924 -6.442468 0.234598
v 13.394879 -5.761617 0.218958
v 13.374894 -5.742005 1.318958
v 13.613600 -5.488187 1.334598
v 13.394879 -5.761617 0.218958
v 13.613600 -5.488187 1.334598
v 13.634430 -5.506899 0.234598
v 13.374894 -5.742005 1.318958
v 13.454833 -5.820452 2.846266
v 13.696920 -5.563033 2.837048
v 13.374894 -5.742005 1.318958
v 13.696920 -5.563033 2.837048
v 13.613600 -5.488187 1.334598
v 13.454833 -5.820452 2.846266
v 13.769590 -6.129335 3.216266
v 14.024990 -5.857737 3.207048
v 13.454833 -5.820452 2.846266
v 14.024990 -5.857737 3.207048
v 13.696920 -5.563033 2.837048
v 13.769590 -6.129335 3.216266
v 14.274201 -6.624529 3.096266
v 14.550945 -6.330200 3.087048
v 13.769590 -6.129335 3.216266
v 14.550945 -6.330200 3.087048
v 14.024990 -5.857737 3.207048
v 14.274201 -6.624529 3.096266
v 14.414093 -6.761810 1.368958
v 14.696754 -6.461179 1.384598
v 14.274201 -6.624529 3.096266
v 14.696754 -6.461179 1.384598
v 14.550945 -6.330200 3.087048
v 14.414093 -6.761810 1.368958
v 14.394108 -6.742199 0.218958
v 14.675924 -6.442468 0.234598
v 14.414093 -6.761810 1.368958
v 14.675924 -6.442468 0.234598
v 14.696754 -6.461179 1.384598
v 14.675924 -6.442468 0.234598
v 13.634430 -5.506899 0.234598
v 13.852503 -5.252390 0.243727
v 14.675924 -6.442468 0.234598
v 13.852503 -5.252390 0.243727
v 14.938060 -6.136452 0.243727
v 13.634430 -5.506899 0.234598
v 13.613600 -5.488187 1.334598
v 13.830791 -5.234709 1.343727
v 13.634430 -5.506899 0.234598
v 13.830791 -5.234709 1.343727
v 13.852503 -5.252390 0.243727
v 13.613600 -5.488187 1.334598
v 13.696920 -5.563033 2.837048
v 13.917636 -5.305434 2.848002
v 13.613600 -5.488187 1.334598
v 13.917636 -5.305434 2.848002
v 13.830791 -5.234709 1.343727
v 13.696920 -5.563033 2.837048
v 14.024990 -5.857737 3.207048
v 14.259586 -5.583913 3.218002
v 13.696920 -5.563033 2.837048
v 14.259586 -5.583913 3.218002
v 13.917636 -5.305434 2.848002
v 14.024990 -5.857737 3.207048
v 14.550945 -6.330200 3.087048
v 14.807793 -6.030364 3.098002
v 14.024990 -5.857737 3.207048
v 14.807793 -6.030364 3.098002
v 14.259586 -5.583913 3.218002
v 14.550945 -6.330200 3.087048
v 14.696754 -6.461179 1.384598
v 14.959771 -6.154133 1.393727
v 14.550945 -6.330200 3.087048
v 14.959771 -6.154133 1.393727
v 14.807793 -6.030364 3.098002
v 14.696754 -6.461179 1.384598
v 14.675924 -6.442468 0.234598
v 14.938060 -6.136452 0.243727
v 14.696754 -6.461179 1.384598
v 14.938060 -6.136452 0.243727
v 14.959771 -6.154133 1.393727
v 14.938060 -6.136452 0.243727
v 13.852503 -5.252390 0.243727
v 14.048806 -4.998310 0.254714
v 14.938060 -6.136452 0.243727
v 14.048806 -4.998310 0.254714
v 15.179310 -5.824120 0.254714
v 13.852503 -5.252390 0.243727
v 13.830791 -5.234709 1.343727
v 14.026196 -4.981794 1.354714
v 13.852503 -5.252390 0.243727
v 14.026196 -4.981794 1.354714
v 14.048806 -4.998310 0.254714
v 13.830791 -5.234709 1.343727
v 13.917636 -5.305434 2.848002
v 14.116636 -5.047858 2.885062
v 13.830791 -5.234709 1.343727
v 14.116636 -5.047858 2.885062
v 14.026196 -4.981794 1.354714
v 13.917636 -5.305434 2.848002
v 14.259586 -5.583913 3.218002
v 14.472745 -5.307989 3.255062
v 13.917636 -5.305434 2.848002
v 14.472745 -5.307989 3.255062
v 14.116636 -5.047858 2.885062
v 14.259586 -5.583913 3.218002
v 14.807793 -6.030364 3.098002
v 15.043649 -5.725022 3.135062
v 14.259586 -5.583913 3.218002
v 15.043649 -5.725022 3.135062
v 14.472745 -5.307989 3.255062
v 14.807793 -6.030364 3.098002
v 14.959771 -6.154133 1.393727
v 15.201920 -5.840636 1.404714
v 14.807793 -6.030364 3.098002
v 15.201920 -5.840636 1.404714
v 15.043649 -5.725022 3.135062
v 14.959771 -6.154133 1.393727
v 14.938060 -6.136452 0.243727
v 15.179310 -5.824120 0.254714
v 14.959771 -6.154133 1.393727
v 15.179310 -5.824120 0.254714
v 15.201920 -5.840636 1.404714
v 15.179310 -5.824120 0.254714
v 14.048806 -4.998310 0.254714
v 14.223165 -4.745232 0.274656
v 15.179310 -5.824120 0.254714
v 14.223165 -4.745232 0.274656
v 15.398616 -5.505702 0.274656
v 14.048806 -4.998310 0.254714
v 14.026196 -4.981794 1.354714
v 14.199656 -4.730022 1.374656
v 14.048806 -4.998310 0.254714
v 14.199656 -4.730022 1.374656
v 14.223165 -4.745232 0.274656
v 14.026196 -4.981794 1.354714
v 14.116636 -5.047858 2.885062
v 14.293692 -4.790860 2.949022
v 14.026196 -4.981794 1.354714
v 14.293692 -4.790860 2.949022
v 14.199656 -4.730022 1.374656
v 14.116636 -5.047858 2.885062
v 14.472745 -5.307989 3.255062
v 14.663959 -5.030408 3.319022
v 14.116636 -5.047858 2.885062
v 14.663959 -5.030408 3.319022
v 14.293692 -4.790860 2.949022
v 14.472745 -5.307989 3.255062
v 15.043649 -5.725022 3.135062
v 15.257562 -5.414446 3.199022
v 14.472745 -5.307989 3.255062
v 15.257562 -5.414446 3.199022
v 14.663959 -5.030408 3.319022
v 15.043649 -5.725022 3.135062
v 15.201920 -5.840636 1.404714
v 15.422125 -5.520911 1.424656
v 15.043649 -5.725022 3.135062
v 15.422125 -5.520911 1.424656
v 15.257562 -5.414446 3.199022
v 15.201920 -5.840636 1.404714
v 15.179310 -5.824120 0.254714
v 15.398616 -5.505702 0.274656
v 15.201920 -5.840636 1.404714
v 15.398616 -5.505702 0.274656
v 15.422125 -5.520911 1.424656
v 15.398616 -5.505702 0.274656
v 14.223165 -4.745232 0.274656
v 14.375842 -4.493102 0.306825
v 15.398616 -5.505702 0.274656
v 14.375842 -4.493102 0.306825
v 15.595110 -5.181133 0.306825
v 14.223165 -4.745232 0.274656
v 14.199656 -4.730022 1.374656
v 14.351457 -4.479342 1.406825
v 14.223165 -4.745232 0.274656
v 14.351457 -4.479342 1.406825
v 14.375842 -4.493102 0.306825
v 14.199656 -4.730022 1.374656
v 14.293692 -4.790860 2.949022
v 14.448998 -4.534384 3.034890
v 14.199656 -4.730022 1.374656
v 14.448998 -4.534384 3.034890
v 14.351457 -4.479342 1.406825
v 14.293692 -4.790860 2.949022
v 14.663959 -5.030408 3.319022
v 14.833068 -4.751114 3.404890
v 14.293692 -4.790860 2.949022
v 14.833068 -4.751114 3.404890
v 14.448998 -4.534384 3.034890
v 14.663959 -5.030408 3.319022
v 15.257562 -5.414446 3.199022
v 15.448798 -5.098569 3.284890
v 14.663959 -5.030408 3.319022
v 15.448798 -5.098569 3.284890
v 14.833068 -4.751114 3.404890
v 15.257562 -5.414446 3.199022
v 15.422125 -5.520911 1.424656
v 15.619495 -5.194894 1.456825
v 15.257562 -5.414446 3.199022
v 15.619495 -5.194894 1.456825
v 15.448798 -5.098569 3.284890
v 15.422125 -5.520911 1.424656
v 15.398616 -5.505702 0.274656
v 15.595110 -5.181133 0.306825
v 15.422125 -5.520911 1.424656
v 15.595110 -5.181133 0.306825
v 15.619495 -5.194894 1.456825
v 15.595110 -5.181133 0.306825
v 14.375842 -4.493102 0.306825
v 14.508222 -4.240330 0.351047
v 15.595110 -5.181133 0.306825
v 14.508222 -4.240330 0.351047
v 15.768599 -4.849798 0.351047
v 14.375842 -4.493102 0.306825
v 14.351457 -4.479342 1.406825
v 14.483015 -4.228141 1.451047
v 14.375842 -4.493102 0.306825
v 14.483015 -4.228141 1.451047
v 14.508222 -4.240330 0.351047
v 14.351457 -4.479342 1.406825
v 14.448998 -4.534384 3.034890
v 14.583845 -4.276898 3.134242
v 14.351457 -4.479342 1.406825
v 14.583845 -4.276898 3.134242
v 14.483015 -4.228141 1.451047
v 14.448998 -4.534384 3.034890
v 14.833068 -4.751114 3.404890
v 14.980864 -4.468881 3.504242
v 14.448998 -4.534384 3.034890
v 14.980864 -4.468881 3.504242
v 14.583845 -4.276898 3.134242
v 14.833068 -4.751114 3.404890
v 15.448798 -5.098569 3.284890
v 15.617354 -4.776662 3.384242
v 14.833068 -4.751114 3.404890
v 15.617354 -4.776662 3.384242
v 14.980864 -4.468881 3.504242
v 15.448798 -5.098569 3.284890
v 15.619495 -5.194894 1.456825
v 15.793807 -4.861987 1.501047
v 15.448798 -5.098569 3.284890
v 15.793807 -4.861987 1.501047
v 15.617354 -4.776662 3.384242
v 15.619495 -5.194894 1.456825
v 15.595110 -5.181133 0.306825
v 15.768599 -4.849798 0.351047
v 15.619495 -5.194894 1.456825
v 15.768599 -4.849798 0.351047
v 15.793807 -4.861987 1.501047
v 15.768599 -4.849798 0.351047
v 14.508222 -4.240330 0.351047
v 14.621922 -3.984374 0.413098
v 15.768599 -4.849798 0.351047
v 14.621922 -3.984374 0.413098
v 15.919197 -4.510757 0.413098
v 14.508222 -4.240330 0.351047
v 14.483015 -4.228141 1.451047
v 14.595977 -3.973847 1.513098
v 14.508222 -4.240330 0.351047
v 14.595977 -3.973847 1.513098
v 14.621922 -3.984374 0.413098
v 14.483015 -4.228141 1.451047
v 14.583845 -4.276898 3.134242
v 14.699759 -4.015957 3.245727
v 14.483015 -4.228141 1.451047
v 14.699759 -4.015957 3.245727
v 14.595977 -3.973847 1.513098
v 14.583845 -4.276898 3.134242
v 14.980864 -4.468881 3.504242
v 15.108400 -4.181768 3.615727
v 14.583845 -4.276898 3.134242
v 15.108400 -4.181768 3.615727
v 14.699759 -4.015957 3.245727
v 14.980864 -4.468881 3.504242
v 15.617354 -4.776662 3.384242
v 15.763524 -4.447591 3.495727
v 14.980864 -4.468881 3.504242
v 15.763524 -4.447591 3.495727
v 15.108400 -4.181768 3.615727
v 15.617354 -4.776662 3.384242
v 15.793807 -4.861987 1.501047
v 15.945142 -4.521285 1.563098
v 15.617354 -4.776662 3.384242
v 15.945142 -4.521285 1.563098
v 15.763524 -4.447591 3.495727
v 15.793807 -4.861987 1.501047
v 15.768599 -4.849798 0.351047
v 15.919197 -4.510757 0.413098
v 15.793807 -4.861987 1.501047
v 15.919197 -4.510757 0.413098
v 15.945142 -4.521285 1.563098
v 15.919197 -4.510757 0.413098
v 14.621922 -3.984374 0.413098
v 14.718445 -3.722271 0.479542
v 15.919197 -4.510757 0.413098
v 14.718445 -3.722271 0.479542
v 16.047281 -4.162948 0.479542
v 14.621922 -3.984374 0.413098
v 14.595977 -3.973847 1.513098
v 14.691869 -3.713458 1.579542
v 14.621922 -3.984374 0.413098
v 14.691869 -3.713458 1.579542
v 14.718445 -3.722271 0.479542
v 14.595977 -3.973847 1.513098
v 14.699759 -4.015957 3.245727
v 14.798175 -3.748712 3.350363
v 14.595977 -3.973847 1.513098
v 14.798175 -3.748712 3.350363
v 14.691869 -3.713458 1.579542
v 14.699759 -4.015957 3.245727
v 15.108400 -4.181768 3.615727
v 15.216759 -3.887525 3.720363
v 14.699759 -4.015957 3.245727
v 15.216759 -3.887525 3.720363
v 14.798175 -3.748712 3.350363
v 15.108400 -4.181768 3.615727
v 15.763524 -4.447591 3.495727
v 15.887821 -4.110067 3.600363
v 15.108400 -4.181768 3.615727
v 15.887821 -4.110067 3.600363
v 15.216759 -3.887525 3.720363
v 15.763524 -4.447591 3.495727
v 15.945142 -4.521285 1.563098
v 16.073858 -4.171762 1.629542
v 15.763524 -4.447591 3.495727
v 16.073858 -4.171762 1.629542
v 15.887821 -4.110067 3.600363
v 15.945142 -4.521285 1.563098
v 15.919197 -4.510757 0.413098
v 16.047281 -4.162948 0.479542
v 15.945142 -4.521285 1.563098
v 16.047281 -4.162948 0.479542
v 16.073858 -4.171762 1.629542
v 16.047281 -4.162948 0.479542
v 14.718445 -3.722271 0.479542
v 14.799208 -3.449559 0.558195
v 16.047281 -4.162948 0.479542
v 14.799208 -3.449559 0.558195
v 16.153401 -3.804751 0.558195
v 14.718445 -3.722271 0.479542
v 14.691869 -3.713458 1.579542
v 14.772124 -3.442455 1.658195
v 14.718445 -3.722271 0.479542
v 14.772124 -3.442455 1.658195
v 14.799208 -3.449559 0.558195
v 14.691869 -3.713458 1.579542
v 14.798175 -3.748712 3.350363
v 14.880459 -3.470871 3.452144
v 14.691869 -3.713458 1.579542
v 14.880459 -3.470871 3.452144
v 14.772124 -3.442455 1.658195
v 14.798175 -3.748712 3.350363
v 15.216759 -3.887525 3.720363
v 15.307030 -3.582756 3.822144
v 14.798175 -3.748712 3.350363
v 15.307030 -3.582756 3.822144
v 14.880459 -3.470871 3.452144
v 15.216759 -3.887525 3.720363
v 15.887821 -4.110067 3.600363
v 15.990898 -3.762128 3.702144
v 15.216759 -3.887525 3.720363
v 15.990898 -3.762128 3.702144
v 15.307030 -3.582756 3.822144
v 15.887821 -4.110067 3.600363
v 16.073858 -4.171762 1.629542
v 16.180485 -3.811855 1.708195
v 15.887821 -4.110067 3.600363
v 16.180485 -3.811855 1.708195
v 15.990898 -3.762128 3.702144
v 16.073858 -4.171762 1.629542
v 16.047281 -4.162948 0.479542
v 16.153401 -3.804751 0.558195
v 16.073858 -4.171762 1.629542
v 16.153401 -3.804751 0.558195
v 16.180485 -3.811855 1.708195
v 16.153401 -3.804751 0.558195
v 14.799208 -3.449559 0.558195
v 14.865281 -3.161892 0.642201
v 16.153401 -3.804751 0.558195
v 14.865281 -3.161892 0.642201
v 16.238457 -3.434633 0.642201
v 14.799208 -3.449559 0.558195
v 14.772124 -3.442455 1.658195
v 14.837817 -3.156438 1.742201
v 14.799208 -3.449559 0.558195
v 14.837817 -3.156438 1.742201
v 14.865281 -3.161892 0.642201
v 14.772124 -3.442455 1.658195
v 14.880459 -3.470871 3.452144
v 14.947671 -3.178257 3.541895
v 14.772124 -3.442455 1.658195
v 14.947671 -3.178257 3.541895
v 14.837817 -3.156438 1.742201
v 14.880459 -3.470871 3.452144
v 15.307030 -3.582756 3.822144
v 15.380222 -3.264170 3.911895
v 14.880459 -3.470871 3.452144
v 15.380222 -3.264170 3.911895
v 14.947671 -3.178257 3.541895
v 15.307030 -3.582756 3.822144
v 15.990898 -3.762128 3.702144
v 16.073676 -3.401904 3.791895
v 15.307030 -3.582756 3.822144
v 16.073676 -3.401904 3.791895
v 15.380222 -3.264170 3.911895
v 15.990898 -3.762128 3.702144
v 16.180485 -3.811855 1.708195
v 16.265920 -3.440088 1.792201
v 15.990898 -3.762128 3.702144
v 16.265920 -3.440088 1.792201
v 16.073676 -3.401904 3.791895
v 16.180485 -3.811855 1.708195
v 16.153401 -3.804751 0.558195
v 16.238457 -3.434633 0.642201
v 16.180485 -3.811855 1.708195
v 16.238457 -3.434633 0.642201
v 16.265920 -3.440088 1.792201
v 16.238457 -3.434633 0.642201
v 14.865281 -3.161892 0.642201
v 14.917040 -2.855319 0.726218
v 16.238457 -3.434633 0.642201
v 14.917040 -2.855319 0.726218
v 16.303271 -3.051186 0.726218
v 14.865281 -3.161892 0.642201
v 14.837817 -3.156438 1.742201
v 14.889315 -2.851402 1.826218
v 14.865281 -3.161892 0.642201
v 14.889315 -2.851402 1.826218
v 14.917040 -2.855319 0.726218
v 14.837817 -3.156438 1.742201
v 14.947671 -3.178257 3.541895
v 15.000213 -2.867071 3.613474
v 14.837817 -3.156438 1.742201
v 15.000213 -2.867071 3.613474
v 14.889315 -2.851402 1.826218
v 14.947671 -3.178257 3.541895
v 15.380222 -3.264170 3.911895
v 15.436876 -2.928769 3.983474
v 14.947671 -3.178257 3.541895
v 15.436876 -2.928769 3.983474
v 15.000213 -2.867071 3.613474
v 15.380222 -3.264170 3.911895
v 16.073676 -3.401904 3.791895
v 16.136923 -3.027682 3.863474
v 15.380222 -3.264170 3.911895
v 16.136923 -3.027682 3.863474
v 15.436876 -2.928769 3.983474
v 16.073676 -3.401904 3.791895
v 16.265920 -3.440088 1.792201
v 16.330995 -3.055103 1.876218
v 16.073676 -3.401904 3.791895
v 16.330995 -3.055103 1.876218
v 16.136923 -3.027682 3.863474
v 16.265920 -3.440088 1.792201
v 16.238457 -3.434633 0.642201
v 16.303271 -3.051186 0.726218
v 16.265920 -3.440088 1.792201
v 16.303271 -3.051186 0.726218
v 16.330995 -3.055103 1.876218
v 16.303271 -3.051186 0.726218
v 14.917040 -2.855319 0.726218
v 14.954858 -2.526304 0.815686
v 16.303271 -3.051186 0.726218
v 14.954858 -2.526304 0.815686
v 16.349094 -2.653218 0.815686
v 14.917040 -2.855319 0.726218
v 14.889315 -2.851402 1.826218
v 14.926973 -2.523766 1.915686
v 14.917040 -2.855319 0.726218
v 14.926973 -2.523766 1.915686
v 14.954858 -2.526304 0.815686
v 14.889315 -2.851402 1.826218
v 15.000213 -2.867071 3.613474
v 15.038512 -2.533919 3.673204
v 14.889315 -2.851402 1.826218
v 15.038512 -2.533919 3.673204
v 14.926973 -2.523766 1.915686
v 15.000213 -2.867071 3.613474
v 15.436876 -2.928769 3.983474
v 15.477697 -2.573897 4.043204
v 15.000213 -2.867071 3.613474
v 15.477697 -2.573897 4.043204
v 15.038512 -2.533919 3.673204
v 15.436876 -2.928769 3.983474
v 16.136923 -3.027682 3.863474
v 16.181785 -2.637989 3.923204
v 15.436876 -2.928769 3.983474
v 16.181785 -2.637989 3.923204
v 15.477697 -2.573897 4.043204
v 16.136923 -3.027682 3.863474
v 16.330995 -3.055103 1.876218
v 16.376978 -2.655757 1.965686
v 16.136923 -3.027682 3.863474
v 16.376978 -2.655757 1.965686
v 16.181785 -2.637989 3.923204
v 16.330995 -3.055103 1.876218
v 16.303271 -3.051186 0.726218
v 16.349094 -2.653218 0.815686
v 16.330995 -3.055103 1.876218
v 16.349094 -2.653218 0.815686
v 16.376978 -2.655757 1.965686
v 16.349094 -2.653218 0.815686
v 14.954858 -2.526304 0.815686
v 14.978900 -2.173339 0.911229
v 16.349094 -2.653218 0.815686
v 14.978900 -2.173339 0.911229
v 16.377294 -2.240381 0.911229
v 14.954858 -2.526304 0.815686
v 14.926973 -2.523766 1.915686
v 14.950933 -2.171998 2.011229
v 14.954858 -2.526304 0.815686
v 14.950933 -2.171998 2.011229
v 14.978900 -2.173339 0.911229
v 14.926973 -2.523766 1.915686
v 15.038512 -2.533919 3.673204
v 15.062804 -2.177361 3.724615
v 14.926973 -2.523766 1.915686
v 15.062804 -2.177361 3.724615
v 14.950933 -2.171998 2.011229
v 15.038512 -2.533919 3.673204
v 15.477697 -2.573897 4.043204
v 15.503298 -2.198480 4.094615
v 15.038512 -2.533919 3.673204
v 15.503298 -2.198480 4.094615
v 15.062804 -2.177361 3.724615
v 15.477697 -2.573897 4.043204
v 16.181785 -2.637989 3.923204
v 16.209487 -2.232336 3.974615
v 15.477697 -2.573897 4.043204
v 16.209487 -2.232336 3.974615
v 15.503298 -2.198480 4.094615
v 16.181785 -2.637989 3.923204
v 16.376978 -2.655757 1.965686
v 16.405262 -2.241722 2.061229
v 16.181785 -2.637989 3.923204
v 16.405262 -2.241722 2.061229
v 16.209487 -2.232336 3.974615
v 16.376978 -2.655757 1.965686
v 16.349094 -2.653218 0.815686
v 16.377294 -2.240381 0.911229
v 16.376978 -2.655757 1.965686
v 16.377294 -2.240381 0.911229
v 16.405262 -2.241722 2.061229
v 16.377294 -2.240381 0.911229
v 14.978900 -2.173339 0.911229
v 14.989682 -1.795901 1.010773
v 16.377294 -2.240381 0.911229
v 14.989682 -1.795901 1.010773
v 16.389580 -1.812763 1.010773
v 14.978900 -2.173339 0.911229
v 14.950933 -2.171998 2.011229
v 14.961684 -1.795564 2.110773
v 14.978900 -2.173339 0.911229
v 14.961684 -1.795564 2.110773
v 14.989682 -1.795901 1.010773
v 14.950933 -2.171998 2.011229
v 15.062804 -2.177361 3.724615
v 15.073676 -1.796913 3.770657
v 14.950933 -2.171998 2.011229
v 15.073676 -1.796913 3.770657
v 14.961684 -1.795564 2.110773
v 15.062804 -2.177361 3.724615
v 15.503298 -2.198480 4.094615
v 15.514644 -1.802225 4.140657
v 15.062804 -2.177361 3.724615
v 15.514644 -1.802225 4.140657
v 15.073676 -1.796913 3.770657
v 15.503298 -2.198480 4.094615
v 16.209487 -2.232336 3.974615
v 16.221592 -1.810740 4.020657
v 15.503298 -2.198480 4.094615
v 16.221592 -1.810740 4.020657
v 15.514644 -1.802225 4.140657
v 16.209487 -2.232336 3.974615
v 16.405262 -2.241722 2.061229
v 16.417578 -1.813100 2.160773
v 16.209487 -2.232336 3.974615
v 16.417578 -1.813100 2.160773
v 16.221592 -1.810740 4.020657
v 16.405262 -2.241722 2.061229
v 16.377294 -2.240381 0.911229
v 16.389580 -1.812763 1.010773
v 16.405262 -2.241722 2.061229
v 16.389580 -1.812763 1.010773
v 16.417578 -1.813100 2.160773
v 16.389580 -1.812763 1.010773
v 14.989682 -1.795901 1.010773
v 14.988130 -1.393238 1.113628
v 16.389580 -1.812763 1.010773
v 14.988130 -1.393238 1.113628
v 16.387941 -1.370248 1.113628
v 14.989682 -1.795901 1.010773
v 14.961684 -1.795564 2.110773
v 14.960134 -1.393697 2.213628
v 14.989682 -1.795901 1.010773
v 14.960134 -1.393697 2.213628
v 14.988130 -1.393238 1.113628
v 14.961684 -1.795564 2.110773
v 15.073676 -1.796913 3.770657
v 15.072119 -1.391858 3.817401
v 14.961684 -1.795564 2.110773
v 15.072119 -1.391858 3.817401
v 14.960134 -1.393697 2.213628
v 15.073676 -1.796913 3.770657
v 15.514644 -1.802225 4.140657
v 15.513059 -1.384617 4.187401
v 15.073676 -1.796913 3.770657
v 15.513059 -1.384617 4.187401
v 15.072119 -1.391858 3.817401
v 15.514644 -1.802225 4.140657
v 16.221592 -1.810740 4.020657
v 16.219964 -1.373007 4.067401
v 15.514644 -1.802225 4.140657
v 16.219964 -1.373007 4.067401
v 15.513059 -1.384617 4.187401
v 16.221592 -1.810740 4.020657
v 16.417578 -1.813100 2.160773
v 16.415938 -1.369788 2.263628
v 16.221592 -1.810740 4.020657
v 16.415938 -1.369788 2.263628
v 16.219964 -1.373007 4.067401
v 16.417578 -1.813100 2.160773
v 16.389580 -1.812763 1.010773
v 16.387941 -1.370248 1.113628
v 16.417578 -1.813100 2.160773
v 16.387941 -1.370248 1.113628
v 16.415938 -1.369788 2.263628
v 16.387941 -1.370248 1.113628
v 14.988130 -1.393238 1.113628
v 14.975911 -0.965296 1.217897
v 16.387941 -1.370248 1.113628
v 14.975911 -0.965296 1.217897
v 16.374932 -0.912952 1.217897
v 14.988130 -1.393238 1.113628
v 14.960134 -1.393697 2.213628
v 14.947931 -0.966343 2.317897
v 14.988130 -1.393238 1.113628
v 14.947931 -0.966343 2.317897
v 14.975911 -0.965296 1.217897
v 14.960134 -1.393697 2.213628
v 15.072119 -1.391858 3.817401
v 15.059852 -0.962156 3.870943
v 14.960134 -1.393697 2.213628
v 15.059852 -0.962156 3.870943
v 14.947931 -0.966343 2.317897
v 15.072119 -1.391858 3.817401
v 15.513059 -1.384617 4.187401
v 15.500544 -0.945667 4.240943
v 15.072119 -1.391858 3.817401
v 15.500544 -0.945667 4.240943
v 15.059852 -0.962156 3.870943
v 15.513059 -1.384617 4.187401
v 16.219964 -1.373007 4.067401
v 16.207050 -0.919234 4.120943
v 15.513059 -1.384617 4.187401
v 16.207050 -0.919234 4.120943
v 15.500544 -0.945667 4.240943
v 16.219964 -1.373007 4.067401
v 16.415938 -1.369788 2.263628
v 16.402913 -0.911906 2.367897
v 16.219964 -1.373007 4.067401
v 16.402913 -0.911906 2.367897
v 16.207050 -0.919234 4.120943
v 16.415938 -1.369788 2.263628
v 16.387941 -1.370248 1.113628
v 16.374932 -0.912952 1.217897
v 16.415938 -1.369788 2.263628
v 16.374932 -0.912952 1.217897
v 16.402913 -0.911906 2.367897
v 16.374932 -0.912952 1.217897
v 14.975911 -0.965296 1.217897
v 14.955126 -0.513427 1.318321
v 16.374932 -0.912952 1.217897
v 14.955126 -0.513427 1.318321
v 16.353285 -0.441661 1.318321
v 14.975911 -0.965296 1.217897
v 14.947931 -0.966343 2.317897
v 14.927162 -0.514862 2.418321
v 14.975911 -0.965296 1.217897
v 14.927162 -0.514862 2.418321
v 14.955126 -0.513427 1.318321
v 14.947931 -0.966343 2.317897
v 15.059852 -0.962156 3.870943
v 15.039015 -0.509121 3.934411
v 14.947931 -0.966343 2.317897
v 15.039015 -0.509121 3.934411
v 14.927162 -0.514862 2.418321
v 15.059852 -0.962156 3.870943
v 15.500544 -0.945667 4.240943
v 15.479435 -0.486515 4.304411
v 15.059852 -0.962156 3.870943
v 15.479435 -0.486515 4.304411
v 15.039015 -0.509121 3.934411
v 15.500544 -0.945667 4.240943
v 16.207050 -0.919234 4.120943
v 16.185506 -0.450273 4.184411
v 15.500544 -0.945667 4.240943
v 16.185506 -0.450273 4.184411
v 15.479435 -0.486515 4.304411
v 16.207050 -0.919234 4.120943
v 16.402913 -0.911906 2.367897
v 16.381248 -0.440226 2.468321
v 16.207050 -0.919234 4.120943
v 16.381248 -0.440226 2.468321
v 16.185506 -0.450273 4.184411
v 16.402913 -0.911906 2.367897
v 16.374932 -0.912952 1.217897
v 16.353285 -0.441661 1.318321
v 16.402913 -0.911906 2.367897
v 16.353285 -0.441661 1.318321
v 16.381248 -0.440226 2.468321
v 16.353285 -0.441661 1.318321
v 14.955126 -0.513427 1.318321
v 14.928240 -0.037572 1.411579
v 16.353285 -0.441661 1.318321
v 14.928240 -0.037572 1.411579
v 16.325883 0.043644 1.411579
v 14.955126 -0.513427 1.318321
v 14.927162 -0.514862 2.418321
v 14.900288 -0.039196 2.511579
v 14.955126 -0.513427 1.318321
v 14.900288 -0.039196 2.511579
v 14.928240 -0.037572 1.411579
v 14.927162 -0.514862 2.418321
v 15.039015 -0.509121 3.934411
v 15.012099 -0.032699 4.011797
v 14.927162 -0.514862 2.418321
v 15.012099 -0.032699 4.011797
v 14.900288 -0.039196 2.511579
v 15.039015 -0.509121 3.934411
v 15.479435 -0.486515 4.304411
v 15.452356 -0.007116 4.381797
v 15.039015 -0.509121 3.934411
v 15.452356 -0.007116 4.381797
v 15.012099 -0.032699 4.011797
v 15.479435 -0.486515 4.304411
v 16.185506 -0.450273 4.184411
v 16.158166 0.033898 4.261797
v 15.479435 -0.486515 4.304411
v 16.158166 0.033898 4.261797
v 15.452356 -0.007116 4.381797
v 16.185506 -0.450273 4.184411
v 16.381248 -0.440226 2.468321
v 16.353836 0.045268 2.561579
v 16.185506 -0.450273 4.184411
v 16.353836 0.045268 2.561579
v 16.158166 0.033898 4.261797
v 16.381248 -0.440226 2.468321
v 16.353285 -0.441661 1.318321
v 16.325883 0.043644 1.411579
v 16.381248 -0.440226 2.468321
v 16.325883 0.043644 1.411579
v 16.353836 0.045268 2.561579
v 16.325883 0.043644 1.411579
v 14.928240 -0.037572 1.411579
v 14.898454 0.461559 1.491867
v 16.325883 0.043644 1.411579
v 14.898454 0.461559 1.491867
v 16.296105 0.542630 1.491867
v 14.928240 -0.037572 1.411579
v 14.900288 -0.039196 2.511579
v 14.870501 0.459938 2.591867
v 14.928240 -0.037572 1.411579
v 14.870501 0.459938 2.591867
v 14.898454 0.461559 1.491867
v 14.900288 -0.039196 2.511579
v 15.012099 -0.032699 4.011797
v 14.982313 0.466423 4.102258
v 14.900288 -0.039196 2.511579
v 14.982313 0.466423 4.102258
v 14.870501 0.459938 2.591867
v 15.012099 -0.032699 4.011797
v 15.452356 -0.007116 4.381797
v 15.422573 0.491961 4.472258
v 15.012099 -0.032699 4.011797
v 15.422573 0.491961 4.472258
v 14.982313 0.466423 4.102258
v 15.452356 -0.007116 4.381797
v 16.158166 0.033898 4.261797
v 16.128387 0.532901 4.352258
v 15.452356 -0.007116 4.381797
v 16.128387 0.532901 4.352258
v 15.422573 0.491961 4.472258
v 16.158166 0.033898 4.261797
v 16.353836 0.045268 2.561579
v 16.324058 0.544251 2.641867
v 16.158166 0.033898 4.261797
v 16.324058 0.544251 2.641867
v 16.128387 0.532901 4.352258
v 16.353836 0.045268 2.561579
v 16.325883 0.043644 1.411579
v 16.296105 0.542630 1.491867
v 16.353836 0.045268 2.561579
v 16.296105 0.542630 1.491867
v 16.324058 0.544251 2.641867
v 16.296105 0.542630 1.491867
v 14.898454 0.461559 1.491867
v 14.869039 0.983335 1.555888
v 16.296105 0.542630 1.491867
v 14.869039 0.983335 1.555888
v 16.267204 1.054991 1.555888
v 14.898454 0.461559 1.491867
v 14.870501 0.459938 2.591867
v 14.841076 0.981902 2.655888
v 14.898454 0.461559 1.491867
v 14.841076 0.981902 2.655888
v 14.869039 0.983335 1.555888
v 14.870501 0.459938 2.591867
v 14.982313 0.466423 4.102258
v 14.952929 0.987634 4.203484
v 14.870501 0.459938 2.591867
v 14.952929 0.987634 4.203484
v 14.841076 0.981902 2.655888
v 14.982313 0.466423 4.102258
v 15.422573 0.491961 4.472258
v 15.393351 1.010206 4.573484
v 14.982313 0.466423 4.102258
v 15.393351 1.010206 4.573484
v 14.952929 0.987634 4.203484
v 15.422573 0.491961 4.472258
v 16.128387 0.532901 4.352258
v 16.099424 1.046392 4.453484
v 15.422573 0.491961 4.472258
v 16.099424 1.046392 4.453484
v 15.393351 1.010206 4.573484
v 16.128387 0.532901 4.352258
v 16.324058 0.544251 2.641867
v 16.295167 1.056424 2.705888
v 16.128387 0.532901 4.352258
v 16.295167 1.056424 2.705888
v 16.099424 1.046392 4.453484
v 16.324058 0.544251 2.641867
v 16.296105 0.542630 1.491867
v 16.267204 1.054991 1.555888
v 16.324058 0.544251 2.641867
v 16.267204 1.054991 1.555888
v 16.295167 1.056424 2.705888
v 16.267204 1.054991 1.555888
v 14.869039 0.983335 1.555888
v 14.843863 1.527637 1.605192
v 16.267204 1.054991 1.555888
v 14.843863 1.527637 1.605192
v 16.242856 1.580734 1.605192
v 14.869039 0.983335 1.555888
v 14.841076 0.981902 2.655888
v 14.815884 1.526575 2.705192
v 14.869039 0.983335 1.555888
v 14.815884 1.526575 2.705192
v 14.843863 1.527637 1.605192
v 14.841076 0.981902 2.655888
v 14.952929 0.987634 4.203484
v 14.927803 1.530822 4.312694
v 14.841076 0.981902 2.655888
v 14.927803 1.530822 4.312694
v 14.815884 1.526575 2.705192
v 14.952929 0.987634 4.203484
v 15.393351 1.010206 4.573484
v 15.368486 1.547548 4.682694
v 14.952929 0.987634 4.203484
v 15.368486 1.547548 4.682694
v 14.927803 1.530822 4.312694
v 15.393351 1.010206 4.573484
v 16.099424 1.046392 4.453484
v 16.074977 1.574362 4.562694
v 15.393351 1.010206 4.573484
v 16.074977 1.574362 4.562694
v 15.368486 1.547548 4.682694
v 16.099424 1.046392 4.453484
v 16.295167 1.056424 2.705888
v 16.270836 1.581796 2.755192
v 16.099424 1.046392 4.453484
v 16.270836 1.581796 2.755192
v 16.074977 1.574362 4.562694
v 16.295167 1.056424 2.705888
v 16.267204 1.054991 1.555888
v 16.242856 1.580734 1.605192
v 16.295167 1.056424 2.705888
v 16.242856 1.580734 1.605192
v 16.270836 1.581796 2.755192
v 16.242856 1.580734 1.605192
v 14.843863 1.527637 1.605192
v 14.826980 2.093373 1.646115
v 16.242856 1.580734 1.605192
v 14.826980 2.093373 1.646115
v 16.226741 2.119224 1.646115
v 14.843863 1.527637 1.605192
v 14.815884 1.526575 2.705192
v 14.798985 2.092856 2.746115
v 14.843863 1.527637 1.605192
v 14.798985 2.092856 2.746115
v 14.826980 2.093373 1.646115
v 14.815884 1.526575 2.705192
v 14.927803 1.530822 4.312694
v 14.910966 2.094924 4.425636
v 14.815884 1.526575 2.705192
v 14.910966 2.094924 4.425636
v 14.798985 2.092856 2.746115
v 14.927803 1.530822 4.312694
v 15.368486 1.547548 4.682694
v 15.351890 2.103067 4.795636
v 14.927803 1.530822 4.312694
v 15.351890 2.103067 4.795636
v 14.910966 2.094924 4.425636
v 15.368486 1.547548 4.682694
v 16.074977 1.574362 4.562694
v 16.058770 2.116121 4.675636
v 15.368486 1.547548 4.682694
v 16.058770 2.116121 4.675636
v 15.351890 2.103067 4.795636
v 16.074977 1.574362 4.562694
v 16.270836 1.581796 2.755192
v 16.254736 2.119741 2.796115
v 16.074977 1.574362 4.562694
v 16.254736 2.119741 2.796115
v 16.058770 2.116121 4.675636
v 16.270836 1.581796 2.755192
v 16.242856 1.580734 1.605192
v 16.226741 2.119224 1.646115
v 16.270836 1.581796 2.755192
v 16.226741 2.119224 1.646115
v 16.254736 2.119741 2.796115
v 16.226741 2.119224 1.646115
v 14.826980 2.093373 1.646115
v 14.822680 2.679780 1.686359
v 16.226741 2.119224 1.646115
v 14.822680 2.679780 1.686359
v 16.222646 2.669989 1.686359
v 14.826980 2.093373 1.646115
v 14.798985 2.092856 2.746115
v 14.794680 2.679976 2.786359
v 14.826980 2.093373 1.646115
v 14.794680 2.679976 2.786359
v 14.822680 2.679780 1.686359
v 14.798985 2.092856 2.746115
v 14.910966 2.094924 4.425636
v 14.906678 2.679193 4.533780
v 14.798985 2.092856 2.746115
v 14.906678 2.679193 4.533780
v 14.794680 2.679976 2.786359
v 14.910966 2.094924 4.425636
v 15.351890 2.103067 4.795636
v 15.347667 2.676109 4.903780
v 14.910966 2.094924 4.425636
v 15.347667 2.676109 4.903780
v 14.906678 2.679193 4.533780
v 15.351890 2.103067 4.795636
v 16.058770 2.116121 4.675636
v 16.054650 2.671164 4.783780
v 15.351890 2.103067 4.795636
v 16.054650 2.671164 4.783780
v 15.347667 2.676109 4.903780
v 16.058770 2.116121 4.675636
v 16.254736 2.119741 2.796115
v 16.250645 2.669794 2.836359
v 16.058770 2.116121 4.675636
v 16.250645 2.669794 2.836359
v 16.054650 2.671164 4.783780
v 16.254736 2.119741 2.796115
v 16.226741 2.119224 1.646115
v 16.222646 2.669989 1.686359
v 16.254736 2.119741 2.796115
v 16.222646 2.669989 1.686359
v 16.250645 2.669794 2.836359
v 16.222646 2.669989 1.686359
v 14.822680 2.679780 1.686359
v 14.835425 3.285085 1.735099
v 16.222646 2.669989 1.686359
v 14.835425 3.285085 1.735099
v 16.234412 3.231836 1.735099
v 14.822680 2.679780 1.686359
v 14.794680 2.679976 2.786359
v 14.807445 3.286150 2.835099
v 14.822680 2.679780 1.686359
v 14.807445 3.286150 2.835099
v 14.835425 3.285085 1.735099
v 14.794680 2.679976 2.786359
v 14.906678 2.679193 4.533780
v 14.919364 3.281890 4.627000
v 14.794680 2.679976 2.786359
v 14.919364 3.281890 4.627000
v 14.807445 3.286150 2.835099
v 14.906678 2.679193 4.533780
v 15.347667 2.676109 4.903780
v 15.360045 3.265117 4.997000
v 14.906678 2.679193 4.533780
v 15.360045 3.265117 4.997000
v 14.919364 3.281890 4.627000
v 15.347667 2.676109 4.903780
v 16.054650 2.671164 4.783780
v 16.066533 3.238226 4.877000
v 15.347667 2.676109 4.903780
v 16.066533 3.238226 4.877000
v 15.360045 3.265117 4.997000
v 16.054650 2.671164 4.783780
v 16.250645 2.669794 2.836359
v 16.262392 3.230771 2.885099
v 16.054650 2.671164 4.783780
v 16.262392 3.230771 2.885099
v 16.066533 3.238226 4.877000
v 16.250645 2.669794 2.836359
v 16.222646 2.669989 1.686359
v 16.234412 3.231836 1.735099
v 16.250645 2.669794 2.836359
v 16.234412 3.231836 1.735099
v 16.262392 3.230771 2.885099
v 16.234412 3.231836 1.735099
v 14.835425 3.285085 1.735099
v 14.869542 3.907668 1.795336
v 16.234412 3.231836 1.735099
v 14.869542 3.907668 1.795336
v 16.265671 3.803635 1.795336
v 14.835425 3.285085 1.735099
v 14.807445 3.286150 2.835099
v 14.841619 3.909749 2.895336
v 14.835425 3.285085 1.735099
v 14.841619 3.909749 2.895336
v 14.869542 3.907668 1.795336
v 14.807445 3.286150 2.835099
v 14.919364 3.281890 4.627000
v 14.953309 3.901426 4.691378
v 14.807445 3.286150 2.835099
v 14.953309 3.901426 4.691378
v 14.841619 3.909749 2.895336
v 14.919364 3.281890 4.627000
v 15.360045 3.265117 4.997000
v 15.393090 3.868656 5.061378
v 14.919364 3.281890 4.627000
v 15.393090 3.868656 5.061378
v 14.953309 3.901426 4.691378
v 15.360045 3.265117 4.997000
v 16.066533 3.238226 4.877000
v 16.098135 3.816119 4.941378
v 15.360045 3.265117 4.997000
v 16.098135 3.816119 4.941378
v 15.393090 3.868656 5.061378
v 16.066533 3.238226 4.877000
v 16.262392 3.230771 2.885099
v 16.293594 3.801554 2.945336
v 16.066533 3.238226 4.877000
v 16.293594 3.801554 2.945336
v 16.098135 3.816119 4.941378
v 16.262392 3.230771 2.885099
v 16.234412 3.231836 1.735099
v 16.265671 3.803635 1.795336
v 16.262392 3.230771 2.885099
v 16.265671 3.803635 1.795336
v 16.293594 3.801554 2.945336
v 16.265671 3.803635 1.795336
v 14.869542 3.907668 1.795336
v 14.929374 4.544196 1.853542
v 16.265671 3.803635 1.795336
v 14.929374 4.544196 1.853542
v 16.320071 4.383067 1.853542
v 14.869542 3.907668 1.795336
v 14.841619 3.909749 2.895336
v 14.901560 4.547419 2.953542
v 14.869542 3.907668 1.795336
v 14.901560 4.547419 2.953542
v 14.929374 4.544196 1.853542
v 14.841619 3.909749 2.895336
v 14.953309 3.901426 4.691378
v 15.012816 4.534529 4.706159
v 14.841619 3.909749 2.895336
v 15.012816 4.534529 4.706159
v 14.901560 4.547419 2.953542
v 14.953309 3.901426 4.691378
v 15.393090 3.868656 5.061378
v 15.450885 4.483773 5.076159
v 14.953309 3.901426 4.691378
v 15.450885 4.483773 5.076159
v 15.012816 4.534529 4.706159
v 15.393090 3.868656 5.061378
v 16.098135 3.816119 4.941378
v 16.153187 4.402403 4.956159
v 15.393090 3.868656 5.061378
v 16.153187 4.402403 4.956159
v 15.450885 4.483773 5.076159
v 16.098135 3.816119 4.941378
v 16.293594 3.801554 2.945336
v 16.347885 4.379845 3.003542
v 16.098135 3.816119 4.941378
v 16.347885 4.379845 3.003542
v 16.153187 4.402403 4.956159
v 16.293594 3.801554 2.945336
v 16.265671 3.803635 1.795336
v 16.320071 4.383067 1.853542
v 16.293594 3.801554 2.945336
v 16.320071 4.383067 1.853542
v 16.347885 4.379845 3.003542
v 16.320071 4.383067 1.853542
v 14.929374 4.544196 1.853542
v 15.018329 5.190818 1.922768
v 16.320071 4.383067 1.853542
v 15.018329 5.190818 1.922768
v 16.400393 4.967440 1.922768
v 14.929374 4.544196 1.853542
v 14.901560 4.547419 2.953542
v 14.990687 5.195286 3.022768
v 14.929374 4.544196 1.853542
v 14.990687 5.195286 3.022768
v 15.018329 5.190818 1.922768
v 14.901560 4.547419 2.953542
v 15.012816 4.534529 4.706159
v 15.101252 5.177416 4.693728
v 14.901560 4.547419 2.953542
v 15.101252 5.177416 4.693728
v 14.990687 5.195286 3.022768
v 15.012816 4.534529 4.706159
v 15.450885 4.483773 5.076159
v 15.536603 5.107052 5.063728
v 15.012816 4.534529 4.706159
v 15.536603 5.107052 5.063728
v 15.101252 5.177416 4.693728
v 15.450885 4.483773 5.076159
v 16.153187 4.402403 4.956159
v 16.234545 4.994245 4.943728
v 15.450885 4.483773 5.076159
v 16.234545 4.994245 4.943728
v 15.536603 5.107052 5.063728
v 16.153187 4.402403 4.956159
v 16.347885 4.379845 3.003542
v 16.428034 4.962973 3.072768
v 16.153187 4.402403 4.956159
v 16.428034 4.962973 3.072768
v 16.234545 4.994245 4.943728
v 16.347885 4.379845 3.003542
v 16.320071 4.383067 1.853542
v 16.400393 4.967440 1.922768
v 16.347885 4.379845 3.003542
v 16.400393 4.967440 1.922768
v 16.428034 4.962973 3.072768
v 16.400393 4.967440 1.922768
v 15.018329 5.190818 1.922768
v 15.139439 5.843242 1.996020
v 16.400393 4.967440 1.922768
v 15.139439 5.843242 1.996020
v 16.509176 5.553728 1.996020
v 15.018329 5.190818 1.922768
v 14.990687 5.195286 3.022768
v 15.112044 5.849032 3.096020
v 15.018329 5.190818 1.922768
v 15.112044 5.849032 3.096020
v 15.139439 5.843242 1.996020
v 14.990687 5.195286 3.022768
v 15.101252 5.177416 4.693728
v 15.221623 5.825871 4.674411
v 14.990687 5.195286 3.022768
v 15.221623 5.825871 4.674411
v 15.112044 5.849032 3.096020
v 15.101252 5.177416 4.693728
v 15.536603 5.107052 5.063728
v 15.653090 5.734674 5.044411
v 15.101252 5.177416 4.693728
v 15.653090 5.734674 5.044411
v 15.221623 5.825871 4.674411
v 15.536603 5.107052 5.063728
v 16.234545 4.994245 4.943728
v 16.344808 5.588470 4.924411
v 15.536603 5.107052 5.063728
v 16.344808 5.588470 4.924411
v 15.653090 5.734674 5.044411
v 16.234545 4.994245 4.943728
v 16.428034 4.962973 3.072768
v 16.536571 5.547938 3.146020
v 16.234545 4.994245 4.943728
v 16.536571 5.547938 3.146020
v 16.344808 5.588470 4.924411
v 16.428034 4.962973 3.072768
v 16.400393 4.967440 1.922768
v 16.509176 5.553728 1.996020
v 16.428034 4.962973 3.072768
v 16.509176 5.553728 1.996020
v 16.536571 5.547938 3.146020
v 16.509176 5.553728 1.996020
v 15.139439 5.843242 1.996020
v 15.294323 6.496224 2.079582
v 16.509176 5.553728 1.996020
v 15.294323 6.496224 2.079582
v 16.647783 6.138248 2.079582
v 15.139439 5.843242 1.996020
v 15.112044 5.849032 3.096020
v 15.267254 6.503383 3.179582
v 15.139439 5.843242 1.996020
v 15.267254 6.503383 3.179582
v 15.294323 6.496224 2.079582
v 15.112044 5.849032 3.096020
v 15.221623 5.825871 4.674411
v 15.375530 6.474745 4.692225
v 15.112044 5.849032 3.096020
v 15.375530 6.474745 4.692225
v 15.267254 6.503383 3.179582
v 15.221623 5.825871 4.674411
v 15.653090 5.734674 5.044411
v 15.801870 6.361983 5.062225
v 15.221623 5.825871 4.674411
v 15.801870 6.361983 5.062225
v 15.375530 6.474745 4.692225
v 15.653090 5.734674 5.044411
v 16.344808 5.588470 4.924411
v 16.485367 6.181205 4.942225
v 15.653090 5.734674 5.044411
v 16.485367 6.181205 4.942225
v 15.801870 6.361983 5.062225
v 16.344808 5.588470 4.924411
v 16.536571 5.547938 3.146020
v 16.674852 6.131088 3.229582
v 16.344808 5.588470 4.924411
v 16.674852 6.131088 3.229582
v 16.485367 6.181205 4.942225
v 16.536571 5.547938 3.146020
v 16.509176 5.553728 1.996020
v 16.647783 6.138248 2.079582
v 16.536571 5.547938 3.146020
v 16.647783 6.138248 2.079582
v 16.674852 6.131088 3.229582
v 16.647783 6.138248 2.079582
v 15.294323 6.496224 2.079582
v 15.483675 7.144578 2.181771
v 16.647783 6.138248 2.079582
v 15.483675 7.144578 2.181771
v 16.816897 6.717357 2.181771
v 15.294323 6.496224 2.079582
v 15.267254 6.503383 3.179582
v 15.457011 7.153122 3.281771
v 15.294323 6.496224 2.079582
v 15.457011 7.153122 3.281771
v 15.483675 7.144578 2.181771
v 15.267254 6.503383 3.179582
v 15.375530 6.474745 4.692225
v 15.563668 7.118945 4.786980
v 15.267254 6.503383 3.179582
v 15.563668 7.118945 4.786980
v 15.457011 7.153122 3.281771
v 15.375530 6.474745 4.692225
v 15.801870 6.361983 5.062225
v 15.983633 6.984370 5.156980
v 15.375530 6.474745 4.692225
v 15.983633 6.984370 5.156980
v 15.563668 7.118945 4.786980
v 15.801870 6.361983 5.062225
v 16.485367 6.181205 4.942225
v 16.656911 6.768623 5.036980
v 15.801870 6.361983 5.062225
v 16.656911 6.768623 5.036980
v 15.983633 6.984370 5.156980
v 16.485367 6.181205 4.942225
v 16.674852 6.131088 3.229582
v 16.843562 6.708812 3.331771
v 16.485367 6.181205 4.942225
v 16.843562 6.708812 3.331771
v 16.656911 6.768623 5.036980
v 16.674852 6.131088 3.229582
v 16.647783 6.138248 2.079582
v 16.816897 6.717357 2.181771
v 16.674852 6.131088 3.229582
v 16.816897 6.717357 2.181771
v 16.843562 6.708812 3.331771
v 16.816897 6.717357 2.181771
v 15.483675 7.144578 2.181771
v 15.706701 7.783092 2.301336
v 16.816897 6.717357 2.181771
v 15.706701 7.783092 2.301336
v 17.016001 7.287377 2.301336
v 15.483675 7.144578 2.181771
v 15.457011 7.153122 3.281771
v 15.680515 7.793006 3.401336
v 15.483675 7.144578 2.181771
v 15.680515 7.793006 3.401336
v 15.706701 7.783092 2.301336
v 15.457011 7.153122 3.281771
v 15.563668 7.118945 4.786980
v 15.785259 7.753349 4.964805
v 15.457011 7.153122 3.281771
v 15.785259 7.753349 4.964805
v 15.680515 7.793006 3.401336
v 15.563668 7.118945 4.786980
v 15.983633 6.984370 5.156980
v 16.197689 7.597199 5.334805
v 15.563668 7.118945 4.786980
v 16.197689 7.597199 5.334805
v 15.785259 7.753349 4.964805
v 15.983633 6.984370 5.156980
v 16.656911 6.768623 5.036980
v 16.858885 7.346862 5.214805
v 15.983633 6.984370 5.156980
v 16.858885 7.346862 5.214805
v 16.197689 7.597199 5.334805
v 16.656911 6.768623 5.036980
v 16.843562 6.708812 3.331771
v 17.042187 7.277462 3.451336
v 16.656911 6.768623 5.036980
v 17.042187 7.277462 3.451336
v 16.858885 7.346862 5.214805
v 16.843562 6.708812 3.331771
v 16.816897 6.717357 2.181771
v 17.016001 7.287377 2.301336
v 16.843562 6.708812 3.331771
v 17.016001 7.287377 2.301336
v 17.042187 7.277462 3.451336
v 17.016001 7.287377 2.301336
v 15.706701 7.783092 2.301336
v 15.961330 8.406432 2.398915
v 17.016001 7.287377 2.301336
v 15.961330 8.406432 2.398915
v 17.244626 7.846832 2.398915
v 15.706701 7.783092 2.301336
v 15.680515 7.793006 3.401336
v 15.935664 8.417624 3.498915
v 15.706701 7.783092 2.301336
v 15.935664 8.417624 3.498915
v 15.961330 8.406432 2.398915
v 15.680515 7.793006 3.401336
v 15.785259 7.753349 4.964805
v 16.038328 8.372856 5.161874
v 15.680515 7.793006 3.401336
v 16.038328 8.372856 5.161874
v 15.935664 8.417624 3.498915
v 15.785259 7.753349 4.964805
v 16.197689 7.597199 5.334805
v 16.442566 8.196582 5.531874
v 15.785259 7.753349 4.964805
v 16.442566 8.196582 5.531874
v 16.038328 8.372856 5.161874
v 16.197689 7.597199 5.334805
v 16.858885 7.346862 5.214805
v 17.090630 7.913984 5.411874
v 16.197689 7.597199 5.334805
v 17.090630 7.913984 5.411874
v 16.442566 8.196582 5.531874
v 16.858885 7.346862 5.214805
v 17.042187 7.277462 3.451336
v 17.270292 7.835640 3.548915
v 16.858885 7.346862 5.214805
v 17.270292 7.835640 3.548915
v 17.090630 7.913984 5.411874
v 17.042187 7.277462 3.451336
v 17.016001 7.287377 2.301336
v 17.244626 7.846832 2.398915
v 17.042187 7.277462 3.451336
v 17.244626 7.846832 2.398915
v 17.270292 7.835640 3.548915
v 17.244626 7.846832 2.398915
v 15.961330 8.406432 2.398915
v 16.209842 8.938437 2.459939
v 17.244626 7.846832 2.398915
v 16.209842 8.938437 2.459939
v 17.478034 8.345402 2.459939
v 15.961330 8.406432 2.398915
v 15.935664 8.417624 3.498915
v 16.184478 8.950297 3.559939
v 15.961330 8.406432 2.398915
v 16.184478 8.950297 3.559939
v 16.209842 8.938437 2.459939
v 15.935664 8.417624 3.498915
v 16.038328 8.372856 5.161874
v 16.285934 8.902854 5.308726
v 15.935664 8.417624 3.498915
v 16.285934 8.902854 5.308726
v 16.184478 8.950297 3.559939
v 16.038328 8.372856 5.161874
v 16.442566 8.196582 5.531874
v 16.685414 8.716048 5.678726
v 16.038328 8.372856 5.161874
v 16.685414 8.716048 5.678726
v 16.285934 8.902854 5.308726
v 16.442566 8.196582 5.531874
v 17.090630 7.913984 5.411874
v 17.325851 8.416566 5.558726
v 16.442566 8.196582 5.531874
v 17.325851 8.416566 5.558726
v 16.685414 8.716048 5.678726
v 17.090630 7.913984 5.411874
v 17.270292 7.835640 3.548915
v 17.503397 8.333541 3.609939
v 17.090630 7.913984 5.411874
v 17.503397 8.333541 3.609939
v 17.325851 8.416566 5.558726
v 17.270292 7.835640 3.548915
v 17.244626 7.846832 2.398915
v 17.478034 8.345402 2.459939
v 17.270292 7.835640 3.548915
v 17.478034 8.345402 2.459939
v 17.503397 8.333541 3.609939
v 0.635522 -6.655251 1.517092
v 0.268743 -7.294502 -0.112724
v 0.965475 -6.080185 -0.112724
v 0.635522 -6.655251 1.517092
v 0.965475 -6.080185 -0.112724
v 0.979410 -6.055899 0.987276
v 0.635522 -6.655251 1.517092
v 0.979410 -6.055899 0.987276
v 0.923671 -6.153044 2.733513
v 0.635522 -6.655251 1.517092
v 0.923671 -6.153044 2.733513
v 0.704200 -6.535554 3.103513
v 0.635522 -6.655251 1.517092
v 0.704200 -6.535554 3.103513
v 0.352351 -7.148784 2.983513
v 0.635522 -6.655251 1.517092
v 0.352351 -7.148784 2.983513
v 0.254808 -7.318788 1.037276
v 0.635522 -6.655251 1.517092
v 0.254808 -7.318788 1.037276
v 0.268743 -7.294502 -0.112724
v 16.810421 8.657592 4.090848
v 17.478034 8.345402 2.459939
v 16.209842 8.938437 2.459939
v 16.810421 8.657592 4.090848
v 16.209842 8.938437 2.459939
v 16.184478 8.950297 3.559939
v 16.810421 8.657592 4.090848
v 16.184478 8.950297 3.559939
v 16.285934 8.902854 5.308726
v 16.810421 8.657592 4.090848
v 16.285934 8.902854 5.308726
v 16.685414 8.716048 5.678726
v 16.810421 8.657592 4.090848
v 16.685414 8.716048 5.678726
v 17.325851 8.416566 5.558726
v 16.810421 8.657592 4.090848
v 17.325851 8.416566 5.558726
v 17.503397 8.333541 3.609939
v 16.810421 8.657592 4.090848
v 17.503397 8.333541 3.609939
v 17.478034 8.345402 2.459939
v -2.416790 -11.979362 -0.354871
v -1.720863 -10.764584 -0.354871
v -1.306286 -11.002137 -0.300208
v -2.416790 -11.979362 -0.354871
v -1.306286 -11.002137 -0.300208
v -2.015519 -12.209195 -0.300208
v -1.720863 -10.764584 -0.354871
v -1.706945 -10.740288 0.745129
v -1.292102 -10.977995 0.799792
v -1.720863 -10.764584 -0.354871
v -1.292102 -10.977995 0.799792
v -1.306286 -11.002137 -0.300208
v -1.706945 -10.740288 0.745129
v -1.762619 -10.837470 2.511066
v -1.348840 -11.074560 2.572554
v -1.706945 -10.740288 0.745129
v -1.348840 -11.074560 2.572554
v -1.292102 -10.977995 0.799792
v -1.762619 -10.837470 2.511066
v -1.981836 -11.220125 2.881066
v -1.572249 -11.454784 2.942554
v -1.762619 -10.837470 2.511066
v -1.572249 -11.454784 2.942554
v -1.348840 -11.074560 2.572554
v -1.981836 -11.220125 2.881066
v -2.333279 -11.833588 2.761066
v -1.930411 -12.064348 2.822554
v -1.981836 -11.220125 2.881066
v -1.930411 -12.064348 2.822554
v -1.572249 -11.454784 2.942554
v -2.333279 -11.833588 2.761066
v -2.430709 -12.003657 0.795129
v -2.029703 -12.233336 0.849792
v -2.333279 -11.833588 2.761066
v -2.029703 -12.233336 0.849792
v -1.930411 -12.064348 2.822554
v -2.430709 -12.003657 0.795129
v -2.416790 -11.979362 -0.354871
v -2.015519 -12.209195 -0.300208
v -2.430709 -12.003657 0.795129
v -2.015519 -12.209195 -0.300208
v -2.029703 -12.233336 0.849792
v -2.015519 -12.209195 -0.300208
v -1.306286 -11.002137 -0.300208
v -0.912496 -11.239685 -0.261533
v -2.015519 -12.209195 -0.300208
v -0.912496 -11.239685 -0.261533
v -1.646796 -12.431659 -0.261533
v -1.306286 -11.002137 -0.300208
v -1.292102 -10.977995 0.799792
v -0.897810 -11.215845 0.838467
v -1.306286 -11.002137 -0.300208
v -0.897810 -11.215845 0.838467
v -0.912496 -11.239685 -0.261533
v -1.292102 -10.977995 0.799792
v -1.348840 -11.074560 2.572554
v -0.956554 -11.311203 2.616167
v -1.292102 -10.977995 0.799792
v -0.956554 -11.311203 2.616167
v -0.897810 -11.215845 0.838467
v -1.348840 -11.074560 2.572554
v -1.572249 -11.454784 2.942554
v -1.187859 -11.686675 2.986167
v -1.348840 -11.074560 2.572554
v -1.187859 -11.686675 2.986167
v -0.956554 -11.311203 2.616167
v -1.572249 -11.454784 2.942554
v -1.930411 -12.064348 2.822554
v -1.558680 -12.288622 2.866167
v -1.572249 -11.454784 2.942554
v -1.558680 -12.288622 2.866167
v -1.187859 -11.686675 2.986167
v -1.930411 -12.064348 2.822554
v -2.029703 -12.233336 0.849792
v -1.661482 -12.455499 0.888467
v -1.930411 -12.064348 2.822554
v -1.661482 -12.455499 0.888467
v -1.558680 -12.288622 2.866167
v -2.029703 -12.233336 0.849792
v -2.015519 -12.209195 -0.300208
v -1.646796 -12.431659 -0.261533
v -2.029703 -12.233336 0.849792
v -1.646796 -12.431659 -0.261533
v -1.661482 -12.455499 0.888467
v -1.646796 -12.431659 -0.261533
v -0.912496 -11.239685 -0.261533
v -0.517385 -11.488062 -0.241819
v -1.646796 -12.431659 -0.261533
v -0.517385 -11.488062 -0.241819
v -1.271341 -12.667702 -0.241819
v -0.912496 -11.239685 -0.261533
v -0.897810 -11.215845 0.838467
v -0.502306 -11.464469 0.858181
v -0.912496 -11.239685 -0.261533
v -0.502306 -11.464469 0.858181
v -0.517385 -11.488062 -0.241819
v -0.897810 -11.215845 0.838467
v -0.956554 -11.311203 2.616167
v -0.562622 -11.558840 2.639777
v -0.897810 -11.215845 0.838467
v -0.562622 -11.558840 2.639777
v -0.502306 -11.464469 0.858181
v -0.956554 -11.311203 2.616167
v -1.187859 -11.686675 2.986167
v -0.800118 -11.930427 3.009777
v -0.956554 -11.311203 2.616167
v -0.800118 -11.930427 3.009777
v -0.562622 -11.558840 2.639777
v -1.187859 -11.686675 2.986167
v -1.558680 -12.288622 2.866167
v -1.180866 -12.526145 2.889777
v -1.187859 -11.686675 2.986167
v -1.180866 -12.526145 2.889777
v -0.800118 -11.930427 3.009777
v -1.558680 -12.288622 2.866167
v -1.661482 -12.455499 0.888467
v -1.286420 -12.691295 0.908181
v -1.558680 -12.288622 2.866167
v -1.286420 -12.691295 0.908181
v -1.180866 -12.526145 2.889777
v -1.661482 -12.455499 0.888467
v -1.646796 -12.431659 -0.261533
v -1.271341 -12.667702 -0.241819
v -1.661482 -12.455499 0.888467
v -1.271341 -12.667702 -0.241819
v -1.286420 -12.691295 0.908181
v -1.271341 -12.667702 -0.241819
v -0.517385 -11.488062 -0.241819
v -0.120388 -11.745912 -0.244151
v -1.271341 -12.667702 -0.241819
v -0.120388 -11.745912 -0.244151
v -0.889918 -12.915452 -0.244151
v -0.517385 -11.488062 -0.241819
v -0.502306 -11.464469 0.858181
v -0.104997 -11.722521 0.855849
v -0.517385 -11.488062 -0.241819
v -0.104997 -11.722521 0.855849
v -0.120388 -11.745912 -0.244151
v -0.502306 -11.464469 0.858181
v -0.562622 -11.558840 2.639777
v -0.166560 -11.816084 2.640546
v -0.502306 -11.464469 0.858181
v -0.166560 -11.816084 2.640546
v -0.104997 -11.722521 0.855849
v -0.562622 -11.558840 2.639777
v -0.800118 -11.930427 3.009777
v -0.408962 -12.184490 3.010546
v -0.562622 -11.558840 2.639777
v -0.408962 -12.184490 3.010546
v -0.166560 -11.816084 2.640546
v -0.800118 -11.930427 3.009777
v -1.180866 -12.526145 2.889777
v -0.797574 -12.775107 2.890546
v -0.800118 -11.930427 3.009777
v -0.797574 -12.775107 2.890546
v -0.408962 -12.184490 3.010546
v -1.180866 -12.526145 2.889777
v -1.286420 -12.691295 0.908181
v -0.905308 -12.938843 0.905849
v -1.180866 -12.526145 2.889777
v -0.905308 -12.938843 0.905849
v -0.797574 -12.775107 2.890546
v -1.286420 -12.691295 0.908181
v -1.271341 -12.667702 -0.241819
v -0.889918 -12.915452 -0.244151
v -1.286420 -12.691295 0.908181
v -0.889918 -12.915452 -0.244151
v -0.905308 -12.938843 0.905849
v -0.889918 -12.915452 -0.244151
v -0.120388 -11.745912 -0.244151
v 0.279138 -12.012122 -0.268441
v -0.889918 -12.915452 -0.244151
v 0.279138 -12.012122 -0.268441
v -0.501939 -13.173983 -0.268441
v -0.120388 -11.745912 -0.244151
v -0.104997 -11.722521 0.855849
v 0.294759 -11.988885 0.831559
v -0.120388 -11.745912 -0.244151
v 0.294759 -11.988885 0.831559
v 0.279138 -12.012122 -0.268441
v -0.104997 -11.722521 0.855849
v -0.166560 -11.816084 2.640546
v 0.232273 -12.081834 2.618757
v -0.104997 -11.722521 0.855849
v 0.232273 -12.081834 2.618757
v 0.294759 -11.988885 0.831559
v -0.166560 -11.816084 2.640546
v -0.408962 -12.184490 3.010546
v -0.013766 -12.447820 2.988757
v -0.166560 -11.816084 2.640546
v -0.013766 -12.447820 2.988757
v 0.232273 -12.081834 2.618757
v -0.408962 -12.184490 3.010546
v -0.797574 -12.775107 2.890546
v -0.408210 -13.034560 2.868757
v -0.408962 -12.184490 3.010546
v -0.408210 -13.034560 2.868757
v -0.013766 -12.447820 2.988757
v -0.797574 -12.775107 2.890546
v -0.905308 -12.938843 0.905849
v -0.517560 -13.197220 0.881559
v -0.797574 -12.775107 2.890546
v -0.517560 -13.197220 0.881559
v -0.408210 -13.034560 2.868757
v -0.905308 -12.938843 0.905849
v -0.889918 -12.915452 -0.244151
v -0.501939 -13.173983 -0.268441
v -0.905308 -12.938843 0.905849
v -0.501939 -13.173983 -0.268441
v -0.517560 -13.197220 0.881559
v -0.501939 -13.173983 -0.268441
v 0.279138 -12.012122 -0.268441
v 0.681914 -12.285247 -0.309872
v -0.501939 -13.173983 -0.268441
v 0.681914 -12.285247 -0.309872
v -0.106853 -13.441901 -0.309872
v 0.279138 -12.012122 -0.268441
v 0.294759 -11.988885 0.831559
v 0.697689 -12.262114 0.790128
v 0.279138 -12.012122 -0.268441
v 0.697689 -12.262114 0.790128
v 0.681914 -12.285247 -0.309872
v 0.294759 -11.988885 0.831559
v 0.232273 -12.081834 2.618757
v 0.634588 -12.354647 2.579407
v 0.294759 -11.988885 0.831559
v 0.634588 -12.354647 2.579407
v 0.697689 -12.262114 0.790128
v 0.232273 -12.081834 2.618757
v -0.013766 -12.447820 2.988757
v 0.386126 -12.718992 2.949407
v 0.232273 -12.081834 2.618757
v 0.386126 -12.718992 2.949407
v 0.634588 -12.354647 2.579407
v -0.013766 -12.447820 2.988757
v -0.408210 -13.034560 2.868757
v -0.012201 -13.303102 2.829407
v -0.013766 -12.447820 2.988757
v -0.012201 -13.303102 2.829407
v 0.386126 -12.718992 2.949407
v -0.408210 -13.034560 2.868757
v -0.517560 -13.197220 0.881559
v -0.122628 -13.465034 0.840128
v -0.408210 -13.034560 2.868757
v -0.122628 -13.465034 0.840128
v -0.012201 -13.303102 2.829407
v -0.517560 -13.197220 0.881559
v -0.501939 -13.173983 -0.268441
v -0.106853 -13.441901 -0.309872
v -0.517560 -13.197220 0.881559
v -0.106853 -13.441901 -0.309872
v -0.122628 -13.465034 0.840128
v -0.106853 -13.441901 -0.309872
v 0.681914 -12.285247 -0.309872
v 1.088698 -12.564179 -0.361069
v -0.106853 -13.441901 -0.309872
v 1.088698 -12.564179 -0.361069
v 0.296068 -13.718189 -0.361069
v 0.681914 -12.285247 -0.309872
v 0.697689 -12.262114 0.790128
v 1.104550 -12.541099 0.738931
v 0.681914 -12.285247 -0.309872
v 1.104550 -12.541099 0.738931
v 1.088698 -12.564179 -0.361069
v 0.697689 -12.262114 0.790128
v 0.634588 -12.354647 2.579407
v 1.041140 -12.633420 2.529999
v 0.697689 -12.262114 0.790128
v 1.041140 -12.633420 2.529999
v 1.104550 -12.541099 0.738931
v 0.634588 -12.354647 2.579407
v 0.386126 -12.718992 2.949407
v 0.791462 -12.996933 2.899999
v 0.634588 -12.354647 2.579407
v 0.791462 -12.996933 2.899999
v 1.041140 -12.633420 2.529999
v 0.386126 -12.718992 2.949407
v -0.012201 -13.303102 2.829407
v 0.391184 -13.579707 2.779999
v 0.386126 -12.718992 2.949407
v 0.391184 -13.579707 2.779999
v 0.791462 -12.996933 2.899999
v -0.012201 -13.303102 2.829407
v -0.122628 -13.465034 0.840128
v 0.280215 -13.741269 0.788931
v -0.012201 -13.303102 2.829407
v 0.280215 -13.741269 0.788931
v 0.391184 -13.579707 2.779999
v -0.122628 -13.465034 0.840128
v -0.106853 -13.441901 -0.309872
v 0.296068 -13.718189 -0.361069
v -0.122628 -13.465034 0.840128
v 0.296068 -13.718189 -0.361069
v 0.280215 -13.741269 0.788931
v 0.296068 -13.718189 -0.361069
v 1.088698 -12.564179 -0.361069
v 1.500583 -12.847544 -0.415116
v 0.296068 -13.718189 -0.361069
v 1.500583 -12.847544 -0.415116
v 0.707972 -14.001567 -0.415116
v 1.088698 -12.564179 -0.361069
v 1.104550 -12.541099 0.738931
v 1.516435 -12.824464 0.684884
v 1.088698 -12.564179 -0.361069
v 1.516435 -12.824464 0.684884
v 1.500583 -12.847544 -0.415116
v 1.104550 -12.541099 0.738931
v 1.041140 -12.633420 2.529999
v 1.453026 -12.916786 2.477571
v 1.104550 -12.541099 0.738931
v 1.453026 -12.916786 2.477571
v 1.516435 -12.824464 0.684884
v 1.041140 -12.633420 2.529999
v 0.791462 -12.996933 2.899999
v 1.203354 -13.280303 2.847571
v 1.041140 -12.633420 2.529999
v 1.203354 -13.280303 2.847571
v 1.453026 -12.916786 2.477571
v 0.791462 -12.996933 2.899999
v 0.391184 -13.579707 2.779999
v 0.803086 -13.863084 2.727571
v 0.791462 -12.996933 2.899999
v 0.803086 -13.863084 2.727571
v 1.203354 -13.280303 2.847571
v 0.391184 -13.579707 2.779999
v 0.280215 -13.741269 0.788931
v 0.692120 -14.024648 0.734884
v 0.391184 -13.579707 2.779999
v 0.692120 -14.024648 0.734884
v 0.803086 -13.863084 2.727571
v 0.280215 -13.741269 0.788931
v 0.296068 -13.718189 -0.361069
v 0.707972 -14.001567 -0.415116
v 0.280215 -13.741269 0.788931
v 0.707972 -14.001567 -0.415116
v 0.692120 -14.024648 0.734884
v 0.707972 -14.001567 -0.415116
v 1.500583 -12.847544 -0.415116
v 1.918870 -13.134367 -0.467913
v 0.707972 -14.001567 -0.415116
v 1.918870 -13.134367 -0.467913
v 1.130476 -14.291274 -0.467913
v 1.500583 -12.847544 -0.415116
v 1.516435 -12.824464 0.684884
v 1.934638 -13.111229 0.632087
v 1.500583 -12.847544 -0.415116
v 1.934638 -13.111229 0.632087
v 1.918870 -13.134367 -0.467913
v 1.516435 -12.824464 0.684884
v 1.453026 -12.916786 2.477571
v 1.871567 -13.203781 2.426299
v 1.516435 -12.824464 0.684884
v 1.871567 -13.203781 2.426299
v 1.934638 -13.111229 0.632087
v 1.453026 -12.916786 2.477571
v 1.203354 -13.280303 2.847571
v 1.623222 -13.568207 2.796299
v 1.453026 -12.916786 2.477571
v 1.623222 -13.568207 2.796299
v 1.871567 -13.203781 2.426299
v 1.203354 -13.280303 2.847571
v 0.803086 -13.863084 2.727571
v 1.225083 -14.152445 2.676299
v 1.203354 -13.280303 2.847571
v 1.225083 -14.152445 2.676299
v 1.623222 -13.568207 2.796299
v 0.803086 -13.863084 2.727571
v 0.692120 -14.024648 0.734884
v 1.114708 -14.314412 0.682087
v 0.803086 -13.863084 2.727571
v 1.114708 -14.314412 0.682087
v 1.225083 -14.152445 2.676299
v 0.692120 -14.024648 0.734884
v 0.707972 -14.001567 -0.415116
v 1.130476 -14.291274 -0.467913
v 0.692120 -14.024648 0.734884
v 1.130476 -14.291274 -0.467913
v 1.114708 -14.314412 0.682087
v 1.130476 -14.291274 -0.467913
v 1.918870 -13.134367 -0.467913
v 2.345563 -13.423391 -0.512877
v 1.130476 -14.291274 -0.467913
v 2.345563 -13.423391 -0.512877
v 1.566155 -14.586371 -0.512877
v 1.918870 -13.134367 -0.467913
v 1.934638 -13.111229 0.632087
v 2.361152 -13.400131 0.587123
v 1.918870 -13.134367 -0.467913
v 2.361152 -13.400131 0.587123
v 2.345563 -13.423391 -0.512877
v 1.934638 -13.111229 0.632087
v 1.871567 -13.203781 2.426299
v 2.298799 -13.493170 2.382834
v 1.934638 -13.111229 0.632087
v 2.298799 -13.493170 2.382834
v 2.361152 -13.400131 0.587123
v 1.871567 -13.203781 2.426299
v 1.623222 -13.568207 2.796299
v 2.053285 -13.859508 2.752834
v 1.871567 -13.203781 2.426299
v 2.053285 -13.859508 2.752834
v 2.298799 -13.493170 2.382834
v 1.623222 -13.568207 2.796299
v 1.225083 -14.152445 2.676299
v 1.659684 -14.446813 2.632834
v 1.623222 -13.568207 2.796299
v 1.659684 -14.446813 2.632834
v 2.053285 -13.859508 2.752834
v 1.225083 -14.152445 2.676299
v 1.114708 -14.314412 0.682087
v 1.550566 -14.609630 0.637123
v 1.225083 -14.152445 2.676299
v 1.550566 -14.609630 0.637123
v 1.659684 -14.446813 2.632834
v 1.114708 -14.314412 0.682087
v 1.130476 -14.291274 -0.467913
v 1.566155 -14.586371 -0.512877
v 1.114708 -14.314412 0.682087
v 1.566155 -14.586371 -0.512877
v 1.550566 -14.609630 0.637123
v 1.566155 -14.586371 -0.512877
v 2.345563 -13.423391 -0.512877
v 2.782137 -13.712949 -0.548036
v 1.566155 -14.586371 -0.512877
v 2.782137 -13.712949 -0.548036
v 2.016782 -14.885225 -0.548036
v 2.345563 -13.423391 -0.512877
v 2.361152 -13.400131 0.587123
v 2.797445 -13.689504 0.551964
v 2.345563 -13.423391 -0.512877
v 2.797445 -13.689504 0.551964
v 2.782137 -13.712949 -0.548036
v 2.361152 -13.400131 0.587123
v 2.298799 -13.493170 2.382834
v 2.736216 -13.783286 2.349150
v 2.361152 -13.400131 0.587123
v 2.736216 -13.783286 2.349150
v 2.797445 -13.689504 0.551964
v 2.298799 -13.493170 2.382834
v 2.053285 -13.859508 2.752834
v 2.495129 -14.152553 2.719150
v 2.298799 -13.493170 2.382834
v 2.495129 -14.152553 2.719150
v 2.736216 -13.783286 2.349150
v 2.053285 -13.859508 2.752834
v 1.659684 -14.446813 2.632834
v 2.108625 -14.744552 2.599150
v 2.053285 -13.859508 2.752834
v 2.108625 -14.744552 2.599150
v 2.495129 -14.152553 2.719150
v 1.659684 -14.446813 2.632834
v 1.550566 -14.609630 0.637123
v 2.001475 -14.908671 0.601964
v 1.659684 -14.446813 2.632834
v 2.001475 -14.908671 0.601964
v 2.108625 -14.744552 2.599150
v 1.550566 -14.609630 0.637123
v 1.566155 -14.586371 -0.512877
v 2.016782 -14.885225 -0.548036
v 1.550566 -14.609630 0.637123
v 2.016782 -14.885225 -0.548036
v 2.001475 -14.908671 0.601964
v 2.016782 -14.885225 -0.548036
v 2.782137 -13.712949 -0.548036
v 3.231154 -14.001636 -0.570292
v 2.016782 -14.885225 -0.548036
v 3.231154 -14.001636 -0.570292
v 2.485898 -15.186792 -0.570292
v 2.782137 -13.712949 -0.548036
v 2.797445 -13.689504 0.551964
v 3.246059 -13.977933 0.529708
v 2.782137 -13.712949 -0.548036
v 3.246059 -13.977933 0.529708
v 3.231154 -14.001636 -0.570292
v 2.797445 -13.689504 0.551964
v 2.736216 -13.783286 2.349150
v 3.186439 -14.072746 2.328276
v 2.797445 -13.689504 0.551964
v 3.186439 -14.072746 2.328276
v 3.246059 -13.977933 0.529708
v 2.736216 -13.783286 2.349150
v 2.495129 -14.152553 2.719150
v 2.951683 -14.446070 2.698276
v 2.736216 -13.783286 2.349150
v 2.951683 -14.446070 2.698276
v 3.186439 -14.072746 2.328276
v 2.495129 -14.152553 2.719150
v 2.108625 -14.744552 2.599150
v 2.575329 -15.044573 2.578276
v 2.495129 -14.152553 2.719150
v 2.575329 -15.044573 2.578276
v 2.951683 -14.446070 2.698276
v 2.108625 -14.744552 2.599150
v 2.001475 -14.908671 0.601964
v 2.470993 -15.210495 0.579708
v 2.108625 -14.744552 2.599150
v 2.470993 -15.210495 0.579708
v 2.575329 -15.044573 2.578276
v 2.001475 -14.908671 0.601964
v 2.016782 -14.885225 -0.548036
v 2.485898 -15.186792 -0.570292
v 2.001475 -14.908671 0.601964
v 2.485898 -15.186792 -0.570292
v 2.470993 -15.210495 0.579708
v 2.485898 -15.186792 -0.570292
v 3.231154 -14.001636 -0.570292
v 3.695769 -14.287562 -0.573571
v 2.485898 -15.186792 -0.570292
v 3.695769 -14.287562 -0.573571
v 2.977953 -15.489535 -0.573571
v 3.231154 -14.001636 -0.570292
v 3.246059 -13.977933 0.529708
v 3.710126 -14.263523 0.526429
v 3.231154 -14.001636 -0.570292
v 3.710126 -14.263523 0.526429
v 3.695769 -14.287562 -0.573571
v 3.246059 -13.977933 0.529708
v 3.186439 -14.072746 2.328276
v 3.652700 -14.359681 2.326079
v 3.246059 -13.977933 0.529708
v 3.652700 -14.359681 2.326079
v 3.710126 -14.263523 0.526429
v 3.186439 -14.072746 2.328276
v 2.951683 -14.446070 2.698276
v 3.426588 -14.738302 2.696079
v 3.186439 -14.072746 2.328276
v 3.426588 -14.738302 2.696079
v 3.652700 -14.359681 2.326079
v 2.951683 -14.446070 2.698276
v 2.575329 -15.044573 2.578276
v 3.064091 -15.345299 2.576079
v 2.951683 -14.446070 2.698276
v 3.064091 -15.345299 2.576079
v 3.426588 -14.738302 2.696079
v 2.575329 -15.044573 2.578276
v 2.470993 -15.210495 0.579708
v 2.963596 -15.513575 0.576429
v 2.575329 -15.044573 2.578276
v 2.963596 -15.513575 0.576429
v 3.064091 -15.345299 2.576079
v 2.470993 -15.210495 0.579708
v 2.485898 -15.186792 -0.570292
v 2.977953 -15.489535 -0.573571
v 2.470993 -15.210495 0.579708
v 2.977953 -15.489535 -0.573571
v 2.963596 -15.513575 0.576429
v 2.977953 -15.489535 -0.573571
v 3.695769 -14.287562 -0.573571
v 4.179842 -14.568346 -0.551602
v 2.977953 -15.489535 -0.573571
v 4.179842 -14.568346 -0.551602
v 3.498548 -15.791390 -0.551602
v 3.695769 -14.287562 -0.573571
v 3.710126 -14.263523 0.526429
v 4.193468 -14.543885 0.548398
v 3.695769 -14.287562 -0.573571
v 4.193468 -14.543885 0.548398
v 4.179842 -14.568346 -0.551602
v 3.710126 -14.263523 0.526429
v 3.652700 -14.359681 2.326079
v 4.138965 -14.641729 2.348365
v 3.710126 -14.263523 0.526429
v 4.138965 -14.641729 2.348365
v 4.193468 -14.543885 0.548398
v 3.652700 -14.359681 2.326079
v 3.426588 -14.738302 2.696079
v 3.924357 -15.026988 2.718365
v 3.652700 -14.359681 2.326079
v 3.924357 -15.026988 2.718365
v 4.138965 -14.641729 2.348365
v 3.426588 -14.738302 2.696079
v 3.064091 -15.345299 2.576079
v 3.580303 -15.644625 2.598365
v 3.426588 -14.738302 2.696079
v 3.580303 -15.644625 2.598365
v 3.924357 -15.026988 2.718365
v 3.064091 -15.345299 2.576079
v 2.963596 -15.513575 0.576429
v 3.484922 -15.815851 0.598398
v 3.064091 -15.345299 2.576079
v 3.484922 -15.815851 0.598398
v 3.580303 -15.644625 2.598365
v 2.963596 -15.513575 0.576429
v 2.977953 -15.489535 -0.573571
v 3.498548 -15.791390 -0.551602
v 2.963596 -15.513575 0.576429
v 3.498548 -15.791390 -0.551602
v 3.484922 -15.815851 0.598398
v 3.498548 -15.791390 -0.551602
v 4.179842 -14.568346 -0.551602
v 4.688085 -14.840568 -0.502123
v 3.498548 -15.791390 -0.551602
v 4.688085 -14.840568 -0.502123
v 4.054693 -16.089094 -0.502123
v 4.179842 -14.568346 -0.551602
v 4.193468 -14.543885 0.548398
v 4.700752 -14.815598 0.597877
v 4.179842 -14.568346 -0.551602
v 4.700752 -14.815598 0.597877
v 4.688085 -14.840568 -0.502123
v 4.193468 -14.543885 0.548398
v 4.138965 -14.641729 2.348365
v 4.650081 -14.915480 2.396468
v 4.193468 -14.543885 0.548398
v 4.650081 -14.915480 2.396468
v 4.700752 -14.815598 0.597877
v 4.138965 -14.641729 2.348365
v 3.924357 -15.026988 2.718365
v 4.450563 -15.308765 2.766468
v 4.138965 -14.641729 2.348365
v 4.450563 -15.308765 2.766468
v 4.650081 -14.915480 2.396468
v 3.924357 -15.026988 2.718365
v 3.580303 -15.644625 2.598365
v 4.130700 -15.939271 2.646468
v 3.924357 -15.026988 2.718365
v 4.130700 -15.939271 2.646468
v 4.450563 -15.308765 2.766468
v 3.580303 -15.644625 2.598365
v 3.484922 -15.815851 0.598398
v 4.042025 -16.114064 0.647877
v 3.580303 -15.644625 2.598365
v 4.042025 -16.114064 0.647877
v 4.130700 -15.939271 2.646468
v 3.484922 -15.815851 0.598398
v 3.498548 -15.791390 -0.551602
v 4.054693 -16.089094 -0.502123
v 3.484922 -15.815851 0.598398
v 4.054693 -16.089094 -0.502123
v 4.042025 -16.114064 0.647877
v 4.054693 -16.089094 -0.502123
v 4.688085 -14.840568 -0.502123
v 5.226471 -15.099684 -0.432452
v 4.054693 -16.089094 -0.502123
v 5.226471 -15.099684 -0.432452
v 4.655603 -16.378007 -0.432452
v 4.688085 -14.840568 -0.502123
v 4.700752 -14.815598 0.597877
v 5.237888 -15.074117 0.667548
v 4.688085 -14.840568 -0.502123
v 5.237888 -15.074117 0.667548
v 5.226471 -15.099684 -0.432452
v 4.700752 -14.815598 0.597877
v 4.650081 -14.915480 2.396468
v 5.192218 -15.176383 2.461313
v 4.700752 -14.815598 0.597877
v 5.192218 -15.176383 2.461313
v 5.237888 -15.074117 0.667548
v 4.650081 -14.915480 2.396468
v 4.450563 -15.308765 2.766468
v 5.012395 -15.579055 2.831313
v 4.650081 -14.915480 2.396468
v 5.012395 -15.579055 2.831313
v 5.192218 -15.176383 2.461313
v 4.450563 -15.308765 2.766468
v 4.130700 -15.939271 2.646468
v 4.724107 -16.224608 2.711313
v 4.450563 -15.308765 2.766468
v 4.724107 -16.224608 2.711313
v 5.012395 -15.579055 2.831313
v 4.130700 -15.939271 2.646468
v 4.042025 -16.114064 0.647877
v 4.644185 -16.403573 0.717548
v 4.130700 -15.939271 2.646468
v 4.644185 -16.403573 0.717548
v 4.724107 -16.224608 2.711313
v 4.042025 -16.114064 0.647877
v 4.054693 -16.089094 -0.502123
v 4.655603 -16.378007 -0.432452
v 4.042025 -16.114064 0.647877
v 4.655603 -16.378007 -0.432452
v 4.644185 -16.403573 0.717548
v 4.655603 -16.378007 -0.432452
v 5.226471 -15.099684 -0.432452
v 5.802553 -15.338838 -0.360238
v 4.655603 -16.378007 -0.432452
v 5.802553 -15.338838 -0.360238
v 5.313094 -16.650490 -0.360238
v 5.226471 -15.099684 -0.432452
v 5.237888 -15.074117 0.667548
v 5.812342 -15.312605 0.739762
v 5.226471 -15.099684 -0.432452
v 5.812342 -15.312605 0.739762
v 5.802553 -15.338838 -0.360238
v 5.237888 -15.074117 0.667548
v 5.192218 -15.176383 2.461313
v 5.773185 -15.417537 2.522051
v 5.237888 -15.074117 0.667548
v 5.773185 -15.417537 2.522051
v 5.812342 -15.312605 0.739762
v 5.192218 -15.176383 2.461313
v 5.012395 -15.579055 2.831313
v 5.619006 -15.830707 2.892051
v 5.192218 -15.176383 2.461313
v 5.619006 -15.830707 2.892051
v 5.773185 -15.417537 2.522051
v 5.012395 -15.579055 2.831313
v 4.724107 -16.224608 2.711313
v 5.371829 -16.493091 2.772051
v 5.012395 -15.579055 2.831313
v 5.371829 -16.493091 2.772051
v 5.619006 -15.830707 2.892051
v 4.724107 -16.224608 2.711313
v 4.644185 -16.403573 0.717548
v 5.303305 -16.676723 0.789762
v 4.724107 -16.224608 2.711313
v 5.303305 -16.676723 0.789762
v 5.371829 -16.493091 2.772051
v 4.644185 -16.403573 0.717548
v 4.655603 -16.378007 -0.432452
v 5.313094 -16.650490 -0.360238
v 4.644185 -16.403573 0.717548
v 5.313094 -16.650490 -0.360238
v 5.303305 -16.676723 0.789762
v 5.313094 -16.650490 -0.360238
v 5.802553 -15.338838 -0.360238
v 6.424060 -15.547439 -0.309691
v 5.313094 -16.650490 -0.360238
v 6.424060 -15.547439 -0.309691
v 6.039771 -16.893665 -0.309691
v 5.802553 -15.338838 -0.360238
v 5.812342 -15.312605 0.739762
v 6.431745 -15.520515 0.790309
v 5.802553 -15.338838 -0.360238
v 6.431745 -15.520515 0.790309
v 6.424060 -15.547439 -0.309691
v 5.812342 -15.312605 0.739762
v 5.773185 -15.417537 2.522051
v 6.401002 -15.628213 2.549095
v 5.812342 -15.312605 0.739762
v 6.401002 -15.628213 2.549095
v 6.431745 -15.520515 0.790309
v 5.773185 -15.417537 2.522051
v 5.619006 -15.830707 2.892051
v 6.279951 -16.052274 2.919095
v 5.773185 -15.417537 2.522051
v 6.279951 -16.052274 2.919095
v 6.401002 -15.628213 2.549095
v 5.619006 -15.830707 2.892051
v 5.371829 -16.493091 2.772051
v 6.085886 -16.732118 2.799095
v 5.619006 -15.830707 2.892051
v 6.085886 -16.732118 2.799095
v 6.279951 -16.052274 2.919095
v 5.371829 -16.493091 2.772051
v 5.303305 -16.676723 0.789762
v 6.032085 -16.920589 0.840309
v 5.371829 -16.493091 2.772051
v 6.032085 -16.920589 0.840309
v 6.085886 -16.732118 2.799095
v 5.303305 -16.676723 0.789762
v 5.313094 -16.650490 -0.360238
v 6.039771 -16.893665 -0.309691
v 5.303305 -16.676723 0.789762
v 6.039771 -16.893665 -0.309691
v 6.032085 -16.920589 0.840309
v 6.039771 -16.893665 -0.309691
v 6.424060 -15.547439 -0.309691
v 7.098878 -15.710120 -0.295561
v 6.039771 -16.893665 -0.309691
v 7.098878 -15.710120 -0.295561
v 6.848555 -17.087559 -0.295561
v 6.424060 -15.547439 -0.309691
v 6.431745 -15.520515 0.790309
v 7.103885 -15.682571 0.804439
v 6.424060 -15.547439 -0.309691
v 7.103885 -15.682571 0.804439
v 7.098878 -15.710120 -0.295561
v 6.431745 -15.520515 0.790309
v 6.401002 -15.628213 2.549095
v 7.083859 -15.792766 2.520031
v 6.431745 -15.520515 0.790309
v 7.083859 -15.792766 2.520031
v 7.103885 -15.682571 0.804439
v 6.401002 -15.628213 2.549095
v 6.279951 -16.052274 2.919095
v 7.005007 -16.226660 2.890031
v 6.401002 -15.628213 2.549095
v 7.005007 -16.226660 2.890031
v 7.083859 -15.792766 2.520031
v 6.279951 -16.052274 2.919095
v 6.085886 -16.732118 2.799095
v 6.878594 -16.922266 2.770031
v 6.279951 -16.052274 2.919095
v 6.878594 -16.922266 2.770031
v 7.005007 -16.226660 2.890031
v 6.085886 -16.732118 2.799095
v 6.032085 -16.920589 0.840309
v 6.843549 -17.115108 0.854439
v 6.085886 -16.732118 2.799095
v 6.843549 -17.115108 0.854439
v 6.878594 -16.922266 2.770031
v 6.032085 -16.920589 0.840309
v 6.039771 -16.893665 -0.309691
v 6.848555 -17.087559 -0.295561
v 6.032085 -16.920589 0.840309
v 6.848555 -17.087559 -0.295561
v 6.843549 -17.115108 0.854439
v 6.848555 -17.087559 -0.295561
v 7.098878 -15.710120 -0.295561
v 7.829602 -15.804448 -0.305068
v 6.848555 -17.087559 -0.295561
v 7.829602 -15.804448 -0.305068
v 7.744264 -17.201845 -0.305068
v 7.098878 -15.710120 -0.295561
v 7.103885 -15.682571 0.804439
v 7.831309 -15.776500 0.794932
v 7.098878 -15.710120 -0.295561
v 7.831309 -15.776500 0.794932
v 7.829602 -15.804448 -0.305068
v 7.103885 -15.682571 0.804439
v 7.083859 -15.792766 2.520031
v 7.824482 -15.888292 2.441513
v 7.103885 -15.682571 0.804439
v 7.824482 -15.888292 2.441513
v 7.831309 -15.776500 0.794932
v 7.083859 -15.792766 2.520031
v 7.005007 -16.226660 2.890031
v 7.797600 -16.328472 2.811513
v 7.083859 -15.792766 2.520031
v 7.797600 -16.328472 2.811513
v 7.824482 -15.888292 2.441513
v 7.005007 -16.226660 2.890031
v 6.878594 -16.922266 2.770031
v 7.754504 -17.034157 2.691513
v 7.005007 -16.226660 2.890031
v 7.754504 -17.034157 2.691513
v 7.797600 -16.328472 2.811513
v 6.878594 -16.922266 2.770031
v 6.843549 -17.115108 0.854439
v 7.742557 -17.229793 0.844932
v 6.878594 -16.922266 2.770031
v 7.742557 -17.229793 0.844932
v 7.754504 -17.034157 2.691513
v 6.843549 -17.115108 0.854439
v 6.848555 -17.087559 -0.295561
v 7.744264 -17.201845 -0.305068
v 6.843549 -17.115108 0.854439
v 7.744264 -17.201845 -0.305068
v 7.742557 -17.229793 0.844932
v 7.744264 -17.201845 -0.305068
v 7.829602 -15.804448 -0.305068
v 8.606207 -15.803820 -0.294976
v 7.744264 -17.201845 -0.305068
v 8.606207 -15.803820 -0.294976
v 8.712772 -17.199758 -0.294976
v 7.829602 -15.804448 -0.305068
v 7.831309 -15.776500 0.794932
v 8.604075 -15.775901 0.805024
v 7.829602 -15.804448 -0.305068
v 8.604075 -15.775901 0.805024
v 8.606207 -15.803820 -0.294976
v 7.831309 -15.776500 0.794932
v 7.824482 -15.888292 2.441513
v 8.612601 -15.887576 2.366070
v 7.831309 -15.776500 0.794932
v 8.612601 -15.887576 2.366070
v 8.604075 -15.775901 0.805024
v 7.824482 -15.888292 2.441513
v 7.797600 -16.328472 2.811513
v 8.646169 -16.327297 2.736070
v 7.824482 -15.888292 2.441513
v 8.646169 -16.327297 2.736070
v 8.612601 -15.887576 2.366070
v 7.797600 -16.328472 2.811513
v 7.754504 -17.034157 2.691513
v 8.699985 -17.032246 2.616070
v 7.797600 -16.328472 2.811513
v 8.699985 -17.032246 2.616070
v 8.646169 -16.327297 2.736070
v 7.754504 -17.034157 2.691513
v 7.742557 -17.229793 0.844932
v 8.714904 -17.227677 0.855024
v 7.754504 -17.034157 2.691513
v 8.714904 -17.227677 0.855024
v 8.699985 -17.032246 2.616070
v 7.742557 -17.229793 0.844932
v 7.744264 -17.201845 -0.305068
v 8.712772 -17.199758 -0.294976
v 7.742557 -17.229793 0.844932
v 8.712772 -17.199758 -0.294976
v 8.714904 -17.227677 0.855024
v 8.712772 -17.199758 -0.294976
v 8.606207 -15.803820 -0.294976
v 9.401675 -15.685641 -0.230718
v 8.712772 -17.199758 -0.294976
v 9.401675 -15.685641 -0.230718
v 9.714579 -17.050226 -0.230718
v 8.606207 -15.803820 -0.294976
v 8.604075 -15.775901 0.805024
v 9.395417 -15.658350 0.869282
v 8.606207 -15.803820 -0.294976
v 9.395417 -15.658350 0.869282
v 9.401675 -15.685641 -0.230718
v 8.604075 -15.775901 0.805024
v 8.612601 -15.887576 2.366070
v 9.420449 -15.767517 2.371883
v 8.604075 -15.775901 0.805024
v 9.420449 -15.767517 2.371883
v 9.395417 -15.658350 0.869282
v 8.612601 -15.887576 2.366070
v 8.646169 -16.327297 2.736070
v 9.519014 -16.197361 2.741883
v 8.612601 -15.887576 2.366070
v 9.519014 -16.197361 2.741883
v 9.420449 -15.767517 2.371883
v 8.646169 -16.327297 2.736070
v 8.699985 -17.032246 2.616070
v 9.677031 -16.886476 2.621883
v 8.646169 -16.327297 2.736070
v 9.677031 -16.886476 2.621883
v 9.519014 -16.197361 2.741883
v 8.699985 -17.032246 2.616070
v 8.714904 -17.227677 0.855024
v 9.720837 -17.077518 0.919282
v 8.699985 -17.032246 2.616070
v 9.720837 -17.077518 0.919282
v 9.677031 -16.886476 2.621883
v 8.714904 -17.227677 0.855024
v 8.712772 -17.199758 -0.294976
v 9.714579 -17.050226 -0.230718
v 8.714904 -17.227677 0.855024
v 9.714579 -17.050226 -0.230718
v 9.720837 -17.077518 0.919282
v 9.714579 -17.050226 -0.230718
v 9.401675 -15.685641 -0.230718
v 10.173628 -15.444627 -0.128719
v 9.714579 -17.050226 -0.230718
v 10.173628 -15.444627 -0.128719
v 10.688607 -16.746470 -0.128719
v 9.401675 -15.685641 -0.230718
v 9.395417 -15.658350 0.869282
v 10.163328 -15.418590 0.971281
v 9.401675 -15.685641 -0.230718
v 10.163328 -15.418590 0.971281
v 10.173628 -15.444627 -0.128719
v 9.395417 -15.658350 0.869282
v 9.420449 -15.767517 2.371883
v 10.204527 -15.522737 2.503686
v 9.395417 -15.658350 0.869282
v 10.204527 -15.522737 2.503686
v 10.163328 -15.418590 0.971281
v 9.420449 -15.767517 2.371883
v 9.519014 -16.197361 2.741883
v 10.366745 -15.932818 2.873686
v 9.420449 -15.767517 2.371883
v 10.366745 -15.932818 2.873686
v 10.204527 -15.522737 2.503686
v 9.519014 -16.197361 2.741883
v 9.677031 -16.886476 2.621883
v 10.626810 -16.590249 2.753686
v 9.519014 -16.197361 2.741883
v 10.626810 -16.590249 2.753686
v 10.366745 -15.932818 2.873686
v 9.677031 -16.886476 2.621883
v 9.720837 -17.077518 0.919282
v 10.698907 -16.772507 1.021281
v 9.677031 -16.886476 2.621883
v 10.698907 -16.772507 1.021281
v 10.626810 -16.590249 2.753686
v 9.720837 -17.077518 0.919282
v 9.714579 -17.050226 -0.230718
v 10.688607 -16.746470 -0.128719
v 9.720837 -17.077518 0.919282
v 10.688607 -16.746470 -0.128719
v 10.698907 -16.772507 1.021281
v 10.688607 -16.746470 -0.128719
v 10.173628 -15.444627 -0.128719
v 10.883142 -15.098691 -0.067630
v 10.688607 -16.746470 -0.128719
v 10.883142 -15.098691 -0.067630
v 11.578370 -16.313869 -0.067630
v 10.173628 -15.444627 -0.128719
v 10.163328 -15.418590 0.971281
v 10.869238 -15.074387 1.032370
v 10.173628 -15.444627 -0.128719
v 10.869238 -15.074387 1.032370
v 10.883142 -15.098691 -0.067630
v 10.163328 -15.418590 0.971281
v 10.204527 -15.522737 2.503686
v 10.924856 -15.171602 2.683729
v 10.163328 -15.418590 0.971281
v 10.924856 -15.171602 2.683729
v 10.869238 -15.074387 1.032370
v 10.204527 -15.522737 2.503686
v 10.366745 -15.932818 2.873686
v 11.143853 -15.554383 3.053729
v 10.204527 -15.522737 2.503686
v 11.143853 -15.554383 3.053729
v 10.924856 -15.171602 2.683729
v 10.366745 -15.932818 2.873686
v 10.626810 -16.590249 2.753686
v 11.494942 -16.168048 2.933729
v 10.366745 -15.932818 2.873686
v 11.494942 -16.168048 2.933729
v 11.143853 -15.554383 3.053729
v 10.626810 -16.590249 2.753686
v 10.698907 -16.772507 1.021281
v 11.592274 -16.338173 1.082370
v 10.626810 -16.590249 2.753686
v 11.592274 -16.338173 1.082370
v 11.494942 -16.168048 2.933729
v 10.698907 -16.772507 1.021281
v 10.688607 -16.746470 -0.128719
v 11.578370 -16.313869 -0.067630
v 10.698907 -16.772507 1.021281
v 11.578370 -16.313869 -0.067630
v 11.592274 -16.338173 1.082370
v 11.578370 -16.313869 -0.067630
v 10.883142 -15.098691 -0.067630
v 11.509784 -14.678470 -0.087528
v 11.578370 -16.313869 -0.067630
v 11.509784 -14.678470 -0.087528
v 12.353520 -15.795657 -0.087528
v 10.883142 -15.098691 -0.067630
v 10.869238 -15.074387 1.032370
v 11.492909 -14.656126 1.012472
v 10.883142 -15.098691 -0.067630
v 11.492909 -14.656126 1.012472
v 11.509784 -14.678470 -0.087528
v 10.869238 -15.074387 1.032370
v 10.924856 -15.171602 2.683729
v 11.560408 -14.745501 2.781992
v 10.869238 -15.074387 1.032370
v 11.560408 -14.745501 2.781992
v 11.492909 -14.656126 1.012472
v 10.924856 -15.171602 2.683729
v 11.143853 -15.554383 3.053729
v 11.826185 -15.097415 3.151992
v 10.924856 -15.171602 2.683729
v 11.826185 -15.097415 3.151992
v 11.560408 -14.745501 2.781992
v 11.143853 -15.554383 3.053729
v 11.494942 -16.168048 2.933729
v 12.252272 -15.661595 3.031992
v 11.143853 -15.554383 3.053729
v 12.252272 -15.661595 3.031992
v 11.826185 -15.097415 3.151992
v 11.494942 -16.168048 2.933729
v 11.592274 -16.338173 1.082370
v 12.370395 -15.818001 1.062472
v 11.494942 -16.168048 2.933729
v 12.370395 -15.818001 1.062472
v 12.252272 -15.661595 3.031992
v 11.592274 -16.338173 1.082370
v 11.578370 -16.313869 -0.067630
v 12.353520 -15.795657 -0.087528
v 11.592274 -16.338173 1.082370
v 12.353520 -15.795657 -0.087528
v 12.370395 -15.818001 1.062472
v 12.353520 -15.795657 -0.087528
v 11.509784 -14.678470 -0.087528
v 12.052170 -14.213845 -0.132861
v 12.353520 -15.795657 -0.087528
v 12.052170 -14.213845 -0.132861
v 13.011581 -15.233419 -0.132861
v 11.509784 -14.678470 -0.087528
v 11.492909 -14.656126 1.012472
v 12.032982 -14.193454 0.967139
v 11.509784 -14.678470 -0.087528
v 12.032982 -14.193454 0.967139
v 12.052170 -14.213845 -0.132861
v 11.492909 -14.656126 1.012472
v 11.560408 -14.745501 2.781992
v 12.109735 -14.275020 2.763071
v 11.492909 -14.656126 1.012472
v 12.109735 -14.275020 2.763071
v 12.032982 -14.193454 0.967139
v 11.560408 -14.745501 2.781992
v 11.826185 -15.097415 3.151992
v 12.411950 -14.596185 3.133071
v 11.560408 -14.745501 2.781992
v 12.411950 -14.596185 3.133071
v 12.109735 -14.275020 2.763071
v 11.826185 -15.097415 3.151992
v 12.252272 -15.661595 3.031992
v 12.896452 -15.111070 3.013071
v 11.826185 -15.097415 3.151992
v 12.896452 -15.111070 3.013071
v 12.411950 -14.596185 3.133071
v 12.252272 -15.661595 3.031992
v 12.370395 -15.818001 1.062472
v 13.030770 -15.253810 1.017139
v 12.252272 -15.661595 3.031992
v 13.030770 -15.253810 1.017139
v 12.896452 -15.111070 3.013071
v 12.370395 -15.818001 1.062472
v 12.353520 -15.795657 -0.087528
v 13.011581 -15.233419 -0.132861
v 12.370395 -15.818001 1.062472
v 13.011581 -15.233419 -0.132861
v 13.030770 -15.253810 1.017139
v 13.011581 -15.233419 -0.132861
v 12.052170 -14.213845 -0.132861
v 12.521035 -13.725148 -0.160832
v 13.011581 -15.233419 -0.132861
v 12.521035 -13.725148 -0.160832
v 13.568036 -14.654550 -0.160832
v 12.052170 -14.213845 -0.132861
v 12.032982 -14.193454 0.967139
v 12.500095 -13.706560 0.939168
v 12.052170 -14.213845 -0.132861
v 12.500095 -13.706560 0.939168
v 12.521035 -13.725148 -0.160832
v 12.032982 -14.193454 0.967139
v 12.109735 -14.275020 2.763071
v 12.583855 -13.780912 2.660831
v 12.032982 -14.193454 0.967139
v 12.583855 -13.780912 2.660831
v 12.500095 -13.706560 0.939168
v 12.109735 -14.275020 2.763071
v 12.411950 -14.596185 3.133071
v 12.913660 -14.073674 3.030831
v 12.109735 -14.275020 2.763071
v 12.913660 -14.073674 3.030831
v 12.583855 -13.780912 2.660831
v 12.411950 -14.596185 3.133071
v 12.896452 -15.111070 3.013071
v 13.442396 -14.543022 2.910831
v 12.411950 -14.596185 3.133071
v 13.442396 -14.543022 2.910831
v 12.913660 -14.073674 3.030831
v 12.896452 -15.111070 3.013071
v 13.030770 -15.253810 1.017139
v 13.588976 -14.673138 0.989168
v 12.896452 -15.111070 3.013071
v 13.588976 -14.673138 0.989168
v 13.442396 -14.543022 2.910831
v 13.030770 -15.253810 1.017139
v 13.011581 -15.233419 -0.132861
v 13.568036 -14.654550 -0.160832
v 13.030770 -15.253810 1.017139
v 13.568036 -14.654550 -0.160832
v 13.588976 -14.673138 0.989168
v 13.568036 -14.654550 -0.160832
v 12.521035 -13.725148 -0.160832
v 12.929143 -13.224542 -0.182819
v 13.568036 -14.654550 -0.160832
v 12.929143 -13.224542 -0.182819
v 14.041975 -14.074015 -0.182819
v 12.521035 -13.725148 -0.160832
v 12.500095 -13.706560 0.939168
v 12.906886 -13.207553 0.917181
v 12.521035 -13.725148 -0.160832
v 12.906886 -13.207553 0.917181
v 12.929143 -13.224542 -0.182819
v 12.500095 -13.706560 0.939168
v 12.583855 -13.780912 2.660831
v 12.995913 -13.275511 2.523264
v 12.500095 -13.706560 0.939168
v 12.995913 -13.275511 2.523264
v 12.906886 -13.207553 0.917181
v 12.583855 -13.780912 2.660831
v 12.913660 -14.073674 3.030831
v 13.346455 -13.543094 2.893264
v 12.583855 -13.780912 2.660831
v 13.346455 -13.543094 2.893264
v 12.995913 -13.275511 2.523264
v 12.913660 -14.073674 3.030831
v 13.442396 -14.543022 2.910831
v 13.908435 -13.972078 2.773264
v 12.913660 -14.073674 3.030831
v 13.908435 -13.972078 2.773264
v 13.346455 -13.543094 2.893264
v 13.442396 -14.543022 2.910831
v 13.588976 -14.673138 0.989168
v 14.064232 -14.091004 0.967181
v 13.442396 -14.543022 2.910831
v 14.064232 -14.091004 0.967181
v 13.908435 -13.972078 2.773264
v 13.588976 -14.673138 0.989168
v 13.568036 -14.654550 -0.160832
v 14.041975 -14.074015 -0.182819
v 13.588976 -14.673138 0.989168
v 14.041975 -14.074015 -0.182819
v 14.064232 -14.091004 0.967181
v 14.041975 -14.074015 -0.182819
v 12.929143 -13.224542 -0.182819
v 13.284502 -12.724806 -0.200945
v 14.041975 -14.074015 -0.182819
v 13.284502 -12.724806 -0.200945
v 14.455450 -13.492192 -0.200945
v 12.929143 -13.224542 -0.182819
v 12.906886 -13.207553 0.917181
v 13.261083 -12.709459 0.899055
v 12.929143 -13.224542 -0.182819
v 13.261083 -12.709459 0.899055
v 13.284502 -12.724806 -0.200945
v 12.906886 -13.207553 0.917181
v 12.995913 -13.275511 2.523264
v 13.354759 -12.770849 2.418723
v 12.906886 -13.207553 0.917181
v 13.354759 -12.770849 2.418723
v 13.261083 -12.709459 0.899055
v 12.995913 -13.275511 2.523264
v 13.346455 -13.543094 2.893264
v 13.723607 -13.012576 2.788723
v 12.995913 -13.275511 2.523264
v 13.723607 -13.012576 2.788723
v 13.354759 -12.770849 2.418723
v 13.346455 -13.543094 2.893264
v 13.908435 -13.972078 2.773264
v 14.314936 -13.400106 2.668723
v 13.346455 -13.543094 2.893264
v 14.314936 -13.400106 2.668723
v 13.723607 -13.012576 2.788723
v 13.908435 -13.972078 2.773264
v 14.064232 -14.091004 0.967181
v 14.478869 -13.507540 0.949055
v 13.908435 -13.972078 2.773264
v 14.478869 -13.507540 0.949055
v 14.314936 -13.400106 2.668723
v 14.064232 -14.091004 0.967181
v 14.041975 -14.074015 -0.182819
v 14.455450 -13.492192 -0.200945
v 14.064232 -14.091004 0.967181
v 14.455450 -13.492192 -0.200945
v 14.478869 -13.507540 0.949055
v 14.455450 -13.492192 -0.200945
v 13.284502 -12.724806 -0.200945
v 13.275885 -12.870276 -0.177889
v 14.455450 -13.492192 -0.200945
v 13.275885 -12.870276 -0.177889
v 14.674428 -12.934136 -0.177889
v 13.284502 -12.724806 -0.200945
v 13.261083 -12.709459 0.899055
v 13.247914 -12.868999 0.922111
v 13.284502 -12.724806 -0.200945
v 13.247914 -12.868999 0.922111
v 13.275885 -12.870276 -0.177889
v 13.261083 -12.709459 0.899055
v 13.354759 -12.770849 2.418723
v 13.359797 -12.874108 2.427098
v 13.261083 -12.709459 0.899055
v 13.359797 -12.874108 2.427098
v 13.247914 -12.868999 0.922111
v 13.354759 -12.770849 2.418723
v 13.723607 -13.012576 2.788723
v 13.800338 -12.894224 2.797098
v 13.354759 -12.770849 2.418723
v 13.800338 -12.894224 2.797098
v 13.359797 -12.874108 2.427098
v 13.723607 -13.012576 2.788723
v 14.314936 -13.400106 2.668723
v 14.506602 -12.926473 2.677098
v 13.723607 -13.012576 2.788723
v 14.506602 -12.926473 2.677098
v 13.800338 -12.894224 2.797098
v 14.314936 -13.400106 2.668723
v 14.478869 -13.507540 0.949055
v 14.702398 -12.935413 0.972111
v 14.314936 -13.400106 2.668723
v 14.702398 -12.935413 0.972111
v 14.506602 -12.926473 2.677098
v 14.478869 -13.507540 0.949055
v 14.455450 -13.492192 -0.200945
v 14.674428 -12.934136 -0.177889
v 14.478869 -13.507540 0.949055
v 14.674428 -12.934136 -0.177889
v 14.702398 -12.935413 0.972111
v 14.674428 -12.934136 -0.177889
v 13.275885 -12.870276 -0.177889
v 13.776913 -12.315389 -0.180197
v 14.674428 -12.934136 -0.177889
v 13.776913 -12.315389 -0.180197
v 13.972166 -13.701706 -0.180197
v 13.275885 -12.870276 -0.177889
v 13.247914 -12.868999 0.922111
v 13.773008 -12.287662 0.919803
v 13.275885 -12.870276 -0.177889
v 13.773008 -12.287662 0.919803
v 13.776913 -12.315389 -0.180197
v 13.247914 -12.868999 0.922111
v 13.359797 -12.874108 2.427098
v 13.788629 -12.398568 2.433130
v 13.247914 -12.868999 0.922111
v 13.788629 -12.398568 2.433130
v 13.773008 -12.287662 0.919803
v 13.359797 -12.874108 2.427098
v 13.800338 -12.894224 2.797098
v 13.850133 -12.835258 2.803130
v 13.359797 -12.874108 2.427098
v 13.850133 -12.835258 2.803130
v 13.788629 -12.398568 2.433130
v 13.800338 -12.894224 2.797098
v 14.506602 -12.926473 2.677098
v 13.948736 -13.535348 2.683130
v 13.800338 -12.894224 2.797098
v 13.948736 -13.535348 2.683130
v 13.850133 -12.835258 2.803130
v 14.506602 -12.926473 2.677098
v 14.702398 -12.935413 0.972111
v 13.976071 -13.729433 0.969803
v 14.506602 -12.926473 2.677098
v 13.976071 -13.729433 0.969803
v 13.948736 -13.535348 2.683130
v 14.702398 -12.935413 0.972111
v 14.674428 -12.934136 -0.177889
v 13.972166 -13.701706 -0.180197
v 14.702398 -12.935413 0.972111
v 13.972166 -13.701706 -0.180197
v 13.976071 -13.729433 0.969803
v 13.972166 -13.701706 -0.180197
v 13.776913 -12.315389 -0.180197
v 13.740192 -12.285783 -0.205106
v 13.972166 -13.701706 -0.180197
v 13.740192 -12.285783 -0.205106
v 14.466765 -13.482483 -0.205106
v 13.776913 -12.315389 -0.180197
v 13.773008 -12.287662 0.919803
v 13.725660 -12.261849 0.894894
v 13.776913 -12.315389 -0.180197
v 13.725660 -12.261849 0.894894
v 13.740192 -12.285783 -0.205106
v 13.773008 -12.287662 0.919803
v 13.788629 -12.398568 2.433130
v 13.783786 -12.357585 2.396634
v 13.773008 -12.287662 0.919803
v 13.783786 -12.357585 2.396634
v 13.725660 -12.261849 0.894894
v 13.788629 -12.398568 2.433130
v 13.850133 -12.835258 2.803130
v 14.012657 -12.734545 2.766634
v 13.788629 -12.398568 2.433130
v 14.012657 -12.734545 2.766634
v 13.783786 -12.357585 2.396634
v 13.850133 -12.835258 2.803130
v 13.948736 -13.535348 2.683130
v 14.379576 -13.338879 2.646634
v 13.850133 -12.835258 2.803130
v 14.379576 -13.338879 2.646634
v 14.012657 -12.734545 2.766634
v 13.948736 -13.535348 2.683130
v 13.976071 -13.729433 0.969803
v 14.481296 -13.506417 0.944894
v 13.948736 -13.535348 2.683130
v 14.481296 -13.506417 0.944894
v 14.379576 -13.338879 2.646634
v 13.976071 -13.729433 0.969803
v 13.972166 -13.701706 -0.180197
v 14.466765 -13.482483 -0.205106
v 13.976071 -13.729433 0.969803
v 14.466765 -13.482483 -0.205106
v 14.481296 -13.506417 0.944894
v 14.466765 -13.482483 -0.205106
v 13.740192 -12.285783 -0.205106
v 14.189793 -11.998684 -0.213310
v 14.466765 -13.482483 -0.205106
v 14.189793 -11.998684 -0.213310
v 14.956062 -13.170363 -0.213310
v 13.740192 -12.285783 -0.205106
v 13.725660 -12.261849 0.894894
v 14.174468 -11.975250 0.886690
v 13.740192 -12.285783 -0.205106
v 14.174468 -11.975250 0.886690
v 14.189793 -11.998684 -0.213310
v 13.725660 -12.261849 0.894894
v 13.783786 -12.357585 2.396634
v 14.235769 -12.068985 2.401349
v 13.725660 -12.261849 0.894894
v 14.235769 -12.068985 2.401349
v 14.174468 -11.975250 0.886690
v 13.783786 -12.357585 2.396634
v 14.012657 -12.734545 2.766634
v 14.477144 -12.438064 2.771349
v 13.783786 -12.357585 2.396634
v 14.477144 -12.438064 2.771349
v 14.235769 -12.068985 2.401349
v 14.012657 -12.734545 2.766634
v 14.379576 -13.338879 2.646634
v 14.864109 -13.029762 2.651349
v 14.012657 -12.734545 2.766634
v 14.864109 -13.029762 2.651349
v 14.477144 -12.438064 2.771349
v 14.379576 -13.338879 2.646634
v 14.481296 -13.506417 0.944894
v 14.971387 -13.193797 0.936690
v 14.379576 -13.338879 2.646634
v 14.971387 -13.193797 0.936690
v 14.864109 -13.029762 2.651349
v 14.481296 -13.506417 0.944894
v 14.466765 -13.482483 -0.205106
v 14.956062 -13.170363 -0.213310
v 14.481296 -13.506417 0.944894
v 14.956062 -13.170363 -0.213310
v 14.971387 -13.193797 0.936690
v 14.956062 -13.170363 -0.213310
v 14.189793 -11.998684 -0.213310
v 14.643429 -11.694825 -0.199587
v 14.956062 -13.170363 -0.213310
v 14.643429 -11.694825 -0.199587
v 15.436478 -12.848546 -0.199587
v 14.189793 -11.998684 -0.213310
v 14.174468 -11.975250 0.886690
v 14.627568 -11.671751 0.900413
v 14.189793 -11.998684 -0.213310
v 14.627568 -11.671751 0.900413
v 14.643429 -11.694825 -0.199587
v 14.174468 -11.975250 0.886690
v 14.235769 -12.068985 2.401349
v 14.691012 -11.764048 2.476330
v 14.174468 -11.975250 0.886690
v 14.691012 -11.764048 2.476330
v 14.627568 -11.671751 0.900413
v 14.235769 -12.068985 2.401349
v 14.477144 -12.438064 2.771349
v 14.940822 -12.127471 2.846330
v 14.235769 -12.068985 2.401349
v 14.940822 -12.127471 2.846330
v 14.691012 -11.764048 2.476330
v 14.477144 -12.438064 2.771349
v 14.864109 -13.029762 2.651349
v 15.341312 -12.710100 2.726330
v 14.477144 -12.438064 2.771349
v 15.341312 -12.710100 2.726330
v 14.940822 -12.127471 2.846330
v 14.864109 -13.029762 2.651349
v 14.971387 -13.193797 0.936690
v 15.452339 -12.871621 0.950413
v 14.864109 -13.029762 2.651349
v 15.452339 -12.871621 0.950413
v 15.341312 -12.710100 2.726330
v 14.971387 -13.193797 0.936690
v 14.956062 -13.170363 -0.213310
v 15.436478 -12.848546 -0.199587
v 14.971387 -13.193797 0.936690
v 15.436478 -12.848546 -0.199587
v 15.452339 -12.871621 0.950413
v 15.436478 -12.848546 -0.199587
v 14.643429 -11.694825 -0.199587
v 15.093157 -11.377769 -0.173970
v 15.436478 -12.848546 -0.199587
v 15.093157 -11.377769 -0.173970
v 15.914995 -12.511164 -0.173970
v 14.643429 -11.694825 -0.199587
v 14.627568 -11.671751 0.900413
v 15.076721 -11.355101 0.926030
v 14.643429 -11.694825 -0.199587
v 15.076721 -11.355101 0.926030
v 15.093157 -11.377769 -0.173970
v 14.627568 -11.671751 0.900413
v 14.691012 -11.764048 2.476330
v 15.142468 -11.445773 2.591428
v 14.627568 -11.671751 0.900413
v 15.142468 -11.445773 2.591428
v 15.076721 -11.355101 0.926030
v 14.691012 -11.764048 2.476330
v 14.940822 -12.127471 2.846330
v 15.401347 -11.802792 2.961428
v 14.691012 -11.764048 2.476330
v 15.401347 -11.802792 2.961428
v 15.142468 -11.445773 2.591428
v 14.940822 -12.127471 2.846330
v 15.341312 -12.710100 2.726330
v 15.816375 -12.375156 2.841428
v 14.940822 -12.127471 2.846330
v 15.816375 -12.375156 2.841428
v 15.401347 -11.802792 2.961428
v 15.341312 -12.710100 2.726330
v 15.452339 -12.871621 0.950413
v 15.931432 -12.533832 0.976030
v 15.341312 -12.710100 2.726330
v 15.931432 -12.533832 0.976030
v 15.816375 -12.375156 2.841428
v 15.452339 -12.871621 0.950413
v 15.436478 -12.848546 -0.199587
v 15.914995 -12.511164 -0.173970
v 15.452339 -12.871621 0.950413
v 15.914995 -12.511164 -0.173970
v 15.931432 -12.533832 0.976030
v 15.914995 -12.511164 -0.173970
v 15.093157 -11.377769 -0.173970
v 15.538244 -11.046039 -0.152990
v 15.914995 -12.511164 -0.173970
v 15.538244 -11.046039 -0.152990
v 16.391038 -12.156329 -0.152990
v 15.093157 -11.377769 -0.173970
v 15.076721 -11.355101 0.926030
v 15.521188 -11.023834 0.947010
v 15.093157 -11.377769 -0.173970
v 15.521188 -11.023834 0.947010
v 15.538244 -11.046039 -0.152990
v 15.076721 -11.355101 0.926030
v 15.142468 -11.445773 2.591428
v 15.589411 -11.112657 2.697507
v 15.076721 -11.355101 0.926030
v 15.589411 -11.112657 2.697507
v 15.521188 -11.023834 0.947010
v 15.142468 -11.445773 2.591428
v 15.401347 -11.802792 2.961428
v 15.858041 -11.462398 3.067507
v 15.142468 -11.445773 2.591428
v 15.858041 -11.462398 3.067507
v 15.589411 -11.112657 2.697507
v 15.401347 -11.802792 2.961428
v 15.816375 -12.375156 2.841428
v 16.288702 -12.023094 2.947507
v 15.401347 -11.802792 2.961428
v 16.288702 -12.023094 2.947507
v 15.858041 -11.462398 3.067507
v 15.816375 -12.375156 2.841428
v 15.931432 -12.533832 0.976030
v 16.408094 -12.178534 0.997010
v 15.816375 -12.375156 2.841428
v 16.408094 -12.178534 0.997010
v 16.288702 -12.023094 2.947507
v 15.931432 -12.533832 0.976030
v 15.914995 -12.511164 -0.173970
v 16.391038 -12.156329 -0.152990
v 15.931432 -12.533832 0.976030
v 16.391038 -12.156329 -0.152990
v 16.408094 -12.178534 0.997010
v 16.391038 -12.156329 -0.152990
v 15.538244 -11.046039 -0.152990
v 15.977606 -10.698506 -0.145183
v 16.391038 -12.156329 -0.152990
v 15.977606 -10.698506 -0.145183
v 16.863532 -11.782543 -0.145183
v 15.538244 -11.046039 -0.152990
v 15.521188 -11.023834 0.947010
v 15.959887 -10.676825 0.954817
v 15.538244 -11.046039 -0.152990
v 15.959887 -10.676825 0.954817
v 15.977606 -10.698506 -0.145183
v 15.521188 -11.023834 0.947010
v 15.589411 -11.112657 2.697507
v 16.030761 -10.763548 2.752036
v 15.521188 -11.023834 0.947010
v 16.030761 -10.763548 2.752036
v 15.959887 -10.676825 0.954817
v 15.589411 -11.112657 2.697507
v 15.858041 -11.462398 3.067507
v 16.309828 -11.105020 3.122036
v 15.589411 -11.112657 2.697507
v 16.309828 -11.105020 3.122036
v 16.030761 -10.763548 2.752036
v 15.858041 -11.462398 3.067507
v 16.288702 -12.023094 2.947507
v 16.757221 -11.652458 3.002036
v 15.858041 -11.462398 3.067507
v 16.757221 -11.652458 3.002036
v 16.309828 -11.105020 3.122036
v 16.288702 -12.023094 2.947507
v 16.408094 -12.178534 0.997010
v 16.881250 -11.804223 1.004817
v 16.288702 -12.023094 2.947507
v 16.881250 -11.804223 1.004817
v 16.757221 -11.652458 3.002036
v 16.408094 -12.178534 0.997010
v 16.391038 -12.156329 -0.152990
v 16.863532 -11.782543 -0.145183
v 16.408094 -12.178534 0.997010
v 16.863532 -11.782543 -0.145183
v 16.881250 -11.804223 1.004817
v 16.863532 -11.782543 -0.145183
v 15.977606 -10.698506 -0.145183
v 16.410744 -10.333083 -0.138426
v 16.863532 -11.782543 -0.145183
v 16.410744 -10.333083 -0.138426
v 17.332387 -11.386921 -0.138426
v 15.977606 -10.698506 -0.145183
v 15.959887 -10.676825 0.954817
v 16.392311 -10.312006 0.961574
v 15.977606 -10.698506 -0.145183
v 16.392311 -10.312006 0.961574
v 16.410744 -10.333083 -0.138426
v 15.959887 -10.676825 0.954817
v 16.030761 -10.763548 2.752036
v 16.466043 -10.396313 2.745627
v 15.959887 -10.676825 0.954817
v 16.466043 -10.396313 2.745627
v 16.392311 -10.312006 0.961574
v 16.030761 -10.763548 2.752036
v 16.309828 -11.105020 3.122036
v 16.756360 -10.728272 3.115627
v 16.030761 -10.763548 2.752036
v 16.756360 -10.728272 3.115627
v 16.466043 -10.396313 2.745627
v 16.309828 -11.105020 3.122036
v 16.757221 -11.652458 3.002036
v 17.221789 -11.260461 2.995627
v 16.309828 -11.105020 3.122036
v 17.221789 -11.260461 2.995627
v 16.756360 -10.728272 3.115627
v 16.757221 -11.652458 3.002036
v 16.881250 -11.804223 1.004817
v 17.350819 -11.407998 1.011574
v 16.757221 -11.652458 3.002036
v 17.350819 -11.407998 1.011574
v 17.221789 -11.260461 2.995627
v 16.881250 -11.804223 1.004817
v 16.863532 -11.782543 -0.145183
v 17.332387 -11.386921 -0.138426
v 16.881250 -11.804223 1.004817
v 17.332387 -11.386921 -0.138426
v 17.350819 -11.407998 1.011574
v 17.332387 -11.386921 -0.138426
v 16.410744 -10.333083 -0.138426
v 16.835860 -9.948025 -0.122667
v 17.332387 -11.386921 -0.138426
v 16.835860 -9.948025 -0.122667
v 17.795690 -10.967205 -0.122667
v 16.410744 -10.333083 -0.138426
v 16.392311 -10.312006 0.961574
v 16.816664 -9.927642 0.977333
v 16.410744 -10.333083 -0.138426
v 16.816664 -9.927642 0.977333
v 16.835860 -9.948025 -0.122667
v 16.392311 -10.312006 0.961574
v 16.466043 -10.396313 2.745627
v 16.893450 -10.009176 2.690192
v 16.392311 -10.312006 0.961574
v 16.893450 -10.009176 2.690192
v 16.816664 -9.927642 0.977333
v 16.466043 -10.396313 2.745627
v 16.756360 -10.728272 3.115627
v 17.195796 -10.330218 3.060192
v 16.466043 -10.396313 2.745627
v 17.195796 -10.330218 3.060192
v 16.893450 -10.009176 2.690192
v 16.756360 -10.728272 3.115627
v 17.221789 -11.260461 2.995627
v 17.680510 -10.844903 2.940192
v 16.756360 -10.728272 3.115627
v 17.680510 -10.844903 2.940192
v 17.195796 -10.330218 3.060192
v 17.221789 -11.260461 2.995627
v 17.350819 -11.407998 1.011574
v 17.814886 -10.987589 1.027333
v 17.221789 -11.260461 2.995627
v 17.814886 -10.987589 1.027333
v 17.680510 -10.844903 2.940192
v 17.350819 -11.407998 1.011574
v 17.332387 -11.386921 -0.138426
v 17.795690 -10.967205 -0.122667
v 17.350819 -11.407998 1.011574
v 17.795690 -10.967205 -0.122667
v 17.814886 -10.987589 1.027333
v 17.795690 -10.967205 -0.122667
v 16.835860 -9.948025 -0.122667
v 17.250791 -9.542085 -0.099254
v 17.795690 -10.967205 -0.122667
v 17.250791 -9.542085 -0.099254
v 18.250953 -10.521716 -0.099254
v 16.835860 -9.948025 -0.122667
v 16.816664 -9.927642 0.977333
v 17.230788 -9.522492 1.000746
v 16.835860 -9.948025 -0.122667
v 17.230788 -9.522492 1.000746
v 17.250791 -9.542085 -0.099254
v 16.816664 -9.927642 0.977333
v 16.893450 -10.009176 2.690192
v 17.310801 -9.600863 2.612864
v 16.816664 -9.927642 0.977333
v 17.310801 -9.600863 2.612864
v 17.230788 -9.522492 1.000746
v 16.893450 -10.009176 2.690192
v 17.195796 -10.330218 3.060192
v 17.625852 -9.909446 2.982864
v 16.893450 -10.009176 2.690192
v 17.625852 -9.909446 2.982864
v 17.310801 -9.600863 2.612864
v 17.195796 -10.330218 3.060192
v 17.680510 -10.844903 2.940192
v 18.130933 -10.404160 2.862864
v 17.195796 -10.330218 3.060192
v 18.130933 -10.404160 2.862864
v 17.625852 -9.909446 2.982864
v 17.680510 -10.844903 2.940192
v 17.814886 -10.987589 1.027333
v 18.270956 -10.541308 1.050746
v 17.680510 -10.844903 2.940192
v 18.270956 -10.541308 1.050746
v 18.130933 -10.404160 2.862864
v 17.814886 -10.987589 1.027333
v 17.795690 -10.967205 -0.122667
v 18.250953 -10.521716 -0.099254
v 17.814886 -10.987589 1.027333
v 18.250953 -10.521716 -0.099254
v 18.270956 -10.541308 1.050746
v 18.250953 -10.521716 -0.099254
v 17.250791 -9.542085 -0.099254
v 17.653654 -9.113260 -0.083274
v 18.250953 -10.521716 -0.099254
v 17.653654 -9.113260 -0.083274
v 18.696211 -10.047645 -0.083274
v 17.250791 -9.542085 -0.099254
v 17.230788 -9.522492 1.000746
v 17.632803 -9.094572 1.016726
v 17.250791 -9.542085 -0.099254
v 17.632803 -9.094572 1.016726
v 17.653654 -9.113260 -0.083274
v 17.230788 -9.522492 1.000746
v 17.310801 -9.600863 2.612864
v 17.716207 -9.169323 2.543981
v 17.230788 -9.522492 1.000746
v 17.716207 -9.169323 2.543981
v 17.632803 -9.094572 1.016726
v 17.310801 -9.600863 2.612864
v 17.625852 -9.909446 2.982864
v 18.044613 -9.463654 2.913981
v 17.310801 -9.600863 2.612864
v 18.044613 -9.463654 2.913981
v 17.716207 -9.169323 2.543981
v 17.625852 -9.909446 2.982864
v 18.130933 -10.404160 2.862864
v 18.571104 -9.935519 2.793981
v 17.625852 -9.909446 2.982864
v 18.571104 -9.935519 2.793981
v 18.044613 -9.463654 2.913981
v 18.130933 -10.404160 2.862864
v 18.270956 -10.541308 1.050746
v 18.717062 -10.066333 1.066726
v 18.130933 -10.404160 2.862864
v 18.717062 -10.066333 1.066726
v 18.571104 -9.935519 2.793981
v 18.270956 -10.541308 1.050746
v 18.250953 -10.521716 -0.099254
v 18.696211 -10.047645 -0.083274
v 18.270956 -10.541308 1.050746
v 18.696211 -10.047645 -0.083274
v 18.717062 -10.066333 1.066726
v 18.696211 -10.047645 -0.083274
v 17.653654 -9.113260 -0.083274
v 18.041761 -8.659751 -0.074940
v 18.696211 -10.047645 -0.083274
v 18.041761 -8.659751 -0.074940
v 19.128397 -9.542487 -0.074940
v 17.653654 -9.113260 -0.083274
v 17.632803 -9.094572 1.016726
v 18.020028 -8.642097 1.025060
v 17.653654 -9.113260 -0.083274
v 18.020028 -8.642097 1.025060
v 18.041761 -8.659751 -0.074940
v 17.632803 -9.094572 1.016726
v 17.716207 -9.169323 2.543981
v 18.106959 -8.712716 2.525905
v 17.632803 -9.094572 1.016726
v 18.106959 -8.712716 2.525905
v 18.020028 -8.642097 1.025060
v 17.716207 -9.169323 2.543981
v 18.044613 -9.463654 2.913981
v 18.449249 -8.990777 2.895905
v 17.716207 -9.169323 2.543981
v 18.449249 -8.990777 2.895905
v 18.106959 -8.712716 2.525905
v 18.044613 -9.463654 2.913981
v 18.571104 -9.935519 2.793981
v 18.998000 -9.436559 2.775905
v 18.044613 -9.463654 2.913981
v 18.998000 -9.436559 2.775905
v 18.449249 -8.990777 2.895905
v 18.571104 -9.935519 2.793981
v 18.717062 -10.066333 1.066726
v 19.150129 -9.560142 1.075060
v 18.571104 -9.935519 2.793981
v 19.150129 -9.560142 1.075060
v 18.998000 -9.436559 2.775905
v 18.717062 -10.066333 1.066726
v 18.696211 -10.047645 -0.083274
v 19.128397 -9.542487 -0.074940
v 18.717062 -10.066333 1.066726
v 19.128397 -9.542487 -0.074940
v 19.150129 -9.560142 1.075060
v 19.128397 -9.542487 -0.074940
v 18.041761 -8.659751 -0.074940
v 18.411467 -8.180634 -0.049552
v 19.128397 -9.542487 -0.074940
v 18.411467 -8.180634 -0.049552
v 19.543046 -9.004970 -0.049552
v 18.041761 -8.659751 -0.074940
v 18.020028 -8.642097 1.025060
v 18.388836 -8.164147 1.050448
v 18.041761 -8.659751 -0.074940
v 18.388836 -8.164147 1.050448
v 18.411467 -8.180634 -0.049552
v 18.020028 -8.642097 1.025060
v 18.106959 -8.712716 2.525905
v 18.479362 -8.230094 2.600124
v 18.020028 -8.642097 1.025060
v 18.479362 -8.230094 2.600124
v 18.388836 -8.164147 1.050448
v 18.106959 -8.712716 2.525905
v 18.449249 -8.990777 2.895905
v 18.835809 -8.489760 2.970124
v 18.106959 -8.712716 2.525905
v 18.835809 -8.489760 2.970124
v 18.479362 -8.230094 2.600124
v 18.449249 -8.990777 2.895905
v 18.998000 -9.436559 2.775905
v 19.407256 -8.906050 2.850124
v 18.449249 -8.990777 2.895905
v 19.407256 -8.906050 2.850124
v 18.835809 -8.489760 2.970124
v 18.998000 -9.436559 2.775905
v 19.150129 -9.560142 1.075060
v 19.565677 -9.021457 1.100448
v 18.998000 -9.436559 2.775905
v 19.565677 -9.021457 1.100448
v 19.407256 -8.906050 2.850124
v 19.150129 -9.560142 1.075060
v 19.128397 -9.542487 -0.074940
v 19.543046 -9.004970 -0.049552
v 19.150129 -9.560142 1.075060
v 19.543046 -9.004970 -0.049552
v 19.565677 -9.021457 1.100448
v 19.543046 -9.004970 -0.049552
v 18.411467 -8.180634 -0.049552
v 18.759038 -7.675395 0.017221
v 19.543046 -9.004970 -0.049552
v 18.759038 -7.675395 0.017221
v 19.935465 -8.434354 0.017221
v 18.411467 -8.180634 -0.049552
v 18.388836 -8.164147 1.050448
v 18.735509 -7.660216 1.117221
v 18.411467 -8.180634 -0.049552
v 18.735509 -7.660216 1.117221
v 18.759038 -7.675395 0.017221
v 18.388836 -8.164147 1.050448
v 18.479362 -8.230094 2.600124
v 18.829623 -7.720933 2.768796
v 18.388836 -8.164147 1.050448
v 18.829623 -7.720933 2.768796
v 18.735509 -7.660216 1.117221
v 18.479362 -8.230094 2.600124
v 18.835809 -8.489760 2.970124
v 19.200198 -7.960005 3.138796
v 18.479362 -8.230094 2.600124
v 19.200198 -7.960005 3.138796
v 18.829623 -7.720933 2.768796
v 18.835809 -8.489760 2.970124
v 19.407256 -8.906050 2.850124
v 19.794294 -8.343279 3.018796
v 18.835809 -8.489760 2.970124
v 19.794294 -8.343279 3.018796
v 19.200198 -7.960005 3.138796
v 19.407256 -8.906050 2.850124
v 19.565677 -9.021457 1.100448
v 19.958994 -8.449533 1.167221
v 19.407256 -8.906050 2.850124
v 19.958994 -8.449533 1.167221
v 19.794294 -8.343279 3.018796
v 19.565677 -9.021457 1.100448
v 19.543046 -9.004970 -0.049552
v 19.935465 -8.434354 0.017221
v 19.565677 -9.021457 1.100448
v 19.935465 -8.434354 0.017221
v 19.958994 -8.449533 1.167221
v 19.935465 -8.434354 0.017221
v 18.759038 -7.675395 0.017221
v 19.080196 -7.144339 0.116940
v 19.935465 -8.434354 0.017221
v 19.080196 -7.144339 0.116940
v 20.300170 -7.831116 0.116940
v 18.759038 -7.675395 0.017221
v 18.735509 -7.660216 1.117221
v 19.055796 -7.130603 1.216940
v 18.759038 -7.675395 0.017221
v 19.055796 -7.130603 1.216940
v 19.080196 -7.144339 0.116940
v 18.735509 -7.660216 1.117221
v 18.829623 -7.720933 2.768796
v 19.153394 -7.185546 2.970386
v 18.735509 -7.660216 1.117221
v 19.153394 -7.185546 2.970386
v 19.055796 -7.130603 1.216940
v 18.829623 -7.720933 2.768796
v 19.200198 -7.960005 3.138796
v 19.537686 -7.401880 3.340386
v 18.829623 -7.720933 2.768796
v 19.537686 -7.401880 3.340386
v 19.153394 -7.185546 2.970386
v 19.200198 -7.960005 3.138796
v 19.794294 -8.343279 3.018796
v 20.153773 -7.748703 3.220386
v 19.200198 -7.960005 3.138796
v 20.153773 -7.748703 3.220386
v 19.537686 -7.401880 3.340386
v 19.794294 -8.343279 3.018796
v 19.958994 -8.449533 1.167221
v 20.324570 -7.844852 1.266940
v 19.794294 -8.343279 3.018796
v 20.324570 -7.844852 1.266940
v 20.153773 -7.748703 3.220386
v 19.958994 -8.449533 1.167221
v 19.935465 -8.434354 0.017221
v 20.300170 -7.831116 0.116940
v 19.958994 -8.449533 1.167221
v 20.300170 -7.831116 0.116940
v 20.324570 -7.844852 1.266940
v 20.300170 -7.831116 0.116940
v 19.080196 -7.144339 0.116940
v 19.370441 -6.589550 0.219173
v 20.300170 -7.831116 0.116940
v 19.370441 -6.589550 0.219173
v 20.631183 -7.198261 0.219173
v 19.080196 -7.144339 0.116940
v 19.055796 -7.130603 1.216940
v 19.345226 -6.577376 1.319173
v 19.080196 -7.144339 0.116940
v 19.345226 -6.577376 1.319173
v 19.370441 -6.589550 0.219173
v 19.055796 -7.130603 1.216940
v 19.153394 -7.185546 2.970386
v 19.446085 -6.626073 3.118921
v 19.055796 -7.130603 1.216940
v 19.446085 -6.626073 3.118921
v 19.345226 -6.577376 1.319173
v 19.153394 -7.185546 2.970386
v 19.537686 -7.401880 3.340386
v 19.843219 -6.817817 3.488921
v 19.153394 -7.185546 2.970386
v 19.843219 -6.817817 3.488921
v 19.446085 -6.626073 3.118921
v 19.537686 -7.401880 3.340386
v 20.153773 -7.748703 3.220386
v 20.479894 -7.125216 3.368921
v 19.537686 -7.401880 3.340386
v 20.479894 -7.125216 3.368921
v 19.843219 -6.817817 3.488921
v 20.153773 -7.748703 3.220386
v 20.324570 -7.844852 1.266940
v 20.656398 -7.210435 1.369173
v 20.153773 -7.748703 3.220386
v 20.656398 -7.210435 1.369173
v 20.479894 -7.125216 3.368921
v 20.324570 -7.844852 1.266940
v 20.300170 -7.831116 0.116940
v 20.631183 -7.198261 0.219173
v 20.324570 -7.844852 1.266940
v 20.631183 -7.198261 0.219173
v 20.656398 -7.210435 1.369173
v 20.631183 -7.198261 0.219173
v 19.370441 -6.589550 0.219173
v 19.625785 -6.014488 0.314091
v 20.631183 -7.198261 0.219173
v 19.625785 -6.014488 0.314091
v 20.923102 -6.540766 0.314091
v 19.370441 -6.589550 0.219173
v 19.345226 -6.577376 1.319173
v 19.599838 -6.003962 1.414091
v 19.370441 -6.589550 0.219173
v 19.599838 -6.003962 1.414091
v 19.625785 -6.014488 0.314091
v 19.345226 -6.577376 1.319173
v 19.446085 -6.626073 3.118921
v 19.703624 -6.046065 3.179943
v 19.345226 -6.577376 1.319173
v 19.703624 -6.046065 3.179943
v 19.599838 -6.003962 1.414091
v 19.446085 -6.626073 3.118921
v 19.843219 -6.817817 3.488921
v 20.112279 -6.211842 3.549943
v 19.446085 -6.626073 3.118921
v 20.112279 -6.211842 3.549943
v 19.703624 -6.046065 3.179943
v 19.843219 -6.817817 3.488921
v 20.479894 -7.125216 3.368921
v 20.767424 -6.477613 3.429943
v 19.843219 -6.817817 3.488921
v 20.767424 -6.477613 3.429943
v 20.112279 -6.211842 3.549943
v 20.479894 -7.125216 3.368921
v 20.656398 -7.210435 1.369173
v 20.949048 -6.551292 1.464091
v 20.479894 -7.125216 3.368921
v 20.949048 -6.551292 1.464091
v 20.767424 -6.477613 3.429943
v 20.656398 -7.210435 1.369173
v 20.631183 -7.198261 0.219173
v 20.923102 -6.540766 0.314091
v 20.656398 -7.210435 1.369173
v 20.923102 -6.540766 0.314091
v 20.949048 -6.551292 1.464091
v 20.923102 -6.540766 0.314091
v 19.625785 -6.014488 0.314091
v 19.843413 -5.423654 0.410894
v 20.923102 -6.540766 0.314091
v 19.843413 -5.423654 0.410894
v 21.171991 -5.865108 0.410894
v 19.625785 -6.014488 0.314091
v 19.599838 -6.003962 1.414091
v 19.816842 -5.414825 1.510894
v 19.625785 -6.014488 0.314091
v 19.816842 -5.414825 1.510894
v 19.843413 -5.423654 0.410894
v 19.599838 -6.003962 1.414091
v 19.703624 -6.046065 3.179943
v 19.923128 -5.450141 3.183211
v 19.599838 -6.003962 1.414091
v 19.923128 -5.450141 3.183211
v 19.816842 -5.414825 1.510894
v 19.703624 -6.046065 3.179943
v 20.112279 -6.211842 3.549943
v 20.341630 -5.589199 3.553211
v 19.703624 -6.046065 3.179943
v 20.341630 -5.589199 3.553211
v 19.923128 -5.450141 3.183211
v 20.112279 -6.211842 3.549943
v 20.767424 -6.477613 3.429943
v 21.012561 -5.812134 3.433211
v 20.112279 -6.211842 3.549943
v 21.012561 -5.812134 3.433211
v 20.341630 -5.589199 3.553211
v 20.767424 -6.477613 3.429943
v 20.949048 -6.551292 1.464091
v 21.198562 -5.873937 1.560894
v 20.767424 -6.477613 3.429943
v 21.198562 -5.873937 1.560894
v 21.012561 -5.812134 3.433211
v 20.949048 -6.551292 1.464091
v 20.923102 -6.540766 0.314091
v 21.171991 -5.865108 0.410894
v 20.949048 -6.551292 1.464091
v 21.171991 -5.865108 0.410894
v 21.198562 -5.873937 1.560894
v 21.171991 -5.865108 0.410894
v 19.843413 -5.423654 0.410894
v 20.021658 -4.822880 0.512709
v 21.171991 -5.865108 0.410894
v 20.021658 -4.822880 0.512709
v 21.375433 -5.179662 0.512709
v 19.843413 -5.423654 0.410894
v 19.816842 -5.414825 1.510894
v 19.994583 -4.815744 1.612709
v 19.843413 -5.423654 0.410894
v 19.994583 -4.815744 1.612709
v 20.021658 -4.822880 0.512709
v 19.816842 -5.414825 1.510894
v 19.923128 -5.450141 3.183211
v 20.102885 -4.844287 3.182643
v 19.816842 -5.414825 1.510894
v 20.102885 -4.844287 3.182643
v 19.994583 -4.815744 1.612709
v 19.923128 -5.450141 3.183211
v 20.341630 -5.589199 3.553211
v 20.529324 -4.956673 3.552643
v 19.923128 -5.450141 3.183211
v 20.529324 -4.956673 3.552643
v 20.102885 -4.844287 3.182643
v 20.341630 -5.589199 3.553211
v 21.012561 -5.812134 3.433211
v 21.212980 -5.136848 3.432643
v 20.341630 -5.589199 3.553211
v 21.212980 -5.136848 3.432643
v 20.529324 -4.956673 3.552643
v 21.012561 -5.812134 3.433211
v 21.198562 -5.873937 1.560894
v 21.402509 -5.186798 1.662709
v 21.012561 -5.812134 3.433211
v 21.402509 -5.186798 1.662709
v 21.212980 -5.136848 3.432643
v 21.198562 -5.873937 1.560894
v 21.171991 -5.865108 0.410894
v 21.375433 -5.179662 0.512709
v 21.198562 -5.873937 1.560894
v 21.375433 -5.179662 0.512709
v 21.402509 -5.186798 1.662709
v 21.375433 -5.179662 0.512709
v 20.021658 -4.822880 0.512709
v 20.160931 -4.218341 0.599018
v 21.375433 -5.179662 0.512709
v 20.160931 -4.218341 0.599018
v 21.533671 -4.493271 0.599018
v 20.021658 -4.822880 0.512709
v 19.994583 -4.815744 1.612709
v 20.133477 -4.212842 1.699018
v 20.021658 -4.822880 0.512709
v 20.133477 -4.212842 1.699018
v 20.160931 -4.218341 0.599018
v 19.994583 -4.815744 1.612709
v 20.102885 -4.844287 3.182643
v 20.243296 -4.234837 3.206760
v 19.994583 -4.815744 1.612709
v 20.243296 -4.234837 3.206760
v 20.133477 -4.212842 1.699018
v 20.102885 -4.844287 3.182643
v 20.529324 -4.956673 3.552643
v 20.675709 -4.321440 3.576760
v 20.102885 -4.844287 3.182643
v 20.675709 -4.321440 3.576760
v 20.243296 -4.234837 3.206760
v 20.529324 -4.956673 3.552643
v 21.212980 -5.136848 3.432643
v 21.368942 -4.460280 3.456760
v 20.529324 -4.956673 3.552643
v 21.368942 -4.460280 3.456760
v 20.675709 -4.321440 3.576760
v 21.212980 -5.136848 3.432643
v 21.402509 -5.186798 1.662709
v 21.561126 -4.498770 1.749018
v 21.212980 -5.136848 3.432643
v 21.561126 -4.498770 1.749018
v 21.368942 -4.460280 3.456760
v 21.402509 -5.186798 1.662709
v 21.375433 -5.179662 0.512709
v 21.533671 -4.493271 0.599018
v 21.402509 -5.186798 1.662709
v 21.533671 -4.493271 0.599018
v 21.561126 -4.498770 1.749018
v 21.533671 -4.493271 0.599018
v 20.160931 -4.218341 0.599018
v 20.263220 -3.615816 0.668830
v 21.533671 -4.493271 0.599018
v 20.263220 -3.615816 0.668830
v 21.649090 -3.814218 0.668830
v 20.160931 -4.218341 0.599018
v 20.133477 -4.212842 1.699018
v 20.235502 -3.611848 1.768830
v 20.160931 -4.218341 0.599018
v 20.235502 -3.611848 1.768830
v 20.263220 -3.615816 0.668830
v 20.133477 -4.212842 1.699018
v 20.243296 -4.234837 3.206760
v 20.346372 -3.627720 3.276934
v 20.133477 -4.212842 1.699018
v 20.346372 -3.627720 3.276934
v 20.235502 -3.611848 1.768830
v 20.243296 -4.234837 3.206760
v 20.675709 -4.321440 3.576760
v 20.782921 -3.690217 3.646934
v 20.243296 -4.234837 3.206760
v 20.782921 -3.690217 3.646934
v 20.346372 -3.627720 3.276934
v 20.675709 -4.321440 3.576760
v 21.368942 -4.460280 3.456760
v 21.482786 -3.790410 3.526934
v 20.675709 -4.321440 3.576760
v 21.482786 -3.790410 3.526934
v 20.782921 -3.690217 3.646934
v 21.368942 -4.460280 3.456760
v 21.561126 -4.498770 1.749018
v 21.676808 -3.818186 1.818830
v 21.368942 -4.460280 3.456760
v 21.676808 -3.818186 1.818830
v 21.482786 -3.790410 3.526934
v 21.561126 -4.498770 1.749018
v 21.533671 -4.493271 0.599018
v 21.649090 -3.814218 0.668830
v 21.561126 -4.498770 1.749018
v 21.649090 -3.814218 0.668830
v 21.676808 -3.818186 1.818830
v 21.649090 -3.814218 0.668830
v 20.263220 -3.615816 0.668830
v 20.332193 -3.020544 0.717416
v 21.649090 -3.814218 0.668830
v 20.332193 -3.020544 0.717416
v 21.726201 -3.149924 0.717416
v 20.263220 -3.615816 0.668830
v 20.235502 -3.611848 1.768830
v 20.304312 -3.017956 1.817416
v 20.263220 -3.615816 0.668830
v 20.304312 -3.017956 1.817416
v 20.332193 -3.020544 0.717416
v 20.235502 -3.611848 1.768830
v 20.346372 -3.627720 3.276934
v 20.415833 -3.028307 3.379938
v 20.235502 -3.611848 1.768830
v 20.415833 -3.028307 3.379938
v 20.304312 -3.017956 1.817416
v 20.346372 -3.627720 3.276934
v 20.782921 -3.690217 3.646934
v 20.854946 -3.069062 3.749938
v 20.346372 -3.627720 3.276934
v 20.854946 -3.069062 3.749938
v 20.415833 -3.028307 3.379938
v 20.782921 -3.690217 3.646934
v 21.482786 -3.790410 3.526934
v 21.558920 -3.134399 3.629938
v 20.782921 -3.690217 3.646934
v 21.558920 -3.134399 3.629938
v 20.854946 -3.069062 3.749938
v 21.482786 -3.790410 3.526934
v 21.676808 -3.818186 1.818830
v 21.754082 -3.152512 1.867416
v 21.482786 -3.790410 3.526934
v 21.754082 -3.152512 1.867416
v 21.558920 -3.134399 3.629938
v 21.676808 -3.818186 1.818830
v 21.649090 -3.814218 0.668830
v 21.726201 -3.149924 0.717416
v 21.676808 -3.818186 1.818830
v 21.726201 -3.149924 0.717416
v 21.754082 -3.152512 1.867416
v 21.726201 -3.149924 0.717416
v 20.332193 -3.020544 0.717416
v 20.372511 -2.435956 0.769120
v 21.726201 -3.149924 0.717416
v 20.372511 -2.435956 0.769120
v 21.770798 -2.505187 0.769120
v 20.332193 -3.020544 0.717416
v 20.304312 -3.017956 1.817416
v 20.344545 -2.434572 1.869120
v 20.332193 -3.020544 0.717416
v 20.344545 -2.434572 1.869120
v 20.372511 -2.435956 0.769120
v 20.304312 -3.017956 1.817416
v 20.415833 -3.028307 3.379938
v 20.456408 -2.440110 3.513162
v 20.304312 -3.017956 1.817416
v 20.456408 -2.440110 3.513162
v 20.344545 -2.434572 1.869120
v 20.415833 -3.028307 3.379938
v 20.854946 -3.069062 3.749938
v 20.896868 -2.461918 3.883162
v 20.415833 -3.028307 3.379938
v 20.896868 -2.461918 3.883162
v 20.456408 -2.440110 3.513162
v 20.854946 -3.069062 3.749938
v 21.558920 -3.134399 3.629938
v 21.603003 -2.496879 3.763162
v 20.854946 -3.069062 3.749938
v 21.603003 -2.496879 3.763162
v 20.896868 -2.461918 3.883162
v 21.558920 -3.134399 3.629938
v 21.754082 -3.152512 1.867416
v 21.798764 -2.506571 1.919120
v 21.558920 -3.134399 3.629938
v 21.798764 -2.506571 1.919120
v 21.603003 -2.496879 3.763162
v 21.754082 -3.152512 1.867416
v 21.726201 -3.149924 0.717416
v 21.770798 -2.505187 0.769120
v 21.754082 -3.152512 1.867416
v 21.770798 -2.505187 0.769120
v 21.798764 -2.506571 1.919120
v 21.770798 -2.505187 0.769120
v 20.372511 -2.435956 0.769120
v 20.389250 -1.864219 0.842937
v 21.770798 -2.505187 0.769120
v 20.389250 -1.864219 0.842937
v 21.789124 -1.882939 0.842937
v 20.372511 -2.435956 0.769120
v 20.344545 -2.434572 1.869120
v 20.361252 -1.863845 1.942937
v 20.372511 -2.435956 0.769120
v 20.361252 -1.863845 1.942937
v 20.389250 -1.864219 0.842937
v 20.344545 -2.434572 1.869120
v 20.456408 -2.440110 3.513162
v 20.473242 -1.865342 3.666142
v 20.344545 -2.434572 1.869120
v 20.473242 -1.865342 3.666142
v 20.361252 -1.863845 1.942937
v 20.456408 -2.440110 3.513162
v 20.896868 -2.461918 3.883162
v 20.914203 -1.871239 4.036142
v 20.456408 -2.440110 3.513162
v 20.914203 -1.871239 4.036142
v 20.473242 -1.865342 3.666142
v 20.896868 -2.461918 3.883162
v 21.603003 -2.496879 3.763162
v 21.621140 -1.880692 3.916142
v 20.896868 -2.461918 3.883162
v 21.621140 -1.880692 3.916142
v 20.914203 -1.871239 4.036142
v 21.603003 -2.496879 3.763162
v 21.798764 -2.506571 1.919120
v 21.817122 -1.883313 1.992937
v 21.603003 -2.496879 3.763162
v 21.817122 -1.883313 1.992937
v 21.621140 -1.880692 3.916142
v 21.798764 -2.506571 1.919120
v 21.770798 -2.505187 0.769120
v 21.789124 -1.882939 0.842937
v 21.798764 -2.506571 1.919120
v 21.789124 -1.882939 0.842937
v 21.817122 -1.883313 1.992937
v 21.789124 -1.882939 0.842937
v 20.389250 -1.864219 0.842937
v 20.387441 -1.306988 0.937272
v 21.789124 -1.882939 0.842937
v 20.387441 -1.306988 0.937272
v 21.787275 -1.285434 0.937272
v 20.389250 -1.864219 0.842937
v 20.361252 -1.863845 1.942937
v 20.359445 -1.307419 2.037272
v 20.389250 -1.864219 0.842937
v 20.359445 -1.307419 2.037272
v 20.387441 -1.306988 0.937272
v 20.361252 -1.863845 1.942937
v 20.473242 -1.865342 3.666142
v 20.471431 -1.305695 3.815727
v 20.361252 -1.863845 1.942937
v 20.471431 -1.305695 3.815727
v 20.359445 -1.307419 2.037272
v 20.473242 -1.865342 3.666142
v 20.914203 -1.871239 4.036142
v 20.912379 -1.298905 4.185727
v 20.473242 -1.865342 3.666142
v 20.912379 -1.298905 4.185727
v 20.471431 -1.305695 3.815727
v 20.914203 -1.871239 4.036142
v 21.621140 -1.880692 3.916142
v 21.619295 -1.288020 4.065727
v 20.914203 -1.871239 4.036142
v 21.619295 -1.288020 4.065727
v 20.912379 -1.298905 4.185727
v 21.621140 -1.880692 3.916142
v 21.817122 -1.883313 1.992937
v 21.815272 -1.285003 2.087272
v 21.621140 -1.880692 3.916142
v 21.815272 -1.285003 2.087272
v 21.619295 -1.288020 4.065727
v 21.817122 -1.883313 1.992937
v 21.789124 -1.882939 0.842937
v 21.787275 -1.285434 0.937272
v 21.817122 -1.883313 1.992937
v 21.787275 -1.285434 0.937272
v 21.815272 -1.285003 2.087272
v 21.787275 -1.285434 0.937272
v 20.387441 -1.306988 0.937272
v 20.372193 -0.764943 1.043902
v 21.787275 -1.285434 0.937272
v 20.372193 -0.764943 1.043902
v 21.771250 -0.713557 1.043902
v 20.387441 -1.306988 0.937272
v 20.359445 -1.307419 2.037272
v 20.344212 -0.765970 2.143902
v 20.387441 -1.306988 0.937272
v 20.344212 -0.765970 2.143902
v 20.372193 -0.764943 1.043902
v 20.359445 -1.307419 2.037272
v 20.471431 -1.305695 3.815727
v 20.456136 -0.761860 3.943697
v 20.359445 -1.307419 2.037272
v 20.456136 -0.761860 3.943697
v 20.344212 -0.765970 2.143902
v 20.471431 -1.305695 3.815727
v 20.912379 -1.298905 4.185727
v 20.896839 -0.745673 4.313697
v 20.471431 -1.305695 3.815727
v 20.896839 -0.745673 4.313697
v 20.456136 -0.761860 3.943697
v 20.912379 -1.298905 4.185727
v 21.619295 -1.288020 4.065727
v 21.603363 -0.719723 4.193697
v 20.912379 -1.298905 4.185727
v 21.603363 -0.719723 4.193697
v 20.896839 -0.745673 4.313697
v 21.619295 -1.288020 4.065727
v 21.815272 -1.285003 2.087272
v 21.799231 -0.712529 2.193902
v 21.619295 -1.288020 4.065727
v 21.799231 -0.712529 2.193902
v 21.603363 -0.719723 4.193697
v 21.815272 -1.285003 2.087272
v 21.787275 -1.285434 0.937272
v 21.771250 -0.713557 1.043902
v 21.815272 -1.285003 2.087272
v 21.771250 -0.713557 1.043902
v 21.799231 -0.712529 2.193902
v 21.771250 -0.713557 1.043902
v 20.372193 -0.764943 1.043902
v 20.348071 -0.237487 1.158045
v 21.771250 -0.713557 1.043902
v 20.348071 -0.237487 1.158045
v 21.746259 -0.166288 1.158045
v 20.372193 -0.764943 1.043902
v 20.344212 -0.765970 2.143902
v 20.320107 -0.238911 2.258045
v 20.372193 -0.764943 1.043902
v 20.320107 -0.238911 2.258045
v 20.348071 -0.237487 1.158045
v 20.344212 -0.765970 2.143902
v 20.456136 -0.761860 3.943697
v 20.431962 -0.233215 4.045364
v 20.344212 -0.765970 2.143902
v 20.431962 -0.233215 4.045364
v 20.320107 -0.238911 2.258045
v 20.456136 -0.761860 3.943697
v 20.896839 -0.745673 4.313697
v 20.872391 -0.210787 4.415364
v 20.456136 -0.761860 3.943697
v 20.872391 -0.210787 4.415364
v 20.431962 -0.233215 4.045364
v 20.896839 -0.745673 4.313697
v 21.603363 -0.719723 4.193697
v 21.578477 -0.174832 4.295364
v 20.896839 -0.745673 4.313697
v 21.578477 -0.174832 4.295364
v 20.872391 -0.210787 4.415364
v 21.603363 -0.719723 4.193697
v 21.799231 -0.712529 2.193902
v 21.774223 -0.164864 2.308045
v 21.603363 -0.719723 4.193697
v 21.774223 -0.164864 2.308045
v 21.578477 -0.174832 4.295364
v 21.799231 -0.712529 2.193902
v 21.771250 -0.713557 1.043902
v 21.746259 -0.166288 1.158045
v 21.799231 -0.712529 2.193902
v 21.746259 -0.166288 1.158045
v 21.774223 -0.164864 2.308045
v 21.746259 -0.166288 1.158045
v 20.348071 -0.237487 1.158045
v 20.319162 0.275425 1.272968
v 21.746259 -0.166288 1.158045
v 20.319162 0.275425 1.272968
v 21.716815 0.356460 1.272968
v 20.348071 -0.237487 1.158045
v 20.320107 -0.238911 2.258045
v 20.291209 0.273804 2.372968
v 20.348071 -0.237487 1.158045
v 20.291209 0.273804 2.372968
v 20.319162 0.275425 1.272968
v 20.320107 -0.238911 2.258045
v 20.431962 -0.233215 4.045364
v 20.403021 0.280287 4.120859
v 20.320107 -0.238911 2.258045
v 20.403021 0.280287 4.120859
v 20.291209 0.273804 2.372968
v 20.431962 -0.233215 4.045364
v 20.872391 -0.210787 4.415364
v 20.843282 0.305813 4.490859
v 20.431962 -0.233215 4.045364
v 20.843282 0.305813 4.490859
v 20.403021 0.280287 4.120859
v 20.872391 -0.210787 4.415364
v 21.578477 -0.174832 4.295364
v 21.549096 0.346736 4.370859
v 20.872391 -0.210787 4.415364
v 21.549096 0.346736 4.370859
v 20.843282 0.305813 4.490859
v 21.578477 -0.174832 4.295364
v 21.774223 -0.164864 2.308045
v 21.744768 0.358081 2.422968
v 21.578477 -0.174832 4.295364
v 21.744768 0.358081 2.422968
v 21.549096 0.346736 4.370859
v 21.774223 -0.164864 2.308045
v 21.746259 -0.166288 1.158045
v 21.716815 0.356460 1.272968
v 21.774223 -0.164864 2.308045
v 21.716815 0.356460 1.272968
v 21.744768 0.358081 2.422968
v 21.716815 0.356460 1.272968
v 20.319162 0.275425 1.272968
v 20.289379 0.774490 1.382911
v 21.716815 0.356460 1.272968
v 20.289379 0.774490 1.382911
v 21.687020 0.855726 1.382911
v 20.319162 0.275425 1.272968
v 20.291209 0.273804 2.372968
v 20.261426 0.772865 2.482911
v 20.319162 0.275425 1.272968
v 20.261426 0.772865 2.482911
v 20.289379 0.774490 1.382911
v 20.291209 0.273804 2.372968
v 20.403021 0.280287 4.120859
v 20.373238 0.779364 4.174742
v 20.291209 0.273804 2.372968
v 20.373238 0.779364 4.174742
v 20.261426 0.772865 2.482911
v 20.403021 0.280287 4.120859
v 20.843282 0.305813 4.490859
v 20.813495 0.804954 4.544742
v 20.403021 0.280287 4.120859
v 20.813495 0.804954 4.544742
v 20.373238 0.779364 4.174742
v 20.843282 0.305813 4.490859
v 21.549096 0.346736 4.370859
v 21.519303 0.845978 4.424742
v 20.843282 0.305813 4.490859
v 21.519303 0.845978 4.424742
v 20.813495 0.804954 4.544742
v 21.549096 0.346736 4.370859
v 21.744768 0.358081 2.422968
v 21.714973 0.857351 2.532911
v 21.549096 0.346736 4.370859
v 21.714973 0.857351 2.532911
v 21.519303 0.845978 4.424742
v 21.744768 0.358081 2.422968
v 21.716815 0.356460 1.272968
v 21.687020 0.855726 1.382911
v 21.744768 0.358081 2.422968
v 21.687020 0.855726 1.382911
v 21.714973 0.857351 2.532911
v 21.687020 0.855726 1.382911
v 20.289379 0.774490 1.382911
v 20.261928 1.260374 1.481888
v 21.687020 0.855726 1.382911
v 20.261928 1.260374 1.481888
v 21.660067 1.332522 1.481888
v 20.289379 0.774490 1.382911
v 20.261426 0.772865 2.482911
v 20.233965 1.258931 2.581888
v 20.289379 0.774490 1.382911
v 20.233965 1.258931 2.581888
v 20.261928 1.260374 1.481888
v 20.261426 0.772865 2.482911
v 20.373238 0.779364 4.174742
v 20.345816 1.264703 4.212214
v 20.261426 0.772865 2.482911
v 20.345816 1.264703 4.212214
v 20.233965 1.258931 2.581888
v 20.373238 0.779364 4.174742
v 20.813495 0.804954 4.544742
v 20.786230 1.287430 4.582214
v 20.373238 0.779364 4.174742
v 20.786230 1.287430 4.582214
v 20.345816 1.264703 4.212214
v 20.813495 0.804954 4.544742
v 21.519303 0.845978 4.424742
v 21.492291 1.323864 4.462214
v 20.813495 0.804954 4.544742
v 21.492291 1.323864 4.462214
v 20.786230 1.287430 4.582214
v 21.519303 0.845978 4.424742
v 21.714973 0.857351 2.532911
v 21.688030 1.333965 2.631888
v 21.519303 0.845978 4.424742
v 21.688030 1.333965 2.631888
v 21.492291 1.323864 4.462214
v 21.714973 0.857351 2.532911
v 21.687020 0.855726 1.382911
v 21.660067 1.332522 1.481888
v 21.714973 0.857351 2.532911
v 21.660067 1.332522 1.481888
v 21.688030 1.333965 2.631888
v 21.660067 1.332522 1.481888
v 20.261928 1.260374 1.481888
v 20.239941 1.733410 1.577297
v 21.660067 1.332522 1.481888
v 20.239941 1.733410 1.577297
v 21.638905 1.787277 1.577297
v 20.261928 1.260374 1.481888
v 20.233965 1.258931 2.581888
v 20.211962 1.732332 2.677297
v 20.261928 1.260374 1.481888
v 20.211962 1.732332 2.677297
v 20.239941 1.733410 1.577297
v 20.233965 1.258931 2.581888
v 20.345816 1.264703 4.212214
v 20.323879 1.736642 4.250957
v 20.233965 1.258931 2.581888
v 20.323879 1.736642 4.250957
v 20.211962 1.732332 2.677297
v 20.345816 1.264703 4.212214
v 20.786230 1.287430 4.582214
v 20.764553 1.753610 4.620957
v 20.345816 1.264703 4.212214
v 20.764553 1.753610 4.620957
v 20.323879 1.736642 4.250957
v 20.786230 1.287430 4.582214
v 21.492291 1.323864 4.462214
v 21.471029 1.780813 4.500957
v 20.786230 1.287430 4.582214
v 21.471029 1.780813 4.500957
v 20.764553 1.753610 4.620957
v 21.492291 1.323864 4.462214
v 21.688030 1.333965 2.631888
v 21.666884 1.788354 2.727297
v 21.492291 1.323864 4.462214
v 21.666884 1.788354 2.727297
v 21.471029 1.780813 4.500957
v 21.688030 1.333965 2.631888
v 21.660067 1.332522 1.481888
v 21.638905 1.787277 1.577297
v 21.688030 1.333965 2.631888
v 21.638905 1.787277 1.577297
v 21.666884 1.788354 2.727297
v 21.638905 1.787277 1.577297
v 20.239941 1.733410 1.577297
v 20.226036 2.194320 1.670967
v 21.638905 1.787277 1.577297
v 20.226036 2.194320 1.670967
v 21.625778 2.221205 1.670967
v 20.239941 1.733410 1.577297
v 20.211962 1.732332 2.677297
v 20.198041 2.193782 2.770967
v 20.239941 1.733410 1.577297
v 20.198041 2.193782 2.770967
v 20.226036 2.194320 1.670967
v 20.211962 1.732332 2.677297
v 20.323879 1.736642 4.250957
v 20.310021 2.195933 4.300979
v 20.211962 1.732332 2.677297
v 20.310021 2.195933 4.300979
v 20.198041 2.193782 2.770967
v 20.323879 1.736642 4.250957
v 20.764553 1.753610 4.620957
v 20.750939 2.204402 4.670979
v 20.323879 1.736642 4.250957
v 20.750939 2.204402 4.670979
v 20.310021 2.195933 4.300979
v 20.764553 1.753610 4.620957
v 21.471029 1.780813 4.500957
v 21.457809 2.217979 4.550979
v 20.764553 1.753610 4.620957
v 21.457809 2.217979 4.550979
v 20.750939 2.204402 4.670979
v 21.471029 1.780813 4.500957
v 21.666884 1.788354 2.727297
v 21.653773 2.221743 2.820967
v 21.471029 1.780813 4.500957
v 21.653773 2.221743 2.820967
v 21.457809 2.217979 4.550979
v 21.666884 1.788354 2.727297
v 21.638905 1.787277 1.577297
v 21.625778 2.221205 1.670967
v 21.666884 1.788354 2.727297
v 21.625778 2.221205 1.670967
v 21.653773 2.221743 2.820967
v 21.625778 2.221205 1.670967
v 20.226036 2.194320 1.670967
v 20.222557 2.643402 1.761848
v 21.625778 2.221205 1.670967
v 20.222557 2.643402 1.761848
v 21.622531 2.634833 1.761848
v 20.226036 2.194320 1.670967
v 20.198041 2.193782 2.770967
v 20.194558 2.643573 2.861848
v 20.226036 2.194320 1.670967
v 20.194558 2.643573 2.861848
v 20.222557 2.643402 1.761848
v 20.198041 2.193782 2.770967
v 20.310021 2.195933 4.300979
v 20.306556 2.642888 4.366804
v 20.198041 2.193782 2.770967
v 20.306556 2.642888 4.366804
v 20.194558 2.643573 2.861848
v 20.310021 2.195933 4.300979
v 20.750939 2.204402 4.670979
v 20.747547 2.640189 4.736804
v 20.310021 2.195933 4.300979
v 20.747547 2.640189 4.736804
v 20.306556 2.642888 4.366804
v 20.750939 2.204402 4.670979
v 21.457809 2.217979 4.550979
v 21.454534 2.635861 4.616804
v 20.750939 2.204402 4.670979
v 21.454534 2.635861 4.616804
v 20.747547 2.640189 4.736804
v 21.457809 2.217979 4.550979
v 21.653773 2.221743 2.820967
v 21.650531 2.634662 2.911848
v 21.457809 2.217979 4.550979
v 21.650531 2.634662 2.911848
v 21.454534 2.635861 4.616804
v 21.653773 2.221743 2.820967
v 21.625778 2.221205 1.670967
v 21.622531 2.634833 1.761848
v 21.653773 2.221743 2.820967
v 21.622531 2.634833 1.761848
v 21.650531 2.634662 2.911848
v 21.622531 2.634833 1.761848
v 20.222557 2.643402 1.761848
v 20.231575 3.081205 1.849641
v 21.622531 2.634833 1.761848
v 20.231575 3.081205 1.849641
v 21.630614 3.029357 1.849641
v 20.222557 2.643402 1.761848
v 20.194558 2.643573 2.861848
v 20.203594 3.082242 2.949641
v 20.222557 2.643402 1.761848
v 20.203594 3.082242 2.949641
v 20.231575 3.081205 1.849641
v 20.194558 2.643573 2.861848
v 20.306556 2.642888 4.366804
v 20.315517 3.078094 4.450770
v 20.194558 2.643573 2.861848
v 20.315517 3.078094 4.450770
v 20.203594 3.082242 2.949641
v 20.306556 2.642888 4.366804
v 20.747547 2.640189 4.736804
v 20.756215 3.061762 4.820770
v 20.306556 2.642888 4.366804
v 20.756215 3.061762 4.820770
v 20.315517 3.078094 4.450770
v 20.747547 2.640189 4.736804
v 21.454534 2.635861 4.616804
v 21.462730 3.035579 4.700770
v 20.747547 2.640189 4.736804
v 21.462730 3.035579 4.700770
v 20.756215 3.061762 4.820770
v 21.454534 2.635861 4.616804
v 21.650531 2.634662 2.911848
v 21.658595 3.028320 2.999641
v 21.454534 2.635861 4.616804
v 21.658595 3.028320 2.999641
v 21.462730 3.035579 4.700770
v 21.650531 2.634662 2.911848
v 21.622531 2.634833 1.761848
v 21.630614 3.029357 1.849641
v 21.650531 2.634662 2.911848
v 21.630614 3.029357 1.849641
v 21.658595 3.028320 2.999641
v 21.630614 3.029357 1.849641
v 20.231575 3.081205 1.849641
v 20.254720 3.507854 1.930957
v 21.630614 3.029357 1.849641
v 20.254720 3.507854 1.930957
v 21.650955 3.405241 1.930957
v 20.231575 3.081205 1.849641
v 20.203594 3.082242 2.949641
v 20.226796 3.509906 3.030957
v 20.231575 3.081205 1.849641
v 20.226796 3.509906 3.030957
v 20.254720 3.507854 1.930957
v 20.203594 3.082242 2.949641
v 20.315517 3.078094 4.450770
v 20.338494 3.501697 4.549257
v 20.203594 3.082242 2.949641
v 20.338494 3.501697 4.549257
v 20.226796 3.509906 3.030957
v 20.315517 3.078094 4.450770
v 20.756215 3.061762 4.820770
v 20.778308 3.469374 4.919257
v 20.315517 3.078094 4.450770
v 20.778308 3.469374 4.919257
v 20.338494 3.501697 4.549257
v 20.756215 3.061762 4.820770
v 21.462730 3.035579 4.700770
v 21.483407 3.417555 4.799257
v 20.756215 3.061762 4.820770
v 21.483407 3.417555 4.799257
v 20.778308 3.469374 4.919257
v 21.462730 3.035579 4.700770
v 21.658595 3.028320 2.999641
v 21.678880 3.403189 3.080957
v 21.462730 3.035579 4.700770
v 21.678880 3.403189 3.080957
v 21.483407 3.417555 4.799257
v 21.658595 3.028320 2.999641
v 21.630614 3.029357 1.849641
v 21.650955 3.405241 1.930957
v 21.658595 3.028320 2.999641
v 21.650955 3.405241 1.930957
v 21.678880 3.403189 3.080957
v 21.650955 3.405241 1.930957
v 20.254720 3.507854 1.930957
v 20.293643 3.924018 2.001889
v 21.650955 3.405241 1.930957
v 20.293643 3.924018 2.001889
v 21.684495 3.764234 2.001889
v 20.254720 3.507854 1.930957
v 20.226796 3.509906 3.030957
v 20.265826 3.927214 3.101889
v 20.254720 3.507854 1.930957
v 20.265826 3.927214 3.101889
v 20.293643 3.924018 2.001889
v 20.226796 3.509906 3.030957
v 20.338494 3.501697 4.549257
v 20.377094 3.914431 4.655544
v 20.226796 3.509906 3.030957
v 20.377094 3.914431 4.655544
v 20.265826 3.927214 3.101889
v 20.338494 3.501697 4.549257
v 20.778308 3.469374 4.919257
v 20.815212 3.864099 5.025544
v 20.338494 3.501697 4.549257
v 20.815212 3.864099 5.025544
v 20.377094 3.914431 4.655544
v 20.778308 3.469374 4.919257
v 21.483407 3.417555 4.799257
v 21.517593 3.783408 4.905544
v 20.778308 3.469374 4.919257
v 21.517593 3.783408 4.905544
v 20.815212 3.864099 5.025544
v 21.483407 3.417555 4.799257
v 21.678880 3.403189 3.080957
v 21.712312 3.761038 3.151889
v 21.483407 3.417555 4.799257
v 21.712312 3.761038 3.151889
v 21.517593 3.783408 4.905544
v 21.678880 3.403189 3.080957
v 21.650955 3.405241 1.930957
v 21.684495 3.764234 2.001889
v 21.678880 3.403189 3.080957
v 21.684495 3.764234 2.001889
v 21.712312 3.761038 3.151889
v 21.684495 3.764234 2.001889
v 20.293643 3.924018 2.001889
v 20.349330 4.330338 2.050317
v 21.684495 3.764234 2.001889
v 20.349330 4.330338 2.050317
v 21.731586 4.108147 2.050317
v 20.293643 3.924018 2.001889
v 20.265826 3.927214 3.101889
v 20.321685 4.334781 3.150317
v 20.293643 3.924018 2.001889
v 20.321685 4.334781 3.150317
v 20.349330 4.330338 2.050317
v 20.265826 3.927214 3.101889
v 20.377094 3.914431 4.655544
v 20.432265 4.317006 4.752575
v 20.265826 3.927214 3.101889
v 20.432265 4.317006 4.752575
v 20.321685 4.334781 3.150317
v 20.377094 3.914431 4.655544
v 20.815212 3.864099 5.025544
v 20.867676 4.247016 5.122575
v 20.377094 3.914431 4.655544
v 20.867676 4.247016 5.122575
v 20.432265 4.317006 4.752575
v 20.815212 3.864099 5.025544
v 21.517593 3.783408 4.905544
v 21.565715 4.134810 5.002575
v 20.815212 3.864099 5.025544
v 21.565715 4.134810 5.002575
v 20.867676 4.247016 5.122575
v 21.517593 3.783408 4.905544
v 21.712312 3.761038 3.151889
v 21.759231 4.103704 3.200317
v 21.517593 3.783408 4.905544
v 21.759231 4.103704 3.200317
v 21.565715 4.134810 5.002575
v 21.712312 3.761038 3.151889
v 21.684495 3.764234 2.001889
v 21.731586 4.108147 2.050317
v 21.712312 3.761038 3.151889
v 21.731586 4.108147 2.050317
v 21.759231 4.103704 3.200317
v 21.731586 4.108147 2.050317
v 20.349330 4.330338 2.050317
v 20.422881 4.727341 2.090790
v 21.731586 4.108147 2.050317
v 20.422881 4.727341 2.090790
v 21.792803 4.438697 2.090790
v 20.349330 4.330338 2.050317
v 20.321685 4.334781 3.150317
v 20.395483 4.733114 3.190790
v 20.349330 4.330338 2.050317
v 20.395483 4.733114 3.190790
v 20.422881 4.727341 2.090790
v 20.321685 4.334781 3.150317
v 20.432265 4.317006 4.752575
v 20.505077 4.710023 4.848385
v 20.321685 4.334781 3.150317
v 20.505077 4.710023 4.848385
v 20.395483 4.733114 3.190790
v 20.432265 4.317006 4.752575
v 20.867676 4.247016 5.122575
v 20.936602 4.619100 5.218385
v 20.432265 4.317006 4.752575
v 20.936602 4.619100 5.218385
v 20.505077 4.710023 4.848385
v 20.867676 4.247016 5.122575
v 21.565715 4.134810 5.002575
v 21.628412 4.473334 5.098385
v 20.867676 4.247016 5.122575
v 21.628412 4.473334 5.098385
v 20.936602 4.619100 5.218385
v 21.565715 4.134810 5.002575
v 21.759231 4.103704 3.200317
v 21.820201 4.432924 3.240790
v 21.565715 4.134810 5.002575
v 21.820201 4.432924 3.240790
v 21.628412 4.473334 5.098385
v 21.759231 4.103704 3.200317
v 21.731586 4.108147 2.050317
v 21.792803 4.438697 2.090790
v 21.759231 4.103704 3.200317
v 21.792803 4.438697 2.090790
v 21.820201 4.432924 3.240790
v 21.792803 4.438697 2.090790
v 20.422881 4.727341 2.090790
v 20.514933 5.115923 2.141193
v 21.792803 4.438697 2.090790
v 20.514933 5.115923 2.141193
v 21.868529 4.758463 2.141193
v 20.422881 4.727341 2.090790
v 20.395483 4.733114 3.190790
v 20.487861 5.123072 3.241193
v 20.422881 4.727341 2.090790
v 20.487861 5.123072 3.241193
v 20.514933 5.115923 2.141193
v 20.395483 4.733114 3.190790
v 20.505077 4.710023 4.848385
v 20.596149 5.094475 4.953469
v 20.395483 4.733114 3.190790
v 20.596149 5.094475 4.953469
v 20.487861 5.123072 3.241193
v 20.505077 4.710023 4.848385
v 20.936602 4.619100 5.218385
v 21.022531 4.981875 5.323469
v 20.505077 4.710023 4.848385
v 21.022531 4.981875 5.323469
v 20.596149 5.094475 4.953469
v 20.936602 4.619100 5.218385
v 21.628412 4.473334 5.098385
v 21.706098 4.801358 5.203469
v 20.936602 4.619100 5.218385
v 21.706098 4.801358 5.203469
v 21.022531 4.981875 5.323469
v 21.628412 4.473334 5.098385
v 21.820201 4.432924 3.240790
v 21.895601 4.751314 3.291193
v 21.628412 4.473334 5.098385
v 21.895601 4.751314 3.291193
v 21.706098 4.801358 5.203469
v 21.820201 4.432924 3.240790
v 21.792803 4.438697 2.090790
v 21.868529 4.758463 2.141193
v 21.820201 4.432924 3.240790
v 21.868529 4.758463 2.141193
v 21.895601 4.751314 3.291193
v 21.868529 4.758463 2.141193
v 20.514933 5.115923 2.141193
v 20.626134 5.496818 2.170752
v 21.868529 4.758463 2.141193
v 20.626134 5.496818 2.170752
v 21.959390 5.069701 2.170752
v 20.514933 5.115923 2.141193
v 20.487861 5.123072 3.241193
v 20.599469 5.505360 3.270752
v 20.514933 5.115923 2.141193
v 20.599469 5.505360 3.270752
v 20.626134 5.496818 2.170752
v 20.487861 5.123072 3.241193
v 20.596149 5.094475 4.953469
v 20.706130 5.471191 5.029427
v 20.487861 5.123072 3.241193
v 20.706130 5.471191 5.029427
v 20.599469 5.505360 3.270752
v 20.596149 5.094475 4.953469
v 21.022531 4.981875 5.323469
v 21.126105 5.336649 5.399427
v 20.596149 5.094475 4.953469
v 21.126105 5.336649 5.399427
v 20.706130 5.471191 5.029427
v 21.022531 4.981875 5.323469
v 21.706098 4.801358 5.203469
v 21.799400 5.120955 5.279427
v 21.022531 4.981875 5.323469
v 21.799400 5.120955 5.279427
v 21.126105 5.336649 5.399427
v 21.706098 4.801358 5.203469
v 21.895601 4.751314 3.291193
v 21.986055 5.061159 3.320752
v 21.706098 4.801358 5.203469
v 21.986055 5.061159 3.320752
v 21.799400 5.120955 5.279427
v 21.895601 4.751314 3.291193
v 21.868529 4.758463 2.141193
v 21.959390 5.069701 2.170752
v 21.895601 4.751314 3.291193
v 21.959390 5.069701 2.170752
v 21.986055 5.061159 3.320752
v 21.959390 5.069701 2.170752
v 20.626134 5.496818 2.170752
v 20.756798 5.870889 2.201514
v 21.959390 5.069701 2.170752
v 20.756798 5.870889 2.201514
v 22.066031 5.374995 2.201514
v 20.626134 5.496818 2.170752
v 20.599469 5.505360 3.270752
v 20.730614 5.880806 3.301514
v 20.626134 5.496818 2.170752
v 20.730614 5.880806 3.301514
v 20.756798 5.870889 2.201514
v 20.599469 5.505360 3.270752
v 20.706130 5.471191 5.029427
v 20.835352 5.841135 5.091270
v 20.599469 5.505360 3.270752
v 20.835352 5.841135 5.091270
v 20.730614 5.880806 3.301514
v 20.706130 5.471191 5.029427
v 21.126105 5.336649 5.399427
v 21.247760 5.684928 5.461270
v 20.706130 5.471191 5.029427
v 21.247760 5.684928 5.461270
v 20.835352 5.841135 5.091270
v 21.126105 5.336649 5.399427
v 21.799400 5.120955 5.279427
v 21.908923 5.434502 5.341270
v 21.126105 5.336649 5.399427
v 21.908923 5.434502 5.341270
v 21.247760 5.684928 5.461270
v 21.799400 5.120955 5.279427
v 21.986055 5.061159 3.320752
v 22.092215 5.365077 3.351514
v 21.799400 5.120955 5.279427
v 22.092215 5.365077 3.351514
v 21.908923 5.434502 5.341270
v 21.986055 5.061159 3.320752
v 21.959390 5.069701 2.170752
v 22.066031 5.374995 2.201514
v 21.986055 5.061159 3.320752
v 22.066031 5.374995 2.201514
v 22.092215 5.365077 3.351514
v 22.066031 5.374995 2.201514
v 20.756798 5.870889 2.201514
v 20.907942 6.240544 2.233155
v 22.066031 5.374995 2.201514
v 20.907942 6.240544 2.233155
v 22.188064 5.673722 2.233155
v 20.756798 5.870889 2.201514
v 20.730614 5.880806 3.301514
v 20.882340 6.251880 3.333155
v 20.756798 5.870889 2.201514
v 20.882340 6.251880 3.333155
v 20.907942 6.240544 2.233155
v 20.730614 5.880806 3.301514
v 20.835352 5.841135 5.091270
v 20.984749 6.206535 5.133109
v 20.730614 5.880806 3.301514
v 20.984749 6.206535 5.133109
v 20.882340 6.251880 3.333155
v 20.835352 5.841135 5.091270
v 21.247760 5.684928 5.461270
v 21.387988 6.027986 5.503109
v 20.835352 5.841135 5.091270
v 21.387988 6.027986 5.503109
v 20.984749 6.206535 5.133109
v 21.247760 5.684928 5.461270
v 21.908923 5.434502 5.341270
v 22.034450 5.741740 5.383109
v 21.247760 5.684928 5.461270
v 22.034450 5.741740 5.383109
v 21.387988 6.027986 5.503109
v 21.908923 5.434502 5.341270
v 22.092215 5.365077 3.351514
v 22.213667 5.662385 3.383155
v 21.908923 5.434502 5.341270
v 22.213667 5.662385 3.383155
v 22.034450 5.741740 5.383109
v 22.092215 5.365077 3.351514
v 22.066031 5.374995 2.201514
v 22.188064 5.673722 2.233155
v 22.092215 5.365077 3.351514
v 22.188064 5.673722 2.233155
v 22.213667 5.662385 3.383155
v 22.188064 5.673722 2.233155
v 20.907942 6.240544 2.233155
v 21.098964 6.645730 2.292307
v 22.188064 5.673722 2.233155
v 21.098964 6.645730 2.292307
v 22.365021 6.048152 2.292307
v 20.907942 6.240544 2.233155
v 20.882340 6.251880 3.333155
v 21.073643 6.657682 3.392307
v 20.907942 6.240544 2.233155
v 21.073643 6.657682 3.392307
v 21.098964 6.645730 2.292307
v 20.882340 6.251880 3.333155
v 20.984749 6.206535 5.133109
v 21.174927 6.609875 5.173635
v 20.882340 6.251880 3.333155
v 21.174927 6.609875 5.173635
v 21.073643 6.657682 3.392307
v 20.984749 6.206535 5.133109
v 21.387988 6.027986 5.503109
v 21.573735 6.421638 5.543635
v 20.984749 6.206535 5.133109
v 21.573735 6.421638 5.543635
v 21.174927 6.609875 5.173635
v 21.387988 6.027986 5.503109
v 22.034450 5.741740 5.383109
v 22.213094 6.119861 5.423635
v 21.387988 6.027986 5.503109
v 22.213094 6.119861 5.423635
v 21.573735 6.421638 5.543635
v 22.034450 5.741740 5.383109
v 22.213667 5.662385 3.383155
v 22.390342 6.036201 3.442307
v 22.034450 5.741740 5.383109
v 22.390342 6.036201 3.442307
v 22.213094 6.119861 5.423635
v 22.213667 5.662385 3.383155
v 22.188064 5.673722 2.233155
v 22.365021 6.048152 2.292307
v 22.213667 5.662385 3.383155
v 22.365021 6.048152 2.292307
v 22.390342 6.036201 3.442307
v -2.050434 -11.339868 1.283388
v -2.416790 -11.979362 -0.354871
v -1.720863 -10.764584 -0.354871
v -2.050434 -11.339868 1.283388
v -1.720863 -10.764584 -0.354871
v -1.706945 -10.740288 0.745129
v -2.050434 -11.339868 1.283388
v -1.706945 -10.740288 0.745129
v -1.762619 -10.837470 2.511066
v -2.050434 -11.339868 1.283388
v -1.762619 -10.837470 2.511066
v -1.981836 -11.220125 2.881066
v -2.050434 -11.339868 1.283388
v -1.981836 -11.220125 2.881066
v -2.333279 -11.833588 2.761066
v -2.050434 -11.339868 1.283388
v -2.333279 -11.833588 2.761066
v -2.430709 -12.003657 0.795129
v -2.050434 -11.339868 1.283388
v -2.430709 -12.003657 0.795129
v -2.416790 -11.979362 -0.354871
v 21.698532 6.362734 3.937162
v 22.365021 6.048152 2.292307
v 21.098964 6.645730 2.292307
v 21.698532 6.362734 3.937162
v 21.098964 6.645730 2.292307
v 21.073643 6.657682 3.392307
v 21.698532 6.362734 3.937162
v 21.073643 6.657682 3.392307
v 21.174927 6.609875 5.173635
v 21.698532 6.362734 3.937162
v 21.174927 6.609875 5.173635
v 21.573735 6.421638 5.543635
v 21.698532 6.362734 3.937162
v 21.573735 6.421638 5.543635
v 22.213094 6.119861 5.423635
v 21.698532 6.362734 3.937162
v 22.213094 6.119861 5.423635
v 22.390342 6.036201 3.442307
v 21.698532 6.362734 3.937162
v 22.390342 6.036201 3.442307
v 22.365021 6.048152 2.292307
v 22.301048 6.853079 3.213812
v 21.706054 5.585806 3.213812
v 21.318113 5.767947 1.800989
v 22.301048 6.853079 3.213812
v 21.318113 5.767947 1.800989
v 21.913107 7.035220 1.800989
v 21.706054 5.585806 3.213812
v 21.694154 5.560460 4.313812
v 21.306213 5.742601 2.900989
v 21.706054 5.585806 3.213812
v 21.306213 5.742601 2.900989
v 21.318113 5.767947 1.800989
v 21.694154 5.560460 4.313812
v 21.741753 5.661842 6.089311
v 21.353812 5.843983 4.684588
v 21.694154 5.560460 4.313812
v 21.353812 5.843983 4.684588
v 21.306213 5.742601 2.900989
v 21.741753 5.661842 6.089311
v 21.929177 6.061033 6.459311
v 21.541236 6.243174 5.054588
v 21.741753 5.661842 6.089311
v 21.541236 6.243174 5.054588
v 21.353812 5.843983 4.684588
v 21.929177 6.061033 6.459311
v 22.229649 6.701006 6.339311
v 21.841708 6.883147 4.934588
v 21.929177 6.061033 6.459311
v 21.841708 6.883147 4.934588
v 21.541236 6.243174 5.054588
v 22.229649 6.701006 6.339311
v 22.312948 6.878424 4.363812
v 21.925007 7.060566 2.950989
v 22.229649 6.701006 6.339311
v 21.925007 7.060566 2.950989
v 21.841708 6.883147 4.934588
v 22.312948 6.878424 4.363812
v 22.301048 6.853079 3.213812
v 21.913107 7.035220 1.800989
v 22.312948 6.878424 4.363812
v 21.913107 7.035220 1.800989
v 21.925007 7.060566 2.950989
v 21.913107 7.035220 1.800989
v 21.318113 5.767947 1.800989
v 20.930172 5.950088 0.463442
v 21.913107 7.035220 1.800989
v 20.930172 5.950088 0.463442
v 21.525166 7.217361 0.463442
v 21.318113 5.767947 1.800989
v 21.306213 5.742601 2.900989
v 20.918272 5.924742 1.563442
v 21.318113 5.767947 1.800989
v 20.918272 5.924742 1.563442
v 20.930172 5.950088 0.463442
v 21.306213 5.742601 2.900989
v 21.353812 5.843983 4.684588
v 20.965872 6.026124 3.353594
v 21.306213 5.742601 2.900989
v 20.965872 6.026124 3.353594
v 20.918272 5.924742 1.563442
v 21.353812 5.843983 4.684588
v 21.541236 6.243174 5.054588
v 21.153295 6.425315 3.723594
v 21.353812 5.843983 4.684588
v 21.153295 6.425315 3.723594
v 20.965872 6.026124 3.353594
v 21.541236 6.243174 5.054588
v 21.841708 6.883147 4.934588
v 21.453767 7.065288 3.603594
v 21.541236 6.243174 5.054588
v 21.453767 7.065288 3.603594
v 21.153295 6.425315 3.723594
v 21.841708 6.883147 4.934588
v 21.925007 7.060566 2.950989
v 21.537066 7.242707 1.613442
v 21.841708 6.883147 4.934588
v 21.537066 7.242707 1.613442
v 21.453767 7.065288 3.603594
v 21.925007 7.060566 2.950989
v 21.913107 7.035220 1.800989
v 21.525166 7.217361 0.463442
v 21.925007 7.060566 2.950989
v 21.525166 7.217361 0.463442
v 21.537066 7.242707 1.613442
v 21.525166 7.217361 0.463442
v 20.930172 5.950088 0.463442
v 20.542231 6.132229 0.246007
v 21.525166 7.217361 0.463442
v 20.542231 6.132229 0.246007
v 21.137225 7.399502 0.246007
v 20.930172 5.950088 0.463442
v 20.918272 5.924742 1.563442
v 20.530331 6.106883 1.346007
v 20.930172 5.950088 0.463442
v 20.530331 6.106883 1.346007
v 20.542231 6.132229 0.246007
v 20.918272 5.924742 1.563442
v 20.965872 6.026124 3.353594
v 20.577931 6.208265 3.141091
v 20.918272 5.924742 1.563442
v 20.577931 6.208265 3.141091
v 20.530331 6.106883 1.346007
v 20.965872 6.026124 3.353594
v 21.153295 6.425315 3.723594
v 20.765354 6.607456 3.511091
v 20.965872 6.026124 3.353594
v 20.765354 6.607456 3.511091
v 20.577931 6.208265 3.141091
v 21.153295 6.425315 3.723594
v 21.453767 7.065288 3.603594
v 21.065826 7.247429 3.391091
v 21.153295 6.425315 3.723594
v 21.065826 7.247429 3.391091
v 20.765354 6.607456 3.511091
v 21.453767 7.065288 3.603594
v 21.537066 7.242707 1.613442
v 21.149125 7.424848 1.396007
v 21.453767 7.065288 3.603594
v 21.149125 7.424848 1.396007
v 21.065826 7.247429 3.391091
v 21.537066 7.242707 1.613442
v 21.525166 7.217361 0.463442
v 21.137225 7.399502 0.246007
v 21.537066 7.242707 1.613442
v 21.137225 7.399502 0.246007
v 21.149125 7.424848 1.396007
v 21.137225 7.399502 0.246007
v 20.542231 6.132229 0.246007
v 20.154290 6.314370 0.191454
v 21.137225 7.399502 0.246007
v 20.154290 6.314370 0.191454
v 20.749285 7.581643 0.191454
v 20.542231 6.132229 0.246007
v 20.530331 6.106883 1.346007
v 20.142390 6.289025 1.291454
v 20.542231 6.132229 0.246007
v 20.142390 6.289025 1.291454
v 20.154290 6.314370 0.191454
v 20.530331 6.106883 1.346007
v 20.577931 6.208265 3.141091
v 20.189990 6.390406 3.089790
v 20.530331 6.106883 1.346007
v 20.189990 6.390406 3.089790
v 20.142390 6.289025 1.291454
v 20.577931 6.208265 3.141091
v 20.765354 6.607456 3.511091
v 20.377413 6.789598 3.459790
v 20.577931 6.208265 3.141091
v 20.377413 6.789598 3.459790
v 20.189990 6.390406 3.089790
v 20.765354 6.607456 3.511091
v 21.065826 7.247429 3.391091
v 20.677885 7.429571 3.339790
v 20.765354 6.607456 3.511091
v 20.677885 7.429571 3.339790
v 20.377413 6.789598 3.459790
v 21.065826 7.247429 3.391091
v 21.149125 7.424848 1.396007
v 20.761185 7.606989 1.341454
v 21.065826 7.247429 3.391091
v 20.761185 7.606989 1.341454
v 20.677885 7.429571 3.339790
v 21.149125 7.424848 1.396007
v 21.137225 7.399502 0.246007
v 20.749285 7.581643 0.191454
v 21.149125 7.424848 1.396007
v 20.749285 7.581643 0.191454
v 20.761185 7.606989 1.341454
v 20.749285 7.581643 0.191454
v 20.154290 6.314370 0.191454
v 19.766350 6.496511 0.150108
v 20.749285 7.581643 0.191454
v 19.766350 6.496511 0.150108
v 20.361344 7.763785 0.150108
v 20.154290 6.314370 0.191454
v 20.142390 6.289025 1.291454
v 19.754450 6.471166 1.250108
v 20.154290 6.314370 0.191454
v 19.754450 6.471166 1.250108
v 19.766350 6.496511 0.150108
v 20.142390 6.289025 1.291454
v 20.189990 6.390406 3.089790
v 19.802049 6.572548 3.049979
v 20.142390 6.289025 1.291454
v 19.802049 6.572548 3.049979
v 19.754450 6.471166 1.250108
v 20.189990 6.390406 3.089790
v 20.377413 6.789598 3.459790
v 19.989472 6.971739 3.419979
v 20.189990 6.390406 3.089790
v 19.989472 6.971739 3.419979
v 19.802049 6.572548 3.049979
v 20.377413 6.789598 3.459790
v 20.677885 7.429571 3.339790
v 20.289945 7.611712 3.299979
v 20.377413 6.789598 3.459790
v 20.289945 7.611712 3.299979
v 19.989472 6.971739 3.419979
v 20.677885 7.429571 3.339790
v 20.761185 7.606989 1.341454
v 20.373244 7.789130 1.300108
v 20.677885 7.429571 3.339790
v 20.373244 7.789130 1.300108
v 20.289945 7.611712 3.299979
v 20.761185 7.606989 1.341454
v 20.749285 7.581643 0.191454
v 20.361344 7.763785 0.150108
v 20.761185 7.606989 1.341454
v 20.361344 7.763785 0.150108
v 20.373244 7.789130 1.300108
v 20.361344 7.763785 0.150108
v 19.766350 6.496511 0.150108
v 19.378409 6.678652 0.128323
v 20.361344 7.763785 0.150108
v 19.378409 6.678652 0.128323
v 19.973403 7.945926 0.128323
v 19.766350 6.496511 0.150108
v 19.754450 6.471166 1.250108
v 19.366509 6.653307 1.228323
v 19.766350 6.496511 0.150108
v 19.366509 6.653307 1.228323
v 19.378409 6.678652 0.128323
v 19.754450 6.471166 1.250108
v 19.802049 6.572548 3.049979
v 19.414108 6.754689 3.027995
v 19.754450 6.471166 1.250108
v 19.414108 6.754689 3.027995
v 19.366509 6.653307 1.228323
v 19.802049 6.572548 3.049979
v 19.989472 6.971739 3.419979
v 19.601532 7.153880 3.397995
v 19.802049 6.572548 3.049979
v 19.601532 7.153880 3.397995
v 19.414108 6.754689 3.027995
v 19.989472 6.971739 3.419979
v 20.289945 7.611712 3.299979
v 19.902004 7.793853 3.277995
v 19.989472 6.971739 3.419979
v 19.902004 7.793853 3.277995
v 19.601532 7.153880 3.397995
v 20.289945 7.611712 3.299979
v 20.373244 7.789130 1.300108
v 19.985303 7.971271 1.278323
v 20.289945 7.611712 3.299979
v 19.985303 7.971271 1.278323
v 19.902004 7.793853 3.277995
v 20.373244 7.789130 1.300108
v 20.361344 7.763785 0.150108
v 19.973403 7.945926 0.128323
v 20.373244 7.789130 1.300108
v 19.973403 7.945926 0.128323
v 19.985303 7.971271 1.278323
v 19.973403 7.945926 0.128323
v 19.378409 6.678652 0.128323
v 18.990468 6.860793 0.128483
v 19.973403 7.945926 0.128323
v 18.990468 6.860793 0.128483
v 19.585462 8.128067 0.128483
v 19.378409 6.678652 0.128323
v 19.366509 6.653307 1.228323
v 18.978568 6.835448 1.228483
v 19.378409 6.678652 0.128323
v 18.978568 6.835448 1.228483
v 18.990468 6.860793 0.128483
v 19.366509 6.653307 1.228323
v 19.414108 6.754689 3.027995
v 19.026168 6.936830 3.026224
v 19.366509 6.653307 1.228323
v 19.026168 6.936830 3.026224
v 18.978568 6.835448 1.228483
v 19.414108 6.754689 3.027995
v 19.601532 7.153880 3.397995
v 19.213591 7.336021 3.396224
v 19.414108 6.754689 3.027995
v 19.213591 7.336021 3.396224
v 19.026168 6.936830 3.026224
v 19.601532 7.153880 3.397995
v 19.902004 7.793853 3.277995
v 19.514063 7.975994 3.276224
v 19.601532 7.153880 3.397995
v 19.514063 7.975994 3.276224
v 19.213591 7.336021 3.396224
v 19.902004 7.793853 3.277995
v 19.985303 7.971271 1.278323
v 19.597362 8.153412 1.278483
v 19.902004 7.793853 3.277995
v 19.597362 8.153412 1.278483
v 19.514063 7.975994 3.276224
v 19.985303 7.971271 1.278323
v 19.973403 7.945926 0.128323
v 19.585462 8.128067 0.128483
v 19.985303 7.971271 1.278323
v 19.585462 8.128067 0.128483
v 19.597362 8.153412 1.278483
v 19.585462 8.128067 0.128483
v 18.990468 6.860793 0.128483
v 18.602527 7.042935 0.150272
v 19.585462 8.128067 0.128483
v 18.602527 7.042935 0.150272
v 19.197521 8.310208 0.150272
v 18.990468 6.860793 0.128483
v 18.978568 6.835448 1.228483
v 18.590627 7.017589 1.250272
v 18.990468 6.860793 0.128483
v 18.590627 7.017589 1.250272
v 18.602527 7.042935 0.150272
v 18.978568 6.835448 1.228483
v 19.026168 6.936830 3.026224
v 18.638227 7.118971 3.044372
v 18.978568 6.835448 1.228483
v 18.638227 7.118971 3.044372
v 18.590627 7.017589 1.250272
v 19.026168 6.936830 3.026224
v 19.213591 7.336021 3.396224
v 18.825650 7.518162 3.414372
v 19.026168 6.936830 3.026224
v 18.825650 7.518162 3.414372
v 18.638227 7.118971 3.044372
v 19.213591 7.336021 3.396224
v 19.514063 7.975994 3.276224
v 19.126122 8.158135 3.294372
v 19.213591 7.336021 3.396224
v 19.126122 8.158135 3.294372
v 18.825650 7.518162 3.414372
v 19.514063 7.975994 3.276224
v 19.597362 8.153412 1.278483
v 19.209421 8.335553 1.300272
v 19.514063 7.975994 3.276224
v 19.209421 8.335553 1.300272
v 19.126122 8.158135 3.294372
v 19.597362 8.153412 1.278483
v 19.585462 8.128067 0.128483
v 19.197521 8.310208 0.150272
v 19.597362 8.153412 1.278483
v 19.197521 8.310208 0.150272
v 19.209421 8.335553 1.300272
v 19.197521 8.310208 0.150272
v 18.602527 7.042935 0.150272
v 18.214586 7.225076 0.189005
v 19.197521 8.310208 0.150272
v 18.214586 7.225076 0.189005
v 18.809581 8.492349 0.189005
v 18.602527 7.042935 0.150272
v 18.590627 7.017589 1.250272
v 18.202686 7.199730 1.289005
v 18.602527 7.042935 0.150272
v 18.202686 7.199730 1.289005
v 18.214586 7.225076 0.189005
v 18.590627 7.017589 1.250272
v 18.638227 7.118971 3.044372
v 18.250286 7.301112 3.077796
v 18.590627 7.017589 1.250272
v 18.250286 7.301112 3.077796
v 18.202686 7.199730 1.289005
v 18.638227 7.118971 3.044372
v 18.825650 7.518162 3.414372
v 18.437709 7.700303 3.447796
v 18.638227 7.118971 3.044372
v 18.437709 7.700303 3.447796
v 18.250286 7.301112 3.077796
v 18.825650 7.518162 3.414372
v 19.126122 8.158135 3.294372
v 18.738181 8.340276 3.327796
v 18.825650 7.518162 3.414372
v 18.738181 8.340276 3.327796
v 18.437709 7.700303 3.447796
v 19.126122 8.158135 3.294372
v 19.209421 8.335553 1.300272
v 18.821480 8.517694 1.339005
v 19.126122 8.158135 3.294372
v 18.821480 8.517694 1.339005
v 18.738181 8.340276 3.327796
v 19.209421 8.335553 1.300272
v 19.197521 8.310208 0.150272
v 18.809581 8.492349 0.189005
v 19.209421 8.335553 1.300272
v 18.809581 8.492349 0.189005
v 18.821480 8.517694 1.339005
v 18.809581 8.492349 0.189005
v 18.214586 7.225076 0.189005
v 17.826645 7.407217 0.239993
v 18.809581 8.492349 0.189005
v 17.826645 7.407217 0.239993
v 18.421640 8.674490 0.239993
v 18.214586 7.225076 0.189005
v 18.202686 7.199730 1.289005
v 17.814746 7.381871 1.339993
v 18.214586 7.225076 0.189005
v 17.814746 7.381871 1.339993
v 17.826645 7.407217 0.239993
v 18.202686 7.199730 1.289005
v 18.250286 7.301112 3.077796
v 17.862345 7.483253 3.121868
v 18.202686 7.199730 1.289005
v 17.862345 7.483253 3.121868
v 17.814746 7.381871 1.339993
v 18.250286 7.301112 3.077796
v 18.437709 7.700303 3.447796
v 18.049768 7.882444 3.491868
v 18.250286 7.301112 3.077796
v 18.049768 7.882444 3.491868
v 17.862345 7.483253 3.121868
v 18.437709 7.700303 3.447796
v 18.738181 8.340276 3.327796
v 18.350240 8.522417 3.371868
v 18.437709 7.700303 3.447796
v 18.350240 8.522417 3.371868
v 18.049768 7.882444 3.491868
v 18.738181 8.340276 3.327796
v 18.821480 8.517694 1.339005
v 18.433540 8.699836 1.389993
v 18.738181 8.340276 3.327796
v 18.433540 8.699836 1.389993
v 18.350240 8.522417 3.371868
v 18.821480 8.517694 1.339005
v 18.809581 8.492349 0.189005
v 18.421640 8.674490 0.239993
v 18.821480 8.517694 1.339005
v 18.421640 8.674490 0.239993
v 18.433540 8.699836 1.389993
v 18.421640 8.674490 0.239993
v 17.826645 7.407217 0.239993
v 17.438705 7.589358 0.295161
v 18.421640 8.674490 0.239993
v 17.438705 7.589358 0.295161
v 18.033699 8.856631 0.295161
v 17.826645 7.407217 0.239993
v 17.814746 7.381871 1.339993
v 17.426805 7.564012 1.395161
v 17.826645 7.407217 0.239993
v 17.426805 7.564012 1.395161
v 17.438705 7.589358 0.295161
v 17.814746 7.381871 1.339993
v 17.862345 7.483253 3.121868
v 17.474404 7.665394 3.168595
v 17.814746 7.381871 1.339993
v 17.474404 7.665394 3.168595
v 17.426805 7.564012 1.395161
v 17.862345 7.483253 3.121868
v 18.049768 7.882444 3.491868
v 17.661827 8.064585 3.538595
v 17.862345 7.483253 3.121868
v 17.661827 8.064585 3.538595
v 17.474404 7.665394 3.168595
v 18.049768 7.882444 3.491868
v 18.350240 8.522417 3.371868
v 17.962300 8.704558 3.418595
v 18.049768 7.882444 3.491868
v 17.962300 8.704558 3.418595
v 17.661827 8.064585 3.538595
v 18.350240 8.522417 3.371868
v 18.433540 8.699836 1.389993
v 18.045599 8.881977 1.445161
v 18.350240 8.522417 3.371868
v 18.045599 8.881977 1.445161
v 17.962300 8.704558 3.418595
v 18.433540 8.699836 1.389993
v 18.421640 8.674490 0.239993
v 18.033699 8.856631 0.295161
v 18.433540 8.699836 1.389993
v 18.033699 8.856631 0.295161
v 18.045599 8.881977 1.445161
v 18.033699 8.856631 0.295161
v 17.438705 7.589358 0.295161
v 17.050764 7.771499 0.554350
v 18.033699 8.856631 0.295161
v 17.050764 7.771499 0.554350
v 17.645758 9.038772 0.554350
v 17.438705 7.589358 0.295161
v 17.426805 7.564012 1.395161
v 17.038864 7.746154 1.654350
v 17.438705 7.589358 0.295161
v 17.038864 7.746154 1.654350
v 17.050764 7.771499 0.554350
v 17.426805 7.564012 1.395161
v 17.474404 7.665394 3.168595
v 17.086463 7.847535 3.417914
v 17.426805 7.564012 1.395161
v 17.086463 7.847535 3.417914
v 17.038864 7.746154 1.654350
v 17.474404 7.665394 3.168595
v 17.661827 8.064585 3.538595
v 17.273887 8.246726 3.787914
v 17.474404 7.665394 3.168595
v 17.273887 8.246726 3.787914
v 17.086463 7.847535 3.417914
v 17.661827 8.064585 3.538595
v 17.962300 8.704558 3.418595
v 17.574359 8.886700 3.667914
v 17.661827 8.064585 3.538595
v 17.574359 8.886700 3.667914
v 17.273887 8.246726 3.787914
v 17.962300 8.704558 3.418595
v 18.045599 8.881977 1.445161
v 17.657658 9.064118 1.704350
v 17.962300 8.704558 3.418595
v 17.657658 9.064118 1.704350
v 17.574359 8.886700 3.667914
v 18.045599 8.881977 1.445161
v 18.033699 8.856631 0.295161
v 17.645758 9.038772 0.554350
v 18.045599 8.881977 1.445161
v 17.645758 9.038772 0.554350
v 17.657658 9.064118 1.704350
v 17.645758 9.038772 0.554350
v 17.050764 7.771499 0.554350
v 16.662823 7.953640 1.932988
v 17.645758 9.038772 0.554350
v 16.662823 7.953640 1.932988
v 17.257817 9.220913 1.932988
v 17.050764 7.771499 0.554350
v 17.038864 7.746154 1.654350
v 16.650923 7.928295 3.032988
v 17.050764 7.771499 0.554350
v 16.650923 7.928295 3.032988
v 16.662823 7.953640 1.932988
v 17.038864 7.746154 1.654350
v 17.086463 7.847535 3.417914
v 16.698523 8.029676 4.785367
v 17.038864 7.746154 1.654350
v 16.698523 8.029676 4.785367
v 16.650923 7.928295 3.032988
v 17.086463 7.847535 3.417914
v 17.273887 8.246726 3.787914
v 16.885946 8.428868 5.155367
v 17.086463 7.847535 3.417914
v 16.885946 8.428868 5.155367
v 16.698523 8.029676 4.785367
v 17.273887 8.246726 3.787914
v 17.574359 8.886700 3.667914
v 17.186418 9.068841 5.035367
v 17.273887 8.246726 3.787914
v 17.186418 9.068841 5.035367
v 16.885946 8.428868 5.155367
v 17.574359 8.886700 3.667914
v 17.657658 9.064118 1.704350
v 17.269717 9.246259 3.082988
v 17.574359 8.886700 3.667914
v 17.269717 9.246259 3.082988
v 17.186418 9.068841 5.035367
v 17.657658 9.064118 1.704350
v 17.645758 9.038772 0.554350
v 17.257817 9.220913 1.932988
v 17.657658 9.064118 1.704350
v 17.257817 9.220913 1.932988
v 17.269717 9.246259 3.082988
v 17.257817 9.220913 1.932988
v 16.662823 7.953640 1.932988
v 16.274882 8.135781 3.452984
v 17.257817 9.220913 1.932988
v 16.274882 8.135781 3.452984
v 16.869876 9.403055 3.452984
v 16.662823 7.953640 1.932988
v 16.650923 7.928295 3.032988
v 16.262982 8.110436 4.552984
v 16.662823 7.953640 1.932988
v 16.262982 8.110436 4.552984
v 16.274882 8.135781 3.452984
v 16.650923 7.928295 3.032988
v 16.698523 8.029676 4.785367
v 16.310582 8.211818 6.292994
v 16.650923 7.928295 3.032988
v 16.310582 8.211818 6.292994
v 16.262982 8.110436 4.552984
v 16.698523 8.029676 4.785367
v 16.885946 8.428868 5.155367
v 16.498005 8.611009 6.662994
v 16.698523 8.029676 4.785367
v 16.498005 8.611009 6.662994
v 16.310582 8.211818 6.292994
v 16.885946 8.428868 5.155367
v 17.186418 9.068841 5.035367
v 16.798477 9.250982 6.542994
v 16.885946 8.428868 5.155367
v 16.798477 9.250982 6.542994
v 16.498005 8.611009 6.662994
v 17.186418 9.068841 5.035367
v 17.269717 9.246259 3.082988
v 16.881776 9.428400 4.602984
v 17.186418 9.068841 5.035367
v 16.881776 9.428400 4.602984
v 16.798477 9.250982 6.542994
v 17.269717 9.246259 3.082988
v 17.257817 9.220913 1.932988
v 16.869876 9.403055 3.452984
v 17.269717 9.246259 3.082988
v 16.869876 9.403055 3.452984
v 16.881776 9.428400 4.602984
v 21.987826 6.185950 4.856169
v 22.301048 6.853079 3.213812
v 21.706054 5.585806 3.213812
v 21.987826 6.185950 4.856169
v 21.706054 5.585806 3.213812
v 21.694154 5.560460 4.313812
v 21.987826 6.185950 4.856169
v 21.694154 5.560460 4.313812
v 21.741753 5.661842 6.089311
v 21.987826 6.185950 4.856169
v 21.741753 5.661842 6.089311
v 21.929177 6.061033 6.459311
v 21.987826 6.185950 4.856169
v 21.929177 6.061033 6.459311
v 22.229649 6.701006 6.339311
v 21.987826 6.185950 4.856169
v 22.229649 6.701006 6.339311
v 22.312948 6.878424 4.363812
v 21.987826 6.185950 4.856169
v 22.312948 6.878424 4.363812
v 22.301048 6.853079 3.213812
v 16.556654 8.735926 5.080131
v 16.869876 9.403055 3.452984
v 16.274882 8.135781 3.452984
v 16.556654 8.735926 5.080131
v 16.274882 8.135781 3.452984
v 16.262982 8.110436 4.552984
v 16.556654 8.735926 5.080131
v 16.262982 8.110436 4.552984
v 16.310582 8.211818 6.292994
v 16.556654 8.735926 5.080131
v 16.310582 8.211818 6.292994
v 16.498005 8.611009 6.662994
v 16.556654 8.735926 5.080131
v 16.498005 8.611009 6.662994
v 16.798477 9.250982 6.542994
v 16.556654 8.735926 5.080131
v 16.798477 9.250982 6.542994
v 16.881776 9.428400 4.602984
v 16.556654 8.735926 5.080131
v 16.881776 9.428400 4.602984
v 16.869876 9.403055 3.452984
v -3.277318 -4.810386 0.642797
v -4.442153 -4.033752 0.642797
v -4.170807 -3.626774 0.884646
v -3.277318 -4.810386 0.642797
v -4.170807 -3.626774 0.884646
v -3.005956 -4.403382 0.884646
v -4.442153 -4.033752 0.642797
v -4.465450 -4.018219 1.742797
v -4.194104 -3.611241 1.984646
v -4.442153 -4.033752 0.642797
v -4.194104 -3.611241 1.984646
v -4.170807 -3.626774 0.884646
v -4.465450 -4.018219 1.742797
v -4.372263 -4.080350 3.334592
v -4.100916 -3.673370 3.658210
v -4.465450 -4.018219 1.742797
v -4.100916 -3.673370 3.658210
v -4.194104 -3.611241 1.984646
v -4.372263 -4.080350 3.334592
v -4.005340 -4.324990 3.704592
v -3.733988 -3.918002 4.028210
v -4.372263 -4.080350 3.334592
v -3.733988 -3.918002 4.028210
v -4.100916 -3.673370 3.658210
v -4.005340 -4.324990 3.704592
v -3.417098 -4.717190 3.584592
v -3.145738 -4.310189 3.908210
v -4.005340 -4.324990 3.704592
v -3.145738 -4.310189 3.908210
v -3.733988 -3.918002 4.028210
v -3.417098 -4.717190 3.584592
v -3.254021 -4.825918 1.792797
v -2.982659 -4.418914 2.034646
v -3.417098 -4.717190 3.584592
v -2.982659 -4.418914 2.034646
v -3.145738 -4.310189 3.908210
v -3.254021 -4.825918 1.792797
v -3.277318 -4.810386 0.642797
v -3.005956 -4.403382 0.884646
v -3.254021 -4.825918 1.792797
v -3.005956 -4.403382 0.884646
v -2.982659 -4.418914 2.034646
v -3.005956 -4.403382 0.884646
v -4.170807 -3.626774 0.884646
v -3.899589 -3.219949 1.123385
v -3.005956 -4.403382 0.884646
v -3.899589 -3.219949 1.123385
v -2.734676 -3.996465 1.123385
v -4.170807 -3.626774 0.884646
v -4.194104 -3.611241 1.984646
v -3.922887 -3.204419 2.223385
v -4.170807 -3.626774 0.884646
v -3.922887 -3.204419 2.223385
v -3.899589 -3.219949 1.123385
v -4.194104 -3.611241 1.984646
v -4.100916 -3.673370 3.658210
v -3.829694 -3.266540 3.971592
v -4.194104 -3.611241 1.984646
v -3.829694 -3.266540 3.971592
v -3.922887 -3.204419 2.223385
v -4.100916 -3.673370 3.658210
v -3.733988 -3.918002 4.028210
v -3.462747 -3.511143 4.341592
v -4.100916 -3.673370 3.658210
v -3.462747 -3.511143 4.341592
v -3.829694 -3.266540 3.971592
v -3.733988 -3.918002 4.028210
v -3.145738 -4.310189 3.908210
v -2.874465 -3.903283 4.221592
v -3.733988 -3.918002 4.028210
v -2.874465 -3.903283 4.221592
v -3.462747 -3.511143 4.341592
v -3.145738 -4.310189 3.908210
v -2.982659 -4.418914 2.034646
v -2.711377 -4.011995 2.273385
v -3.145738 -4.310189 3.908210
v -2.711377 -4.011995 2.273385
v -2.874465 -3.903283 4.221592
v -2.982659 -4.418914 2.034646
v -3.005956 -4.403382 0.884646
v -2.734676 -3.996465 1.123385
v -2.982659 -4.418914 2.034646
v -2.734676 -3.996465 1.123385
v -2.711377 -4.011995 2.273385
v -2.734676 -3.996465 1.123385
v -3.899589 -3.219949 1.123385
v -3.628117 -2.812640 1.342413
v -2.734676 -3.996465 1.123385
v -3.628117 -2.812640 1.342413
v -2.463266 -3.589249 1.342413
v -3.899589 -3.219949 1.123385
v -3.922887 -3.204419 2.223385
v -3.651414 -2.797108 2.442413
v -3.899589 -3.219949 1.123385
v -3.651414 -2.797108 2.442413
v -3.628117 -2.812640 1.342413
v -3.922887 -3.204419 2.223385
v -3.829694 -3.266540 3.971592
v -3.558226 -2.859237 4.235693
v -3.922887 -3.204419 2.223385
v -3.558226 -2.859237 4.235693
v -3.651414 -2.797108 2.442413
v -3.829694 -3.266540 3.971592
v -3.462747 -3.511143 4.341592
v -3.191298 -3.103869 4.605693
v -3.829694 -3.266540 3.971592
v -3.191298 -3.103869 4.605693
v -3.558226 -2.859237 4.235693
v -3.462747 -3.511143 4.341592
v -2.874465 -3.903283 4.221592
v -2.603048 -3.496056 4.485693
v -3.462747 -3.511143 4.341592
v -2.603048 -3.496056 4.485693
v -3.191298 -3.103869 4.605693
v -2.874465 -3.903283 4.221592
v -2.711377 -4.011995 2.273385
v -2.439969 -3.604781 2.492413
v -2.874465 -3.903283 4.221592
v -2.439969 -3.604781 2.492413
v -2.603048 -3.496056 4.485693
v -2.711377 -4.011995 2.273385
v -2.734676 -3.996465 1.123385
v -2.463266 -3.589249 1.342413
v -2.711377 -4.011995 2.273385
v -2.463266 -3.589249 1.342413
v -2.439969 -3.604781 2.492413
v -2.463266 -3.589249 1.342413
v -3.628117 -2.812640 1.342413
v -3.356596 -2.405502 1.534152
v -2.463266 -3.589249 1.342413
v -3.356596 -2.405502 1.534152
v -2.191780 -3.182165 1.534152
v -3.628117 -2.812640 1.342413
v -3.651414 -2.797108 2.442413
v -3.379892 -2.389969 2.634152
v -3.628117 -2.812640 1.342413
v -3.379892 -2.389969 2.634152
v -3.356596 -2.405502 1.534152
v -3.651414 -2.797108 2.442413
v -3.558226 -2.859237 4.235693
v -3.286707 -2.452102 4.429264
v -3.651414 -2.797108 2.442413
v -3.286707 -2.452102 4.429264
v -3.379892 -2.389969 2.634152
v -3.558226 -2.859237 4.235693
v -3.191298 -3.103869 4.605693
v -2.919790 -2.696751 4.799264
v -3.558226 -2.859237 4.235693
v -2.919790 -2.696751 4.799264
v -3.286707 -2.452102 4.429264
v -3.191298 -3.103869 4.605693
v -2.603048 -3.496056 4.485693
v -2.331558 -3.088965 4.679264
v -3.191298 -3.103869 4.605693
v -2.331558 -3.088965 4.679264
v -2.919790 -2.696751 4.799264
v -2.603048 -3.496056 4.485693
v -2.439969 -3.604781 2.492413
v -2.168484 -3.197698 2.684152
v -2.603048 -3.496056 4.485693
v -2.168484 -3.197698 2.684152
v -2.331558 -3.088965 4.679264
v -2.439969 -3.604781 2.492413
v -2.463266 -3.589249 1.342413
v -2.191780 -3.182165 1.534152
v -2.439969 -3.604781 2.492413
v -2.191780 -3.182165 1.534152
v -2.168484 -3.197698 2.684152
v -2.191780 -3.182165 1.534152
v -3.356596 -2.405502 1.534152
v -3.085448 -1.998761 1.703426
v -2.191780 -3.182165 1.534152
v -3.085448 -1.998761 1.703426
v -1.920546 -2.775294 1.703426
v -3.356596 -2.405502 1.534152
v -3.379892 -2.389969 2.634152
v -3.108746 -1.983231 2.803426
v -3.356596 -2.405502 1.534152
v -3.108746 -1.983231 2.803426
v -3.085448 -1.998761 1.703426
v -3.379892 -2.389969 2.634152
v -3.286707 -2.452102 4.429264
v -3.015554 -2.045353 4.556637
v -3.379892 -2.389969 2.634152
v -3.015554 -2.045353 4.556637
v -3.108746 -1.983231 2.803426
v -3.286707 -2.452102 4.429264
v -2.919790 -2.696751 4.799264
v -2.648610 -2.289961 4.926637
v -3.286707 -2.452102 4.429264
v -2.648610 -2.289961 4.926637
v -3.015554 -2.045353 4.556637
v -2.919790 -2.696751 4.799264
v -2.331558 -3.088965 4.679264
v -2.060334 -2.682110 4.806637
v -2.919790 -2.696751 4.799264
v -2.060334 -2.682110 4.806637
v -2.648610 -2.289961 4.926637
v -2.331558 -3.088965 4.679264
v -2.168484 -3.197698 2.684152
v -1.897248 -2.790824 2.853426
v -2.331558 -3.088965 4.679264
v -1.897248 -2.790824 2.853426
v -2.060334 -2.682110 4.806637
v -2.168484 -3.197698 2.684152
v -2.191780 -3.182165 1.534152
v -1.920546 -2.775294 1.703426
v -2.168484 -3.197698 2.684152
v -1.920546 -2.775294 1.703426
v -1.897248 -2.790824 2.853426
v -1.920546 -2.775294 1.703426
v -3.085448 -1.998761 1.703426
v -2.813997 -1.591531 1.860499
v -1.920546 -2.775294 1.703426
v -2.813997 -1.591531 1.860499
v -1.649139 -2.368130 1.860499
v -3.085448 -1.998761 1.703426
v -3.108746 -1.983231 2.803426
v -2.837294 -1.575999 2.960499
v -3.085448 -1.998761 1.703426
v -2.837294 -1.575999 2.960499
v -2.813997 -1.591531 1.860499
v -3.108746 -1.983231 2.803426
v -3.015554 -2.045353 4.556637
v -2.744105 -1.638126 4.640645
v -3.108746 -1.983231 2.803426
v -2.744105 -1.638126 4.640645
v -2.837294 -1.575999 2.960499
v -3.015554 -2.045353 4.556637
v -2.648610 -2.289961 4.926637
v -2.377175 -1.882755 5.010645
v -3.015554 -2.045353 4.556637
v -2.377175 -1.882755 5.010645
v -2.744105 -1.638126 4.640645
v -2.648610 -2.289961 4.926637
v -2.060334 -2.682110 4.806637
v -1.788922 -2.274938 4.890645
v -2.648610 -2.289961 4.926637
v -1.788922 -2.274938 4.890645
v -2.377175 -1.882755 5.010645
v -2.060334 -2.682110 4.806637
v -1.897248 -2.790824 2.853426
v -1.625842 -2.383662 3.010499
v -2.060334 -2.682110 4.806637
v -1.625842 -2.383662 3.010499
v -1.788922 -2.274938 4.890645
v -1.897248 -2.790824 2.853426
v -1.920546 -2.775294 1.703426
v -1.649139 -2.368130 1.860499
v -1.897248 -2.790824 2.853426
v -1.649139 -2.368130 1.860499
v -1.625842 -2.383662 3.010499
v -1.649139 -2.368130 1.860499
v -2.813997 -1.591531 1.860499
v -2.542612 -1.184537 2.009421
v -1.649139 -2.368130 1.860499
v -2.542612 -1.184537 2.009421
v -1.377746 -1.961123 2.009421
v -2.813997 -1.591531 1.860499
v -2.837294 -1.575999 2.960499
v -2.565910 -1.169005 3.109421
v -2.813997 -1.591531 1.860499
v -2.565910 -1.169005 3.109421
v -2.542612 -1.184537 2.009421
v -2.837294 -1.575999 2.960499
v -2.744105 -1.638126 4.640645
v -2.472720 -1.231132 4.707435
v -2.837294 -1.575999 2.960499
v -2.472720 -1.231132 4.707435
v -2.565910 -1.169005 3.109421
v -2.744105 -1.638126 4.640645
v -2.377175 -1.882755 5.010645
v -2.105787 -1.475757 5.077435
v -2.744105 -1.638126 4.640645
v -2.105787 -1.475757 5.077435
v -2.472720 -1.231132 4.707435
v -2.377175 -1.882755 5.010645
v -1.788922 -2.274938 4.890645
v -1.517530 -1.867932 4.957435
v -2.377175 -1.882755 5.010645
v -1.517530 -1.867932 4.957435
v -2.105787 -1.475757 5.077435
v -1.788922 -2.274938 4.890645
v -1.625842 -2.383662 3.010499
v -1.354449 -1.976655 3.159421
v -1.788922 -2.274938 4.890645
v -1.354449 -1.976655 3.159421
v -1.517530 -1.867932 4.957435
v -1.625842 -2.383662 3.010499
v -1.649139 -2.368130 1.860499
v -1.377746 -1.961123 2.009421
v -1.625842 -2.383662 3.010499
v -1.377746 -1.961123 2.009421
v -1.354449 -1.976655 3.159421
v -1.377746 -1.961123 2.009421
v -2.542612 -1.184537 2.009421
v -2.271300 -0.777495 2.146786
v -1.377746 -1.961123 2.009421
v -2.271300 -0.777495 2.146786
v -1.106425 -1.554068 2.146786
v -2.542612 -1.184537 2.009421
v -2.565910 -1.169005 3.109421
v -2.294598 -0.761963 3.246786
v -2.542612 -1.184537 2.009421
v -2.294598 -0.761963 3.246786
v -2.271300 -0.777495 2.146786
v -2.565910 -1.169005 3.109421
v -2.472720 -1.231132 4.707435
v -2.201408 -0.824089 4.778343
v -2.565910 -1.169005 3.109421
v -2.201408 -0.824089 4.778343
v -2.294598 -0.761963 3.246786
v -2.472720 -1.231132 4.707435
v -2.105787 -1.475757 5.077435
v -1.834472 -1.068710 5.148343
v -2.472720 -1.231132 4.707435
v -1.834472 -1.068710 5.148343
v -2.201408 -0.824089 4.778343
v -2.105787 -1.475757 5.077435
v -1.517530 -1.867932 4.957435
v -1.246210 -1.460879 5.028343
v -2.105787 -1.475757 5.077435
v -1.246210 -1.460879 5.028343
v -1.834472 -1.068710 5.148343
v -1.517530 -1.867932 4.957435
v -1.354449 -1.976655 3.159421
v -1.083127 -1.569599 3.296786
v -1.517530 -1.867932 4.957435
v -1.083127 -1.569599 3.296786
v -1.246210 -1.460879 5.028343
v -1.354449 -1.976655 3.159421
v -1.377746 -1.961123 2.009421
v -1.106425 -1.554068 2.146786
v -1.354449 -1.976655 3.159421
v -1.106425 -1.554068 2.146786
v -1.083127 -1.569599 3.296786
v -1.106425 -1.554068 2.146786
v -2.271300 -0.777495 2.146786
v -1.999925 -0.370494 2.266740
v -1.106425 -1.554068 2.146786
v -1.999925 -0.370494 2.266740
v -0.835041 -1.147054 2.266740
v -2.271300 -0.777495 2.146786
v -2.294598 -0.761963 3.246786
v -2.023222 -0.354962 3.366740
v -2.271300 -0.777495 2.146786
v -2.023222 -0.354962 3.366740
v -1.999925 -0.370494 2.266740
v -2.294598 -0.761963 3.246786
v -2.201408 -0.824089 4.778343
v -1.930032 -0.417087 4.867556
v -2.294598 -0.761963 3.246786
v -1.930032 -0.417087 4.867556
v -2.023222 -0.354962 3.366740
v -2.201408 -0.824089 4.778343
v -1.834472 -1.068710 5.148343
v -1.563093 -0.661704 5.237556
v -2.201408 -0.824089 4.778343
v -1.563093 -0.661704 5.237556
v -1.930032 -0.417087 4.867556
v -1.834472 -1.068710 5.148343
v -1.246210 -1.460879 5.028343
v -0.974827 -1.053866 5.117556
v -1.834472 -1.068710 5.148343
v -0.974827 -1.053866 5.117556
v -1.563093 -0.661704 5.237556
v -1.246210 -1.460879 5.028343
v -1.083127 -1.569599 3.296786
v -0.811743 -1.162585 3.416740
v -1.246210 -1.460879 5.028343
v -0.811743 -1.162585 3.416740
v -0.974827 -1.053866 5.117556
v -1.083127 -1.569599 3.296786
v -1.106425 -1.554068 2.146786
v -0.835041 -1.147054 2.266740
v -1.083127 -1.569599 3.296786
v -0.835041 -1.147054 2.266740
v -0.811743 -1.162585 3.416740
v -0.835041 -1.147054 2.266740
v -1.999925 -0.370494 2.266740
v -1.728591 0.036599 2.368769
v -0.835041 -1.147054 2.266740
v -1.728591 0.036599 2.368769
v -0.563711 -0.739966 2.368769
v -1.999925 -0.370494 2.266740
v -2.023222 -0.354962 3.366740
v -1.751889 0.052130 3.468769
v -1.999925 -0.370494 2.266740
v -1.751889 0.052130 3.468769
v -1.728591 0.036599 2.368769
v -2.023222 -0.354962 3.366740
v -1.930032 -0.417087 4.867556
v -1.658699 -0.009995 4.983831
v -2.023222 -0.354962 3.366740
v -1.658699 -0.009995 4.983831
v -1.751889 0.052130 3.468769
v -1.930032 -0.417087 4.867556
v -1.563093 -0.661704 5.237556
v -1.291761 -0.254613 5.353831
v -1.930032 -0.417087 4.867556
v -1.291761 -0.254613 5.353831
v -1.658699 -0.009995 4.983831
v -1.563093 -0.661704 5.237556
v -0.974827 -1.053866 5.117556
v -0.703497 -0.646778 5.233831
v -1.563093 -0.661704 5.237556
v -0.703497 -0.646778 5.233831
v -1.291761 -0.254613 5.353831
v -0.974827 -1.053866 5.117556
v -0.811743 -1.162585 3.416740
v -0.540413 -0.755497 3.518769
v -0.974827 -1.053866 5.117556
v -0.540413 -0.755497 3.518769
v -0.703497 -0.646778 5.233831
v -0.811743 -1.162585 3.416740
v -0.835041 -1.147054 2.266740
v -0.563711 -0.739966 2.368769
v -0.811743 -1.162585 3.416740
v -0.563711 -0.739966 2.368769
v -0.540413 -0.755497 3.518769
v -0.563711 -0.739966 2.368769
v -1.728591 0.036599 2.368769
v -1.457061 0.443824 2.463572
v -0.563711 -0.739966 2.368769
v -1.457061 0.443824 2.463572
v -0.292234 -0.332821 2.463572
v -1.728591 0.036599 2.368769
v -1.751889 0.052130 3.468769
v -1.480358 0.459357 3.563572
v -1.728591 0.036599 2.368769
v -1.480358 0.459357 3.563572
v -1.457061 0.443824 2.463572
v -1.751889 0.052130 3.468769
v -1.658699 -0.009995 4.983831
v -1.387171 0.397226 5.133602
v -1.751889 0.052130 3.468769
v -1.387171 0.397226 5.133602
v -1.480358 0.459357 3.563572
v -1.658699 -0.009995 4.983831
v -1.291761 -0.254613 5.353831
v -1.020251 0.152582 5.503602
v -1.658699 -0.009995 4.983831
v -1.020251 0.152582 5.503602
v -1.387171 0.397226 5.133602
v -1.291761 -0.254613 5.353831
v -0.703497 -0.646778 5.233831
v -0.432014 -0.239624 5.383602
v -1.291761 -0.254613 5.353831
v -0.432014 -0.239624 5.383602
v -1.020251 0.152582 5.503602
v -0.703497 -0.646778 5.233831
v -0.540413 -0.755497 3.518769
v -0.268938 -0.348354 3.613572
v -0.703497 -0.646778 5.233831
v -0.268938 -0.348354 3.613572
v -0.432014 -0.239624 5.383602
v -0.540413 -0.755497 3.518769
v -0.563711 -0.739966 2.368769
v -0.292234 -0.332821 2.463572
v -0.540413 -0.755497 3.518769
v -0.292234 -0.332821 2.463572
v -0.268938 -0.348354 3.613572
v -0.292234 -0.332821 2.463572
v -1.457061 0.443824 2.463572
v -1.185785 0.850709 2.564437
v -0.292234 -0.332821 2.463572
v -1.185785 0.850709 2.564437
v -0.020915 0.074129 2.564437
v -1.457061 0.443824 2.463572
v -1.480358 0.459357 3.563572
v -1.209083 0.866241 3.664437
v -1.457061 0.443824 2.463572
v -1.209083 0.866241 3.664437
v -1.185785 0.850709 2.564437
v -1.480358 0.459357 3.563572
v -1.387171 0.397226 5.133602
v -1.115893 0.804115 5.313512
v -1.480358 0.459357 3.563572
v -1.115893 0.804115 5.313512
v -1.209083 0.866241 3.664437
v -1.387171 0.397226 5.133602
v -1.020251 0.152582 5.503602
v -0.748959 0.559492 5.683512
v -1.387171 0.397226 5.133602
v -0.748959 0.559492 5.683512
v -1.115893 0.804115 5.313512
v -1.020251 0.152582 5.503602
v -0.432014 -0.239624 5.383602
v -0.160700 0.167318 5.563512
v -1.020251 0.152582 5.503602
v -0.160700 0.167318 5.563512
v -0.748959 0.559492 5.683512
v -0.432014 -0.239624 5.383602
v -0.268938 -0.348354 3.613572
v 0.002382 0.058597 3.714437
v -0.432014 -0.239624 5.383602
v 0.002382 0.058597 3.714437
v -0.160700 0.167318 5.563512
v -0.268938 -0.348354 3.613572
v -0.292234 -0.332821 2.463572
v -0.020915 0.074129 2.564437
v -0.268938 -0.348354 3.613572
v -0.020915 0.074129 2.564437
v 0.002382 0.058597 3.714437
v -0.020915 0.074129 2.564437
v -1.185785 0.850709 2.564437
v -0.914505 1.257658 2.679236
v -0.020915 0.074129 2.564437
v -0.914505 1.257658 2.679236
v 0.250396 0.481123 2.679236
v -1.185785 0.850709 2.564437
v -1.209083 0.866241 3.664437
v -0.937803 1.273189 3.779236
v -1.185785 0.850709 2.564437
v -0.937803 1.273189 3.779236
v -0.914505 1.257658 2.679236
v -1.209083 0.866241 3.664437
v -1.115893 0.804115 5.313512
v -0.844611 1.211066 5.507641
v -1.209083 0.866241 3.664437
v -0.844611 1.211066 5.507641
v -0.937803 1.273189 3.779236
v -1.115893 0.804115 5.313512
v -0.748959 0.559492 5.683512
v -0.477667 0.966458 5.877641
v -1.115893 0.804115 5.313512
v -0.477667 0.966458 5.877641
v -0.844611 1.211066 5.507641
v -0.748959 0.559492 5.683512
v -0.160700 0.167318 5.563512
v 0.110608 0.574307 5.757641
v -0.748959 0.559492 5.683512
v 0.110608 0.574307 5.757641
v -0.477667 0.966458 5.877641
v -0.160700 0.167318 5.563512
v 0.002382 0.058597 3.714437
v 0.273694 0.465593 3.829236
v -0.160700 0.167318 5.563512
v 0.273694 0.465593 3.829236
v 0.110608 0.574307 5.757641
v 0.002382 0.058597 3.714437
v -0.020915 0.074129 2.564437
v 0.250396 0.481123 2.679236
v 0.002382 0.058597 3.714437
v 0.250396 0.481123 2.679236
v 0.273694 0.465593 3.829236
v 0.250396 0.481123 2.679236
v -0.914505 1.257658 2.679236
v -0.643152 1.664728 2.803136
v 0.250396 0.481123 2.679236
v -0.643152 1.664728 2.803136
v 0.521747 0.888191 2.803136
v -0.914505 1.257658 2.679236
v -0.937803 1.273189 3.779236
v -0.666450 1.680259 3.903136
v -0.914505 1.257658 2.679236
v -0.666450 1.680259 3.903136
v -0.643152 1.664728 2.803136
v -0.937803 1.273189 3.779236
v -0.844611 1.211066 5.507641
v -0.573258 1.618136 5.687244
v -0.937803 1.273189 3.779236
v -0.573258 1.618136 5.687244
v -0.666450 1.680259 3.903136
v -0.844611 1.211066 5.507641
v -0.477667 0.966458 5.877641
v -0.206315 1.373526 6.057244
v -0.844611 1.211066 5.507641
v -0.206315 1.373526 6.057244
v -0.573258 1.618136 5.687244
v -0.477667 0.966458 5.877641
v 0.110608 0.574307 5.757641
v 0.381959 0.981375 5.937244
v -0.477667 0.966458 5.877641
v 0.381959 0.981375 5.937244
v -0.206315 1.373526 6.057244
v 0.110608 0.574307 5.757641
v 0.273694 0.465593 3.829236
v 0.545045 0.872660 3.953136
v 0.110608 0.574307 5.757641
v 0.545045 0.872660 3.953136
v 0.381959 0.981375 5.937244
v 0.273694 0.465593 3.829236
v 0.250396 0.481123 2.679236
v 0.521747 0.888191 2.803136
v 0.273694 0.465593 3.829236
v 0.521747 0.888191 2.803136
v 0.545045 0.872660 3.953136
v 0.521747 0.888191 2.803136
v -0.643152 1.664728 2.803136
v -0.371706 2.071921 2.923656
v 0.521747 0.888191 2.803136
v -0.371706 2.071921 2.923656
v 0.793156 1.295328 2.923656
v -0.643152 1.664728 2.803136
v -0.666450 1.680259 3.903136
v -0.395004 2.087452 4.023656
v -0.643152 1.664728 2.803136
v -0.395004 2.087452 4.023656
v -0.371706 2.071921 2.923656
v -0.666450 1.680259 3.903136
v -0.573258 1.618136 5.687244
v -0.301815 2.025325 5.823022
v -0.666450 1.680259 3.903136
v -0.301815 2.025325 5.823022
v -0.395004 2.087452 4.023656
v -0.573258 1.618136 5.687244
v -0.206315 1.373526 6.057244
v 0.065117 1.780698 6.193022
v -0.573258 1.618136 5.687244
v 0.065117 1.780698 6.193022
v -0.301815 2.025325 5.823022
v -0.206315 1.373526 6.057244
v 0.381959 0.981375 5.937244
v 0.653372 1.388519 6.073022
v -0.206315 1.373526 6.057244
v 0.653372 1.388519 6.073022
v 0.065117 1.780698 6.193022
v 0.381959 0.981375 5.937244
v 0.545045 0.872660 3.953136
v 0.816453 1.279796 4.073656
v 0.381959 0.981375 5.937244
v 0.816453 1.279796 4.073656
v 0.653372 1.388519 6.073022
v 0.545045 0.872660 3.953136
v 0.521747 0.888191 2.803136
v 0.793156 1.295328 2.923656
v 0.545045 0.872660 3.953136
v 0.793156 1.295328 2.923656
v 0.816453 1.279796 4.073656
v 0.793156 1.295328 2.923656
v -0.371706 2.071921 2.923656
v -0.100293 2.478998 3.029771
v 0.793156 1.295328 2.923656
v -0.100293 2.478998 3.029771
v 1.064559 1.702389 3.029771
v -0.371706 2.071921 2.923656
v -0.395004 2.087452 4.023656
v -0.123590 2.494530 4.129771
v -0.371706 2.071921 2.923656
v -0.123590 2.494530 4.129771
v -0.100293 2.478998 3.029771
v -0.395004 2.087452 4.023656
v -0.301815 2.025325 5.823022
v -0.030402 2.432402 5.899336
v -0.395004 2.087452 4.023656
v -0.030402 2.432402 5.899336
v -0.123590 2.494530 4.129771
v -0.301815 2.025325 5.823022
v 0.065117 1.780698 6.193022
v 0.336527 2.187770 6.269336
v -0.301815 2.025325 5.823022
v 0.336527 2.187770 6.269336
v -0.030402 2.432402 5.899336
v 0.065117 1.780698 6.193022
v 0.653372 1.388519 6.073022
v 0.924777 1.795583 6.149336
v 0.065117 1.780698 6.193022
v 0.924777 1.795583 6.149336
v 0.336527 2.187770 6.269336
v 0.653372 1.388519 6.073022
v 0.816453 1.279796 4.073656
v 1.087856 1.686857 4.179771
v 0.653372 1.388519 6.073022
v 1.087856 1.686857 4.179771
v 0.924777 1.795583 6.149336
v 0.816453 1.279796 4.073656
v 0.793156 1.295328 2.923656
v 1.064559 1.702389 3.029771
v 0.816453 1.279796 4.073656
v 1.064559 1.702389 3.029771
v 1.087856 1.686857 4.179771
v 1.064559 1.702389 3.029771
v -0.100293 2.478998 3.029771
v 0.171029 2.885981 3.119818
v 1.064559 1.702389 3.029771
v 0.171029 2.885981 3.119818
v 1.335899 2.109400 3.119818
v -0.100293 2.478998 3.029771
v -0.123590 2.494530 4.129771
v 0.147732 2.901512 4.219818
v -0.100293 2.478998 3.029771
v 0.147732 2.901512 4.219818
v 0.171029 2.885981 3.119818
v -0.123590 2.494530 4.129771
v -0.030402 2.432402 5.899336
v 0.240921 2.839386 5.923535
v -0.123590 2.494530 4.129771
v 0.240921 2.839386 5.923535
v 0.147732 2.901512 4.219818
v -0.030402 2.432402 5.899336
v 0.336527 2.187770 6.269336
v 0.607855 2.594763 6.293535
v -0.030402 2.432402 5.899336
v 0.607855 2.594763 6.293535
v 0.240921 2.839386 5.923535
v 0.336527 2.187770 6.269336
v 0.924777 1.795583 6.149336
v 1.196115 2.202590 6.173535
v 0.336527 2.187770 6.269336
v 1.196115 2.202590 6.173535
v 0.607855 2.594763 6.293535
v 0.924777 1.795583 6.149336
v 1.087856 1.686857 4.179771
v 1.359197 2.093869 4.269818
v 0.924777 1.795583 6.149336
v 1.359197 2.093869 4.269818
v 1.196115 2.202590 6.173535
v 1.087856 1.686857 4.179771
v 1.064559 1.702389 3.029771
v 1.335899 2.109400 3.119818
v 1.087856 1.686857 4.179771
v 1.335899 2.109400 3.119818
v 1.359197 2.093869 4.269818
v -3.890521 -4.401543 2.206423
v -3.277318 -4.810386 0.642797
v -4.442153 -4.033752 0.642797
v -3.890521 -4.401543 2.206423
v -4.442153 -4.033752 0.642797
v -4.465450 -4.018219 1.742797
v -3.890521 -4.401543 2.206423
v -4.465450 -4.018219 1.742797
v -4.372263 -4.080350 3.334592
v -3.890521 -4.401543 2.206423
v -4.372263 -4.080350 3.334592
v -4.005340 -4.324990 3.704592
v -3.890521 -4.401543 2.206423
v -4.005340 -4.324990 3.704592
v -3.417098 -4.717190 3.584592
v -3.890521 -4.401543 2.206423
v -3.417098 -4.717190 3.584592
v -3.254021 -4.825918 1.792797
v -3.890521 -4.401543 2.206423
v -3.254021 -4.825918 1.792797
v -3.277318 -4.810386 0.642797
v 0.722678 2.518214 4.731411
v 1.335899 2.109400 3.119818
v 0.171029 2.885981 3.119818
v 0.722678 2.518214 4.731411
v 0.171029 2.885981 3.119818
v 0.147732 2.901512 4.219818
v 0.722678 2.518214 4.731411
v 0.147732 2.901512 4.219818
v 0.240921 2.839386 5.923535
v 0.722678 2.518214 4.731411
v 0.240921 2.839386 5.923535
v 0.607855 2.594763 6.293535
v 0.722678 2.518214 4.731411
v 0.607855 2.594763 6.293535
v 1.196115 2.202590 6.173535
v 0.722678 2.518214 4.731411
v 1.196115 2.202590 6.173535
v 1.359197 2.093869 4.269818
v 0.722678 2.518214 4.731411
v 1.359197 2.093869 4.269818
v 1.335899 2.109400 3.119818
v 1.215616 -7.805972 -0.362559
v 0.050782 -7.029339 -0.362559
v 0.322191 -6.622264 -0.227306
v 1.215616 -7.805972 -0.362559
v 0.322191 -6.622264 -0.227306
v 1.487043 -7.398873 -0.227306
v 0.050782 -7.029339 -0.362559
v 0.027485 -7.013806 0.737441
v 0.298894 -6.606732 0.872694
v 0.050782 -7.029339 -0.362559
v 0.298894 -6.606732 0.872694
v 0.322191 -6.622264 -0.227306
v 0.027485 -7.013806 0.737441
v 0.120672 -7.075937 2.395018
v 0.392083 -6.668861 2.608243
v 0.027485 -7.013806 0.737441
v 0.392083 -6.668861 2.608243
v 0.298894 -6.606732 0.872694
v 0.120672 -7.075937 2.395018
v 0.487595 -7.320576 2.765018
v 0.759011 -6.913492 2.978243
v 0.120672 -7.075937 2.395018
v 0.759011 -6.913492 2.978243
v 0.392083 -6.668861 2.608243
v 0.487595 -7.320576 2.765018
v 1.075836 -7.712776 2.645018
v 1.347261 -7.305680 2.858243
v 0.487595 -7.320576 2.765018
v 1.347261 -7.305680 2.858243
v 0.759011 -6.913492 2.978243
v 1.075836 -7.712776 2.645018
v 1.238913 -7.821505 0.787441
v 1.510340 -7.414405 0.922694
v 1.075836 -7.712776 2.645018
v 1.510340 -7.414405 0.922694
v 1.347261 -7.305680 2.858243
v 1.238913 -7.821505 0.787441
v 1.215616 -7.805972 -0.362559
v 1.487043 -7.398873 -0.227306
v 1.238913 -7.821505 0.787441
v 1.487043 -7.398873 -0.227306
v 1.510340 -7.414405 0.922694
v 1.487043 -7.398873 -0.227306
v 0.322191 -6.622264 -0.227306
v 0.593649 -6.215080 -0.000054
v 1.487043 -7.398873 -0.227306
v 0.593649 -6.215080 -0.000054
v 1.758563 -6.991596 -0.000054
v 0.322191 -6.622264 -0.227306
v 0.298894 -6.606732 0.872694
v 0.570351 -6.199550 1.099946
v 0.322191 -6.622264 -0.227306
v 0.570351 -6.199550 1.099946
v 0.593649 -6.215080 -0.000054
v 0.298894 -6.606732 0.872694
v 0.392083 -6.668861 2.608243
v 0.663544 -6.261671 2.887673
v 0.298894 -6.606732 0.872694
v 0.663544 -6.261671 2.887673
v 0.570351 -6.199550 1.099946
v 0.392083 -6.668861 2.608243
v 0.759011 -6.913492 2.978243
v 1.030492 -6.506273 3.257673
v 0.392083 -6.668861 2.608243
v 1.030492 -6.506273 3.257673
v 0.663544 -6.261671 2.887673
v 0.759011 -6.913492 2.978243
v 1.347261 -7.305680 2.858243
v 1.618773 -6.898414 3.137673
v 0.759011 -6.913492 2.978243
v 1.618773 -6.898414 3.137673
v 1.030492 -6.506273 3.257673
v 1.347261 -7.305680 2.858243
v 1.510340 -7.414405 0.922694
v 1.781861 -7.007126 1.149946
v 1.347261 -7.305680 2.858243
v 1.781861 -7.007126 1.149946
v 1.618773 -6.898414 3.137673
v 1.510340 -7.414405 0.922694
v 1.487043 -7.398873 -0.227306
v 1.758563 -6.991596 -0.000054
v 1.510340 -7.414405 0.922694
v 1.758563 -6.991596 -0.000054
v 1.781861 -7.007126 1.149946
v 1.758563 -6.991596 -0.000054
v 0.593649 -6.215080 -0.000054
v 0.864881 -5.808131 0.104942
v 1.758563 -6.991596 -0.000054
v 0.864881 -5.808131 0.104942
v 2.029733 -6.584740 0.104942
v 0.593649 -6.215080 -0.000054
v 0.570351 -6.199550 1.099946
v 0.841584 -5.792599 1.204942
v 0.593649 -6.215080 -0.000054
v 0.841584 -5.792599 1.204942
v 0.864881 -5.808131 0.104942
v 0.570351 -6.199550 1.099946
v 0.663544 -6.261671 2.887673
v 0.934773 -5.854727 3.003286
v 0.570351 -6.199550 1.099946
v 0.934773 -5.854727 3.003286
v 0.841584 -5.792599 1.204942
v 0.663544 -6.261671 2.887673
v 1.030492 -6.506273 3.257673
v 1.301701 -6.099359 3.373286
v 0.663544 -6.261671 2.887673
v 1.301701 -6.099359 3.373286
v 0.934773 -5.854727 3.003286
v 1.030492 -6.506273 3.257673
v 1.618773 -6.898414 3.137673
v 1.889951 -6.491547 3.253286
v 1.030492 -6.506273 3.257673
v 1.889951 -6.491547 3.253286
v 1.301701 -6.099359 3.373286
v 1.618773 -6.898414 3.137673
v 1.781861 -7.007126 1.149946
v 2.053030 -6.600272 1.254942
v 1.618773 -6.898414 3.137673
v 2.053030 -6.600272 1.254942
v 1.889951 -6.491547 3.253286
v 1.781861 -7.007126 1.149946
v 1.758563 -6.991596 -0.000054
v 2.029733 -6.584740 0.104942
v 1.781861 -7.007126 1.149946
v 2.029733 -6.584740 0.104942
v 2.053030 -6.600272 1.254942
v 2.029733 -6.584740 0.104942
v 0.864881 -5.808131 0.104942
v 1.136264 -5.401201 0.183995
v 2.029733 -6.584740 0.104942
v 1.136264 -5.401201 0.183995
v 2.301080 -6.177863 0.183995
v 0.864881 -5.808131 0.104942
v 0.841584 -5.792599 1.204942
v 1.112968 -5.385667 1.283995
v 0.864881 -5.808131 0.104942
v 1.112968 -5.385667 1.283995
v 1.136264 -5.401201 0.183995
v 0.841584 -5.792599 1.204942
v 0.934773 -5.854727 3.003286
v 1.206153 -5.447800 3.048248
v 0.841584 -5.792599 1.204942
v 1.206153 -5.447800 3.048248
v 1.112968 -5.385667 1.283995
v 0.934773 -5.854727 3.003286
v 1.301701 -6.099359 3.373286
v 1.573070 -5.692449 3.418248
v 0.934773 -5.854727 3.003286
v 1.573070 -5.692449 3.418248
v 1.206153 -5.447800 3.048248
v 1.301701 -6.099359 3.373286
v 1.889951 -6.491547 3.253286
v 2.161302 -6.084664 3.298248
v 1.301701 -6.099359 3.373286
v 2.161302 -6.084664 3.298248
v 1.573070 -5.692449 3.418248
v 1.889951 -6.491547 3.253286
v 2.053030 -6.600272 1.254942
v 2.324376 -6.193396 1.333995
v 1.889951 -6.491547 3.253286
v 2.324376 -6.193396 1.333995
v 2.161302 -6.084664 3.298248
v 2.053030 -6.600272 1.254942
v 2.029733 -6.584740 0.104942
v 2.301080 -6.177863 0.183995
v 2.053030 -6.600272 1.254942
v 2.301080 -6.177863 0.183995
v 2.324376 -6.193396 1.333995
v 2.301080 -6.177863 0.183995
v 1.136264 -5.401201 0.183995
v 1.407747 -4.993957 0.271055
v 2.301080 -6.177863 0.183995
v 1.407747 -4.993957 0.271055
v 2.572649 -5.770489 0.271055
v 1.136264 -5.401201 0.183995
v 1.112968 -5.385667 1.283995
v 1.384449 -4.978427 1.371055
v 1.136264 -5.401201 0.183995
v 1.384449 -4.978427 1.371055
v 1.407747 -4.993957 0.271055
v 1.112968 -5.385667 1.283995
v 1.206153 -5.447800 3.048248
v 1.477641 -5.040549 3.066709
v 1.112968 -5.385667 1.283995
v 1.477641 -5.040549 3.066709
v 1.384449 -4.978427 1.371055
v 1.206153 -5.447800 3.048248
v 1.573070 -5.692449 3.418248
v 1.844585 -5.285157 3.436709
v 1.206153 -5.447800 3.048248
v 1.844585 -5.285157 3.436709
v 1.477641 -5.040549 3.066709
v 1.573070 -5.692449 3.418248
v 2.161302 -6.084664 3.298248
v 2.432861 -5.677306 3.316709
v 1.573070 -5.692449 3.418248
v 2.432861 -5.677306 3.316709
v 1.844585 -5.285157 3.436709
v 2.161302 -6.084664 3.298248
v 2.324376 -6.193396 1.333995
v 2.595947 -5.786020 1.421055
v 2.161302 -6.084664 3.298248
v 2.595947 -5.786020 1.421055
v 2.432861 -5.677306 3.316709
v 2.324376 -6.193396 1.333995
v 2.301080 -6.177863 0.183995
v 2.572649 -5.770489 0.271055
v 2.324376 -6.193396 1.333995
v 2.572649 -5.770489 0.271055
v 2.595947 -5.786020 1.421055
v 2.572649 -5.770489 0.271055
v 1.407747 -4.993957 0.271055
v 1.679026 -4.586985 0.367210
v 2.572649 -5.770489 0.271055
v 1.679026 -4.586985 0.367210
v 2.843884 -5.363585 0.367210
v 1.407747 -4.993957 0.271055
v 1.384449 -4.978427 1.371055
v 1.655729 -4.571453 1.467210
v 1.407747 -4.993957 0.271055
v 1.655729 -4.571453 1.467210
v 1.679026 -4.586985 0.367210
v 1.384449 -4.978427 1.371055
v 1.477641 -5.040549 3.066709
v 1.748917 -4.633581 3.080556
v 1.384449 -4.978427 1.371055
v 1.748917 -4.633581 3.080556
v 1.655729 -4.571453 1.467210
v 1.477641 -5.040549 3.066709
v 1.844585 -5.285157 3.436709
v 2.115848 -4.878210 3.450556
v 1.477641 -5.040549 3.066709
v 2.115848 -4.878210 3.450556
v 1.748917 -4.633581 3.080556
v 1.844585 -5.285157 3.436709
v 2.432861 -5.677306 3.316709
v 2.704101 -5.270393 3.330556
v 1.844585 -5.285157 3.436709
v 2.704101 -5.270393 3.330556
v 2.115848 -4.878210 3.450556
v 2.432861 -5.677306 3.316709
v 2.595947 -5.786020 1.421055
v 2.867181 -5.379117 1.517210
v 2.432861 -5.677306 3.316709
v 2.867181 -5.379117 1.517210
v 2.704101 -5.270393 3.330556
v 2.595947 -5.786020 1.421055
v 2.572649 -5.770489 0.271055
v 2.843884 -5.363585 0.367210
v 2.595947 -5.786020 1.421055
v 2.843884 -5.363585 0.367210
v 2.867181 -5.379117 1.517210
v 2.843884 -5.363585 0.367210
v 1.679026 -4.586985 0.367210
v 1.950444 -4.179940 0.468486
v 2.843884 -5.363585 0.367210
v 1.950444 -4.179940 0.468486
v 3.115311 -4.956526 0.468486
v 1.679026 -4.586985 0.367210
v 1.655729 -4.571453 1.467210
v 1.927147 -4.164408 1.568486
v 1.679026 -4.586985 0.367210
v 1.927147 -4.164408 1.568486
v 1.950444 -4.179940 0.468486
v 1.655729 -4.571453 1.467210
v 1.748917 -4.633581 3.080556
v 2.020336 -4.226535 3.110549
v 1.655729 -4.571453 1.467210
v 2.020336 -4.226535 3.110549
v 1.927147 -4.164408 1.568486
v 1.748917 -4.633581 3.080556
v 2.115848 -4.878210 3.450556
v 2.387269 -4.471160 3.480549
v 1.748917 -4.633581 3.080556
v 2.387269 -4.471160 3.480549
v 2.020336 -4.226535 3.110549
v 2.115848 -4.878210 3.450556
v 2.704101 -5.270393 3.330556
v 2.975527 -4.863336 3.360549
v 2.115848 -4.878210 3.450556
v 2.975527 -4.863336 3.360549
v 2.387269 -4.471160 3.480549
v 2.704101 -5.270393 3.330556
v 2.867181 -5.379117 1.517210
v 3.138608 -4.972058 1.618486
v 2.704101 -5.270393 3.330556
v 3.138608 -4.972058 1.618486
v 2.975527 -4.863336 3.360549
v 2.867181 -5.379117 1.517210
v 2.843884 -5.363585 0.367210
v 3.115311 -4.956526 0.468486
v 2.867181 -5.379117 1.517210
v 3.115311 -4.956526 0.468486
v 3.138608 -4.972058 1.618486
v 3.115311 -4.956526 0.468486
v 1.950444 -4.179940 0.468486
v 2.221791 -3.772847 0.569471
v 3.115311 -4.956526 0.468486
v 2.221791 -3.772847 0.569471
v 3.386666 -4.549420 0.569471
v 1.950444 -4.179940 0.468486
v 1.927147 -4.164408 1.568486
v 2.198493 -3.757316 1.669471
v 1.950444 -4.179940 0.468486
v 2.198493 -3.757316 1.669471
v 2.221791 -3.772847 0.569471
v 1.927147 -4.164408 1.568486
v 2.020336 -4.226535 3.110549
v 2.291683 -3.819441 3.172806
v 1.927147 -4.164408 1.568486
v 2.291683 -3.819441 3.172806
v 2.198493 -3.757316 1.669471
v 2.020336 -4.226535 3.110549
v 2.387269 -4.471160 3.480549
v 2.658619 -4.064062 3.542806
v 2.020336 -4.226535 3.110549
v 2.658619 -4.064062 3.542806
v 2.291683 -3.819441 3.172806
v 2.387269 -4.471160 3.480549
v 2.975527 -4.863336 3.360549
v 3.246881 -4.456231 3.422806
v 2.387269 -4.471160 3.480549
v 3.246881 -4.456231 3.422806
v 2.658619 -4.064062 3.542806
v 2.975527 -4.863336 3.360549
v 3.138608 -4.972058 1.618486
v 3.409963 -4.564951 1.719471
v 2.975527 -4.863336 3.360549
v 3.409963 -4.564951 1.719471
v 3.246881 -4.456231 3.422806
v 3.138608 -4.972058 1.618486
v 3.115311 -4.956526 0.468486
v 3.386666 -4.549420 0.569471
v 3.138608 -4.972058 1.618486
v 3.386666 -4.549420 0.569471
v 3.409963 -4.564951 1.719471
v 3.386666 -4.549420 0.569471
v 2.221791 -3.772847 0.569471
v 2.493199 -3.365797 0.673537
v 3.386666 -4.549420 0.569471
v 2.493199 -3.365797 0.673537
v 3.658083 -4.142357 0.673537
v 2.221791 -3.772847 0.569471
v 2.198493 -3.757316 1.669471
v 2.469901 -3.350265 1.773537
v 2.221791 -3.772847 0.569471
v 2.469901 -3.350265 1.773537
v 2.493199 -3.365797 0.673537
v 2.198493 -3.757316 1.669471
v 2.291683 -3.819441 3.172806
v 2.563092 -3.412390 3.282380
v 2.198493 -3.757316 1.669471
v 2.563092 -3.412390 3.282380
v 2.469901 -3.350265 1.773537
v 2.291683 -3.819441 3.172806
v 2.658619 -4.064062 3.542806
v 2.930031 -3.657007 3.652380
v 2.291683 -3.819441 3.172806
v 2.930031 -3.657007 3.652380
v 2.563092 -3.412390 3.282380
v 2.658619 -4.064062 3.542806
v 3.246881 -4.456231 3.422806
v 3.518297 -4.049169 3.532380
v 2.658619 -4.064062 3.542806
v 3.518297 -4.049169 3.532380
v 2.930031 -3.657007 3.652380
v 3.246881 -4.456231 3.422806
v 3.409963 -4.564951 1.719471
v 3.681381 -4.157888 1.823537
v 3.246881 -4.456231 3.422806
v 3.681381 -4.157888 1.823537
v 3.518297 -4.049169 3.532380
v 3.409963 -4.564951 1.719471
v 3.386666 -4.549420 0.569471
v 3.658083 -4.142357 0.673537
v 3.409963 -4.564951 1.719471
v 3.658083 -4.142357 0.673537
v 3.681381 -4.157888 1.823537
v 3.658083 -4.142357 0.673537
v 2.493199 -3.365797 0.673537
v 2.764519 -2.958724 0.793198
v 3.658083 -4.142357 0.673537
v 2.764519 -2.958724 0.793198
v 3.929399 -3.735289 0.793198
v 2.493199 -3.365797 0.673537
v 2.469901 -3.350265 1.773537
v 2.741221 -2.943193 1.893198
v 2.493199 -3.365797 0.673537
v 2.741221 -2.943193 1.893198
v 2.764519 -2.958724 0.793198
v 2.469901 -3.350265 1.773537
v 2.563092 -3.412390 3.282380
v 2.834412 -3.005318 3.450117
v 2.469901 -3.350265 1.773537
v 2.834412 -3.005318 3.450117
v 2.741221 -2.943193 1.893198
v 2.563092 -3.412390 3.282380
v 2.930031 -3.657007 3.652380
v 3.201349 -3.249936 3.820117
v 2.563092 -3.412390 3.282380
v 3.201349 -3.249936 3.820117
v 2.834412 -3.005318 3.450117
v 2.930031 -3.657007 3.652380
v 3.518297 -4.049169 3.532380
v 3.789614 -3.642101 3.700117
v 2.930031 -3.657007 3.652380
v 3.789614 -3.642101 3.700117
v 3.201349 -3.249936 3.820117
v 3.518297 -4.049169 3.532380
v 3.681381 -4.157888 1.823537
v 3.952697 -3.750820 1.943198
v 3.518297 -4.049169 3.532380
v 3.952697 -3.750820 1.943198
v 3.789614 -3.642101 3.700117
v 3.681381 -4.157888 1.823537
v 3.658083 -4.142357 0.673537
v 3.929399 -3.735289 0.793198
v 3.681381 -4.157888 1.823537
v 3.929399 -3.735289 0.793198
v 3.952697 -3.750820 1.943198
v 3.929399 -3.735289 0.793198
v 2.764519 -2.958724 0.793198
v 3.035842 -2.551809 0.937190
v 3.929399 -3.735289 0.793198
v 3.035842 -2.551809 0.937190
v 4.200669 -3.328455 0.937190
v 2.764519 -2.958724 0.793198
v 2.741221 -2.943193 1.893198
v 3.012546 -2.536276 2.037190
v 2.764519 -2.958724 0.793198
v 3.012546 -2.536276 2.037190
v 3.035842 -2.551809 0.937190
v 2.741221 -2.943193 1.893198
v 2.834412 -3.005318 3.450117
v 3.105732 -2.598408 3.670225
v 2.741221 -2.943193 1.893198
v 3.105732 -2.598408 3.670225
v 3.012546 -2.536276 2.037190
v 2.834412 -3.005318 3.450117
v 3.201349 -3.249936 3.820117
v 3.472652 -2.843051 4.040225
v 2.834412 -3.005318 3.450117
v 3.472652 -2.843051 4.040225
v 3.105732 -2.598408 3.670225
v 3.201349 -3.249936 3.820117
v 3.789614 -3.642101 3.700117
v 4.060890 -3.235257 3.920225
v 3.201349 -3.249936 3.820117
v 4.060890 -3.235257 3.920225
v 3.472652 -2.843051 4.040225
v 3.789614 -3.642101 3.700117
v 3.952697 -3.750820 1.943198
v 4.223966 -3.343988 2.087190
v 3.789614 -3.642101 3.700117
v 4.223966 -3.343988 2.087190
v 4.060890 -3.235257 3.920225
v 3.952697 -3.750820 1.943198
v 3.929399 -3.735289 0.793198
v 4.200669 -3.328455 0.937190
v 3.952697 -3.750820 1.943198
v 4.200669 -3.328455 0.937190
v 4.223966 -3.343988 2.087190
v 4.200669 -3.328455 0.937190
v 3.035842 -2.551809 0.937190
v 3.307285 -2.144674 1.106656
v 4.200669 -3.328455 0.937190
v 3.307285 -2.144674 1.106656
v 4.472155 -2.921255 1.106656
v 3.035842 -2.551809 0.937190
v 3.012546 -2.536276 2.037190
v 3.283988 -2.129142 2.206656
v 3.035842 -2.551809 0.937190
v 3.283988 -2.129142 2.206656
v 3.307285 -2.144674 1.106656
v 3.012546 -2.536276 2.037190
v 3.105732 -2.598408 3.670225
v 3.377177 -2.191269 3.920972
v 3.012546 -2.536276 2.037190
v 3.377177 -2.191269 3.920972
v 3.283988 -2.129142 2.206656
v 3.105732 -2.598408 3.670225
v 3.472652 -2.843051 4.040225
v 3.744111 -2.435892 4.290972
v 3.105732 -2.598408 3.670225
v 3.744111 -2.435892 4.290972
v 3.377177 -2.191269 3.920972
v 3.472652 -2.843051 4.040225
v 4.060890 -3.235257 3.920225
v 4.332371 -2.828065 4.170972
v 3.472652 -2.843051 4.040225
v 4.332371 -2.828065 4.170972
v 3.744111 -2.435892 4.290972
v 4.060890 -3.235257 3.920225
v 4.223966 -3.343988 2.087190
v 4.495452 -2.936786 2.256656
v 4.060890 -3.235257 3.920225
v 4.495452 -2.936786 2.256656
v 4.332371 -2.828065 4.170972
v 4.223966 -3.343988 2.087190
v 4.200669 -3.328455 0.937190
v 4.472155 -2.921255 1.106656
v 4.223966 -3.343988 2.087190
v 4.472155 -2.921255 1.106656
v 4.495452 -2.936786 2.256656
v 4.472155 -2.921255 1.106656
v 3.307285 -2.144674 1.106656
v 3.578683 -1.737548 1.290169
v 4.472155 -2.921255 1.106656
v 3.578683 -1.737548 1.290169
v 4.743584 -2.514083 1.290169
v 3.307285 -2.144674 1.106656
v 3.283988 -2.129142 2.206656
v 3.555385 -1.722018 2.390169
v 3.307285 -2.144674 1.106656
v 3.555385 -1.722018 2.390169
v 3.578683 -1.737548 1.290169
v 3.283988 -2.129142 2.206656
v 3.377177 -2.191269 3.920972
v 3.648577 -1.784140 4.166354
v 3.283988 -2.129142 2.206656
v 3.648577 -1.784140 4.166354
v 3.555385 -1.722018 2.390169
v 3.377177 -2.191269 3.920972
v 3.744111 -2.435892 4.290972
v 4.015521 -2.028749 4.536354
v 3.377177 -2.191269 3.920972
v 4.015521 -2.028749 4.536354
v 3.648577 -1.784140 4.166354
v 3.744111 -2.435892 4.290972
v 4.332371 -2.828065 4.170972
v 4.603796 -2.420899 4.416354
v 3.744111 -2.435892 4.290972
v 4.603796 -2.420899 4.416354
v 4.015521 -2.028749 4.536354
v 4.332371 -2.828065 4.170972
v 4.495452 -2.936786 2.256656
v 4.766882 -2.529614 2.440169
v 4.332371 -2.828065 4.170972
v 4.766882 -2.529614 2.440169
v 4.603796 -2.420899 4.416354
v 4.495452 -2.936786 2.256656
v 4.472155 -2.921255 1.106656
v 4.743584 -2.514083 1.290169
v 4.495452 -2.936786 2.256656
v 4.743584 -2.514083 1.290169
v 4.766882 -2.529614 2.440169
v 4.743584 -2.514083 1.290169
v 3.578683 -1.737548 1.290169
v 3.850030 -1.330488 1.472269
v 4.743584 -2.514083 1.290169
v 3.850030 -1.330488 1.472269
v 5.014929 -2.107025 1.472269
v 3.578683 -1.737548 1.290169
v 3.555385 -1.722018 2.390169
v 3.826732 -1.314957 2.572269
v 3.578683 -1.737548 1.290169
v 3.826732 -1.314957 2.572269
v 3.850030 -1.330488 1.472269
v 3.555385 -1.722018 2.390169
v 3.648577 -1.784140 4.166354
v 3.919924 -1.377080 4.372252
v 3.555385 -1.722018 2.390169
v 3.919924 -1.377080 4.372252
v 3.826732 -1.314957 2.572269
v 3.648577 -1.784140 4.166354
v 4.015521 -2.028749 4.536354
v 4.286867 -1.621689 4.742252
v 3.648577 -1.784140 4.166354
v 4.286867 -1.621689 4.742252
v 3.919924 -1.377080 4.372252
v 4.015521 -2.028749 4.536354
v 4.603796 -2.420899 4.416354
v 4.875141 -2.013841 4.622252
v 4.015521 -2.028749 4.536354
v 4.875141 -2.013841 4.622252
v 4.286867 -1.621689 4.742252
v 4.603796 -2.420899 4.416354
v 4.766882 -2.529614 2.440169
v 5.038227 -2.122556 2.622269
v 4.603796 -2.420899 4.416354
v 5.038227 -2.122556 2.622269
v 4.875141 -2.013841 4.622252
v 4.766882 -2.529614 2.440169
v 4.743584 -2.514083 1.290169
v 5.014929 -2.107025 1.472269
v 4.766882 -2.529614 2.440169
v 5.014929 -2.107025 1.472269
v 5.038227 -2.122556 2.622269
v 5.014929 -2.107025 1.472269
v 3.850030 -1.330488 1.472269
v 4.121334 -0.923507 1.643454
v 5.014929 -2.107025 1.472269
v 4.121334 -0.923507 1.643454
v 5.286196 -1.700100 1.643454
v 3.850030 -1.330488 1.472269
v 3.826732 -1.314957 2.572269
v 4.098037 -0.907976 2.743454
v 3.850030 -1.330488 1.472269
v 4.098037 -0.907976 2.743454
v 4.121334 -0.923507 1.643454
v 3.826732 -1.314957 2.572269
v 3.919924 -1.377080 4.372252
v 4.191226 -0.970103 4.522016
v 3.826732 -1.314957 2.572269
v 4.191226 -0.970103 4.522016
v 4.098037 -0.907976 2.743454
v 3.919924 -1.377080 4.372252
v 4.286867 -1.621689 4.742252
v 4.558157 -1.214730 4.892016
v 3.919924 -1.377080 4.372252
v 4.558157 -1.214730 4.892016
v 4.191226 -0.970103 4.522016
v 4.286867 -1.621689 4.742252
v 4.875141 -2.013841 4.622252
v 5.146413 -1.606909 4.772016
v 4.286867 -1.621689 4.742252
v 5.146413 -1.606909 4.772016
v 4.558157 -1.214730 4.892016
v 4.875141 -2.013841 4.622252
v 5.038227 -2.122556 2.622269
v 5.309493 -1.715632 2.793454
v 4.875141 -2.013841 4.622252
v 5.309493 -1.715632 2.793454
v 5.146413 -1.606909 4.772016
v 5.038227 -2.122556 2.622269
v 5.014929 -2.107025 1.472269
v 5.286196 -1.700100 1.643454
v 5.038227 -2.122556 2.622269
v 5.286196 -1.700100 1.643454
v 5.309493 -1.715632 2.793454
v 5.286196 -1.700100 1.643454
v 4.121334 -0.923507 1.643454
v 4.392706 -0.516492 1.804531
v 5.286196 -1.700100 1.643454
v 4.392706 -0.516492 1.804531
v 5.557557 -1.293101 1.804531
v 4.121334 -0.923507 1.643454
v 4.098037 -0.907976 2.743454
v 4.369409 -0.500960 2.904531
v 4.121334 -0.923507 1.643454
v 4.369409 -0.500960 2.904531
v 4.392706 -0.516492 1.804531
v 4.098037 -0.907976 2.743454
v 4.191226 -0.970103 4.522016
v 4.462597 -0.563089 4.622907
v 4.098037 -0.907976 2.743454
v 4.462597 -0.563089 4.622907
v 4.369409 -0.500960 2.904531
v 4.191226 -0.970103 4.522016
v 4.558157 -1.214730 4.892016
v 4.829525 -0.807721 4.992907
v 4.191226 -0.970103 4.522016
v 4.829525 -0.807721 4.992907
v 4.462597 -0.563089 4.622907
v 4.558157 -1.214730 4.892016
v 5.146413 -1.606909 4.772016
v 5.417775 -1.199908 4.872907
v 4.558157 -1.214730 4.892016
v 5.417775 -1.199908 4.872907
v 4.829525 -0.807721 4.992907
v 5.146413 -1.606909 4.772016
v 5.309493 -1.715632 2.793454
v 5.580854 -1.308633 2.954531
v 5.146413 -1.606909 4.772016
v 5.580854 -1.308633 2.954531
v 5.417775 -1.199908 4.872907
v 5.309493 -1.715632 2.793454
v 5.286196 -1.700100 1.643454
v 5.557557 -1.293101 1.804531
v 5.309493 -1.715632 2.793454
v 5.557557 -1.293101 1.804531
v 5.580854 -1.308633 2.954531
v 5.557557 -1.293101 1.804531
v 4.392706 -0.516492 1.804531
v 4.664101 -0.109400 1.960950
v 5.557557 -1.293101 1.804531
v 4.664101 -0.109400 1.960950
v 5.828971 -0.885981 1.960950
v 4.392706 -0.516492 1.804531
v 4.369409 -0.500960 2.904531
v 4.640803 -0.093869 3.060950
v 4.392706 -0.516492 1.804531
v 4.640803 -0.093869 3.060950
v 4.664101 -0.109400 1.960950
v 4.369409 -0.500960 2.904531
v 4.462597 -0.563089 4.622907
v 4.733993 -0.155995 4.698505
v 4.369409 -0.500960 2.904531
v 4.733993 -0.155995 4.698505
v 4.640803 -0.093869 3.060950
v 4.462597 -0.563089 4.622907
v 4.829525 -0.807721 4.992907
v 5.100927 -0.400618 5.068505
v 4.462597 -0.563089 4.622907
v 5.100927 -0.400618 5.068505
v 4.733993 -0.155995 4.698505
v 4.829525 -0.807721 4.992907
v 5.417775 -1.199908 4.872907
v 5.689187 -0.792791 4.948505
v 4.829525 -0.807721 4.992907
v 5.689187 -0.792791 4.948505
v 5.100927 -0.400618 5.068505
v 5.417775 -1.199908 4.872907
v 5.580854 -1.308633 2.954531
v 5.852268 -0.901512 3.110950
v 5.417775 -1.199908 4.872907
v 5.852268 -0.901512 3.110950
v 5.689187 -0.792791 4.948505
v 5.580854 -1.308633 2.954531
v 5.557557 -1.293101 1.804531
v 5.828971 -0.885981 1.960950
v 5.580854 -1.308633 2.954531
v 5.828971 -0.885981 1.960950
v 5.852268 -0.901512 3.110950
v 0.602414 -7.397130 1.229260
v 1.215616 -7.805972 -0.362559
v 0.050782 -7.029339 -0.362559
v 0.602414 -7.397130 1.229260
v 0.050782 -7.029339 -0.362559
v 0.027485 -7.013806 0.737441
v 0.602414 -7.397130 1.229260
v 0.027485 -7.013806 0.737441
v 0.120672 -7.075937 2.395018
v 0.602414 -7.397130 1.229260
v 0.120672 -7.075937 2.395018
v 0.487595 -7.320576 2.765018
v 0.602414 -7.397130 1.229260
v 0.487595 -7.320576 2.765018
v 1.075836 -7.712776 2.645018
v 0.602414 -7.397130 1.229260
v 1.075836 -7.712776 2.645018
v 1.238913 -7.821505 0.787441
v 0.602414 -7.397130 1.229260
v 1.238913 -7.821505 0.787441
v 1.215616 -7.805972 -0.362559
v 5.215750 -0.477167 3.544188
v 5.828971 -0.885981 1.960950
v 4.664101 -0.109400 1.960950
v 5.215750 -0.477167 3.544188
v 4.664101 -0.109400 1.960950
v 4.640803 -0.093869 3.060950
v 5.215750 -0.477167 3.544188
v 4.640803 -0.093869 3.060950
v 4.733993 -0.155995 4.698505
v 5.215750 -0.477167 3.544188
v 4.733993 -0.155995 4.698505
v 5.100927 -0.400618 5.068505
v 5.215750 -0.477167 3.544188
v 5.100927 -0.400618 5.068505
v 5.689187 -0.792791 4.948505
v 5.215750 -0.477167 3.544188
v 5.689187 -0.792791 4.948505
v 5.852268 -0.901512 3.110950
v 5.215750 -0.477167 3.544188
v 5.852268 -0.901512 3.110950
v 5.828971 -0.885981 1.960950
v 5.884441 -0.081665 1.894522
v 5.107861 -1.246536 1.894522
v 4.751268 -1.008807 1.988626
v 5.884441 -0.081665 1.894522
v 4.751268 -1.008807 1.988626
v 5.527848 0.156063 1.988626
v 5.107861 -1.246536 1.894522
v 5.092329 -1.269833 2.994522
v 4.735736 -1.032105 3.088626
v 5.107861 -1.246536 1.894522
v 4.735736 -1.032105 3.088626
v 4.751268 -1.008807 1.988626
v 5.092329 -1.269833 2.994522
v 5.154456 -1.176644 4.628350
v 4.797863 -0.938915 4.727781
v 5.092329 -1.269833 2.994522
v 4.797863 -0.938915 4.727781
v 4.735736 -1.032105 3.088626
v 5.154456 -1.176644 4.628350
v 5.399078 -0.809709 4.998350
v 5.042485 -0.571981 5.097781
v 5.154456 -1.176644 4.628350
v 5.042485 -0.571981 5.097781
v 4.797863 -0.938915 4.727781
v 5.399078 -0.809709 4.998350
v 5.791251 -0.221450 4.878350
v 5.434658 0.016279 4.977781
v 5.399078 -0.809709 4.998350
v 5.434658 0.016279 4.977781
v 5.042485 -0.571981 5.097781
v 5.791251 -0.221450 4.878350
v 5.899973 -0.058368 3.044522
v 5.543380 0.179361 3.138626
v 5.791251 -0.221450 4.878350
v 5.543380 0.179361 3.138626
v 5.434658 0.016279 4.977781
v 5.899973 -0.058368 3.044522
v 5.884441 -0.081665 1.894522
v 5.527848 0.156063 1.988626
v 5.899973 -0.058368 3.044522
v 5.527848 0.156063 1.988626
v 5.543380 0.179361 3.138626
v 5.527848 0.156063 1.988626
v 4.751268 -1.008807 1.988626
v 4.394675 -0.771078 2.078542
v 5.527848 0.156063 1.988626
v 4.394675 -0.771078 2.078542
v 5.171255 0.393792 2.078542
v 4.751268 -1.008807 1.988626
v 4.735736 -1.032105 3.088626
v 4.379143 -0.794376 3.178542
v 4.751268 -1.008807 1.988626
v 4.379143 -0.794376 3.178542
v 4.394675 -0.771078 2.078542
v 4.735736 -1.032105 3.088626
v 4.797863 -0.938915 4.727781
v 4.441270 -0.701186 4.823037
v 4.735736 -1.032105 3.088626
v 4.441270 -0.701186 4.823037
v 4.379143 -0.794376 3.178542
v 4.797863 -0.938915 4.727781
v 5.042485 -0.571981 5.097781
v 4.685892 -0.334252 5.193037
v 4.797863 -0.938915 4.727781
v 4.685892 -0.334252 5.193037
v 4.441270 -0.701186 4.823037
v 5.042485 -0.571981 5.097781
v 5.434658 0.016279 4.977781
v 5.078065 0.254007 5.073037
v 5.042485 -0.571981 5.097781
v 5.078065 0.254007 5.073037
v 4.685892 -0.334252 5.193037
v 5.434658 0.016279 4.977781
v 5.543380 0.179361 3.138626
v 5.186787 0.417089 3.228542
v 5.434658 0.016279 4.977781
v 5.186787 0.417089 3.228542
v 5.078065 0.254007 5.073037
v 5.543380 0.179361 3.138626
v 5.527848 0.156063 1.988626
v 5.171255 0.393792 2.078542
v 5.543380 0.179361 3.138626
v 5.171255 0.393792 2.078542
v 5.186787 0.417089 3.228542
v 5.171255 0.393792 2.078542
v 4.394675 -0.771078 2.078542
v 4.038082 -0.533350 2.163095
v 5.171255 0.393792 2.078542
v 4.038082 -0.533350 2.163095
v 4.814662 0.631521 2.163095
v 4.394675 -0.771078 2.078542
v 4.379143 -0.794376 3.178542
v 4.022550 -0.556647 3.263095
v 4.394675 -0.771078 2.078542
v 4.022550 -0.556647 3.263095
v 4.038082 -0.533350 2.163095
v 4.379143 -0.794376 3.178542
v 4.441270 -0.701186 4.823037
v 4.084677 -0.463458 4.912939
v 4.379143 -0.794376 3.178542
v 4.084677 -0.463458 4.912939
v 4.022550 -0.556647 3.263095
v 4.441270 -0.701186 4.823037
v 4.685892 -0.334252 5.193037
v 4.329299 -0.096523 5.282939
v 4.441270 -0.701186 4.823037
v 4.329299 -0.096523 5.282939
v 4.084677 -0.463458 4.912939
v 4.685892 -0.334252 5.193037
v 5.078065 0.254007 5.073037
v 4.721472 0.491736 5.162939
v 4.685892 -0.334252 5.193037
v 4.721472 0.491736 5.162939
v 4.329299 -0.096523 5.282939
v 5.078065 0.254007 5.073037
v 5.186787 0.417089 3.228542
v 4.830194 0.654818 3.313095
v 5.078065 0.254007 5.073037
v 4.830194 0.654818 3.313095
v 4.721472 0.491736 5.162939
v 5.186787 0.417089 3.228542
v 5.171255 0.393792 2.078542
v 4.814662 0.631521 2.163095
v 5.186787 0.417089 3.228542
v 4.814662 0.631521 2.163095
v 4.830194 0.654818 3.313095
v 4.814662 0.631521 2.163095
v 4.038082 -0.533350 2.163095
v 3.681489 -0.295621 2.243047
v 4.814662 0.631521 2.163095
v 3.681489 -0.295621 2.243047
v 4.458069 0.869249 2.243047
v 4.038082 -0.533350 2.163095
v 4.022550 -0.556647 3.263095
v 3.665957 -0.318919 3.343047
v 4.038082 -0.533350 2.163095
v 3.665957 -0.318919 3.343047
v 3.681489 -0.295621 2.243047
v 4.022550 -0.556647 3.263095
v 4.084677 -0.463458 4.912939
v 3.728084 -0.225729 4.998238
v 4.022550 -0.556647 3.263095
v 3.728084 -0.225729 4.998238
v 3.665957 -0.318919 3.343047
v 4.084677 -0.463458 4.912939
v 4.329299 -0.096523 5.282939
v 3.972706 0.141205 5.368238
v 4.084677 -0.463458 4.912939
v 3.972706 0.141205 5.368238
v 3.728084 -0.225729 4.998238
v 4.329299 -0.096523 5.282939
v 4.721472 0.491736 5.162939
v 4.364879 0.729465 5.248238
v 4.329299 -0.096523 5.282939
v 4.364879 0.729465 5.248238
v 3.972706 0.141205 5.368238
v 4.721472 0.491736 5.162939
v 4.830194 0.654818 3.313095
v 4.473601 0.892547 3.393047
v 4.721472 0.491736 5.162939
v 4.473601 0.892547 3.393047
v 4.364879 0.729465 5.248238
v 4.830194 0.654818 3.313095
v 4.814662 0.631521 2.163095
v 4.458069 0.869249 2.243047
v 4.830194 0.654818 3.313095
v 4.458069 0.869249 2.243047
v 4.473601 0.892547 3.393047
v 4.458069 0.869249 2.243047
v 3.681489 -0.295621 2.243047
v 3.324896 -0.057893 2.321045
v 4.458069 0.869249 2.243047
v 3.324896 -0.057893 2.321045
v 4.101476 1.106978 2.321045
v 3.681489 -0.295621 2.243047
v 3.665957 -0.318919 3.343047
v 3.309364 -0.081190 3.421045
v 3.681489 -0.295621 2.243047
v 3.309364 -0.081190 3.421045
v 3.324896 -0.057893 2.321045
v 3.665957 -0.318919 3.343047
v 3.728084 -0.225729 4.998238
v 3.371491 0.012000 5.081578
v 3.665957 -0.318919 3.343047
v 3.371491 0.012000 5.081578
v 3.309364 -0.081190 3.421045
v 3.728084 -0.225729 4.998238
v 3.972706 0.141205 5.368238
v 3.616113 0.378934 5.451578
v 3.728084 -0.225729 4.998238
v 3.616113 0.378934 5.451578
v 3.371491 0.012000 5.081578
v 3.972706 0.141205 5.368238
v 4.364879 0.729465 5.248238
v 4.008286 0.967193 5.331578
v 3.972706 0.141205 5.368238
v 4.008286 0.967193 5.331578
v 3.616113 0.378934 5.451578
v 4.364879 0.729465 5.248238
v 4.473601 0.892547 3.393047
v 4.117008 1.130275 3.471045
v 4.364879 0.729465 5.248238
v 4.117008 1.130275 3.471045
v 4.008286 0.967193 5.331578
v 4.473601 0.892547 3.393047
v 4.458069 0.869249 2.243047
v 4.101476 1.106978 2.321045
v 4.473601 0.892547 3.393047
v 4.101476 1.106978 2.321045
v 4.117008 1.130275 3.471045
v 4.101476 1.106978 2.321045
v 3.324896 -0.057893 2.321045
v 2.968303 0.179836 2.401195
v 4.101476 1.106978 2.321045
v 2.968303 0.179836 2.401195
v 3.744883 1.344707 2.401195
v 3.324896 -0.057893 2.321045
v 3.309364 -0.081190 3.421045
v 2.952771 0.156539 3.501195
v 3.324896 -0.057893 2.321045
v 2.952771 0.156539 3.501195
v 2.968303 0.179836 2.401195
v 3.309364 -0.081190 3.421045
v 3.371491 0.012000 5.081578
v 3.014898 0.249728 5.167055
v 3.309364 -0.081190 3.421045
v 3.014898 0.249728 5.167055
v 2.952771 0.156539 3.501195
v 3.371491 0.012000 5.081578
v 3.616113 0.378934 5.451578
v 3.259520 0.616663 5.537055
v 3.371491 0.012000 5.081578
v 3.259520 0.616663 5.537055
v 3.014898 0.249728 5.167055
v 3.616113 0.378934 5.451578
v 4.008286 0.967193 5.331578
v 3.651693 1.204922 5.417055
v 3.616113 0.378934 5.451578
v 3.651693 1.204922 5.417055
v 3.259520 0.616663 5.537055
v 4.008286 0.967193 5.331578
v 4.117008 1.130275 3.471045
v 3.760415 1.368004 3.551195
v 4.008286 0.967193 5.331578
v 3.760415 1.368004 3.551195
v 3.651693 1.204922 5.417055
v 4.117008 1.130275 3.471045
v 4.101476 1.106978 2.321045
v 3.744883 1.344707 2.401195
v 4.117008 1.130275 3.471045
v 3.744883 1.344707 2.401195
v 3.760415 1.368004 3.551195
v 3.744883 1.344707 2.401195
v 2.968303 0.179836 2.401195
v 2.611710 0.417565 2.485838
v 3.744883 1.344707 2.401195
v 2.611710 0.417565 2.485838
v 3.388290 1.582435 2.485838
v 2.968303 0.179836 2.401195
v 2.952771 0.156539 3.501195
v 2.596178 0.394267 3.585838
v 2.968303 0.179836 2.401195
v 2.596178 0.394267 3.585838
v 2.611710 0.417565 2.485838
v 2.952771 0.156539 3.501195
v 3.014898 0.249728 5.167055
v 2.658305 0.487457 5.257006
v 2.952771 0.156539 3.501195
v 2.658305 0.487457 5.257006
v 2.596178 0.394267 3.585838
v 3.014898 0.249728 5.167055
v 3.259520 0.616663 5.537055
v 2.902927 0.854391 5.627006
v 3.014898 0.249728 5.167055
v 2.902927 0.854391 5.627006
v 2.658305 0.487457 5.257006
v 3.259520 0.616663 5.537055
v 3.651693 1.204922 5.417055
v 3.295101 1.442651 5.507006
v 3.259520 0.616663 5.537055
v 3.295101 1.442651 5.507006
v 2.902927 0.854391 5.627006
v 3.651693 1.204922 5.417055
v 3.760415 1.368004 3.551195
v 3.403822 1.605733 3.635838
v 3.651693 1.204922 5.417055
v 3.403822 1.605733 3.635838
v 3.295101 1.442651 5.507006
v 3.760415 1.368004 3.551195
v 3.744883 1.344707 2.401195
v 3.388290 1.582435 2.485838
v 3.760415 1.368004 3.551195
v 3.388290 1.582435 2.485838
v 3.403822 1.605733 3.635838
v 3.388290 1.582435 2.485838
v 2.611710 0.417565 2.485838
v 2.255117 0.655293 2.578725
v 3.388290 1.582435 2.485838
v 2.255117 0.655293 2.578725
v 3.031697 1.820164 2.578725
v 2.611710 0.417565 2.485838
v 2.596178 0.394267 3.585838
v 2.239585 0.631996 3.678725
v 2.611710 0.417565 2.485838
v 2.239585 0.631996 3.678725
v 2.255117 0.655293 2.578725
v 2.596178 0.394267 3.585838
v 2.658305 0.487457 5.257006
v 2.301712 0.725186 5.355174
v 2.596178 0.394267 3.585838
v 2.301712 0.725186 5.355174
v 2.239585 0.631996 3.678725
v 2.658305 0.487457 5.257006
v 2.902927 0.854391 5.627006
v 2.546334 1.092120 5.725174
v 2.658305 0.487457 5.257006
v 2.546334 1.092120 5.725174
v 2.301712 0.725186 5.355174
v 2.902927 0.854391 5.627006
v 3.295101 1.442651 5.507006
v 2.938508 1.680379 5.605174
v 2.902927 0.854391 5.627006
v 2.938508 1.680379 5.605174
v 2.546334 1.092120 5.725174
v 3.295101 1.442651 5.507006
v 3.403822 1.605733 3.635838
v 3.047229 1.843461 3.728725
v 3.295101 1.442651 5.507006
v 3.047229 1.843461 3.728725
v 2.938508 1.680379 5.605174
v 3.403822 1.605733 3.635838
v 3.388290 1.582435 2.485838
v 3.031697 1.820164 2.578725
v 3.403822 1.605733 3.635838
v 3.031697 1.820164 2.578725
v 3.047229 1.843461 3.728725
v 3.031697 1.820164 2.578725
v 2.255117 0.655293 2.578725
v 1.898524 0.893022 2.678130
v 3.031697 1.820164 2.578725
v 1.898524 0.893022 2.678130
v 2.675104 2.057893 2.678130
v 2.255117 0.655293 2.578725
v 2.239585 0.631996 3.678725
v 1.882992 0.869725 3.778130
v 2.255117 0.655293 2.578725
v 1.882992 0.869725 3.778130
v 1.898524 0.893022 2.678130
v 2.239585 0.631996 3.678725
v 2.301712 0.725186 5.355174
v 1.945119 0.962914 5.459826
v 2.239585 0.631996 3.678725
v 1.945119 0.962914 5.459826
v 1.882992 0.869725 3.778130
v 2.301712 0.725186 5.355174
v 2.546334 1.092120 5.725174
v 2.189741 1.329849 5.829826
v 2.301712 0.725186 5.355174
v 2.189741 1.329849 5.829826
v 1.945119 0.962914 5.459826
v 2.546334 1.092120 5.725174
v 2.938508 1.680379 5.605174
v 2.581915 1.918108 5.709826
v 2.546334 1.092120 5.725174
v 2.581915 1.918108 5.709826
v 2.189741 1.329849 5.829826
v 2.938508 1.680379 5.605174
v 3.047229 1.843461 3.728725
v 2.690636 2.081190 3.828130
v 2.938508 1.680379 5.605174
v 2.690636 2.081190 3.828130
v 2.581915 1.918108 5.709826
v 3.047229 1.843461 3.728725
v 3.031697 1.820164 2.578725
v 2.675104 2.057893 2.678130
v 3.047229 1.843461 3.728725
v 2.675104 2.057893 2.678130
v 2.690636 2.081190 3.828130
v 2.675104 2.057893 2.678130
v 1.898524 0.893022 2.678130
v 1.541931 1.130751 2.782722
v 2.675104 2.057893 2.678130
v 1.541931 1.130751 2.782722
v 2.318511 2.295621 2.782722
v 1.898524 0.893022 2.678130
v 1.882992 0.869725 3.778130
v 1.526399 1.107453 3.882722
v 1.898524 0.893022 2.678130
v 1.526399 1.107453 3.882722
v 1.541931 1.130751 2.782722
v 1.882992 0.869725 3.778130
v 1.945119 0.962914 5.459826
v 1.588526 1.200643 5.569625
v 1.882992 0.869725 3.778130
v 1.588526 1.200643 5.569625
v 1.526399 1.107453 3.882722
v 1.945119 0.962914 5.459826
v 2.189741 1.329849 5.829826
v 1.833149 1.567577 5.939625
v 1.945119 0.962914 5.459826
v 1.833149 1.567577 5.939625
v 1.588526 1.200643 5.569625
v 2.189741 1.329849 5.829826
v 2.581915 1.918108 5.709826
v 2.225322 2.155837 5.819625
v 2.189741 1.329849 5.829826
v 2.225322 2.155837 5.819625
v 1.833149 1.567577 5.939625
v 2.581915 1.918108 5.709826
v 2.690636 2.081190 3.828130
v 2.334043 2.318919 3.932722
v 2.581915 1.918108 5.709826
v 2.334043 2.318919 3.932722
v 2.225322 2.155837 5.819625
v 2.690636 2.081190 3.828130
v 2.675104 2.057893 2.678130
v 2.318511 2.295621 2.782722
v 2.690636 2.081190 3.828130
v 2.318511 2.295621 2.782722
v 2.334043 2.318919 3.932722
v 2.318511 2.295621 2.782722
v 1.541931 1.130751 2.782722
v 1.185338 1.368479 2.888736
v 2.318511 2.295621 2.782722
v 1.185338 1.368479 2.888736
v 1.961918 2.533350 2.888736
v 1.541931 1.130751 2.782722
v 1.526399 1.107453 3.882722
v 1.169806 1.345182 3.988736
v 1.541931 1.130751 2.782722
v 1.169806 1.345182 3.988736
v 1.185338 1.368479 2.888736
v 1.526399 1.107453 3.882722
v 1.588526 1.200643 5.569625
v 1.231933 1.438372 5.680799
v 1.526399 1.107453 3.882722
v 1.231933 1.438372 5.680799
v 1.169806 1.345182 3.988736
v 1.588526 1.200643 5.569625
v 1.833149 1.567577 5.939625
v 1.476556 1.805306 6.050799
v 1.588526 1.200643 5.569625
v 1.476556 1.805306 6.050799
v 1.231933 1.438372 5.680799
v 1.833149 1.567577 5.939625
v 2.225322 2.155837 5.819625
v 1.868729 2.393565 5.930799
v 1.833149 1.567577 5.939625
v 1.868729 2.393565 5.930799
v 1.476556 1.805306 6.050799
v 2.225322 2.155837 5.819625
v 2.334043 2.318919 3.932722
v 1.977450 2.556647 4.038736
v 2.225322 2.155837 5.819625
v 1.977450 2.556647 4.038736
v 1.868729 2.393565 5.930799
v 2.334043 2.318919 3.932722
v 2.318511 2.295621 2.782722
v 1.961918 2.533350 2.888736
v 2.334043 2.318919 3.932722
v 1.961918 2.533350 2.888736
v 1.977450 2.556647 4.038736
v 1.961918 2.533350 2.888736
v 1.185338 1.368479 2.888736
v 0.828745 1.606208 2.992515
v 1.961918 2.533350 2.888736
v 0.828745 1.606208 2.992515
v 1.605325 2.771078 2.992515
v 1.185338 1.368479 2.888736
v 1.169806 1.345182 3.988736
v 0.813213 1.582911 4.092515
v 1.185338 1.368479 2.888736
v 0.813213 1.582911 4.092515
v 0.828745 1.606208 2.992515
v 1.169806 1.345182 3.988736
v 1.231933 1.438372 5.680799
v 0.875340 1.676100 5.789684
v 1.169806 1.345182 3.988736
v 0.875340 1.676100 5.789684
v 0.813213 1.582911 4.092515
v 1.231933 1.438372 5.680799
v 1.476556 1.805306 6.050799
v 1.119963 2.043034 6.159684
v 1.231933 1.438372 5.680799
v 1.119963 2.043034 6.159684
v 0.875340 1.676100 5.789684
v 1.476556 1.805306 6.050799
v 1.868729 2.393565 5.930799
v 1.512136 2.631294 6.039684
v 1.476556 1.805306 6.050799
v 1.512136 2.631294 6.039684
v 1.119963 2.043034 6.159684
v 1.868729 2.393565 5.930799
v 1.977450 2.556647 4.038736
v 1.620857 2.794376 4.142515
v 1.868729 2.393565 5.930799
v 1.620857 2.794376 4.142515
v 1.512136 2.631294 6.039684
v 1.977450 2.556647 4.038736
v 1.961918 2.533350 2.888736
v 1.605325 2.771078 2.992515
v 1.977450 2.556647 4.038736
v 1.605325 2.771078 2.992515
v 1.620857 2.794376 4.142515
v 1.605325 2.771078 2.992515
v 0.828745 1.606208 2.992515
v 0.472152 1.843937 3.090910
v 1.605325 2.771078 2.992515
v 0.472152 1.843937 3.090910
v 1.248732 3.008807 3.090910
v 0.828745 1.606208 2.992515
v 0.813213 1.582911 4.092515
v 0.456620 1.820639 4.190910
v 0.828745 1.606208 2.992515
v 0.456620 1.820639 4.190910
v 0.472152 1.843937 3.090910
v 0.813213 1.582911 4.092515
v 0.875340 1.676100 5.789684
v 0.518747 1.913829 5.893125
v 0.813213 1.582911 4.092515
v 0.518747 1.913829 5.893125
v 0.456620 1.820639 4.190910
v 0.875340 1.676100 5.789684
v 1.119963 2.043034 6.159684
v 0.763370 2.280763 6.263125
v 0.875340 1.676100 5.789684
v 0.763370 2.280763 6.263125
v 0.518747 1.913829 5.893125
v 1.119963 2.043034 6.159684
v 1.512136 2.631294 6.039684
v 1.155543 2.869023 6.143125
v 1.119963 2.043034 6.159684
v 1.155543 2.869023 6.143125
v 0.763370 2.280763 6.263125
v 1.512136 2.631294 6.039684
v 1.620857 2.794376 4.142515
v 1.264264 3.032105 4.240910
v 1.512136 2.631294 6.039684
v 1.264264 3.032105 4.240910
v 1.155543 2.869023 6.143125
v 1.620857 2.794376 4.142515
v 1.605325 2.771078 2.992515
v 1.248732 3.008807 3.090910
v 1.620857 2.794376 4.142515
v 1.248732 3.008807 3.090910
v 1.264264 3.032105 4.240910
v 1.248732 3.008807 3.090910
v 0.472152 1.843937 3.090910
v 0.115559 2.081665 3.183498
v 1.248732 3.008807 3.090910
v 0.115559 2.081665 3.183498
v 0.892139 3.246536 3.183498
v 0.472152 1.843937 3.090910
v 0.456620 1.820639 4.190910
v 0.100027 2.058368 4.283498
v 0.472152 1.843937 3.090910
v 0.100027 2.058368 4.283498
v 0.115559 2.081665 3.183498
v 0.456620 1.820639 4.190910
v 0.518747 1.913829 5.893125
v 0.162154 2.151558 5.990694
v 0.456620 1.820639 4.190910
v 0.162154 2.151558 5.990694
v 0.100027 2.058368 4.283498
v 0.518747 1.913829 5.893125
v 0.763370 2.280763 6.263125
v 0.406777 2.518492 6.360694
v 0.518747 1.913829 5.893125
v 0.406777 2.518492 6.360694
v 0.162154 2.151558 5.990694
v 0.763370 2.280763 6.263125
v 1.155543 2.869023 6.143125
v 0.798950 3.106751 6.240694
v 0.763370 2.280763 6.263125
v 0.798950 3.106751 6.240694
v 0.406777 2.518492 6.360694
v 1.155543 2.869023 6.143125
v 1.264264 3.032105 4.240910
v 0.907671 3.269833 4.333498
v 1.155543 2.869023 6.143125
v 0.907671 3.269833 4.333498
v 0.798950 3.106751 6.240694
v 1.264264 3.032105 4.240910
v 1.248732 3.008807 3.090910
v 0.892139 3.246536 3.183498
v 1.264264 3.032105 4.240910
v 0.892139 3.246536 3.183498
v 0.907671 3.269833 4.333498
v 5.475627 -0.694886 3.476163
v 5.884441 -0.081665 1.894522
v 5.107861 -1.246536 1.894522
v 5.475627 -0.694886 3.476163
v 5.107861 -1.246536 1.894522
v 5.092329 -1.269833 2.994522
v 5.475627 -0.694886 3.476163
v 5.092329 -1.269833 2.994522
v 5.154456 -1.176644 4.628350
v 5.475627 -0.694886 3.476163
v 5.154456 -1.176644 4.628350
v 5.399078 -0.809709 4.998350
v 5.475627 -0.694886 3.476163
v 5.399078 -0.809709 4.998350
v 5.791251 -0.221450 4.878350
v 5.475627 -0.694886 3.476163
v 5.791251 -0.221450 4.878350
v 5.899973 -0.058368 3.044522
v 5.475627 -0.694886 3.476163
v 5.899973 -0.058368 3.044522
v 5.884441 -0.081665 1.894522
v 0.483325 2.633315 4.796582
v 0.892139 3.246536 3.183498
v 0.115559 2.081665 3.183498
v 0.483325 2.633315 4.796582
v 0.115559 2.081665 3.183498
v 0.100027 2.058368 4.283498
v 0.483325 2.633315 4.796582
v 0.100027 2.058368 4.283498
v 0.162154 2.151558 5.990694
v 0.483325 2.633315 4.796582
v 0.162154 2.151558 5.990694
v 0.406777 2.518492 6.360694
v 0.483325 2.633315 4.796582
v 0.406777 2.518492 6.360694
v 0.798950 3.106751 6.240694
v 0.483325 2.633315 4.796582
v 0.798950 3.106751 6.240694
v 0.907671 3.269833 4.333498
v 0.483325 2.633315 4.796582
v 0.907671 3.269833 4.333498
v 0.892139 3.246536 3.183498
vn -0.095773 0.054951 -0.993885
vn -0.097961 0.057662 -0.993518
vn 0.495125 0.868449 -0.025446
vn 0.495121 0.868452 -0.025444
vn 0.501908 0.862549 0.064005
vn 0.502847 0.862027 0.063666
vn 0.381820 0.520008 0.764071
vn 0.381100 0.519940 0.764477
vn -0.001049 -0.191463 0.981499
vn -0.002788 -0.191659 0.981458
vn -0.485106 -0.868697 0.100194
vn -0.486794 -0.867808 0.099704
vn -0.499860 -0.865764 -0.024341
vn -0.499859 -0.865765 -0.024340
vn -0.078933 0.046462 -0.995797
vn -0.081950 0.050443 -0.995359
vn 0.514200 0.857293 -0.025445
vn 0.514198 0.857294 -0.025445
vn 0.519611 0.852028 0.063659
vn 0.520311 0.851621 0.063391
vn 0.383825 0.518175 0.764312
vn 0.382710 0.518060 0.764949
vn -0.016681 -0.183752 0.982831
vn -0.019214 -0.184039 0.982731
vn -0.505540 -0.857020 0.099726
vn -0.506852 -0.856292 0.099326
vn -0.518263 -0.854875 -0.024339
vn -0.518266 -0.854873 -0.024340
vn -0.048597 0.029913 -0.998370
vn -0.050189 0.032058 -0.998225
vn 0.530664 0.847200 -0.025446
vn 0.530663 0.847201 -0.025445
vn 0.533504 0.843419 0.063387
vn 0.534055 0.843085 0.063181
vn 0.372559 0.524752 0.765399
vn 0.371974 0.524709 0.765712
vn -0.048371 -0.166515 0.984852
vn -0.049649 -0.166622 0.984770
vn -0.524440 -0.845633 0.099340
vn -0.525419 -0.845060 0.099040
vn -0.533174 -0.845656 -0.024339
vn -0.533176 -0.845654 -0.024340
vn -0.011020 0.007039 -0.999915
vn -0.011312 0.007439 -0.999908
vn 0.544145 0.838606 -0.025446
vn 0.544145 0.838605 -0.025446
vn 0.543763 0.836857 0.063180
vn 0.544208 0.836580 0.063019
vn 0.353110 0.537099 0.766054
vn 0.353054 0.537096 0.766081
vn -0.087119 -0.142914 0.985894
vn -0.087219 -0.142919 0.985884
vn -0.540821 -0.835286 0.099045
vn -0.541555 -0.834837 0.098818
vn -0.544740 -0.838252 -0.024340
vn -0.544740 -0.838251 -0.024340
vn 0.029744 -0.019562 -0.999366
vn 0.030339 -0.020389 -0.999332
vn 0.554992 0.831467 -0.025446
vn 0.554992 0.831466 -0.025446
vn 0.551088 0.832064 0.063019
vn 0.551455 0.831831 0.062890
vn 0.328818 0.552713 0.765759
vn 0.329152 0.552723 0.765609
vn -0.128400 -0.115648 0.984956
vn -0.127700 -0.115622 0.985050
vn -0.554731 -0.826141 0.098815
vn -0.555289 -0.825787 0.098641
vn -0.553533 -0.832471 -0.024340
vn -0.553533 -0.832471 -0.024340
vn 0.064193 -0.043141 -0.997005
vn 0.065061 -0.044359 -0.996895
vn 0.562644 0.826308 -0.025446
vn 0.562645 0.826307 -0.025446
vn 0.555738 0.828975 0.062892
vn 0.556050 0.828774 0.062786
vn 0.306848 0.566726 0.764634
vn 0.307308 0.566735 0.764443
vn -0.162537 -0.091674 0.982434
vn -0.161623 -0.091655 0.982587
vn -0.564902 -0.819241 0.098634
vn -0.565349 -0.818950 0.098493
vn -0.559446 -0.828509 -0.024341
vn -0.559446 -0.828509 -0.024340
vn 0.085633 -0.058385 -0.994615
vn 0.086227 -0.059221 -0.994514
vn 0.567494 0.822984 -0.025446
vn 0.567495 0.822984 -0.025446
vn 0.558711 0.826982 0.062787
vn 0.558981 0.826807 0.062698
vn 0.293178 0.575417 0.763506
vn 0.293491 0.575420 0.763384
vn -0.183159 -0.076462 0.980105
vn -0.182553 -0.076456 0.980219
vn -0.571266 -0.814835 0.098487
vn -0.571648 -0.814581 0.098367
vn -0.563219 -0.825949 -0.024341
vn -0.563219 -0.825949 -0.024340
vn 0.085345 -0.058615 -0.994626
vn 0.085353 -0.058627 -0.994624
vn 0.568789 0.822089 -0.025446
vn 0.568789 0.822089 -0.025446
vn 0.560055 0.826079 0.062698
vn 0.560298 0.825921 0.062620
vn 0.294719 0.574670 0.763476
vn 0.294723 0.574670 0.763474
vn -0.182065 -0.076804 0.980282
vn -0.182056 -0.076804 0.980284
vn -0.572451 -0.814017 0.098366
vn -0.572809 -0.813779 0.098255
vn -0.564535 -0.825050 -0.024341
vn -0.564535 -0.825050 -0.024341
vn 0.066743 -0.045844 -0.996716
vn 0.066234 -0.045148 -0.996782
vn 0.567078 0.823271 -0.025446
vn 0.567078 0.823271 -0.025446
vn 0.560023 0.826107 0.062620
vn 0.560252 0.825958 0.062547
vn 0.309013 0.565827 0.764429
vn 0.308753 0.565830 0.764531
vn -0.162987 -0.090355 0.982482
vn -0.163496 -0.090350 0.982398
vn -0.569310 -0.816230 0.098259
vn -0.569664 -0.815996 0.098152
vn -0.563766 -0.825576 -0.024341
vn -0.563766 -0.825576 -0.024341
vn 0.032773 -0.022340 -0.999213
vn 0.032217 -0.021602 -0.999247
vn 0.561538 0.827060 -0.025446
vn 0.561537 0.827060 -0.025446
vn 0.557501 0.827817 0.062546
vn 0.557732 0.827667 0.062474
vn 0.332612 0.550655 0.765603
vn 0.332328 0.550662 0.765721
vn -0.128966 -0.114427 0.985025
vn -0.129541 -0.114420 0.984950
vn -0.561305 -0.821767 0.098158
vn -0.561669 -0.821531 0.098052
vn -0.559916 -0.828192 -0.024340
vn -0.559916 -0.828192 -0.024340
vn -0.011827 0.007930 -0.999899
vn -0.011505 0.007518 -0.999906
vn 0.552369 0.833211 -0.025446
vn 0.552368 0.833212 -0.025446
vn 0.552267 0.831323 0.062474
vn 0.552513 0.831165 0.062399
vn 0.361369 0.531547 0.766075
vn 0.361475 0.531543 0.766027
vn -0.084875 -0.144553 0.985850
vn -0.084682 -0.144555 0.985867
vn -0.549031 -0.830030 0.098054
vn -0.549403 -0.829796 0.097950
vn -0.552934 -0.832870 -0.024340
vn -0.552933 -0.832870 -0.024340
vn -0.052739 0.034462 -0.998014
vn -0.050630 0.031883 -0.998208
vn 0.539486 0.841610 -0.025445
vn 0.539487 0.841610 -0.025445
vn 0.542998 0.837412 0.062400
vn 0.543271 0.837241 0.062320
vn 0.384044 0.516263 0.765496
vn 0.384877 0.516228 0.765100
vn -0.044552 -0.170471 0.984355
vn -0.042844 -0.170478 0.984430
vn -0.533416 -0.840163 0.097944
vn -0.533785 -0.839940 0.097846
vn -0.542026 -0.840009 -0.024340
vn -0.542024 -0.840010 -0.024339
vn -0.089292 0.056229 -0.994417
vn -0.084298 0.050460 -0.995162
vn 0.521971 0.852583 -0.025444
vn 0.521973 0.852582 -0.025445
vn 0.528744 0.846490 0.062325
vn 0.529048 0.846306 0.062239
vn 0.399822 0.505996 0.764271
vn 0.401751 0.505909 0.763317
vn -0.008655 -0.191414 0.981471
vn -0.004627 -0.191388 0.981504
vn -0.513609 -0.852429 0.097828
vn -0.513951 -0.852233 0.097741
vn -0.526251 -0.849981 -0.024340
vn -0.526246 -0.849984 -0.024338
vn -0.110780 0.066312 -0.991630
vn -0.102261 0.057182 -0.993113
vn 0.499271 0.866072 -0.025443
vn 0.499274 0.866070 -0.025444
vn 0.508003 0.859103 0.062250
vn 0.508331 0.858915 0.062163
vn 0.400655 0.506648 0.763402
vn 0.403833 0.506500 0.761825
vn 0.012926 -0.201480 0.979407
vn 0.019518 -0.201358 0.979323
vn -0.489783 -0.866351 0.097712
vn -0.490067 -0.866198 0.097644
vn -0.504503 -0.863067 -0.024339
vn -0.504496 -0.863071 -0.024336
vn -0.127981 0.071564 -0.989191
vn -0.114558 0.058497 -0.991693
vn 0.469539 0.882545 -0.025441
vn 0.469544 0.882543 -0.025443
vn 0.479896 0.875119 0.062180
vn 0.480226 0.874944 0.062101
vn 0.393691 0.513056 0.762746
vn 0.398520 0.512830 0.760386
vn 0.030676 -0.207301 0.977796
vn 0.040507 -0.206976 0.977507
vn -0.459408 -0.882846 0.097601
vn -0.459564 -0.882769 0.097566
vn -0.475471 -0.879395 -0.024338
vn -0.475460 -0.879401 -0.024334
vn -0.142690 0.072862 -0.987082
vn -0.122167 0.055196 -0.990974
vn 0.431293 0.901853 -0.025438
vn 0.431300 0.901850 -0.025440
vn 0.443125 0.894305 0.062124
vn 0.443412 0.894167 0.062062
vn 0.379401 0.524382 0.762285
vn 0.386570 0.524042 0.758909
vn 0.046301 -0.209772 0.976653
vn 0.060377 -0.209066 0.976036
vn -0.420914 -0.901844 0.097509
vn -0.420831 -0.901881 0.097526
vn -0.437697 -0.898793 -0.024336
vn -0.437681 -0.898801 -0.024331
vn -0.148651 0.067162 -0.986606
vn -0.118788 0.045290 -0.991886
vn 0.381851 0.923874 -0.025433
vn 0.381863 0.923869 -0.025437
vn 0.394488 0.916801 0.062092
vn 0.394633 0.916740 0.062066
vn 0.351642 0.543112 0.762481
vn 0.361934 0.542625 0.757999
vn 0.054650 -0.206638 0.976890
vn 0.073625 -0.205345 0.975916
vn -0.372148 -0.923043 0.097452
vn -0.371667 -0.923228 0.097543
vn -0.388247 -0.921234 -0.024333
vn -0.388227 -0.921243 -0.024326
vn -0.162225 0.061850 -0.984814
vn -0.116478 0.034743 -0.992585
vn 0.317778 0.947824 -0.025425
vn 0.317807 0.947814 -0.025432
vn 0.332129 0.941187 0.062102
vn 0.331975 0.941240 0.062124
vn 0.319762 0.562626 0.762367
vn 0.335691 0.561838 0.756076
vn 0.068881 -0.203663 0.976615
vn 0.095725 -0.201220 0.974858
vn -0.309104 -0.946023 0.097447
vn -0.307963 -0.946375 0.097640
vn -0.324605 -0.945537 -0.024327
vn -0.324584 -0.945544 -0.024320
vn -0.166951 0.049798 -0.984707
vn -0.099143 0.019942 -0.994873
vn 0.236400 0.971323 -0.025413
vn 0.236476 0.971305 -0.025426
vn 0.252031 0.965720 0.062162
vn 0.251259 0.965916 0.062242
vn 0.269156 0.587726 0.762977
vn 0.294570 0.586464 0.754512
vn 0.073599 -0.195178 0.978003
vn 0.109984 -0.190997 0.975410
vn -0.230593 -0.968151 0.097517
vn -0.228577 -0.968600 0.097812
vn -0.243604 -0.969570 -0.024317
vn -0.243588 -0.969574 -0.024313
vn -0.197151 0.039657 -0.979571
vn -0.080450 0.007033 -0.996734
vn 0.130223 0.991160 -0.025388
vn 0.130587 0.991111 -0.025422
vn 0.150597 0.986632 0.062270
vn 0.148378 0.986960 0.062404
vn 0.211067 0.610705 0.763210
vn 0.261859 0.608207 0.749343
vn 0.082057 -0.186020 0.979113
vn 0.135889 -0.177933 0.974615
vn -0.131398 -0.986508 0.097654
vn -0.128256 -0.986883 0.098039
vn -0.141675 -0.989615 -0.024302
vn -0.141683 -0.989614 -0.024304
vn -0.441134 0.038563 -0.896612
vn -0.069164 -0.003399 -0.997599
vn -0.020399 0.999472 -0.025299
vn -0.015652 0.999554 -0.025432
vn 0.033567 0.997484 0.062434
vn 0.028817 0.997627 0.062532
vn 0.163676 0.627082 0.761563
vn 0.350889 0.612351 0.708451
vn 0.100800 -0.175660 0.979277
vn 0.196379 -0.154885 0.968218
vn -0.009238 -0.995160 0.097830
vn -0.005102 -0.995148 0.098259
vn -0.017600 -0.999550 -0.024282
vn -0.017625 -0.999550 -0.024286
vn -0.175472 -0.008622 0.984447
vn -0.023984 -0.005355 -0.999698
vn 0.123409 -0.992031 0.025375
vn 0.121675 -0.992247 0.025325
vn 0.163751 -0.984532 -0.062304
vn 0.136534 -0.988649 -0.062705
vn 0.047010 0.643841 0.763714
vn 0.563327 -0.462685 -0.684533
vn 0.081061 -0.163110 0.983272
vn 0.191568 -0.126492 0.973294
vn 0.136710 -0.985750 0.098019
vn 0.140346 -0.985203 0.098380
vn 0.134431 -0.990626 -0.024251
vn 0.134420 -0.990628 -0.024253
vn -0.185575 -0.041436 0.981756
vn -0.034430 -0.014484 -0.999302
vn 0.300859 -0.953332 0.025352
vn 0.300480 -0.953452 0.025337
vn 0.339219 -0.938635 -0.062413
vn 0.314776 -0.947075 -0.062970
vn 0.009770 0.653115 0.757196
vn 0.563628 -0.413681 -0.714977
vn 0.128965 -0.141888 0.981446
vn 0.291360 -0.053308 0.955127
vn 0.305757 -0.947026 0.098259
vn 0.309931 -0.945623 0.098689
vn 0.302871 -0.952723 -0.024246
vn 0.302897 -0.952715 -0.024241
vn -0.810275 -0.340860 -0.476728
vn -0.042548 -0.025904 -0.998759
vn -0.279697 0.959756 -0.025279
vn -0.406858 0.913143 -0.025239
vn -0.357175 0.931902 0.063126
vn 0.181281 0.982287 0.047425
vn -0.105612 0.644701 0.757104
vn 0.359347 0.756079 0.547005
vn 0.178666 -0.104981 0.978293
vn 0.284949 -0.016964 0.958393
vn 0.454871 -0.885068 0.098727
vn 0.460292 -0.882191 0.099348
vn 0.451539 -0.891921 -0.024280
vn 0.451606 -0.891888 -0.024266
vn -0.087630 -0.053351 -0.994723
vn -0.023945 -0.018892 -0.999535
vn -0.564208 0.825242 -0.025411
vn -0.564510 0.825036 -0.025388
vn -0.545339 0.835805 0.063519
vn -0.555222 0.829233 0.064045
vn -0.235173 0.604457 0.761135
vn -0.161376 0.658372 0.735190
vn 0.194322 -0.076032 0.977987
vn 0.242421 -0.018447 0.969996
vn 0.568005 -0.817003 0.099381
vn 0.575058 -0.811930 0.100393
vn 0.567555 -0.822976 -0.024301
vn 0.567598 -0.822947 -0.024291
vn -0.056450 -0.044538 -0.997411
vn -0.025744 -0.024896 -0.999359
vn -0.657060 0.753410 -0.025416
vn -0.657077 0.753395 -0.025413
vn -0.641320 0.764582 0.064211
vn -0.650836 0.756408 0.065266
vn -0.293311 0.580424 0.759656
vn -0.263634 0.613686 0.744236
vn 0.226150 -0.032056 0.973565
vn 0.254328 0.017638 0.966957
vn 0.656391 -0.747712 0.100389
vn 0.665250 -0.739614 0.102042
vn 0.656172 -0.754220 -0.024313
vn 0.656189 -0.754205 -0.024307
vn -0.022964 -0.022207 -0.999490
vn -0.013197 -0.015125 -0.999799
vn -0.725196 0.688073 -0.025423
vn -0.725190 0.688079 -0.025424
vn -0.712613 0.698506 0.065353
vn -0.721744 0.688912 0.066970
vn -0.353349 0.545394 0.760059
vn -0.340110 0.567305 0.749993
vn 0.232180 -0.005128 0.972659
vn 0.246680 0.032675 0.968546
vn 0.722527 -0.683775 0.102009
vn 0.732393 -0.672835 0.104375
vn 0.724360 -0.688993 -0.024319
vn 0.724363 -0.688989 -0.024318
vn 0.001596 0.001830 -0.999997
vn 0.001051 0.001392 -0.999998
vn -0.776852 0.629169 -0.025429
vn -0.776846 0.629177 -0.025432
vn -0.767031 0.638100 0.067018
vn -0.775391 0.627688 0.069116
vn -0.409071 0.502869 0.761435
vn -0.403272 0.517096 0.754973
vn 0.224275 0.005455 0.974511
vn 0.230925 0.031928 0.972447
vn 0.772534 -0.626342 0.104342
vn 0.782411 -0.613447 0.107309
vn 0.776689 -0.629414 -0.024325
vn 0.776685 -0.629419 -0.024326
vn 0.010088 0.013360 -0.999860
vn 0.007664 0.011264 -0.999907
vn -0.816106 0.577343 -0.025434
vn -0.816089 0.577366 -0.025442
vn -0.808410 0.584545 0.069141
vn -0.815223 0.574724 0.071438
vn -0.456775 0.457393 0.762987
vn -0.454871 0.464612 0.759755
vn 0.211848 0.005298 0.977288
vn 0.214193 0.020144 0.976584
vn 0.810307 -0.576102 0.107283
vn 0.819151 -0.562841 0.110457
vn 0.815820 -0.577794 -0.024329
vn 0.815808 -0.577811 -0.024336
vn 0.022282 0.032747 -0.999215
vn 0.033148 0.037649 -0.998741
vn -0.826333 0.562606 -0.025446
vn -0.826483 0.562395 -0.025250
vn -0.824250 0.561700 0.071448
vn -0.826543 0.558011 0.073829
vn -0.517623 0.381485 0.765857
vn -0.517950 0.382904 0.764927
vn 0.162537 -0.058309 0.984978
vn 0.164019 -0.066504 0.984213
vn 0.828315 -0.549268 0.110451
vn 0.832148 -0.542849 0.113334
vn 0.836663 -0.547177 -0.024337
vn 0.836887 -0.546846 -0.024092
vn 0.062687 0.071200 -0.995490
vn 0.090719 0.073517 -0.993159
vn -0.685697 0.727446 -0.025336
vn -0.685668 0.727472 -0.025375
vn -0.694859 0.715307 0.074210
vn -0.690760 0.719695 0.069927
vn -0.534481 0.362381 0.763551
vn -0.536736 0.379076 0.753801
vn -0.017269 -0.267095 0.963515
vn -0.024367 -0.232177 0.972368
vn 0.672180 -0.731579 0.113871
vn 0.666377 -0.737669 0.108564
vn 0.688351 -0.724973 -0.024243
vn 0.688334 -0.724988 -0.024266
vn 0.123003 0.099680 -0.987388
vn 0.163907 0.104254 -0.980951
vn -0.537380 0.842961 -0.025283
vn -0.537171 0.843089 -0.025446
vn -0.556702 0.827766 0.069896
vn -0.548481 0.833600 0.065420
vn -0.533777 0.382096 0.754377
vn -0.529498 0.404597 0.745609
vn -0.178181 -0.345666 0.921285
vn -0.171590 -0.298028 0.939008
vn 0.508385 -0.854381 0.107602
vn 0.497020 -0.861713 0.102085
vn 0.533910 -0.845196 -0.024172
vn 0.533687 -0.845331 -0.024340
vn 0.156070 0.099269 -0.982745
vn 0.149060 0.097435 -0.984016
vn -0.533574 0.845370 -0.025446
vn -0.533581 0.845366 -0.025443
vn -0.554100 0.829876 0.065411
vn -0.546734 0.834908 0.063327
vn -0.533598 0.401010 0.744624
vn -0.535092 0.397443 0.745464
vn -0.159278 -0.291070 0.943350
vn -0.161822 -0.296625 0.941184
vn 0.519481 -0.848352 0.102165
vn 0.509262 -0.854879 0.099166
vn 0.541507 -0.840344 -0.024340
vn 0.541507 -0.840344 -0.024340
vn 0.139955 0.091483 -0.985923
vn 0.128294 0.088134 -0.987812
vn -0.552654 0.833022 -0.025446
vn -0.552661 0.833018 -0.025443
vn -0.568009 0.820584 0.063305
vn -0.564103 0.823356 0.062230
vn -0.500755 0.427241 0.752801
vn -0.502920 0.422208 0.754196
vn -0.093041 -0.255929 0.962208
vn -0.096756 -0.264079 0.959636
vn 0.540662 -0.835365 0.099250
vn 0.535122 -0.839111 0.097655
vn 0.559469 -0.828494 -0.024338
vn 0.559465 -0.828497 -0.024340
vn 0.117820 0.080939 -0.989731
vn 0.106871 0.077436 -0.991253
vn -0.572852 0.819264 -0.025445
vn -0.572858 0.819260 -0.025443
vn -0.582113 0.810724 0.062216
vn -0.582272 0.810607 0.062260
vn -0.454440 0.462650 0.761209
vn -0.455819 0.459520 0.762280
vn -0.011077 -0.208973 0.977859
vn -0.013540 -0.214514 0.976627
vn 0.562668 -0.820888 0.097712
vn 0.562706 -0.820861 0.097723
vn 0.578564 -0.815274 -0.024338
vn 0.578561 -0.815276 -0.024339
vn 0.102258 0.074093 -0.991995
vn 0.091620 0.070312 -0.993309
vn -0.594656 0.803577 -0.025445
vn -0.594662 0.803573 -0.025442
vn -0.598675 0.798569 0.062253
vn -0.602717 0.795433 0.063394
vn -0.412364 0.494177 0.765340
vn -0.412859 0.493058 0.765795
vn 0.064622 -0.159647 0.985057
vn 0.063719 -0.161793 0.984765
vn 0.585491 -0.804763 0.097756
vn 0.591001 -0.800532 0.099329
vn 0.599578 -0.799946 -0.024337
vn 0.599575 -0.799949 -0.024339
vn 0.094452 0.072486 -0.992887
vn 0.083522 0.068179 -0.994171
vn -0.617591 0.786088 -0.025445
vn -0.617597 0.786083 -0.025442
vn -0.617918 0.783683 0.063389
vn -0.625014 0.777864 0.065463
vn -0.386472 0.513596 0.766067
vn -0.386239 0.514133 0.765824
vn 0.118706 -0.119789 0.985677
vn 0.119111 -0.118749 0.985754
vn 0.608701 -0.787156 0.099345
vn 0.618514 -0.779096 0.102222
vn 0.622122 -0.782542 -0.024337
vn 0.622119 -0.782544 -0.024339
vn 0.085800 0.070038 -0.993848
vn 0.074537 0.065098 -0.995091
vn -0.642186 0.766127 -0.025444
vn -0.642193 0.766121 -0.025441
vn -0.640102 0.765496 0.065460
vn -0.648872 0.757842 0.068127
vn -0.378864 0.519915 0.765604
vn -0.378135 0.521662 0.764776
vn 0.150514 -0.092784 0.984244
vn 0.151771 -0.089278 0.984375
vn 0.633472 -0.766982 0.102229
vn 0.645538 -0.756349 0.105910
vn 0.646293 -0.762701 -0.024337
vn 0.646291 -0.762703 -0.024338
vn 0.070348 0.061439 -0.995629
vn 0.059890 0.056317 -0.996615
vn -0.669084 0.742751 -0.025443
vn -0.669090 0.742746 -0.025440
vn -0.665647 0.743151 0.068125
vn -0.674317 0.735032 0.070882
vn -0.388658 0.513070 0.765313
vn -0.387703 0.515499 0.764164
vn 0.163064 -0.079203 0.983431
vn 0.164664 -0.074312 0.983546
vn 0.660874 -0.742985 0.105912
vn 0.672660 -0.731777 0.109687
vn 0.672422 -0.739768 -0.024336
vn 0.672419 -0.739770 -0.024337
vn 0.050537 0.047522 -0.997591
vn 0.042102 0.042902 -0.998192
vn -0.697522 0.716112 -0.025442
vn -0.697527 0.716106 -0.025440
vn -0.694015 0.716463 0.070879
vn -0.700784 0.709615 0.073126
vn -0.415076 0.491448 0.765631
vn -0.414242 0.493761 0.764594
vn 0.157561 -0.081137 0.984170
vn 0.158908 -0.076599 0.984317
vn 0.690147 -0.715309 0.109685
vn 0.699192 -0.705990 0.112737
vn 0.699928 -0.713799 -0.024335
vn 0.699926 -0.713801 -0.024336
vn 0.031304 0.031899 -0.999001
vn 0.025392 0.028267 -0.999278
vn -0.727441 0.685698 -0.025441
vn -0.727446 0.685693 -0.025439
vn -0.725209 0.684635 0.073122
vn -0.728726 0.680760 0.074325
vn -0.455066 0.453928 0.766071
vn -0.454709 0.455043 0.765621
vn 0.137652 -0.098562 0.985565
vn 0.138201 -0.096505 0.985691
vn 0.720967 -0.683738 0.112732
vn 0.725541 -0.678612 0.114350
vn 0.728961 -0.684122 -0.024335
vn 0.728961 -0.684123 -0.024335
vn 0.018201 0.020262 -0.999629
vn 0.014308 0.017569 -0.999743
vn -0.758671 0.650977 -0.025440
vn -0.758675 0.650972 -0.025438
vn -0.758837 0.647026 0.074314
vn -0.758594 0.647321 0.074229
vn -0.503427 0.400680 0.765518
vn -0.503846 0.399128 0.766052
vn 0.108804 -0.129216 0.985629
vn 0.108134 -0.132062 0.985326
vn 0.752796 -0.648246 0.114348
vn 0.752415 -0.648713 0.114207
vn 0.759592 -0.649945 -0.024334
vn 0.759592 -0.649945 -0.024333
vn 0.021603 0.026527 -0.999415
vn 0.016421 0.022480 -0.999612
vn -0.790539 0.611884 -0.025439
vn -0.790543 0.611878 -0.025436
vn -0.794292 0.602987 0.074206
vn -0.790751 0.607773 0.072969
vn -0.557577 0.328339 0.762431
vn -0.558914 0.321858 0.764214
vn 0.072360 -0.175067 0.981894
vn 0.070220 -0.185880 0.980060
vn 0.784285 -0.609795 0.114223
vn 0.779725 -0.615937 0.112473
vn 0.791584 -0.610576 -0.024332
vn 0.791584 -0.610576 -0.024332
vn 0.038209 0.052307 -0.997900
vn 0.027991 0.043266 -0.998671
vn -0.822272 0.568525 -0.025438
vn -0.822279 0.568515 -0.025434
vn -0.829684 0.553450 0.072925
vn -0.824023 0.562098 0.070939
vn -0.607259 0.244101 0.756076
vn -0.609030 0.230725 0.758847
vn 0.038687 -0.227049 0.973115
vn 0.035551 -0.247586 0.968213
vn 0.815044 -0.568367 0.112525
vn 0.807896 -0.579031 0.109671
vn 0.824033 -0.566019 -0.024330
vn 0.824032 -0.566021 -0.024331
vn 0.058959 0.091133 -0.994092
vn 0.041538 0.073611 -0.996422
vn -0.853663 0.520204 -0.025437
vn -0.853673 0.520188 -0.025432
vn -0.863581 0.499205 0.070872
vn -0.857250 0.510308 0.068613
vn -0.644044 0.159967 0.748076
vn -0.645187 0.139172 0.751242
vn 0.018170 -0.272505 0.961983
vn 0.015202 -0.302235 0.953112
vn 0.845444 -0.522661 0.109771
vn 0.837500 -0.535970 0.106444
vn 0.856261 -0.515969 -0.024328
vn 0.856258 -0.515976 -0.024331
vn 0.075304 0.133447 -0.988191
vn 0.051143 0.105764 -0.993075
vn -0.883731 0.467303 -0.025437
vn -0.883745 0.467278 -0.025430
vn -0.894411 0.441966 0.068529
vn -0.888667 0.453724 0.066378
vn -0.665165 0.087273 0.741579
vn -0.664642 0.060735 0.744690
vn 0.015251 -0.302157 0.953136
vn 0.013747 -0.338414 0.940897
vn 0.874971 -0.472298 0.106588
vn 0.867698 -0.486233 0.103333
vn 0.886974 -0.461178 -0.024326
vn 0.886968 -0.461189 -0.024330
vn 0.094213 0.194831 -0.976302
vn 0.062058 0.152943 -0.986285
vn -0.911275 0.411012 -0.025437
vn -0.911292 0.410976 -0.025428
vn -0.922079 0.381283 0.066281
vn -0.917730 0.391934 0.064496
vn -0.677662 0.015539 0.735210
vn -0.674590 -0.015654 0.738027
vn 0.019208 -0.328458 0.944323
vn 0.020161 -0.369664 0.928947
vn 0.901860 -0.419446 0.103508
vn 0.896150 -0.432176 0.100695
vn 0.915272 -0.402101 -0.024324
vn 0.915265 -0.402118 -0.024331
vn 0.087058 0.214554 -0.972825
vn 0.055571 0.167570 -0.984293
vn -0.935965 0.351172 -0.025437
vn -0.935980 0.351133 -0.025427
vn -0.944357 0.322555 0.064405
vn -0.941635 0.330665 0.063112
vn -0.674290 -0.014241 0.738329
vn -0.669737 -0.043610 0.741317
vn 0.047378 -0.311649 0.949015
vn 0.050734 -0.351156 0.934941
vn 0.927232 -0.360641 0.100888
vn 0.923484 -0.370704 0.098777
vn 0.939613 -0.341374 -0.024324
vn 0.939606 -0.341393 -0.024331
vn 0.083938 0.253111 -0.963789
vn 0.052294 0.199374 -0.978527
vn -0.956494 0.290641 -0.025438
vn -0.956507 0.290599 -0.025428
vn -0.962980 0.262101 0.063028
vn -0.961754 0.266733 0.062305
vn -0.670509 -0.048633 0.740305
vn -0.664596 -0.075500 0.743379
vn 0.070881 -0.299341 0.951510
vn 0.076543 -0.336160 0.938689
vn 0.948004 -0.302484 0.098956
vn 0.946085 -0.308845 0.097657
vn 0.959966 -0.279059 -0.024324
vn 0.959959 -0.279083 -0.024332
vn 0.069481 0.264900 -0.961769
vn 0.042094 0.211934 -0.976377
vn -0.972651 0.230874 -0.025439
vn -0.972661 0.230833 -0.025429
vn -0.976726 0.205261 0.062235
vn -0.976566 0.206060 0.062108
vn -0.662780 -0.058050 0.746561
vn -0.657010 -0.079043 0.749727
vn 0.099696 -0.262067 0.959886
vn 0.106430 -0.292198 0.950417
vn 0.964869 -0.243841 0.097822
vn 0.964392 -0.245884 0.097409
vn 0.975499 -0.218657 -0.024325
vn 0.975493 -0.218680 -0.024333
vn 0.050842 0.255973 -0.965346
vn 0.029555 0.209170 -0.977432
vn -0.984554 0.173224 -0.025440
vn -0.984560 0.173193 -0.025432
vn -0.986389 0.152272 0.062056
vn -0.986801 0.149371 0.062540
vn -0.654950 -0.050282 0.753997
vn -0.650402 -0.064278 0.756866
vn 0.126762 -0.206978 0.970099
vn 0.133066 -0.228304 0.964454
vn 0.977594 -0.186532 0.097545
vn 0.978015 -0.184048 0.098051
vn 0.986584 -0.161431 -0.024327
vn 0.986580 -0.161453 -0.024335
vn 0.036498 0.258314 -0.965371
vn 0.019765 0.217128 -0.975943
vn -0.992326 0.121005 -0.025442
vn -0.992329 0.120980 -0.025434
vn -0.992724 0.102917 0.062500
vn -0.993270 0.096800 0.063596
vn -0.649901 -0.052855 0.758179
vn -0.646355 -0.062045 0.760510
vn 0.143764 -0.166082 0.975576
vn 0.149227 -0.180790 0.972135
vn 0.985902 -0.135512 0.098152
vn 0.986655 -0.128846 0.099553
vn 0.993749 -0.108954 -0.024329
vn 0.993747 -0.108974 -0.024336
vn 0.023641 0.259708 -0.965398
vn 0.010775 0.224758 -0.974355
vn -0.996873 0.074808 -0.025443
vn -0.996875 0.074788 -0.025437
vn -0.996249 0.058708 0.063565
vn -0.996609 0.050163 0.065228
vn -0.646329 -0.060095 0.760689
vn -0.643626 -0.066090 0.762481
vn 0.154563 -0.134601 0.978771
vn 0.159023 -0.144587 0.976630
vn 0.990884 -0.090680 0.099629
vn 0.991528 -0.080618 0.101847
vn 0.997747 -0.062524 -0.024331
vn 0.997746 -0.062542 -0.024338
vn 0.012210 0.254674 -0.966950
vn 0.002730 0.226652 -0.973972
vn -0.999054 0.035263 -0.025444
vn -0.999055 0.035247 -0.025439
vn -0.997659 0.020618 0.065204
vn -0.997674 0.010692 0.067321
vn -0.643562 -0.070132 0.762174
vn -0.641529 -0.074068 0.763515
vn 0.161268 -0.111717 0.980567
vn 0.164783 -0.118492 0.979186
vn 0.993423 -0.052211 0.101902
vn 0.993694 -0.039973 0.104762
vn 0.999438 -0.023051 -0.024333
vn 0.999438 -0.023065 -0.024339
vn 0.002981 0.247498 -0.968884
vn -0.003718 0.226382 -0.974032
vn -0.999673 0.002657 -0.025445
vn -0.999673 0.002646 -0.025442
vn -0.997665 -0.011602 0.067303
vn -0.997335 -0.021677 0.069665
vn -0.640910 -0.087790 0.762580
vn -0.639279 -0.090581 0.763621
vn 0.165221 -0.104117 0.980745
vn 0.168102 -0.109026 0.979722
vn 0.994279 -0.020635 0.104799
vn 0.994121 -0.007834 0.107994
vn 0.999660 0.009359 -0.024335
vn 0.999660 0.009347 -0.024340
vn -0.003886 0.236621 -0.971594
vn -0.008309 0.222074 -0.974994
vn -0.999427 -0.022330 -0.025446
vn -0.999427 -0.022337 -0.025443
vn -0.996880 -0.037136 0.069651
vn -0.996349 -0.046000 0.071927
vn -0.637740 -0.111153 0.762190
vn -0.636383 -0.113240 0.763016
vn 0.168098 -0.110792 0.979524
vn 0.170513 -0.114515 0.978679
vn 0.994142 0.003682 0.108017
vn 0.993695 0.015173 0.111086
vn 0.999126 0.033972 -0.024337
vn 0.999127 0.033964 -0.024340
vn -0.008104 0.216587 -0.976230
vn -0.010672 0.207924 -0.978087
vn -0.998864 -0.040288 -0.025446
vn -0.998864 -0.040292 -0.025445
vn -0.995844 -0.055879 0.071917
vn -0.995343 -0.062172 0.073669
vn -0.634219 -0.134402 0.761382
vn -0.633177 -0.135874 0.761988
vn 0.170674 -0.124444 0.977437
vn 0.172530 -0.127087 0.976771
vn 0.993566 0.021981 0.111100
vn 0.993082 0.030267 0.113451
vn 0.998400 0.051044 -0.024338
vn 0.998400 0.051039 -0.024341
vn -0.009844 0.191777 -0.981389
vn -0.010931 0.188105 -0.982088
vn -0.998353 -0.051417 -0.025446
vn -0.998353 -0.051419 -0.025446
vn -0.994950 -0.068176 0.073663
vn -0.994709 -0.070795 0.074442
vn -0.630355 -0.158287 0.759998
vn -0.629753 -0.159081 0.760332
vn 0.173034 -0.145913 0.974048
vn 0.174098 -0.147335 0.973644
vn 0.992951 0.034271 0.113460
vn 0.992706 0.037756 0.114498
vn 0.997840 0.061019 -0.024339
vn 0.997840 0.061017 -0.024341
vn -0.009197 0.158272 -0.987353
vn -0.009183 0.158318 -0.987346
vn -0.998136 -0.055472 -0.025446
vn -0.998136 -0.055472 -0.025446
vn -0.994561 -0.072844 0.074440
vn -0.994714 -0.071255 0.073943
vn -0.627476 -0.174969 0.758722
vn -0.627487 -0.174956 0.758717
vn 0.174641 -0.165535 0.970618
vn 0.174623 -0.165512 0.970625
vn 0.992584 0.040810 0.114505
vn 0.992750 0.038609 0.113828
vn 0.997688 0.063455 -0.024340
vn 0.997688 0.063455 -0.024340
vn -0.007041 0.121390 -0.992580
vn -0.006336 0.123633 -0.992308
vn -0.998262 -0.053155 -0.025446
vn -0.998262 -0.053155 -0.025446
vn -0.994771 -0.070443 0.073944
vn -0.995274 -0.064960 0.072175
vn -0.626220 -0.183324 0.757787
vn -0.626945 -0.182442 0.757401
vn 0.175035 -0.180911 0.967798
vn 0.173761 -0.179338 0.968321
vn 0.992622 0.041763 0.113834
vn 0.993188 0.034051 0.111439
vn 0.997941 0.059332 -0.024341
vn 0.997941 0.059334 -0.024340
vn -0.004613 0.090000 -0.995931
vn -0.003538 0.093207 -0.995640
vn -0.998712 -0.043889 -0.025446
vn -0.998712 -0.043888 -0.025446
vn -0.995551 -0.060562 0.072178
vn -0.996207 -0.052367 0.069497
vn -0.626871 -0.182931 0.757343
vn -0.628332 -0.181173 0.756555
vn 0.173985 -0.191739 0.965901
vn 0.171403 -0.188599 0.966981
vn 0.993135 0.035536 0.111442
vn 0.993890 0.023724 0.107794
vn 0.998525 0.048526 -0.024341
vn 0.998525 0.048528 -0.024339
vn -0.002735 0.072067 -0.997396
vn -0.001399 0.075737 -0.997127
vn -0.999285 -0.027982 -0.025445
vn -0.999285 -0.027982 -0.025445
vn -0.996626 -0.043663 0.069504
vn -0.997186 -0.034566 0.066529
vn -0.629484 -0.172822 0.757550
vn -0.631572 -0.170292 0.756385
vn 0.171433 -0.196147 0.965472
vn 0.167703 -0.191599 0.967040
vn 0.993940 0.021547 0.107791
vn 0.994574 0.008132 0.103714
vn 0.999199 0.031752 -0.024340
vn 0.999199 0.031756 -0.024338
vn -0.001264 0.068457 -0.997653
vn 0.000510 0.072878 -0.997341
vn -0.999661 -0.005585 -0.025444
vn -0.999661 -0.005584 -0.025444
vn -0.997591 -0.019637 0.066538
vn -0.997884 -0.011699 0.063952
vn -0.634135 -0.147900 0.758946
vn -0.636566 -0.144877 0.757492
vn 0.167765 -0.187331 0.967865
vn 0.163318 -0.181792 0.969680
vn 0.994608 -0.000189 0.103702
vn 0.994900 -0.012125 0.100139
vn 0.999661 0.009212 -0.024340
vn 0.999661 0.009217 -0.024337
vn 0.000561 0.080249 -0.996775
vn 0.003287 0.086356 -0.996259
vn -0.999410 0.023091 -0.025443
vn -0.999410 0.023092 -0.025443
vn -0.997890 0.011112 0.063963
vn -0.997925 0.016000 0.062367
vn -0.639499 -0.107049 0.761303
vn -0.641849 -0.104000 0.759746
vn 0.163983 -0.163363 0.972842
vn 0.159530 -0.157588 0.974534
vn 0.994538 -0.029524 0.100115
vn 0.994508 -0.036940 0.097925
vn 0.999527 -0.018821 -0.024339
vn 0.999527 -0.018816 -0.024336
vn 0.003658 0.096106 -0.995364
vn 0.007775 0.104344 -0.994511
vn -0.998041 0.057151 -0.025442
vn -0.998041 0.057153 -0.025443
vn -0.996891 0.048139 0.062378
vn -0.996878 0.048620 0.062218
vn -0.643360 -0.046286 0.764163
vn -0.645081 -0.043926 0.762851
vn 0.161919 -0.117998 0.979724
vn 0.158497 -0.113302 0.980837
vn 0.993097 -0.064619 0.097890
vn 0.993076 -0.065193 0.097721
vn 0.998350 -0.052014 -0.024338
vn 0.998350 -0.052007 -0.024335
vn 0.006739 0.090432 -0.995880
vn 0.011456 0.098878 -0.995034
vn -0.995070 0.095859 -0.025440
vn -0.995070 0.095861 -0.025442
vn -0.993817 0.091958 0.062229
vn -0.994111 0.087627 0.063750
vn -0.641396 0.041856 0.766068
vn -0.641800 0.042447 0.765696
vn 0.164732 -0.040314 0.985514
vn 0.163895 -0.039085 0.985703
vn 0.989898 -0.102766 0.097683
vn 0.990407 -0.095516 0.099858
vn 0.995551 -0.091022 -0.024337
vn 0.995552 -0.091015 -0.024334
vn 0.012141 0.104790 -0.994420
vn 0.018603 0.115097 -0.993180
vn -0.989978 0.138910 -0.025439
vn -0.989978 0.138913 -0.025441
vn -0.988488 0.137211 0.063758
vn -0.989393 0.128968 0.066846
vn -0.634889 0.102587 0.765763
vn -0.634582 0.102107 0.766081
vn 0.168154 -0.002411 0.985758
vn 0.168886 -0.003569 0.985629
vn 0.984070 -0.147109 0.099822
vn 0.985588 -0.133297 0.104155
vn 0.990777 -0.133300 -0.024336
vn 0.990778 -0.133292 -0.024332
vn 0.017512 0.108348 -0.993959
vn 0.025222 0.119330 -0.992534
vn -0.982370 0.185210 -0.025438
vn -0.982369 0.185214 -0.025440
vn -0.980645 0.184025 0.066856
vn -0.982132 0.174389 0.070743
vn -0.627966 0.140113 0.765524
vn -0.627487 0.139299 0.766065
vn 0.169538 0.000579 0.985523
vn 0.170652 -0.001346 0.985330
vn 0.975455 -0.194028 0.104122
vn 0.977936 -0.177903 0.109505
vn 0.983468 -0.179438 -0.024336
vn 0.983470 -0.179430 -0.024331
vn 0.025559 0.120926 -0.992332
vn 0.035240 0.133238 -0.990457
vn -0.971954 0.233792 -0.025437
vn -0.971952 0.233798 -0.025440
vn -0.970999 0.228370 0.070762
vn -0.972425 0.221232 0.073796
vn -0.629953 0.127653 0.766070
vn -0.630402 0.128509 0.765558
vn 0.156823 -0.066802 0.985365
vn 0.155866 -0.064957 0.985640
vn 0.963536 -0.244165 0.109463
vn 0.965937 -0.232476 0.113673
vn 0.973505 -0.227367 -0.024335
vn 0.973507 -0.227358 -0.024330
vn 0.038262 0.144664 -0.988741
vn 0.050980 0.159092 -0.985947
vn -0.958507 0.283933 -0.025435
vn -0.958504 0.283942 -0.025440
vn -0.960151 0.269552 0.073832
vn -0.960336 0.268805 0.074152
vn -0.642881 0.071645 0.762608
vn -0.645185 0.076611 0.760176
vn 0.120163 -0.192201 0.973971
vn 0.115577 -0.182407 0.976407
vn 0.948109 -0.296964 0.113587
vn 0.948521 -0.295415 0.114186
vn 0.960770 -0.276276 -0.024335
vn 0.960773 -0.276267 -0.024330
vn 0.053140 0.165833 -0.984721
vn 0.068803 0.181725 -0.980939
vn -0.942273 0.333879 -0.025435
vn -0.942269 0.333889 -0.025440
vn -0.947757 0.310243 0.074202
vn -0.945736 0.316994 0.071400
vn -0.658869 0.011881 0.752164
vn -0.663026 0.021845 0.748277
vn 0.067848 -0.314840 0.946717
vn 0.060276 -0.297530 0.952808
vn 0.930196 -0.348892 0.114056
vn 0.927225 -0.357843 0.110462
vn 0.945365 -0.325105 -0.024335
vn 0.945368 -0.325095 -0.024329
vn 0.050799 0.134172 -0.989655
vn 0.063728 0.146144 -0.987209
vn -0.924046 0.381435 -0.025435
vn -0.924041 0.381445 -0.025441
vn -0.931124 0.357635 0.071452
vn -0.927281 0.368291 0.067161
vn -0.662432 0.024467 0.748722
vn -0.666344 0.035273 0.744809
vn 0.040580 -0.342722 0.938560
vn 0.033534 -0.324499 0.945291
vn 0.913128 -0.392451 0.110359
vn 0.907357 -0.407133 0.104626
vn 0.926893 -0.374536 -0.024335
vn 0.926895 -0.374531 -0.024332
vn 0.041332 0.094784 -0.994639
vn 0.046671 0.099804 -0.993912
vn -0.904617 0.425465 -0.025436
vn -0.904609 0.425483 -0.025446
vn -0.910967 0.406969 0.067195
vn -0.906966 0.416326 0.063912
vn -0.650510 0.090946 0.754033
vn -0.651819 0.096081 0.752263
vn 0.045703 -0.299823 0.952899
vn 0.043281 -0.290467 0.955906
vn 0.895712 -0.432166 0.104556
vn 0.889627 -0.445596 0.100035
vn 0.906538 -0.421422 -0.024334
vn 0.906532 -0.421434 -0.024341
vn 0.867369 -0.497666 -0.000000
vn 0.867369 -0.497666 -0.000000
vn 0.867369 -0.497666 0.000000
vn 0.867369 -0.497666 0.000000
vn 0.867369 -0.497666 0.000000
vn 0.867369 -0.497666 -0.000000
vn 0.867369 -0.497666 0.000000
vn 0.423596 0.905851 -0.000000
vn 0.423596 0.905851 0.000000
vn 0.423596 0.905851 -0.000000
vn 0.423596 0.905851 0.000000
vn 0.423596 0.905851 0.000000
vn 0.423596 0.905851 0.000000
vn 0.423596 0.905851 -0.000000
vn 0.098624 -0.056500 -0.993520
vn 0.101219 -0.059473 -0.993085
vn 0.499531 0.865922 -0.025446
vn 0.499530 0.865923 -0.025445
vn 0.489064 0.869948 0.063293
vn 0.489915 0.869488 0.063042
vn 0.231777 0.604305 0.762296
vn 0.233096 0.604385 0.761830
vn -0.194815 -0.079623 0.977603
vn -0.192385 -0.079509 0.978093
vn -0.504704 -0.857574 0.099199
vn -0.505915 -0.856899 0.098866
vn -0.494365 -0.868913 -0.024341
vn -0.494361 -0.868916 -0.024338
vn 0.072256 -0.042456 -0.996482
vn 0.076161 -0.046918 -0.995991
vn 0.518191 0.854886 -0.025444
vn 0.518195 0.854884 -0.025446
vn 0.510358 0.857648 0.063052
vn 0.510979 0.857291 0.062871
vn 0.267263 0.586780 0.764369
vn 0.269082 0.586811 0.763706
vn -0.170978 -0.092642 0.980910
vn -0.167254 -0.092641 0.981552
vn -0.521658 -0.847409 0.098846
vn -0.522527 -0.846900 0.098622
vn -0.514570 -0.857103 -0.024340
vn -0.514569 -0.857104 -0.024339
vn 0.035933 -0.022136 -0.999109
vn 0.037418 -0.023916 -0.999013
vn 0.532940 0.845770 -0.025445
vn 0.532942 0.845769 -0.025446
vn 0.528450 0.846633 0.062877
vn 0.528912 0.846354 0.062738
vn 0.308293 0.564570 0.765648
vn 0.309033 0.564568 0.765351
vn -0.133286 -0.114151 0.984482
vn -0.131727 -0.114162 0.984690
vn -0.533356 -0.840123 0.098613
vn -0.534052 -0.839702 0.098430
vn -0.531166 -0.846918 -0.024340
vn -0.531165 -0.846919 -0.024340
vn -0.004150 0.002653 -0.999988
vn -0.004283 0.002818 -0.999987
vn 0.544413 0.838431 -0.025446
vn 0.544413 0.838431 -0.025446
vn 0.543537 0.837037 0.062739
vn 0.543883 0.836820 0.062632
vn 0.349048 0.539715 0.766077
vn 0.349060 0.539715 0.766071
vn -0.092551 -0.139443 0.985895
vn -0.092509 -0.139444 0.985899
vn -0.541650 -0.834822 0.098428
vn -0.542217 -0.834471 0.098276
vn -0.544661 -0.838303 -0.024340
vn -0.544662 -0.838302 -0.024340
vn -0.042212 0.027775 -0.998723
vn -0.043179 0.029027 -0.998646
vn 0.553247 0.832628 -0.025446
vn 0.553247 0.832629 -0.025446
vn 0.555778 0.828968 0.062630
vn 0.556041 0.828798 0.062545
vn 0.385483 0.515178 0.765503
vn 0.385109 0.515187 0.765685
vn -0.054384 -0.164327 0.984906
vn -0.055192 -0.164320 0.984862
vn -0.547565 -0.830972 0.098278
vn -0.548030 -0.830680 0.098151
vn -0.555410 -0.831220 -0.024340
vn -0.555411 -0.831220 -0.024341
vn -0.070401 0.047328 -0.996395
vn -0.071438 0.048717 -0.996255
vn 0.559262 0.828600 -0.025446
vn 0.559262 0.828601 -0.025446
vn 0.564323 0.823182 0.062543
vn 0.564534 0.823043 0.062473
vn 0.411649 0.496117 0.764469
vn 0.411223 0.496129 0.764691
vn -0.026543 -0.183143 0.982728
vn -0.027490 -0.183140 0.982702
vn -0.551465 -0.828403 0.098154
vn -0.551851 -0.828159 0.098048
vn -0.562830 -0.826214 -0.024340
vn -0.562831 -0.826214 -0.024341
vn -0.085299 0.058169 -0.994656
vn -0.085911 0.059008 -0.994554
vn 0.563157 0.825958 -0.025446
vn 0.563157 0.825958 -0.025446
vn 0.569569 0.819566 0.062470
vn 0.569747 0.819447 0.062410
vn 0.425800 0.485205 0.763722
vn 0.425541 0.485211 0.763862
vn -0.012294 -0.193172 0.981088
vn -0.012873 -0.193174 0.981080
vn -0.554296 -0.826524 0.098050
vn -0.554617 -0.826319 0.097961
vn -0.567461 -0.823040 -0.024340
vn -0.567462 -0.823040 -0.024341
vn -0.088594 0.060851 -0.994207
vn -0.088591 0.060847 -0.994208
vn 0.564341 0.825150 -0.025446
vn 0.564341 0.825150 -0.025446
vn 0.571068 0.818527 0.062409
vn 0.571230 0.818418 0.062353
vn 0.429123 0.482475 0.763591
vn 0.429124 0.482475 0.763590
vn -0.009576 -0.195357 0.980685
vn -0.009573 -0.195357 0.980685
vn -0.555310 -0.825854 0.097961
vn -0.555585 -0.825678 0.097883
vn -0.568791 -0.822122 -0.024340
vn -0.568791 -0.822122 -0.024340
vn -0.085348 0.058619 -0.994625
vn -0.084717 0.057732 -0.994731
vn 0.563154 0.825960 -0.025446
vn 0.563154 0.825960 -0.025446
vn 0.569607 0.819548 0.062353
vn 0.569764 0.819444 0.062299
vn 0.425834 0.484989 0.763840
vn 0.426112 0.484987 0.763686
vn -0.013134 -0.192999 0.981111
vn -0.012521 -0.192986 0.981122
vn -0.554453 -0.826439 0.097881
vn -0.554694 -0.826285 0.097811
vn -0.567415 -0.823072 -0.024341
vn -0.567414 -0.823073 -0.024340
vn -0.071825 0.048946 -0.996216
vn -0.070725 0.047399 -0.996369
vn 0.558792 0.828917 -0.025446
vn 0.558792 0.828917 -0.025446
vn 0.564060 0.823380 0.062301
vn 0.564216 0.823277 0.062247
vn 0.412631 0.495100 0.764599
vn 0.413123 0.495103 0.764332
vn -0.026291 -0.183904 0.982593
vn -0.025228 -0.183866 0.982628
vn -0.551170 -0.828641 0.097807
vn -0.551393 -0.828500 0.097740
vn -0.562350 -0.826541 -0.024341
vn -0.562349 -0.826542 -0.024340
vn -0.055627 0.037280 -0.997755
vn -0.054333 0.035473 -0.997893
vn 0.551125 0.834035 -0.025446
vn 0.551125 0.834034 -0.025446
vn 0.554979 0.829532 0.062250
vn 0.555135 0.829432 0.062195
vn 0.395279 0.508026 0.765287
vn 0.395864 0.508041 0.764974
vn -0.041199 -0.173439 0.983982
vn -0.039970 -0.173373 0.984045
vn -0.544746 -0.832886 0.097734
vn -0.544958 -0.832755 0.097669
vn -0.553851 -0.832260 -0.024340
vn -0.553850 -0.832261 -0.024340
vn -0.034881 0.022773 -0.999132
vn -0.033758 0.021228 -0.999205
vn 0.539734 0.841451 -0.025445
vn 0.539734 0.841451 -0.025445
vn 0.541790 0.838209 0.062198
vn 0.541937 0.838118 0.062146
vn 0.372147 0.524396 0.765843
vn 0.372659 0.524422 0.765576
vn -0.059388 -0.160925 0.985178
vn -0.058360 -0.160845 0.985253
vn -0.534881 -0.839264 0.097663
vn -0.535079 -0.839145 0.097600
vn -0.541404 -0.840410 -0.024340
vn -0.541402 -0.840412 -0.024339
vn -0.005088 0.003200 -0.999982
vn -0.004873 0.002910 -0.999984
vn 0.523811 0.851454 -0.025445
vn 0.523810 0.851455 -0.025444
vn 0.523303 0.849877 0.062149
vn 0.523418 0.849810 0.062108
vn 0.339417 0.545822 0.766077
vn 0.339512 0.545830 0.766029
vn -0.084497 -0.144536 0.985885
vn -0.084369 -0.144522 0.985898
vn -0.521049 -0.847929 0.097597
vn -0.521216 -0.847832 0.097542
vn -0.523986 -0.851379 -0.024339
vn -0.523984 -0.851380 -0.024338
vn 0.033683 -0.020115 -0.999230
vn 0.031877 -0.017757 -0.999334
vn 0.502452 0.864230 -0.025445
vn 0.502448 0.864233 -0.025442
vn 0.498637 0.864583 0.062107
vn 0.498668 0.864566 0.062096
vn 0.296797 0.570853 0.765531
vn 0.295946 0.570747 0.765940
vn -0.115494 -0.125818 0.985308
vn -0.117228 -0.126086 0.985068
vn -0.502285 -0.859183 0.097545
vn -0.502378 -0.859132 0.097513
vn -0.500689 -0.865285 -0.024338
vn -0.500687 -0.865286 -0.024337
vn 0.074706 -0.041615 -0.996337
vn 0.069752 -0.035386 -0.996937
vn 0.473933 0.880193 -0.025444
vn 0.473924 0.880198 -0.025439
vn 0.466682 0.882243 0.062089
vn 0.466529 0.882320 0.062142
vn 0.248868 0.595186 0.764080
vn 0.246547 0.594774 0.765153
vn -0.144972 -0.110282 0.983271
vn -0.149370 -0.111217 0.982507
vn -0.476401 -0.873802 0.097530
vn -0.476322 -0.873842 0.097559
vn -0.470112 -0.882271 -0.024336
vn -0.470111 -0.882272 -0.024336
vn 0.103312 -0.052411 -0.993267
vn 0.094932 -0.042394 -0.994581
vn 0.436215 0.899483 -0.025442
vn 0.436200 0.899490 -0.025434
vn 0.426765 0.902226 0.062127
vn 0.426262 0.902452 0.062303
vn 0.206738 0.612730 0.762772
vn 0.202995 0.611822 0.764504
vn -0.158449 -0.106441 0.981613
vn -0.165292 -0.108404 0.980269
vn -0.440386 -0.892488 0.097595
vn -0.439932 -0.892694 0.097765
vn -0.430891 -0.902076 -0.024334
vn -0.430889 -0.902077 -0.024333
vn 0.105045 -0.046911 -0.993360
vn 0.094634 -0.035314 -0.994886
vn 0.386028 0.922136 -0.025439
vn 0.386006 0.922146 -0.025427
vn 0.377069 0.924089 0.062284
vn 0.375939 0.924521 0.062690
vn 0.180962 0.620395 0.763127
vn 0.176998 0.619108 0.765099
vn -0.141646 -0.119414 0.982689
vn -0.148942 -0.122191 0.981267
vn -0.390134 -0.915547 0.097821
vn -0.388910 -0.916016 0.098300
vn -0.380458 -0.924478 -0.024330
vn -0.380454 -0.924480 -0.024327
vn 0.072064 -0.026892 -0.997037
vn 0.063357 -0.018086 -0.997827
vn 0.319975 0.947084 -0.025434
vn 0.319948 0.947094 -0.025417
vn 0.315081 0.946993 0.062676
vn 0.312910 0.947658 0.063499
vn 0.176314 0.619338 0.765071
vn 0.174578 0.618583 0.766080
vn -0.086304 -0.146325 0.985465
vn -0.089964 -0.148159 0.984863
vn -0.321918 -0.941645 0.098358
vn -0.319243 -0.942440 0.099449
vn -0.315727 -0.948538 -0.024325
vn -0.315717 -0.948542 -0.024318
vn 0.019586 -0.005591 -0.999793
vn 0.016738 -0.003042 -0.999855
vn 0.234818 0.971707 -0.025425
vn 0.234786 0.971715 -0.025405
vn 0.236353 0.969590 0.063504
vn 0.232600 0.970395 0.065045
vn 0.179170 0.617270 0.766078
vn 0.181635 0.618747 0.764304
vn -0.005233 -0.172373 0.985018
vn -0.001328 -0.169766 0.985484
vn -0.233591 -0.967233 0.099482
vn -0.228522 -0.968217 0.101651
vn -0.232659 -0.972254 -0.024318
vn -0.232640 -0.972259 -0.024304
vn -0.012710 0.002310 -0.999917
vn -0.010530 0.000643 -0.999944
vn 0.127694 0.991488 -0.025412
vn 0.127660 0.991493 -0.025389
vn 0.134433 0.988783 0.065080
vn 0.128639 0.989378 0.067705
vn 0.156025 0.624344 0.765409
vn 0.161749 0.629166 0.760255
vn 0.064838 -0.181073 0.981330
vn 0.075263 -0.171631 0.982282
vn -0.124830 -0.986958 0.101640
vn -0.116706 -0.987560 0.105382
vn -0.126783 -0.991633 -0.024307
vn -0.126758 -0.991636 -0.024287
vn 0.012994 -0.000794 -0.999915
vn 0.010418 0.000795 -0.999945
vn -0.000443 0.999677 -0.025398
vn -0.000478 0.999678 -0.025373
vn 0.005581 0.997686 0.067759
vn -0.001705 0.997449 0.071365
vn 0.067197 0.639584 0.765779
vn 0.072207 0.645380 0.760441
vn 0.078702 -0.171790 0.981985
vn 0.087627 -0.160661 0.983112
vn 0.001070 -0.994435 0.105348
vn 0.010817 -0.993830 0.110382
vn 0.002406 -0.999702 -0.024292
vn 0.002427 -0.999702 -0.024274
vn 0.079619 0.006078 -0.996807
vn 0.061894 0.014193 -0.997982
vn -0.144871 0.989125 -0.025385
vn -0.144900 0.989121 -0.025365
vn -0.147130 0.986538 0.071379
vn -0.152418 0.985531 0.074140
vn -0.099796 0.636154 0.765081
vn -0.100002 0.635837 0.765318
vn 0.018957 -0.166374 0.985880
vn 0.018362 -0.167438 0.985712
vn 0.139835 -0.984003 0.110384
vn 0.145936 -0.982702 0.114020
vn 0.149107 -0.988523 -0.024275
vn 0.149111 -0.988523 -0.024271
vn 0.122328 0.028050 -0.992093
vn 0.092753 0.036691 -0.995013
vn -0.294866 0.955202 -0.025377
vn -0.294875 0.955199 -0.025370
vn -0.308505 0.948337 0.074038
vn -0.306036 0.949237 0.072741
vn -0.299212 0.582155 0.756021
vn -0.305818 0.568266 0.763904
vn -0.077176 -0.188193 0.979095
vn -0.085382 -0.211493 0.973643
vn 0.284899 -0.951740 0.114121
vn 0.281677 -0.952953 0.111978
vn 0.299941 -0.953649 -0.024264
vn 0.299928 -0.953653 -0.024278
vn 0.071962 0.028467 -0.997001
vn 0.053613 0.030673 -0.998091
vn -0.436360 0.899414 -0.025375
vn -0.436343 0.899422 -0.025388
vn -0.451621 0.889253 0.072578
vn -0.441992 0.894473 0.067543
vn -0.421912 0.509647 0.749833
vn -0.428373 0.489247 0.759694
vn -0.096666 -0.215599 0.971685
vn -0.102825 -0.247234 0.963484
vn 0.428268 -0.896665 0.112157
vn 0.417265 -0.902712 0.104889
vn 0.438474 -0.898416 -0.024268
vn 0.438454 -0.898425 -0.024288
vn -0.022940 -0.013125 -0.999651
vn -0.017053 -0.012879 -0.999772
vn -0.557364 0.829880 -0.025381
vn -0.557332 0.829901 -0.025407
vn -0.562775 0.823853 0.067454
vn -0.554488 0.829799 0.063063
vn -0.434237 0.485189 0.758966
vn -0.436274 0.474402 0.764596
vn 0.000723 -0.191513 0.981490
vn -0.001016 -0.208778 0.977963
vn 0.554535 -0.825508 0.105011
vn 0.544281 -0.833065 0.098800
vn 0.555178 -0.831377 -0.024283
vn 0.555160 -0.831389 -0.024300
vn -0.050646 -0.038249 -0.997984
vn -0.038134 -0.035884 -0.998628
vn -0.651609 0.758130 -0.025396
vn -0.651581 0.758153 -0.025420
vn -0.647948 0.759070 0.063055
vn -0.646318 0.760532 0.062163
vn -0.403543 0.500516 0.765922
vn -0.403442 0.501823 0.765120
vn 0.126448 -0.114093 0.985390
vn 0.126541 -0.110671 0.985768
vn 0.650300 -0.753223 0.098818
vn 0.648234 -0.755156 0.097629
vn 0.648423 -0.760893 -0.024298
vn 0.648409 -0.760904 -0.024311
vn -0.030093 -0.028317 -0.999146
vn -0.023131 -0.026057 -0.999393
vn -0.722110 0.691312 -0.025412
vn -0.722091 0.691331 -0.025428
vn -0.713694 0.697691 0.062188
vn -0.718230 0.692776 0.064861
vn -0.384276 0.518451 0.763898
vn -0.384416 0.525864 0.758744
vn 0.212126 -0.028055 0.976839
vn 0.211391 -0.011740 0.977331
vn 0.719819 -0.687268 0.097591
vn 0.726335 -0.679815 0.101434
vn 0.720126 -0.693417 -0.024311
vn 0.720116 -0.693427 -0.024321
vn -0.022606 -0.025466 -0.999420
vn -0.017803 -0.023322 -0.999569
vn -0.775386 0.630976 -0.025423
vn -0.775374 0.630990 -0.025434
vn -0.764691 0.641121 0.064890
vn -0.771710 0.632163 0.069525
vn -0.393060 0.517659 0.759956
vn -0.393811 0.526219 0.753662
vn 0.247537 0.031271 0.968374
vn 0.245468 0.050770 0.968074
vn 0.772514 -0.626854 0.101370
vn 0.782740 -0.612927 0.107881
vn 0.773959 -0.632768 -0.024321
vn 0.773953 -0.632776 -0.024327
vn -0.017939 -0.023500 -0.999563
vn -0.013925 -0.021248 -0.999677
vn -0.815131 0.578718 -0.025431
vn -0.815134 0.578714 -0.025429
vn -0.806140 0.587624 0.069549
vn -0.811493 0.579729 0.073442
vn -0.447175 0.468093 0.762183
vn -0.447985 0.475394 0.757173
vn 0.223067 0.019597 0.974606
vn 0.220798 0.035098 0.974688
vn 0.811961 -0.573668 0.107816
vn 0.819527 -0.561745 0.113218
vn 0.814532 -0.579608 -0.024327
vn 0.814536 -0.579603 -0.024323
vn 0.098368 0.150099 0.983765
vn 0.001852 0.040556 -0.999176
vn 0.996622 -0.079038 0.022321
vn 0.998157 -0.055093 0.025445
vn 0.997254 0.043821 -0.059703
vn 0.992933 -0.092673 -0.074131
vn -0.563590 0.311244 0.765176
vn 0.642006 -0.030807 -0.766080
vn 0.149083 -0.077761 0.985762
vn 0.157453 -0.170907 0.972625
vn 0.924161 -0.365540 0.110935
vn 0.920918 -0.374575 0.107720
vn 0.930968 -0.364322 -0.023821
vn 0.931501 -0.363008 -0.023060
vn -0.000182 -0.003995 -0.999992
vn -0.002848 -0.000401 0.999996
vn -0.741988 0.670125 -0.019645
vn -0.742108 0.669996 -0.019522
vn -0.741775 0.668187 0.057413
vn -0.740787 0.669343 0.056700
vn -0.574606 0.412958 0.706607
vn -0.554222 0.491262 0.671937
vn -0.159859 0.136783 -0.977617
vn 0.069085 -0.159079 0.984846
vn -0.734875 0.672480 -0.087917
vn -0.734896 0.672459 -0.087901
vn -0.737697 0.674874 0.018692
vn -0.737756 0.674806 0.018775
vn -0.605496 -0.085280 0.791266
vn -0.039641 -0.024068 -0.998924
vn -0.486779 -0.873290 0.020284
vn -0.631127 -0.775632 0.008539
vn -0.993272 -0.115790 0.001767
vn -0.462602 -0.885727 -0.038560
vn -0.210129 0.614615 0.760325
vn -0.139178 0.649344 0.747651
vn 0.149648 -0.146528 0.977822
vn 0.244650 -0.043797 0.968622
vn 0.405911 -0.907358 0.109261
vn 0.420178 -0.900284 0.113750
vn 0.404117 -0.914407 -0.023419
vn 0.402712 -0.915009 -0.024132
vn -0.013146 -0.007982 -0.999882
vn -0.011829 -0.007736 -0.999900
vn -0.538359 0.842331 -0.025440
vn -0.538350 0.842337 -0.025445
vn -0.537229 0.840152 0.074354
vn -0.535780 0.841132 0.073737
vn -0.351433 0.538398 0.765913
vn -0.351562 0.538074 0.766081
vn 0.083107 -0.145306 0.985890
vn 0.082975 -0.145671 0.985847
vn 0.535617 -0.836678 0.114388
vn 0.533574 -0.838095 0.113561
vn 0.537345 -0.843012 -0.024335
vn 0.537338 -0.843016 -0.024339
vn 0.021028 0.013752 -0.999684
vn 0.019552 0.013440 -0.999719
vn -0.555806 0.830923 -0.025445
vn -0.555807 0.830922 -0.025444
vn -0.563359 0.822916 0.073726
vn -0.556599 0.827752 0.070887
vn -0.441209 0.474840 0.761487
vn -0.442044 0.472441 0.762494
vn -0.014469 -0.207819 0.978060
vn -0.015887 -0.212168 0.977104
vn 0.550703 -0.826940 0.113565
vn 0.541231 -0.833692 0.109662
vn 0.556856 -0.830252 -0.024339
vn 0.556856 -0.830252 -0.024339
vn 0.038327 0.026345 -0.998918
vn 0.035390 0.025662 -0.999044
vn -0.575041 0.817729 -0.025445
vn -0.575043 0.817727 -0.025444
vn -0.586758 0.806656 0.070866
vn -0.577452 0.813663 0.067096
vn -0.492755 0.430937 0.755967
vn -0.494017 0.426808 0.757484
vn -0.063286 -0.242872 0.967992
vn -0.065279 -0.249878 0.966074
vn 0.568833 -0.815105 0.109697
vn 0.556054 -0.824559 0.104436
vn 0.576933 -0.816429 -0.024339
vn 0.576933 -0.816429 -0.024339
vn 0.030578 0.022173 -0.999286
vn 0.028009 0.021513 -0.999376
vn -0.596627 0.802115 -0.025444
vn -0.596629 0.802114 -0.025443
vn -0.606436 0.792298 0.067077
vn -0.598309 0.798717 0.063847
vn -0.494045 0.426783 0.757480
vn -0.495180 0.422671 0.759043
vn -0.043064 -0.234821 0.971084
vn -0.044848 -0.241889 0.969267
vn 0.591398 -0.799581 0.104492
vn 0.580109 -0.808386 0.099931
vn 0.598141 -0.801021 -0.024338
vn 0.598141 -0.801021 -0.024338
vn 0.011053 0.008490 -0.999903
vn 0.010035 0.008201 -0.999916
vn -0.619899 0.784269 -0.025444
vn -0.619900 0.784268 -0.025443
vn -0.623956 0.778847 0.063838
vn -0.619858 0.782246 0.062191
vn -0.454799 0.458442 0.763537
vn -0.455353 0.456253 0.764517
vn 0.032331 -0.185364 0.982138
vn 0.031412 -0.189451 0.981388
vn 0.616303 -0.781137 0.099975
vn 0.610442 -0.786020 0.097637
vn 0.620489 -0.783837 -0.024338
vn 0.620490 -0.783837 -0.024338
vn 0.009232 0.007545 -0.999929
vn 0.008291 0.007251 -0.999939
vn -0.644390 0.764273 -0.025443
vn -0.644392 0.764272 -0.025442
vn -0.643053 0.763292 0.062191
vn -0.644136 0.762341 0.062646
vn -0.408020 0.496629 0.766080
vn -0.407958 0.496916 0.765927
vn 0.115968 -0.121319 0.985816
vn 0.116065 -0.120792 0.985869
vn 0.640993 -0.761309 0.097657
vn 0.642557 -0.759907 0.098296
vn 0.644909 -0.763872 -0.024338
vn 0.644910 -0.763871 -0.024337
vn 0.020677 0.018084 -0.999623
vn 0.018350 0.017281 -0.999682
vn -0.670586 0.741395 -0.025443
vn -0.670589 0.741393 -0.025441
vn -0.665533 0.743734 0.062651
vn -0.671222 0.738380 0.065238
vn -0.376959 0.522643 0.764687
vn -0.376558 0.525021 0.763255
vn 0.178101 -0.065625 0.981821
vn 0.178774 -0.060597 0.982022
vn 0.666300 -0.739177 0.098298
vn 0.674619 -0.731095 0.101926
vn 0.671641 -0.740477 -0.024337
vn 0.671642 -0.740476 -0.024336
vn 0.029343 0.027634 -0.999187
vn 0.025708 0.026247 -0.999325
vn -0.698357 0.715297 -0.025442
vn -0.698360 0.715294 -0.025440
vn -0.691632 0.719297 0.065245
vn -0.699637 0.711131 0.069295
vn -0.376497 0.525071 0.763250
vn -0.376091 0.528545 0.761049
vn 0.203575 -0.036391 0.978383
vn 0.204195 -0.028876 0.978504
vn 0.693075 -0.713625 0.101919
vn 0.704699 -0.701310 0.107530
vn 0.699825 -0.713900 -0.024336
vn 0.699825 -0.713900 -0.024336
vn 0.019003 0.019401 -0.999631
vn 0.016399 0.018297 -0.999698
vn -0.728113 0.684985 -0.025441
vn -0.728116 0.684982 -0.025439
vn -0.721535 0.688901 0.069301
vn -0.728234 0.681417 0.073121
vn -0.407108 0.500483 0.764055
vn -0.406877 0.503862 0.761954
vn 0.194770 -0.038881 0.980078
vn 0.195010 -0.031712 0.980289
vn 0.722879 -0.682558 0.107516
vn 0.732470 -0.671399 0.112744
vn 0.729104 -0.683970 -0.024335
vn 0.729105 -0.683969 -0.024334
vn 0.009320 0.010399 -0.999903
vn 0.007906 0.009732 -0.999921
vn -0.759286 0.650260 -0.025440
vn -0.759288 0.650257 -0.025438
vn -0.756305 0.650120 0.073122
vn -0.758334 0.647607 0.074395
vn -0.473619 0.434555 0.766060
vn -0.473595 0.435594 0.765484
vn 0.145233 -0.088558 0.985426
vn 0.145203 -0.086573 0.985607
vn 0.754096 -0.647018 0.112725
vn 0.756897 -0.643435 0.114451
vn 0.759829 -0.649668 -0.024334
vn 0.759830 -0.649666 -0.024333
vn 0.026436 0.032542 -0.999121
vn 0.022013 0.030217 -0.999301
vn -0.790789 0.611560 -0.025439
vn -0.790793 0.611555 -0.025436
vn -0.795013 0.602015 0.074375
vn -0.791488 0.606921 0.072063
vn -0.562562 0.321192 0.761813
vn -0.562396 0.316483 0.763904
vn 0.063307 -0.186012 0.980506
vn 0.063966 -0.194356 0.978843
vn 0.783970 -0.610157 0.114455
vn 0.779277 -0.616728 0.111237
vn 0.792108 -0.609895 -0.024332
vn 0.792109 -0.609895 -0.024332
vn 0.063759 0.087522 -0.994120
vn 0.052051 0.080682 -0.995380
vn -0.822030 0.568876 -0.025439
vn -0.822036 0.568867 -0.025433
vn -0.832722 0.548990 0.072007
vn -0.826149 0.559376 0.067642
vn -0.633201 0.197244 0.748433
vn -0.631856 0.185348 0.752598
vn -0.005332 -0.283729 0.958890
vn -0.002260 -0.301977 0.953313
vn 0.812727 -0.571914 0.111310
vn 0.804400 -0.584716 0.105107
vn 0.825044 -0.564545 -0.024330
vn 0.825042 -0.564547 -0.024332
vn 0.086039 0.133364 -0.987325
vn 0.068744 0.122115 -0.990132
vn -0.853287 0.520821 -0.025438
vn -0.853295 0.520808 -0.025430
vn -0.864805 0.497541 0.067572
vn -0.859220 0.507621 0.063730
vn -0.657521 0.129507 0.742222
vn -0.654760 0.114658 0.747090
vn -0.011433 -0.314867 0.949067
vn -0.006009 -0.336489 0.941668
vn 0.843226 -0.527153 0.105257
vn 0.836173 -0.539336 0.099656
vn 0.857281 -0.514273 -0.024328
vn 0.857279 -0.514278 -0.024331
vn 0.079086 0.140487 -0.986919
vn 0.061641 0.127669 -0.989900
vn -0.883841 0.467095 -0.025437
vn -0.883848 0.467082 -0.025430
vn -0.891116 0.449286 0.063678
vn -0.889024 0.453631 0.062096
vn -0.642721 0.144905 0.752271
vn -0.640106 0.134029 0.756505
vn 0.045281 -0.253861 0.966180
vn 0.050416 -0.270845 0.961302
vn 0.874988 -0.473743 0.099821
vn 0.872172 -0.479404 0.097410
vn 0.887456 -0.460251 -0.024326
vn 0.887453 -0.460257 -0.024331
vn 0.064889 0.134396 -0.988801
vn 0.049198 0.121278 -0.991399
vn -0.912088 0.409205 -0.025436
vn -0.912093 0.409193 -0.025430
vn -0.914597 0.399575 0.062066
vn -0.915964 0.396240 0.063282
vn -0.615863 0.196624 0.762923
vn -0.614597 0.192411 0.765015
vn 0.115718 -0.143984 0.982791
vn 0.118346 -0.151371 0.981367
vn 0.904326 -0.415552 0.097527
vn 0.905966 -0.411581 0.099128
vn 0.914994 -0.402733 -0.024326
vn 0.914991 -0.402739 -0.024330
vn 0.057153 0.140886 -0.988375
vn 0.042036 0.126510 -0.991074
vn -0.936701 0.349205 -0.025436
vn -0.936705 0.349194 -0.025430
vn -0.936600 0.344643 0.063264
vn -0.939782 0.335182 0.066807
vn -0.604681 0.218716 0.765849
vn -0.604600 0.218500 0.765974
vn 0.155398 -0.062083 0.985899
vn 0.155565 -0.062476 0.985848
vn 0.929051 -0.356407 0.099193
vn 0.933101 -0.344231 0.104059
vn 0.939208 -0.342487 -0.024325
vn 0.939205 -0.342494 -0.024330
vn 0.050594 0.152266 -0.987044
vn 0.035944 0.136385 -0.990004
vn -0.957198 0.288314 -0.025436
vn -0.957201 0.288304 -0.025431
vn -0.956535 0.283866 0.066789
vn -0.959498 0.272582 0.071147
vn -0.616177 0.183530 0.765926
vn -0.616181 0.183539 0.765921
vn 0.160753 -0.046881 0.985881
vn 0.160715 -0.046805 0.985890
vn 0.949144 -0.297135 0.104099
vn 0.952875 -0.282712 0.110014
vn 0.959362 -0.281128 -0.024325
vn 0.959359 -0.281137 -0.024331
vn 0.035133 0.133310 -0.990451
vn 0.023893 0.119300 -0.992571
vn -0.973357 0.227879 -0.025437
vn -0.973359 0.227873 -0.025433
vn -0.972617 0.221267 0.071119
vn -0.974066 0.213798 0.074067
vn -0.633118 0.116847 0.765185
vn -0.632360 0.115376 0.766034
vn 0.154344 -0.070708 0.985484
vn 0.155833 -0.073309 0.985059
vn 0.965411 -0.236370 0.110049
vn 0.967199 -0.227020 0.113962
vn 0.974818 -0.221672 -0.024326
vn 0.974816 -0.221680 -0.024332
vn 0.022297 0.111331 -0.993533
vn 0.014295 0.099854 -0.994899
vn -0.985084 0.170184 -0.025437
vn -0.985084 0.170181 -0.025436
vn -0.984564 0.158603 0.074026
vn -0.984572 0.158541 0.074050
vn -0.647021 0.025177 0.762056
vn -0.644660 0.021122 0.764178
vn 0.144362 -0.127333 0.981298
vn 0.148775 -0.134187 0.979724
vn 0.977434 -0.177833 0.114005
vn 0.977406 -0.178043 0.113918
vn 0.985979 -0.165087 -0.024328
vn 0.985977 -0.165095 -0.024334
vn 0.011457 0.080026 -0.996727
vn 0.006698 0.072170 -0.997370
vn -0.992793 0.117109 -0.025438
vn -0.992793 0.117109 -0.025438
vn -0.992003 0.102238 0.074004
vn -0.991465 0.109026 0.071485
vn -0.649932 -0.050388 0.758320
vn -0.646381 -0.055862 0.760967
vn 0.142897 -0.169688 0.975083
vn 0.149207 -0.178576 0.972547
vn 0.985869 -0.122763 0.113980
vn 0.985123 -0.131670 0.110434
vn 0.993238 -0.113516 -0.024331
vn 0.993237 -0.113523 -0.024335
vn 0.008125 0.087542 -0.996128
vn 0.003944 0.079666 -0.996814
vn -0.997150 0.071022 -0.025440
vn -0.997150 0.071022 -0.025440
vn -0.996061 0.052529 0.071439
vn -0.995719 0.062645 0.067961
vn -0.646176 -0.120738 0.753577
vn -0.641673 -0.127054 0.756381
vn 0.145066 -0.211992 0.966445
vn 0.152676 -0.221862 0.963051
vn 0.990857 -0.077387 0.110511
vn 0.990278 -0.090543 0.105602
vn 0.997453 -0.067042 -0.024333
vn 0.997453 -0.067049 -0.024337
vn 0.006331 0.127862 -0.991772
vn 0.001575 0.117757 -0.993041
vn -0.999147 0.032539 -0.025443
vn -0.999147 0.032537 -0.025442
vn -0.997629 0.011142 0.067918
vn -0.997677 0.020817 0.064856
vn -0.638312 -0.175389 0.749531
vn -0.633511 -0.181627 0.752114
vn 0.150866 -0.242376 0.958381
vn 0.158681 -0.251902 0.954655
vn 0.993521 -0.041782 0.105690
vn 0.993368 -0.054388 0.101302
vn 0.999351 -0.026546 -0.024334
vn 0.999351 -0.026554 -0.024338
vn 0.002232 0.166924 -0.985967
vn -0.002401 0.155942 -0.987763
vn -0.999676 0.001066 -0.025444
vn -0.999676 0.001063 -0.025443
vn -0.997685 -0.020554 0.064821
vn -0.997926 -0.013898 0.062851
vn -0.631613 -0.197925 0.749593
vn -0.627579 -0.202932 0.751641
vn 0.159280 -0.241126 0.957334
vn 0.165815 -0.248870 0.954237
vn 0.994763 -0.012910 0.101388
vn 0.994897 -0.021769 0.098517
vn 0.999680 0.006936 -0.024336
vn 0.999680 0.006929 -0.024340
vn -0.002971 0.192937 -0.981207
vn -0.006725 0.183111 -0.983069
vn -0.999409 -0.023105 -0.025446
vn -0.999409 -0.023109 -0.025444
vn -0.997105 -0.042827 0.062828
vn -0.997256 -0.040287 0.062109
vn -0.629105 -0.191910 0.753258
vn -0.626415 -0.195195 0.754655
vn 0.166722 -0.212155 0.962909
vn 0.171198 -0.217469 0.960936
vn 0.995083 0.009521 0.098583
vn 0.995218 0.005947 0.097497
vn 0.999174 0.032538 -0.024337
vn 0.999174 0.032531 -0.024340
vn -0.007756 0.211163 -0.977420
vn -0.010373 0.203710 -0.978976
vn -0.998869 -0.040172 -0.025446
vn -0.998869 -0.040175 -0.025445
vn -0.996412 -0.057507 0.062096
vn -0.996291 -0.059109 0.062539
vn -0.629602 -0.172751 0.757469
vn -0.628131 -0.174553 0.758276
vn 0.171096 -0.173156 0.969919
vn 0.173642 -0.176227 0.968913
vn 0.994915 0.025102 0.097536
vn 0.994805 0.027127 0.098122
vn 0.998419 0.050668 -0.024338
vn 0.998419 0.050664 -0.024341
vn -0.011103 0.218029 -0.975879
vn -0.012410 0.214032 -0.976748
vn -0.998396 -0.050569 -0.025446
vn -0.998396 -0.050571 -0.025446
vn -0.995903 -0.065323 0.062534
vn -0.995465 -0.070440 0.063941
vn -0.631868 -0.146823 0.761043
vn -0.631311 -0.147518 0.761370
vn 0.172600 -0.131574 0.976165
vn 0.173606 -0.132822 0.975817
vn 0.994576 0.034454 0.098136
vn 0.994111 0.041509 0.100103
vn 0.997807 0.061554 -0.024339
vn 0.997807 0.061551 -0.024340
vn -0.012432 0.214415 -0.976664
vn -0.012458 0.214331 -0.976682
vn -0.998219 -0.053965 -0.025446
vn -0.998219 -0.053965 -0.025446
vn -0.995747 -0.066327 0.063944
vn -0.995074 -0.073933 0.066047
vn -0.634609 -0.120284 0.763416
vn -0.634601 -0.120294 0.763421
vn 0.172226 -0.095538 0.980414
vn 0.172241 -0.095558 0.980409
vn 0.994279 0.037293 0.100095
vn 0.993510 0.048167 0.103047
vn 0.997595 0.064892 -0.024340
vn 0.997595 0.064892 -0.024340
vn -0.011565 0.198965 -0.979938
vn -0.010459 0.202677 -0.979190
vn -0.998363 -0.051223 -0.025446
vn -0.998363 -0.051222 -0.025446
vn -0.995927 -0.061370 0.066055
vn -0.995178 -0.070179 0.068524
vn -0.637189 -0.095404 0.764780
vn -0.637453 -0.095049 0.764604
vn 0.171038 -0.067406 0.982956
vn 0.170526 -0.066715 0.983092
vn 0.994070 0.034800 0.103025
vn 0.993166 0.047790 0.106475
vn 0.997813 0.061458 -0.024340
vn 0.997813 0.061461 -0.024339
vn -0.010179 0.197249 -0.980301
vn -0.007893 0.204974 -0.978736
vn -0.998823 -0.041295 -0.025445
vn -0.998823 -0.041292 -0.025446
vn -0.996296 -0.051937 0.068536
vn -0.995637 -0.060579 0.070975
vn -0.637622 -0.093201 0.764691
vn -0.638182 -0.092410 0.764319
vn 0.170856 -0.075346 0.982411
vn 0.169763 -0.073778 0.982719
vn 0.994032 0.023911 0.106436
vn 0.993264 0.036903 0.109837
vn 0.998373 0.051568 -0.024341
vn 0.998373 0.051572 -0.024339
vn -0.007660 0.198930 -0.979984
vn -0.004051 0.210887 -0.977502
vn -0.999364 -0.024983 -0.025444
vn -0.999364 -0.024978 -0.025446
vn -0.996760 -0.037808 0.070992
vn -0.996323 -0.044871 0.072983
vn -0.637186 -0.103982 0.763663
vn -0.638283 -0.102355 0.762967
vn 0.170499 -0.106927 0.979539
vn 0.168401 -0.103688 0.980250
vn 0.993936 0.006341 0.109781
vn 0.993495 0.017162 0.112574
vn 0.999074 0.035477 -0.024341
vn 0.999074 0.035485 -0.024337
vn -0.003809 0.198320 -0.980130
vn 0.001314 0.214608 -0.976699
vn -0.999673 -0.002602 -0.025443
vn -0.999673 -0.002595 -0.025445
vn -0.997160 -0.018483 0.073007
vn -0.996986 -0.022711 0.074185
vn -0.636815 -0.119998 0.761621
vn -0.638760 -0.116949 0.760466
vn 0.168260 -0.152096 0.973938
vn 0.164677 -0.146062 0.975473
vn 0.993507 -0.016959 0.112501
vn 0.993405 -0.010205 0.114206
vn 0.999617 0.013195 -0.024340
vn 0.999617 0.013206 -0.024336
vn 0.001203 0.196592 -0.980485
vn 0.008044 0.217051 -0.976127
vn -0.999346 0.025678 -0.025441
vn -0.999346 0.025686 -0.025445
vn -0.997223 0.006216 0.074216
vn -0.997215 0.005658 0.074367
vn -0.637102 -0.137941 0.758336
vn -0.640190 -0.132801 0.756651
vn 0.162525 -0.206033 0.964954
vn 0.157136 -0.196015 0.967929
vn 0.992412 -0.045781 0.114117
vn 0.992436 -0.044391 0.114457
vn 0.999590 -0.015064 -0.024340
vn 0.999591 -0.015051 -0.024335
vn 0.006925 0.186856 -0.982363
vn 0.015479 0.210617 -0.977446
vn -0.997935 0.058977 -0.025440
vn -0.997934 0.058987 -0.025444
vn -0.996551 0.036757 0.074404
vn -0.996488 0.040081 0.073527
vn -0.639154 -0.147720 0.754759
vn -0.643421 -0.140074 0.752588
vn 0.152763 -0.254485 0.954935
vn 0.145727 -0.239809 0.959820
vn 0.990341 -0.078395 0.114361
vn 0.990100 -0.082815 0.113326
vn 0.998514 -0.048768 -0.024339
vn 0.998514 -0.048752 -0.024333
vn 0.012265 0.166892 -0.985899
vn 0.022036 0.191810 -0.981185
vn -0.994922 0.097378 -0.025439
vn -0.994921 0.097388 -0.025443
vn -0.994536 0.074066 0.073567
vn -0.994139 0.080766 0.071862
vn -0.643306 -0.142413 0.752247
vn -0.648368 -0.132432 0.749720
vn 0.140026 -0.288280 0.947253
vn 0.132056 -0.269225 0.953981
vn 0.986932 -0.114649 0.113231
vn 0.985996 -0.124400 0.111068
vn 0.995803 -0.088227 -0.024338
vn 0.995805 -0.088211 -0.024332
vn 0.013387 0.116529 -0.993097
vn 0.021935 0.136459 -0.990403
vn -0.990007 0.138707 -0.025438
vn -0.990006 0.138714 -0.025441
vn -0.990360 0.118395 0.071901
vn -0.989410 0.127321 0.069697
vn -0.648663 -0.102233 0.754178
vn -0.653334 -0.091595 0.751508
vn 0.130259 -0.280430 0.950995
vn 0.122943 -0.259566 0.957868
vn 0.982405 -0.150202 0.110998
vn 0.980497 -0.164126 0.108113
vn 0.990917 -0.132256 -0.024337
vn 0.990919 -0.132242 -0.024332
vn 0.015834 0.098504 -0.995011
vn 0.024652 0.116998 -0.992826
vn -0.982483 0.184607 -0.025437
vn -0.982482 0.184614 -0.025440
vn -0.983782 0.165260 0.069729
vn -0.982237 0.175130 0.067381
vn -0.652621 -0.073292 0.754131
vn -0.657111 -0.061411 0.751288
vn 0.116595 -0.290402 0.949775
vn 0.109844 -0.266886 0.957448
vn 0.975062 -0.193859 0.108042
vn 0.972111 -0.209739 0.104929
vn 0.983518 -0.179165 -0.024335
vn 0.983520 -0.179152 -0.024331
vn 0.025826 0.122571 -0.992124
vn 0.038723 0.146632 -0.988433
vn -0.972012 0.233550 -0.025436
vn -0.972009 0.233560 -0.025440
vn -0.974833 0.212500 0.067412
vn -0.972855 0.222030 0.065233
vn -0.657154 -0.061942 0.751207
vn -0.661816 -0.047719 0.748146
vn 0.094995 -0.324036 0.941263
vn 0.088648 -0.296450 0.950925
vn 0.963874 -0.244858 0.104843
vn 0.960193 -0.260064 0.101960
vn 0.973651 -0.226742 -0.024335
vn 0.973655 -0.226726 -0.024330
vn 0.018974 0.071848 -0.997235
vn 0.027707 0.086489 -0.995867
vn -0.959086 0.281970 -0.025437
vn -0.959084 0.281977 -0.025439
vn -0.961344 0.267502 0.065265
vn -0.959299 0.275154 0.063526
vn -0.650981 0.027633 0.758591
vn -0.653608 0.038413 0.755858
vn 0.100625 -0.257764 0.960954
vn 0.096959 -0.235357 0.967060
vn 0.952277 -0.287723 0.101899
vn 0.948545 -0.300580 0.099570
vn 0.960266 -0.278024 -0.024334
vn 0.960269 -0.278015 -0.024331
vn 0.023622 0.073738 -0.996998
vn 0.033555 0.088589 -0.995503
vn -0.943107 0.331514 -0.025436
vn -0.943105 0.331521 -0.025439
vn -0.945415 0.319613 0.063547
vn -0.943803 0.324558 0.062427
vn -0.642193 0.089131 0.761344
vn -0.643763 0.098000 0.758923
vn 0.100249 -0.226125 0.968926
vn 0.098207 -0.207142 0.973369
vn 0.936199 -0.337090 0.099508
vn 0.933339 -0.345354 0.098027
vn 0.944544 -0.327481 -0.024334
vn 0.944548 -0.327472 -0.024331
vn 0.027986 0.073886 -0.996874
vn 0.039526 0.089267 -0.995223
vn -0.924553 0.380203 -0.025436
vn -0.924552 0.380206 -0.025437
vn -0.926300 0.371577 0.062444
vn -0.925672 0.373200 0.062069
vn -0.624284 0.161976 0.764221
vn -0.624972 0.168240 0.762302
vn 0.110015 -0.178110 0.977841
vn 0.109262 -0.164226 0.980353
vn 0.917591 -0.385265 0.097969
vn 0.916585 -0.387765 0.097522
vn 0.926360 -0.375852 -0.024334
vn 0.926367 -0.375835 -0.024329
vn 0.053017 0.119736 -0.991389
vn 0.060354 0.127868 -0.989953
vn -0.902801 0.429306 -0.025437
vn -0.902790 0.429328 -0.025446
vn -0.905145 0.420543 0.062094
vn -0.906243 0.418075 0.062748
vn -0.609385 0.208799 0.764887
vn -0.609591 0.210642 0.764218
vn 0.112099 -0.158105 0.981039
vn 0.111687 -0.153771 0.981774
vn 0.893756 -0.437836 0.097463
vn 0.895660 -0.433708 0.098438
vn 0.905328 -0.424016 -0.024335
vn 0.905322 -0.424028 -0.024341
vn 0.867699 -0.497091 0.000000
vn 0.867699 -0.497091 -0.000000
vn 0.867699 -0.497091 -0.000000
vn 0.867699 -0.497091 -0.000000
vn 0.867699 -0.497091 -0.000000
vn 0.867699 -0.497091 -0.000000
vn 0.867699 -0.497091 0.000000
vn 0.426841 0.904327 -0.000000
vn 0.426841 0.904327 -0.000000
vn 0.426841 0.904327 0.000000
vn 0.426841 0.904327 0.000000
vn 0.426841 0.904327 0.000000
vn 0.426841 0.904327 0.000000
vn 0.426841 0.904327 0.000000
vn 0.866218 -0.406696 -0.290283
vn 0.866218 -0.406696 -0.290283
vn -0.347704 -0.937261 -0.025357
vn -0.347704 -0.937261 -0.025357
vn -0.598333 -0.798871 0.061657
vn -0.598534 -0.798743 0.061375
vn -0.942026 0.179573 0.283443
vn -0.942026 0.179573 0.283443
vn -0.843712 0.450780 0.291457
vn -0.843712 0.450780 0.291457
vn 0.122003 0.988080 0.093883
vn 0.124867 0.987749 0.093591
vn 0.495910 0.868035 -0.024263
vn 0.495910 0.868035 -0.024263
vn 0.862026 -0.404728 -0.305135
vn 0.862026 -0.404728 -0.305135
vn -0.351863 -0.935708 -0.025366
vn -0.351863 -0.935708 -0.025366
vn -0.589284 -0.805580 0.061517
vn -0.589481 -0.805454 0.061289
vn -0.940325 0.166357 0.296839
vn -0.940325 0.166357 0.296839
vn -0.838387 0.451022 0.306083
vn -0.838387 0.451022 0.306083
vn 0.138757 0.985855 0.094004
vn 0.141031 0.985555 0.093763
vn 0.492216 0.870135 -0.024271
vn 0.492216 0.870135 -0.024271
vn 0.409553 -0.192288 -0.891791
vn 0.409553 -0.192288 -0.891791
vn -0.413138 -0.910313 -0.025444
vn -0.413138 -0.910313 -0.025444
vn -0.451976 -0.889844 0.062413
vn -0.452543 -0.889568 0.062240
vn -0.576795 -0.392976 0.716155
vn -0.576795 -0.392976 0.716155
vn -0.333653 0.322734 0.885731
vn -0.333653 0.322734 0.885731
vn 0.377472 0.920832 0.097890
vn 0.378632 0.920381 0.097656
vn 0.436015 0.899610 -0.024339
vn 0.436015 0.899610 -0.024339
vn 0.114301 -0.053665 -0.991996
vn 0.114301 -0.053665 -0.991996
vn -0.421924 -0.906274 -0.025446
vn -0.421924 -0.906274 -0.025446
vn -0.430907 -0.900246 0.062270
vn -0.431323 -0.900054 0.062157
vn -0.354683 -0.540568 0.762880
vn -0.354683 -0.540568 0.762880
vn -0.035462 0.200240 0.979105
vn -0.035462 0.200240 0.979105
vn 0.411662 0.906077 0.097763
vn 0.412361 0.905776 0.097607
vn 0.427673 0.903606 -0.024340
vn 0.427673 0.903606 -0.024340
vn 0.086924 -0.040811 -0.995379
vn 0.086924 -0.040811 -0.995379
vn -0.422635 -0.905943 -0.025446
vn -0.422635 -0.905943 -0.025446
vn -0.429394 -0.900976 0.062158
vn -0.429591 -0.900885 0.062105
vn -0.336728 -0.550174 0.764149
vn -0.336728 -0.550174 0.764149
vn -0.011732 0.189602 0.981791
vn -0.011732 0.189602 0.981791
vn 0.414424 0.904835 0.097609
vn 0.414751 0.904693 0.097535
vn 0.426994 0.903927 -0.024341
vn 0.426994 0.903927 -0.024341
vn 0.045953 -0.021575 -0.998711
vn 0.045953 -0.021575 -0.998711
vn -0.423687 -0.905451 -0.025446
vn -0.423687 -0.905451 -0.025446
vn -0.427057 -0.902089 0.062106
vn -0.427031 -0.902101 0.062113
vn -0.308497 -0.564672 0.765490
vn -0.308497 -0.564672 0.765490
vn 0.025307 0.172746 0.984641
vn 0.025307 0.172746 0.984641
vn 0.418476 0.902975 0.097538
vn 0.418434 0.902993 0.097547
vn 0.425990 0.904401 -0.024341
vn 0.425990 0.904401 -0.024341
vn -0.000338 0.000158 -1.000000
vn -0.000338 0.000158 -1.000000
vn -0.424867 -0.904898 -0.025446
vn -0.424867 -0.904898 -0.025446
vn -0.424408 -0.903338 0.062113
vn -0.424153 -0.903454 0.062180
vn -0.276029 -0.580460 0.766077
vn -0.276029 -0.580460 0.766077
vn 0.067428 0.153204 0.985891
vn 0.067428 0.153204 0.985891
vn 0.423002 0.900863 0.097549
vn 0.422600 0.901041 0.097642
vn 0.424862 0.904931 -0.024341
vn 0.424862 0.904931 -0.024341
vn -0.045962 0.021580 -0.998710
vn -0.045962 0.021580 -0.998710
vn -0.426029 -0.904352 -0.025446
vn -0.426029 -0.904352 -0.025446
vn -0.421789 -0.904560 0.062180
vn -0.421301 -0.904778 0.062305
vn -0.243671 -0.595282 0.765678
vn -0.243671 -0.595282 0.765678
vn 0.108814 0.133614 0.985042
vn 0.108814 0.133614 0.985042
vn 0.427454 0.898749 0.097641
vn 0.426704 0.899086 0.097818
vn 0.423750 0.905452 -0.024341
vn 0.423750 0.905452 -0.024341
vn -0.081477 0.038254 -0.995941
vn -0.081477 0.038254 -0.995941
vn -0.426939 -0.903922 -0.025446
vn -0.426939 -0.903922 -0.025446
vn -0.419767 -0.905491 0.062305
vn -0.419046 -0.905812 0.062489
vn -0.218692 -0.606120 0.764718
vn -0.218692 -0.606120 0.764718
vn 0.140304 0.118446 0.982998
vn 0.140304 0.118446 0.982998
vn 0.430943 0.897062 0.097815
vn 0.429858 0.897554 0.098074
vn 0.422878 0.905860 -0.024341
vn 0.422878 0.905860 -0.024341
vn -0.106937 0.050208 -0.992997
vn -0.106937 0.050208 -0.992997
vn -0.427597 -0.903611 -0.025446
vn -0.427597 -0.903611 -0.025446
vn -0.418340 -0.906139 0.062488
vn -0.417392 -0.906559 0.062730
vn -0.201229 -0.613389 0.763715
vn -0.201229 -0.613389 0.763715
vn 0.162060 0.107833 0.980871
vn 0.162060 0.107833 0.980871
vn 0.433480 0.895811 0.098071
vn 0.432072 0.896454 0.098411
vn 0.422247 0.906154 -0.024341
vn 0.422247 0.906154 -0.024341
vn -0.115569 0.054260 -0.991816
vn -0.115569 0.054260 -0.991816
vn -0.427821 -0.903505 -0.025446
vn -0.427821 -0.903505 -0.025446
vn -0.417958 -0.906298 0.062730
vn -0.416793 -0.906814 0.063027
vn -0.196871 -0.615164 0.763423
vn -0.196871 -0.615164 0.763423
vn 0.167455 0.105184 0.980253
vn 0.167455 0.105184 0.980253
vn 0.434366 0.895345 0.098408
vn 0.432644 0.896132 0.098827
vn 0.422032 0.906254 -0.024340
vn 0.422032 0.906254 -0.024340
vn -0.468435 0.219934 -0.855685
vn -0.468435 0.219934 -0.855685
vn -0.438737 -0.898255 -0.025443
vn -0.438737 -0.898255 -0.025443
vn -0.390698 -0.918361 0.062986
vn -0.389159 -0.918991 0.063334
vn 0.118969 -0.704425 0.699737
vn 0.118969 -0.704425 0.699737
vn 0.512044 -0.080048 0.855221
vn 0.512044 -0.080048 0.855221
vn 0.476170 0.873801 0.098657
vn 0.474407 0.874703 0.099160
vn 0.411500 0.911085 -0.024338
vn 0.411500 0.911085 -0.024338
vn -0.864392 0.405838 -0.296853
vn -0.864392 0.405838 -0.296853
vn -0.497291 -0.867213 -0.025361
vn -0.497291 -0.867213 -0.025361
vn -0.236302 -0.969692 0.062123
vn -0.233539 -0.970338 0.062481
vn 0.734364 -0.613650 0.290073
vn 0.734364 -0.613650 0.290073
vn 0.884202 -0.359134 0.298680
vn 0.884202 -0.359134 0.298680
vn 0.678331 0.728640 0.094613
vn 0.677779 0.729081 0.095171
vn 0.352914 0.935341 -0.024266
vn 0.352914 0.935341 -0.024266
vn -0.871227 0.409047 -0.271375
vn -0.871227 0.409047 -0.271375
vn -0.504501 -0.863039 -0.025343
vn -0.504501 -0.863039 -0.025343
vn -0.215665 -0.974482 0.062236
vn -0.212455 -0.975162 0.062630
vn 0.753622 -0.600854 0.266512
vn 0.753622 -0.600854 0.266512
vn 0.889465 -0.366395 0.273141
vn 0.889465 -0.366395 0.273141
vn 0.700871 0.707046 0.094154
vn 0.700425 0.707407 0.094768
vn 0.345442 0.938127 -0.024250
vn 0.345442 0.938127 -0.024250
vn -0.905195 0.424996 -0.000000
vn -0.905195 0.424996 -0.000000
vn -0.905195 0.424996 0.000000
vn -0.905195 0.424996 0.000000
vn -0.905195 0.424996 0.000000
vn -0.905195 0.424996 -0.000000
vn -0.905195 0.424996 0.000000
vn -0.905195 0.424996 0.000000
vn -0.905195 0.424996 0.000000
vn -0.905195 0.424996 -0.000000
vn -0.905195 0.424996 -0.000000
vn -0.905195 0.424996 -0.000000
vn -0.905195 0.424996 0.000000
vn -0.905195 0.424996 -0.000000
vn 0.245871 0.368769 -0.896413
vn 0.245851 0.368756 -0.896424
vn -0.824711 0.564982 -0.025444
vn -0.824711 0.564982 -0.025444
vn -0.854812 0.514180 0.070112
vn -0.848021 0.525744 0.066737
vn -0.727797 -0.058104 0.683327
vn -0.727795 -0.058117 0.683328
vn -0.186440 -0.532292 0.825775
vn -0.186438 -0.532307 0.825766
vn 0.796118 -0.595320 0.108582
vn 0.787461 -0.607561 0.103800
vn 0.838393 -0.544522 -0.024339
vn 0.838393 -0.544522 -0.024339
vn 0.243392 0.365069 -0.898602
vn 0.243318 0.365021 -0.898641
vn -0.824823 0.564818 -0.025444
vn -0.824823 0.564817 -0.025444
vn -0.853150 0.517382 0.066713
vn -0.847250 0.527336 0.063904
vn -0.724526 -0.046652 0.687666
vn -0.724519 -0.046698 0.687671
vn -0.178572 -0.522874 0.833496
vn -0.178564 -0.522929 0.833463
vn 0.798330 -0.593188 0.103912
vn 0.790663 -0.604047 0.099894
vn 0.838334 -0.544613 -0.024339
vn 0.838334 -0.544613 -0.024339
vn 0.226542 0.339854 -0.912786
vn 0.226612 0.339901 -0.912751
vn -0.825476 0.563864 -0.025445
vn -0.825476 0.563864 -0.025445
vn -0.849038 0.524454 0.063896
vn -0.845636 0.530111 0.062309
vn -0.706150 0.011561 0.707968
vn -0.706155 0.011601 0.707962
vn -0.137595 -0.472765 0.870380
vn -0.137600 -0.472713 0.870407
vn 0.802282 -0.588509 0.100000
vn 0.797719 -0.595058 0.097723
vn 0.837859 -0.545343 -0.024339
vn 0.837859 -0.545343 -0.024339
vn 0.202365 0.303532 -0.931084
vn 0.202402 0.303557 -0.931067
vn -0.826118 0.562923 -0.025445
vn -0.826118 0.562923 -0.025445
vn -0.843766 0.533082 0.062315
vn -0.843631 0.533302 0.062252
vn -0.672648 0.099992 0.733175
vn -0.672650 0.100009 0.733172
vn -0.071859 -0.388824 0.918506
vn -0.071860 -0.388798 0.918516
vn 0.806098 -0.583647 0.097786
vn 0.805912 -0.583919 0.097696
vn 0.836967 -0.546711 -0.024340
vn 0.836967 -0.546711 -0.024340
vn 0.181527 0.272249 -0.944949
vn 0.181445 0.272191 -0.944981
vn -0.826873 0.561812 -0.025445
vn -0.826873 0.561812 -0.025445
vn -0.839337 0.540034 0.062262
vn -0.842410 0.535054 0.063737
vn -0.633035 0.186771 0.751255
vn -0.633034 0.186744 0.751262
vn -0.003136 -0.296864 0.954915
vn -0.003135 -0.296908 0.954901
vn 0.808840 -0.579853 0.097714
vn 0.813203 -0.573358 0.099812
vn 0.836460 -0.547487 -0.024340
vn 0.836460 -0.547487 -0.024340
vn 0.169499 0.254272 -0.952164
vn 0.169539 0.254300 -0.952149
vn -0.827257 0.561247 -0.025445
vn -0.827257 0.561247 -0.025445
vn -0.836411 0.544383 0.063749
vn -0.841889 0.535537 0.066498
vn -0.602570 0.244966 0.759540
vn -0.602570 0.244975 0.759537
vn 0.044724 -0.230369 0.972075
vn 0.044724 -0.230353 0.972079
vn 0.809734 -0.578250 0.099795
vn 0.817597 -0.566382 0.103669
vn 0.836145 -0.547967 -0.024340
vn 0.836145 -0.547967 -0.024340
vn 0.161554 0.242323 -0.956650
vn 0.161546 0.242317 -0.956653
vn -0.827407 0.561027 -0.025446
vn -0.827407 0.561027 -0.025446
vn -0.835160 0.545971 0.066511
vn -0.841580 0.535590 0.069900
vn -0.589570 0.268091 0.761929
vn -0.589570 0.268089 0.761929
vn 0.063980 -0.203002 0.977086
vn 0.063980 -0.203005 0.977085
vn 0.809600 -0.577762 0.103633
vn 0.818801 -0.563759 0.108355
vn 0.835840 -0.548433 -0.024340
vn 0.835840 -0.548433 -0.024340
vn 0.149965 0.224945 -0.962762
vn 0.149958 0.224940 -0.962764
vn -0.827843 0.560383 -0.025446
vn -0.827843 0.560383 -0.025446
vn -0.835638 0.544813 0.069912
vn -0.841063 0.536000 0.072918
vn -0.592776 0.262475 0.761396
vn -0.592775 0.262473 0.761397
vn 0.059367 -0.209588 0.975986
vn 0.059367 -0.209590 0.975985
vn 0.809944 -0.576418 0.108317
vn 0.817666 -0.564602 0.112460
vn 0.835621 -0.548766 -0.024340
vn 0.835621 -0.548766 -0.024340
vn 0.132106 0.198162 -0.971226
vn 0.132100 0.198158 -0.971228
vn -0.828264 0.559760 -0.025446
vn -0.828264 0.559760 -0.025446
vn -0.837100 0.542167 0.072927
vn -0.839688 0.537948 0.074407
vn -0.606382 0.238011 0.758717
vn -0.606382 0.238009 0.758718
vn 0.038872 -0.238606 0.970338
vn 0.038872 -0.238609 0.970337
vn 0.811123 -0.573967 0.112432
vn 0.814781 -0.568358 0.114456
vn 0.835061 -0.549619 -0.024340
vn 0.835061 -0.549619 -0.024340
vn 0.113243 0.169871 -0.978938
vn 0.113245 0.169873 -0.978938
vn -0.828884 0.558841 -0.025446
vn -0.828884 0.558841 -0.025446
vn -0.839480 0.538273 0.074407
vn -0.838272 0.540246 0.073714
vn -0.625537 0.201659 0.753683
vn -0.625537 0.201660 0.753682
vn 0.009024 -0.280189 0.959903
vn 0.009024 -0.280187 0.959903
vn 0.813165 -0.570670 0.114449
vn 0.811465 -0.573272 0.113501
vn 0.834667 -0.550217 -0.024340
vn 0.834667 -0.550217 -0.024340
vn 0.105479 0.158223 -0.981753
vn 0.105510 0.158246 -0.981746
vn -0.828992 0.558681 -0.025446
vn -0.828992 0.558681 -0.025446
vn -0.842043 0.534351 0.073705
vn -0.837464 0.541842 0.071149
vn -0.647266 0.157246 0.745869
vn -0.647267 0.157266 0.745864
vn -0.026944 -0.329233 0.943864
vn -0.026945 -0.329202 0.943875
vn 0.814226 -0.569343 0.113515
vn 0.807807 -0.579093 0.109997
vn 0.834366 -0.550673 -0.024340
vn 0.834366 -0.550672 -0.024340
vn 0.112061 0.168072 -0.979385
vn 0.112035 0.168052 -0.979391
vn -0.828840 0.558907 -0.025446
vn -0.828840 0.558907 -0.025446
vn -0.844155 0.531359 0.071131
vn -0.837791 0.541771 0.067754
vn -0.665208 0.117491 0.737356
vn -0.665207 0.117472 0.737360
vn -0.058240 -0.370926 0.926834
vn -0.058239 -0.370955 0.926823
vn 0.814177 -0.570095 0.110032
vn 0.805283 -0.583460 0.105329
vn 0.834560 -0.550380 -0.024340
vn 0.834560 -0.550380 -0.024340
vn 0.126756 0.190135 -0.973541
vn 0.126736 0.190119 -0.973547
vn -0.828471 0.559454 -0.025446
vn -0.828471 0.559454 -0.025446
vn -0.844768 0.530828 0.067736
vn -0.838649 0.540821 0.064657
vn -0.673042 0.099038 0.732943
vn -0.673041 0.099024 0.732946
vn -0.072463 -0.389626 0.918118
vn -0.072462 -0.389648 0.918109
vn 0.813462 -0.571993 0.105376
vn 0.804895 -0.584753 0.101036
vn 0.834976 -0.549747 -0.024340
vn 0.834976 -0.549747 -0.024340
vn 0.136175 0.204280 -0.969395
vn 0.136176 0.204280 -0.969394
vn -0.828215 0.559833 -0.025446
vn -0.828215 0.559833 -0.025446
vn -0.843264 0.533598 0.064646
vn -0.839136 0.540301 0.062645
vn -0.665008 0.117915 0.737469
vn -0.665008 0.117916 0.737469
vn -0.057849 -0.370461 0.927045
vn -0.057849 -0.370460 0.927045
vn 0.813340 -0.572940 0.101084
vn 0.807502 -0.581627 0.098242
vn 0.835233 -0.549358 -0.024340
vn 0.835233 -0.549358 -0.024340
vn 0.132637 0.198972 -0.970988
vn 0.132664 0.198991 -0.970980
vn -0.828304 0.559701 -0.025446
vn -0.828304 0.559701 -0.025446
vn -0.839946 0.539042 0.062644
vn -0.838847 0.540812 0.062117
vn -0.638443 0.175724 0.749341
vn -0.638444 0.175736 0.749337
vn -0.012062 -0.309091 0.950956
vn -0.012063 -0.309072 0.950962
vn 0.814366 -0.571970 0.098278
vn 0.812782 -0.574346 0.097528
vn 0.835130 -0.549514 -0.024340
vn 0.835130 -0.549514 -0.024340
vn 0.117576 0.176360 -0.977278
vn 0.117583 0.176365 -0.977277
vn -0.828680 0.559145 -0.025446
vn -0.828680 0.559145 -0.025446
vn -0.835752 0.545581 0.062121
vn -0.837883 0.542183 0.063160
vn -0.596818 0.255317 0.760672
vn -0.596818 0.255319 0.760671
vn 0.053297 -0.218219 0.974443
vn 0.053297 -0.218215 0.974444
vn 0.816132 -0.569573 0.097541
vn 0.819267 -0.564798 0.099013
vn 0.834694 -0.550176 -0.024340
vn 0.834694 -0.550176 -0.024340
vn 0.100433 0.150642 -0.983474
vn 0.100423 0.150634 -0.983476
vn -0.829173 0.558412 -0.025446
vn -0.829173 0.558412 -0.025446
vn -0.832118 0.550990 0.063166
vn -0.836896 0.543418 0.065592
vn -0.555420 0.324763 0.765531
vn -0.555420 0.324762 0.765532
vn 0.112046 -0.133244 0.984729
vn 0.112046 -0.133246 0.984729
vn 0.817713 -0.567047 0.099009
vn 0.824854 -0.555992 0.102414
vn 0.834281 -0.550802 -0.024340
vn 0.834281 -0.550802 -0.024340
vn 0.554738 0.832025 0.000000
vn 0.554738 0.832025 0.000000
vn 0.554738 0.832025 -0.000000
vn 0.554738 0.832025 -0.000000
vn 0.554738 0.832025 -0.000000
vn 0.554738 0.832025 0.000000
vn 0.554738 0.832025 -0.000000
vn 0.554700 0.832050 0.000000
vn 0.554700 0.832050 0.000000
vn 0.554700 0.832050 0.000000
vn 0.554700 0.832050 -0.000000
vn 0.554700 0.832050 -0.000000
vn 0.554700 0.832050 -0.000000
vn 0.554700 0.832050 -0.000000
vn 0.147810 0.221693 -0.963849
vn 0.147797 0.221684 -0.963853
vn -0.827833 0.560398 -0.025446
vn -0.827833 0.560398 -0.025446
vn -0.846065 0.528803 0.067386
vn -0.840041 0.538689 0.064389
vn -0.682929 0.074720 0.726653
vn -0.682928 0.074712 0.726655
vn -0.091062 -0.413734 0.905832
vn -0.091061 -0.413746 0.905827
vn 0.811000 -0.575567 0.104887
vn 0.802663 -0.587879 0.100651
vn 0.835492 -0.548963 -0.024340
vn 0.835492 -0.548963 -0.024340
vn 0.233635 0.350434 -0.906979
vn 0.233563 0.350387 -0.907016
vn -0.825167 0.564316 -0.025445
vn -0.825167 0.564316 -0.025445
vn -0.850144 0.522603 0.064355
vn -0.846170 0.529235 0.062501
vn -0.712267 -0.006773 0.701876
vn -0.712262 -0.006814 0.701881
vn -0.150743 -0.488988 0.859167
vn -0.150737 -0.489040 0.859138
vn 0.800994 -0.590153 0.100638
vn 0.795711 -0.597699 0.097975
vn 0.838017 -0.545101 -0.024339
vn 0.838017 -0.545101 -0.024339
vn 0.116426 0.174660 -0.977721
vn 0.116466 0.174689 -0.977711
vn -0.828802 0.558963 -0.025446
vn -0.828802 0.558963 -0.025446
vn -0.838592 0.541161 0.062520
vn -0.837831 0.542380 0.062153
vn -0.625119 0.202468 0.753812
vn -0.625120 0.202486 0.753807
vn 0.009686 -0.279290 0.960158
vn 0.009686 -0.279260 0.960167
vn 0.816230 -0.569337 0.098108
vn 0.815122 -0.571010 0.097587
vn 0.834755 -0.550084 -0.024340
vn 0.834755 -0.550084 -0.024340
vn 0.088507 0.132753 -0.987189
vn 0.088524 0.132766 -0.987186
vn -0.829402 0.558073 -0.025446
vn -0.829402 0.558073 -0.025446
vn -0.833508 0.549000 0.062158
vn -0.835926 0.545174 0.063352
vn -0.572389 0.297287 0.764193
vn -0.572389 0.297290 0.764192
vn 0.088576 -0.167573 0.981873
vn 0.088576 -0.167565 0.981874
vn 0.819130 -0.565243 0.097600
vn 0.822750 -0.559665 0.099286
vn 0.833890 -0.551394 -0.024340
vn 0.833890 -0.551394 -0.024340
vn 0.097154 0.145709 -0.984546
vn 0.097108 0.145674 -0.984555
vn -0.829274 0.558263 -0.025446
vn -0.829274 0.558263 -0.025446
vn -0.831714 0.551578 0.063355
vn -0.836699 0.543684 0.065903
vn -0.550601 0.332340 0.765760
vn -0.550601 0.332337 0.765762
vn 0.118530 -0.123665 0.985220
vn 0.118530 -0.123673 0.985219
vn 0.818030 -0.566543 0.099275
vn 0.825493 -0.554963 0.102845
vn 0.834209 -0.550911 -0.024340
vn 0.834209 -0.550911 -0.024340
vn 0.106996 0.160509 -0.981218
vn 0.107023 0.160528 -0.981212
vn -0.829029 0.558626 -0.025446
vn -0.829029 0.558626 -0.025446
vn -0.831308 0.551890 0.065907
vn -0.837560 0.541939 0.069248
vn -0.546719 0.338371 0.765901
vn -0.546719 0.338372 0.765900
vn 0.123707 -0.115997 0.985516
vn 0.123707 -0.115994 0.985516
vn 0.816288 -0.568419 0.102825
vn 0.825574 -0.553967 0.107461
vn 0.834482 -0.550497 -0.024340
vn 0.834482 -0.550497 -0.024340
vn 0.112447 0.168664 -0.979239
vn 0.112441 0.168660 -0.979240
vn -0.828795 0.558973 -0.025446
vn -0.828795 0.558973 -0.025446
vn -0.832349 0.549909 0.069254
vn -0.838038 0.540783 0.072431
vn -0.560197 0.317155 0.765239
vn -0.560197 0.317154 0.765240
vn 0.105506 -0.142862 0.984103
vn 0.105506 -0.142864 0.984103
vn 0.814638 -0.569932 0.107435
vn 0.822960 -0.556989 0.111802
vn 0.834537 -0.550414 -0.024340
vn 0.834537 -0.550414 -0.024340
vn 0.112134 0.168200 -0.979354
vn 0.112129 0.168196 -0.979356
vn -0.828903 0.558814 -0.025446
vn -0.828903 0.558814 -0.025446
vn -0.834988 0.545480 0.072436
vn -0.838204 0.540274 0.074286
vn -0.586119 0.274073 0.762463
vn -0.586119 0.274071 0.762463
vn 0.069109 -0.195662 0.978233
vn 0.069109 -0.195664 0.978233
vn 0.813863 -0.570204 0.111775
vn 0.818487 -0.563039 0.114302
vn 0.834626 -0.550279 -0.024340
vn 0.834626 -0.550279 -0.024340
vn 0.115408 0.173114 -0.978117
vn 0.115402 0.173110 -0.978118
vn -0.828727 0.559075 -0.025446
vn -0.828727 0.559075 -0.025446
vn -0.838827 0.539307 0.074285
vn -0.838360 0.540069 0.074016
vn -0.620875 0.210730 0.755054
vn -0.620875 0.210728 0.755055
vn 0.016354 -0.270048 0.962708
vn 0.016354 -0.270052 0.962707
vn 0.812828 -0.571184 0.114280
vn 0.812170 -0.572193 0.113913
vn 0.834626 -0.550280 -0.024340
vn 0.834626 -0.550280 -0.024340
vn 0.131792 0.197695 -0.971364
vn 0.131794 0.197697 -0.971363
vn -0.828371 0.559601 -0.025446
vn -0.828371 0.559601 -0.025446
vn -0.843631 0.531799 0.074001
vn -0.839568 0.538496 0.071740
vn -0.658196 0.133388 0.740936
vn -0.658196 0.133390 0.740936
vn -0.045724 -0.354382 0.933982
vn -0.045724 -0.354380 0.933983
vn 0.810915 -0.573970 0.113906
vn 0.805313 -0.582406 0.110792
vn 0.835149 -0.549484 -0.024340
vn 0.835149 -0.549484 -0.024340
vn 0.156660 0.234997 -0.959288
vn 0.156705 0.235029 -0.959273
vn -0.827557 0.560804 -0.025446
vn -0.827557 0.560804 -0.025446
vn -0.847335 0.526195 0.071714
vn -0.841061 0.536597 0.068409
vn -0.686381 0.065875 0.724252
vn -0.686384 0.065904 0.724247
vn -0.097741 -0.422359 0.901143
vn -0.097744 -0.422319 0.901162
vn 0.808334 -0.578202 0.110812
vn 0.799825 -0.590764 0.106199
vn 0.835715 -0.548624 -0.024340
vn 0.835715 -0.548624 -0.024340
vn 0.181544 0.272283 -0.944936
vn 0.181503 0.272254 -0.944952
vn -0.826842 0.561859 -0.025445
vn -0.826842 0.561859 -0.025445
vn -0.849010 0.523933 0.068381
vn -0.842572 0.534625 0.065177
vn -0.700504 0.027875 0.713104
vn -0.700501 0.027848 0.713108
vn -0.125848 -0.457996 0.880001
vn -0.125845 -0.458031 0.879984
vn 0.806347 -0.581821 0.106249
vn 0.797671 -0.594454 0.101715
vn 0.836431 -0.547531 -0.024340
vn 0.836431 -0.547531 -0.024340
vn 0.194795 0.292192 -0.936311
vn 0.194764 0.292171 -0.936324
vn -0.826467 0.562410 -0.025445
vn -0.826467 0.562410 -0.025445
vn -0.847979 0.526009 0.065158
vn -0.843276 0.533786 0.062914
vn -0.698156 0.034408 0.715119
vn -0.698154 0.034390 0.715122
vn -0.121017 -0.451954 0.883794
vn -0.121014 -0.451979 0.883782
vn 0.805966 -0.583146 0.101780
vn 0.799575 -0.592421 0.098576
vn 0.836850 -0.546891 -0.024340
vn 0.836850 -0.546891 -0.024340
vn 0.193495 0.290266 -0.937179
vn 0.193496 0.290267 -0.937179
vn -0.826515 0.562339 -0.025445
vn -0.826515 0.562339 -0.025445
vn -0.844821 0.531338 0.062909
vn -0.843066 0.534214 0.062086
vn -0.679218 0.083966 0.729118
vn -0.679218 0.083967 0.729118
vn -0.083976 -0.404629 0.910617
vn -0.083977 -0.404628 0.910618
vn 0.807091 -0.582130 0.098630
vn 0.804662 -0.585681 0.097452
vn 0.836820 -0.546936 -0.024340
vn 0.836820 -0.546936 -0.024340
vn 0.183229 0.274865 -0.943863
vn 0.183264 0.274889 -0.943849
vn -0.826824 0.561885 -0.025445
vn -0.826824 0.561885 -0.025445
vn -0.840855 0.537687 0.062091
vn -0.842418 0.535149 0.062832
vn -0.647347 0.157065 0.745836
vn -0.647348 0.157079 0.745833
vn -0.027019 -0.329346 0.943823
vn -0.027020 -0.329325 0.943830
vn 0.808691 -0.580101 0.097477
vn 0.810899 -0.576831 0.098535
vn 0.836515 -0.547404 -0.024340
vn 0.836515 -0.547404 -0.024340
vn 0.173489 0.260227 -0.949833
vn 0.173498 0.260234 -0.949830
vn -0.827077 0.561513 -0.025445
vn -0.827077 0.561513 -0.025445
vn -0.837499 0.542814 0.062842
vn -0.841949 0.535625 0.065025
vn -0.614798 0.222336 0.756697
vn -0.614798 0.222338 0.756696
vn 0.025904 -0.256763 0.966127
vn 0.025904 -0.256758 0.966128
vn 0.809537 -0.578742 0.098527
vn 0.815906 -0.569185 0.101618
vn 0.836196 -0.547890 -0.024340
vn 0.836196 -0.547890 -0.024340
vn 0.168923 0.253372 -0.952506
vn 0.168907 0.253360 -0.952512
vn -0.827241 0.561271 -0.025445
vn -0.827241 0.561271 -0.025445
vn -0.835821 0.545136 0.065037
vn -0.842012 0.535129 0.068219
vn -0.596292 0.256254 0.760769
vn -0.596292 0.256251 0.760770
vn 0.054111 -0.217060 0.974657
vn 0.054111 -0.217066 0.974656
vn 0.809290 -0.578558 0.101587
vn 0.818157 -0.565130 0.106048
vn 0.836095 -0.548045 -0.024340
vn 0.836095 -0.548045 -0.024340
vn 0.554738 0.832025 -0.000000
vn 0.554738 0.832025 -0.000000
vn 0.554738 0.832025 -0.000000
vn 0.554738 0.832025 0.000000
vn 0.554738 0.832025 0.000000
vn 0.554738 0.832025 0.000000
vn 0.554738 0.832025 0.000000
vn 0.554700 0.832050 -0.000000
vn 0.554700 0.832050 0.000000
vn 0.554700 0.832050 0.000000
vn 0.554700 0.832050 -0.000000
vn 0.554700 0.832050 -0.000000
vn 0.554700 0.832050 0.000000
vn 0.554700 0.832050 -0.000000
vn -0.178447 0.118965 -0.976731
vn -0.178447 0.118965 -0.976731
vn -0.559161 -0.828669 -0.025446
vn -0.559161 -0.828669 -0.025446
vn -0.540131 -0.838798 0.068382
vn -0.540895 -0.838324 0.068161
vn -0.205427 -0.623611 0.754260
vn -0.205427 -0.623611 0.754260
vn 0.276012 0.012044 0.961079
vn 0.276012 0.012044 0.961079
vn 0.570820 0.814172 0.106246
vn 0.571861 0.813482 0.105939
vn 0.550081 0.834757 -0.024340
vn 0.550081 0.834757 -0.024340
vn -0.170848 0.113899 -0.978692
vn -0.170848 0.113899 -0.978692
vn -0.558955 -0.828808 -0.025446
vn -0.558955 -0.828808 -0.025446
vn -0.540741 -0.838423 0.068161
vn -0.541502 -0.837950 0.067942
vn -0.211806 -0.620318 0.755211
vn -0.211806 -0.620318 0.755211
vn 0.268773 0.017272 0.963049
vn 0.268773 0.017272 0.963049
vn 0.569935 0.814831 0.105944
vn 0.570979 0.814140 0.105638
vn 0.550280 0.834626 -0.024340
vn 0.550280 0.834626 -0.024340
vn -0.161052 0.107368 -0.981088
vn -0.161052 0.107368 -0.981088
vn -0.558691 -0.828986 -0.025446
vn -0.558691 -0.828986 -0.025446
vn -0.541504 -0.837949 0.067942
vn -0.542260 -0.837477 0.067723
vn -0.219997 -0.616032 0.756377
vn -0.219997 -0.616032 0.756377
vn 0.259411 0.024007 0.965469
vn 0.259411 0.024007 0.965469
vn 0.568817 0.815651 0.105644
vn 0.569864 0.814960 0.105339
vn 0.550534 0.834458 -0.024340
vn 0.550534 0.834458 -0.024340
vn -0.152590 0.101727 -0.983040
vn -0.152590 0.101727 -0.983040
vn -0.558464 -0.829138 -0.025446
vn -0.558464 -0.829138 -0.025446
vn -0.542161 -0.837541 0.067723
vn -0.542912 -0.837072 0.067506
vn -0.227039 -0.612297 0.757328
vn -0.227039 -0.612297 0.757328
vn 0.251300 0.029818 0.967450
vn 0.251300 0.029818 0.967450
vn 0.567858 0.816358 0.105345
vn 0.568905 0.815667 0.105042
vn 0.550752 0.834314 -0.024340
vn 0.550752 0.834314 -0.024340
vn -0.148982 0.099321 -0.983839
vn -0.148982 0.099321 -0.983839
vn -0.558368 -0.829203 -0.025446
vn -0.558368 -0.829203 -0.025446
vn -0.542465 -0.837362 0.067506
vn -0.543212 -0.836895 0.067290
vn -0.230040 -0.610690 0.757720
vn -0.230040 -0.610690 0.757720
vn 0.247827 0.032300 0.968266
vn 0.247827 0.032300 0.968266
vn 0.567436 0.816689 0.105046
vn 0.568481 0.816001 0.104745
vn 0.550845 0.834253 -0.024340
vn 0.550845 0.834253 -0.024340
vn -0.152954 0.101970 -0.982958
vn -0.152954 0.101970 -0.982958
vn -0.558474 -0.829132 -0.025446
vn -0.558474 -0.829132 -0.025446
vn -0.542226 -0.837534 0.067289
vn -0.542970 -0.837069 0.067076
vn -0.226767 -0.612442 0.757292
vn -0.226767 -0.612442 0.757292
vn 0.251614 0.029594 0.967375
vn 0.251614 0.029594 0.967375
vn 0.567841 0.816447 0.104746
vn 0.568878 0.815762 0.104448
vn 0.550743 0.834320 -0.024340
vn 0.550743 0.834320 -0.024340
vn -0.161217 0.107478 -0.981049
vn -0.161217 0.107478 -0.981049
vn -0.558695 -0.828983 -0.025446
vn -0.558695 -0.828983 -0.025446
vn -0.541682 -0.837903 0.067074
vn -0.542423 -0.837441 0.066863
vn -0.219920 -0.616072 0.756366
vn -0.219920 -0.616072 0.756366
vn 0.259498 0.023944 0.965447
vn 0.259498 0.023944 0.965447
vn 0.568712 0.815878 0.104448
vn 0.569739 0.815199 0.104153
vn 0.550530 0.834461 -0.024340
vn 0.550530 0.834461 -0.024340
vn -0.176243 0.117495 -0.977309
vn -0.176243 0.117495 -0.977309
vn -0.559101 -0.828709 -0.025446
vn -0.559101 -0.828709 -0.025446
vn -0.540651 -0.838586 0.066861
vn -0.541389 -0.838126 0.066652
vn -0.207356 -0.622619 0.754552
vn -0.207356 -0.622619 0.754552
vn 0.273827 0.013624 0.961682
vn 0.273827 0.013624 0.961682
vn 0.570323 0.814791 0.104151
vn 0.571337 0.814118 0.103858
vn 0.550139 0.834718 -0.024340
vn 0.550139 0.834718 -0.024340
vn -0.188000 0.125334 -0.974139
vn -0.188000 0.125334 -0.974139
vn -0.559422 -0.828492 -0.025446
vn -0.559422 -0.828492 -0.025446
vn -0.539851 -0.839118 0.066650
vn -0.540585 -0.838661 0.066444
vn -0.197454 -0.627674 0.753019
vn -0.197454 -0.627674 0.753019
vn 0.284993 0.005533 0.958514
vn 0.284993 0.005533 0.958514
vn 0.571582 0.813946 0.103857
vn 0.572582 0.813280 0.103568
vn 0.549830 0.834922 -0.024340
vn 0.549830 0.834922 -0.024340
vn -0.197270 0.131513 -0.971488
vn -0.197270 0.131513 -0.971488
vn -0.559677 -0.828320 -0.025446
vn -0.559677 -0.828320 -0.025446
vn -0.539230 -0.839533 0.066443
vn -0.539959 -0.839081 0.066239
vn -0.189609 -0.631614 0.751739
vn -0.189609 -0.631614 0.751739
vn 0.293759 -0.000848 0.955879
vn 0.293759 -0.000848 0.955879
vn 0.572569 0.813288 0.103568
vn 0.573555 0.812630 0.103282
vn 0.549584 0.835084 -0.024340
vn 0.549584 0.835084 -0.024340
vn -0.199799 0.133199 -0.970741
vn -0.199799 0.133199 -0.970741
vn -0.559747 -0.828273 -0.025446
vn -0.559747 -0.828273 -0.025446
vn -0.539103 -0.839631 0.066238
vn -0.539823 -0.839184 0.066038
vn -0.187514 -0.632657 0.751388
vn -0.187514 -0.632657 0.751388
vn 0.296088 -0.002548 0.955157
vn 0.296088 -0.002548 0.955157
vn 0.572810 0.813155 0.103284
vn 0.573783 0.812505 0.103002
vn 0.549516 0.835129 -0.024340
vn 0.549516 0.835129 -0.024340
vn -0.195823 0.130549 -0.971911
vn -0.195823 0.130549 -0.971911
vn -0.559637 -0.828347 -0.025446
vn -0.559637 -0.828347 -0.025446
vn -0.539451 -0.839423 0.066038
vn -0.540160 -0.838983 0.065841
vn -0.190999 -0.630920 0.751970
vn -0.190999 -0.630920 0.751970
vn 0.292211 0.000281 0.956354
vn 0.292211 0.000281 0.956354
vn 0.572330 0.813528 0.103007
vn 0.573292 0.812885 0.102730
vn 0.549622 0.835059 -0.024340
vn 0.549622 0.835059 -0.024340
vn -0.186184 0.124123 -0.974643
vn -0.186184 0.124123 -0.974643
vn -0.559372 -0.828526 -0.025446
vn -0.559372 -0.828526 -0.025446
vn -0.540204 -0.838955 0.065841
vn -0.540900 -0.838521 0.065647
vn -0.199303 -0.626737 0.753312
vn -0.199303 -0.626737 0.753312
vn 0.282917 0.007041 0.959119
vn 0.282917 0.007041 0.959119
vn 0.571235 0.814331 0.102736
vn 0.572187 0.813697 0.102464
vn 0.549878 0.834891 -0.024340
vn 0.549878 0.834891 -0.024340
vn -0.175702 0.117134 -0.977450
vn -0.175702 0.117134 -0.977450
vn -0.559086 -0.828719 -0.025446
vn -0.559086 -0.828719 -0.025446
vn -0.541006 -0.838452 0.065647
vn -0.541689 -0.838027 0.065457
vn -0.208272 -0.622147 0.754689
vn -0.208272 -0.622147 0.754689
vn 0.272788 0.014374 0.961967
vn 0.272788 0.014374 0.961967
vn 0.570063 0.815186 0.102470
vn 0.571004 0.814561 0.102203
vn 0.550153 0.834709 -0.024340
vn 0.550153 0.834709 -0.024340
vn -0.832050 0.554700 0.000000
vn -0.832050 0.554700 0.000000
vn -0.832050 0.554700 -0.000000
vn -0.832050 0.554700 -0.000000
vn -0.832050 0.554700 -0.000000
vn -0.832050 0.554700 -0.000000
vn -0.832050 0.554700 0.000000
vn -0.832050 0.554700 0.000000
vn -0.832050 0.554700 0.000000
vn -0.832050 0.554700 -0.000000
vn -0.832050 0.554700 -0.000000
vn -0.832050 0.554700 -0.000000
vn -0.832050 0.554700 0.000000
vn -0.832050 0.554700 0.000000
usemtl rock_0
f 1//1 2//1 3//1
f 10//4 11//4 12//4
f 19//7 20//7 21//7
f 28//10 29//10 30//10
f 37//13 38//13 39//13
f 46//16 47//16 48//16
f 55//19 56//19 57//19
f 64//22 65//22 66//22
f 73//25 74//25 75//25
f 82//28 83//28 84//28
f 91//31 92//31 93//31
f 100//34 101//34 102//34
f 109//37 110//37 111//37
f 118//40 119//40 120//40
f 127//43 128//43 129//43
f 136//46 137//46 138//46
f 145//49 146//49 147//49
f 154//52 155//52 156//52
f 163//55 164//55 165//55
f 172//58 173//58 174//58
f 181//61 182//61 183//61
f 190//64 191//64 192//64
f 199//67 200//67 201//67
f 208//70 209//70 210//70
f 217//73 218//73 219//73
f 226//76 227//76 228//76
f 235//79 236//79 237//79
f 244//82 245//82 246//82
f 253//85 254//85 255//85
f 262//88 263//88 264//88
f 271//91 272//91 273//91
f 280//94 281//94 282//94
f 289//97 290//97 291//97
f 298//100 299//100 300//100
f 307//103 308//103 309//103
f 316//106 317//106 318//106
f 325//109 326//109 327//109
f 334//112 335//112 336//112
f 343//115 344//115 345//115
f 352//118 353//118 354//118
f 361//121 362//121 363//121
f 370//124 371//124 372//124
f 379//127 380//127 381//127
f 388//130 389//130 390//130
f 397//133 398//133 399//133
f 406//136 407//136 408//136
f 415//139 416//139 417//139
f 424//142 425//142 426//142
f 433//145 434//145 435//145
f 442//148 443//148 444//148
f 451//151 452//151 453//151
f 460//154 461//154 462//154
f 469//157 470//157 471//157
f 478//160 479//160 480//160
f 487//163 488//163 489//163
f 496//166 497//166 498//166
f 505//169 506//169 507//169
f 514//172 515//172 516//172
f 523//175 524//175 525//175
f 532//178 533//178 534//178
f 541//181 542//181 543//181
f 550//184 551//184 552//184
f 559//187 560//187 561//187
f 568//190 569//190 570//190
f 577//193 578//193 579//193
f 586//196 587//196 588//196
f 595//199 596//199 597//199
f 604//202 605//202 606//202
f 613//205 614//205 615//205
f 622//208 623//208 624//208
f 631//211 632//211 633//211
f 640//214 641//214 642//214
f 649//217 650//217 651//217
f 658//220 659//220 660//220
f 667//223 668//223 669//223
f 676//226 677//226 678//226
f 685//229 686//229 687//229
f 694//232 695//232 696//232
f 703//235 704//235 705//235
f 712//238 713//238 714//238
f 721//241 722//241 723//241
f 730//244 731//244 732//244
f 739//247 740//247 741//247
f 748//250 749//250 750//250
f 757//253 758//253 759//253
f 766//256 767//256 768//256
f 775//259 776//259 777//259
f 784//262 785//262 786//262
f 793//265 794//265 795//265
f 802//268 803//268 804//268
f 811//271 812//271 813//271
f 820//274 821//274 822//274
f 829//277 830//277 831//277
f 838//280 839//280 840//280
f 847//283 848//283 849//283
f 856//286 857//286 858//286
f 865//289 866//289 867//289
f 874//292 875//292 876//292
f 883//295 884//295 885//295
f 892//298 893//298 894//298
f 901//301 902//301 903//301
f 910//304 911//304 912//304
f 919//307 920//307 921//307
f 928//310 929//310 930//310
f 937//313 938//313 939//313
f 946//316 947//316 948//316
f 955//319 956//319 957//319
f 964//322 965//322 966//322
f 973//325 974//325 975//325
f 982//328 983//328 984//328
f 991//331 992//331 993//331
f 1000//334 1001//334 1002//334
f 1009//337 1010//337 1011//337
f 1018//340 1019//340 1020//340
f 1027//343 1028//343 1029//343
f 1036//346 1037//346 1038//346
f 1045//349 1046//349 1047//349
f 1054//352 1055//352 1056//352
f 1063//355 1064//355 1065//355
f 1072//358 1073//358 1074//358
f 1081//361 1082//361 1083//361
f 1090//364 1091//364 1092//364
f 1099//367 1100//367 1101//367
f 1108//370 1109//370 1110//370
f 1117//373 1118//373 1119//373
f 1126//376 1127//376 1128//376
f 1135//379 1136//379 1137//379
f 1144//382 1145//382 1146//382
f 1153//385 1154//385 1155//385
f 1162//388 1163//388 1164//388
f 1171//391 1172//391 1173//391
f 1180//394 1181//394 1182//394
f 1189//397 1190//397 1191//397
f 1198//400 1199//400 1200//400
f 1207//403 1208//403 1209//403
f 1216//406 1217//406 1218//406
f 1225//409 1226//409 1227//409
f 1234//412 1235//412 1236//412
f 1243//415 1244//415 1245//415
f 1252//418 1253//418 1254//418
f 1261//421 1262//421 1263//421
f 1270//424 1271//424 1272//424
f 1279//427 1280//427 1281//427
f 1288//430 1289//430 1290//430
f 1297//433 1298//433 1299//433
f 1306//436 1307//436 1308//436
f 1315//439 1316//439 1317//439
f 1324//442 1325//442 1326//442
f 1333//445 1334//445 1335//445
f 1342//448 1343//448 1344//448
f 1351//451 1352//451 1353//451
f 1360//454 1361//454 1362//454
f 1369//457 1370//457 1371//457
f 1378//460 1379//460 1380//460
f 1387//463 1388//463 1389//463
f 1396//466 1397//466 1398//466
f 1405//469 1406//469 1407//469
f 1414//472 1415//472 1416//472
f 1423//475 1424//475 1425//475
f 1432//478 1433//478 1434//478
f 1441//481 1442//481 1443//481
f 1450//484 1451//484 1452//484
f 1459//487 1460//487 1461//487
f 1468//490 1469//490 1470//490
f 1477//493 1478//493 1479//493
f 1486//496 1487//496 1488//496
f 1495//499 1496//499 1497//499
f 1504//502 1505//502 1506//502
f 1513//505 1514//505 1515//505
f 1522//508 1523//508 1524//508
f 1531//511 1532//511 1533//511
f 1540//514 1541//514 1542//514
f 1549//517 1550//517 1551//517
f 1558//520 1559//520 1560//520
f 1567//523 1568//523 1569//523
f 1576//526 1577//526 1578//526
f 1585//529 1586//529 1587//529
f 1594//532 1595//532 1596//532
f 1603//535 1604//535 1605//535
f 1612//538 1613//538 1614//538
f 1621//541 1622//541 1623//541
f 1630//544 1631//544 1632//544
f 1639//547 1640//547 1641//547
f 1648//550 1649//550 1650//550
f 1657//553 1658//553 1659//553
f 1666//556 1667//556 1668//556
f 1675//559 1676//559 1677//559
f 1684//562 1685//562 1686//562
f 1693//565 1694//565 1695//565
f 1702//568 1703//568 1704//568
f 1711//571 1712//571 1713//571
f 1720//574 1721//574 1722//574
f 1729//577 1730//577 1731//577
f 1738//580 1739//580 1740//580
f 1747//583 1748//583 1749//583
f 1756//586 1757//586 1758//586
f 1765//589 1766//589 1767//589
f 1774//592 1775//592 1776//592
f 1783//595 1784//595 1785//595
f 1792//598 1793//598 1794//598
f 1801//601 1802//601 1803//601
f 1810//604 1811//604 1812//604
f 1819//607 1820//607 1821//607
f 1828//610 1829//610 1830//610
f 1837//613 1838//613 1839//613
f 1846//616 1847//616 1848//616
f 1855//619 1856//619 1857//619
f 1864//622 1865//622 1866//622
f 1873//625 1874//625 1875//625
f 1882//628 1883//628 1884//628
f 1891//631 1892//631 1893//631
f 1900//634 1901//634 1902//634
f 1909//637 1910//637 1911//637
f 1918//640 1919//640 1920//640
f 1927//643 1928//643 1929//643
f 1936//646 1937//646 1938//646
f 1945//649 1946//649 1947//649
f 1954//652 1955//652 1956//652
f 1963//655 1964//655 1965//655
f 1972//658 1973//658 1974//658
f 1981//661 1982//661 1983//661
f 1990//664 1991//664 1992//664
f 1999//667 2000//667 2001//667
f 2008//670 2009//670 2010//670
f 2017//673 2018//673 2019//673
f 2026//676 2027//676 2028//676
f 2035//679 2036//679 2037//679
f 2044//682 2045//682 2046//682
f 2053//685 2054//685 2055//685
f 2062//688 2063//688 2064//688
f 2071//691 2072//691 2073//691
f 2080//694 2081//694 2082//694
f 2089//697 2090//697 2091//697
f 2098//700 2099//700 2100//700
f 2107//703 2108//703 2109//703
f 2116//706 2117//706 2118//706
f 2125//709 2126//709 2127//709
f 2134//712 2135//712 2136//712
f 2143//715 2144//715 2145//715
f 2152//718 2153//718 2154//718
f 2161//721 2162//721 2163//721
f 2170//724 2171//724 2172//724
f 2179//727 2180//727 2181//727
f 2188//730 2189//730 2190//730
f 2197//733 2198//733 2199//733
f 2206//736 2207//736 2208//736
f 2215//739 2216//739 2217//739
f 2224//742 2225//742 2226//742
f 2233//745 2234//745 2235//745
f 2242//748 2243//748 2244//748
f 2251//751 2252//751 2253//751
f 2260//754 2261//754 2262//754
f 2269//757 2270//757 2271//757
f 2278//760 2279//760 2280//760
f 2287//763 2288//763 2289//763
f 2296//766 2297//766 2298//766
f 2305//769 2306//769 2307//769
f 2314//772 2315//772 2316//772
f 2323//775 2324//775 2325//775
f 2332//778 2333//778 2334//778
f 2341//781 2342//781 2343//781
f 2350//784 2351//784 2352//784
f 2359//787 2360//787 2361//787
f 2368//790 2369//790 2370//790
f 2377//793 2378//793 2379//793
f 2386//796 2387//796 2388//796
f 2395//799 2396//799 2397//799
f 2404//802 2405//802 2406//802
f 2413//805 2414//805 2415//805
f 2422//808 2423//808 2424//808
f 2431//811 2432//811 2433//811
f 2440//814 2441//814 2442//814
f 2449//817 2450//817 2451//817
f 2458//820 2459//820 2460//820
f 2467//823 2468//823 2469//823
f 2476//826 2477//826 2478//826
f 2485//829 2486//829 2487//829
f 2494//832 2495//832 2496//832
f 2503//835 2504//835 2505//835
f 2512//838 2513//838 2514//838
f 2521//841 2522//841 2523//841
f 2530//844 2531//844 2532//844
f 2539//847 2540//847 2541//847
f 2548//850 2549//850 2550//850
f 2557//853 2558//853 2559//853
f 2566//856 2567//856 2568//856
f 2575//859 2576//859 2577//859
f 2584//862 2585//862 2586//862
f 2593//865 2594//865 2595//865
f 2602//868 2603//868 2604//868
f 2611//871 2612//871 2613//871
f 2620//874 2621//874 2622//874
f 2629//877 2630//877 2631//877
f 2638//880 2639//880 2640//880
f 2647//883 2648//883 2649//883
f 2656//886 2657//886 2658//886
f 2665//889 2666//889 2667//889
f 2674//892 2675//892 2676//892
f 2683//895 2684//895 2685//895
f 2692//898 2693//898 2694//898
f 2701//901 2702//901 2703//901
f 2710//904 2711//904 2712//904
f 2719//907 2720//907 2721//907
f 2728//910 2729//910 2730//910
f 2737//913 2738//913 2739//913
f 2746//916 2747//916 2748//916
f 2755//919 2756//919 2757//919
f 2764//922 2765//922 2766//922
f 2773//925 2774//925 2775//925
f 2782//928 2783//928 2784//928
f 2791//931 2792//931 2793//931
f 2800//934 2801//934 2802//934
f 2809//937 2810//937 2811//937
f 2818//940 2819//940 2820//940
f 2827//943 2828//943 2829//943
f 2836//946 2837//946 2838//946
f 2845//949 2846//949 2847//949
f 2854//952 2855//952 2856//952
f 2863//955 2864//955 2865//955
f 2872//958 2873//958 2874//958
f 2881//961 2882//961 2883//961
f 2890//964 2891//964 2892//964
f 2899//967 2900//967 2901//967
f 2908//970 2909//970 2910//970
f 2917//973 2918//973 2919//973
f 2926//976 2927//976 2928//976
f 2935//979 2936//979 2937//979
f 2944//982 2945//982 2946//982
f 2953//985 2954//985 2955//985
f 2962//988 2963//988 2964//988
f 2971//991 2972//991 2973//991
f 2980//994 2981//994 2982//994
f 2989//997 2990//997 2991//997
f 2998//1000 2999//1000 3000//1000
f 3007//1003 3008//1003 3009//1003
f 3016//1006 3017//1006 3018//1006
f 3025//1009 3026//1009 3027//1009
f 3034//1012 3035//1012 3036//1012
f 3043//1015 3044//1015 3045//1015
f 3052//1018 3053//1018 3054//1018
f 3061//1021 3062//1021 3063//1021
f 3070//1024 3071//1024 3072//1024
f 3079//1027 3080//1027 3081//1027
f 3088//1030 3089//1030 3090//1030
f 3097//1033 3098//1033 3099//1033
f 3106//1036 3107//1036 3108//1036
f 3115//1039 3116//1039 3117//1039
f 3124//1042 3125//1042 3126//1042
f 3133//1045 3134//1045 3135//1045
f 3142//1048 3143//1048 3144//1048
f 3151//1051 3152//1051 3153//1051
f 3160//1054 3161//1054 3162//1054
f 3169//1057 3170//1057 3171//1057
f 3178//1060 3179//1060 3180//1060
f 3187//1063 3188//1063 3189//1063
f 3196//1066 3197//1066 3198//1066
f 3205//1069 3206//1069 3207//1069
f 3214//1072 3215//1072 3216//1072
f 3223//1075 3224//1075 3225//1075
f 3232//1078 3233//1078 3234//1078
f 3241//1081 3242//1081 3243//1081
f 3250//1084 3251//1084 3252//1084
f 3259//1087 3260//1087 3261//1087
f 3268//1090 3269//1090 3270//1090
f 3277//1093 3278//1093 3279//1093
f 3286//1096 3287//1096 3288//1096
f 3295//1099 3296//1099 3297//1099
f 3304//1102 3305//1102 3306//1102
f 3313//1105 3314//1105 3315//1105
f 3322//1108 3323//1108 3324//1108
f 3331//1111 3332//1111 3333//1111
f 3340//1114 3341//1114 3342//1114
f 3349//1117 3350//1117 3351//1117
f 3358//1120 3359//1120 3360//1120
f 3367//1123 3368//1123 3369//1123
f 3376//1126 3377//1126 3378//1126
f 3385//1129 3386//1129 3387//1129
f 3394//1132 3395//1132 3396//1132
f 3403//1135 3404//1135 3405//1135
f 3412//1138 3413//1138 3414//1138
f 3421//1141 3422//1141 3423//1141
f 3430//1144 3431//1144 3432//1144
f 3439//1147 3440//1147 3441//1147
f 3448//1150 3449//1150 3450//1150
f 3457//1153 3458//1153 3459//1153
f 3466//1156 3467//1156 3468//1156
f 3475//1159 3476//1159 3477//1159
f 3484//1162 3485//1162 3486//1162
f 3493//1165 3494//1165 3495//1165
f 3502//1168 3503//1168 3504//1168
f 3511//1171 3512//1171 3513//1171
f 3520//1174 3521//1174 3522//1174
f 3529//1177 3530//1177 3531//1177
f 3538//1180 3539//1180 3540//1180
f 3547//1183 3548//1183 3549//1183
f 3556//1186 3557//1186 3558//1186
f 3565//1189 3566//1189 3567//1189
f 3574//1192 3575//1192 3576//1192
f 3583//1195 3584//1195 3585//1195
f 3592//1198 3593//1198 3594//1198
f 3601//1201 3602//1201 3603//1201
f 3610//1204 3611//1204 3612//1204
f 3619//1207 3620//1207 3621//1207
f 3628//1210 3629//1210 3630//1210
f 3637//1213 3638//1213 3639//1213
f 3646//1216 3647//1216 3648//1216
f 3655//1219 3656//1219 3657//1219
f 3664//1222 3665//1222 3666//1222
f 3673//1225 3674//1225 3675//1225
f 3682//1228 3683//1228 3684//1228
f 3691//1231 3692//1231 3693//1231
f 3700//1234 3701//1234 3702//1234
f 3709//1237 3710//1237 3711//1237
f 3718//1240 3719//1240 3720//1240
f 3727//1243 3728//1243 3729//1243
f 3736//1246 3737//1246 3738//1246
f 3745//1249 3746//1249 3747//1249
f 3754//1252 3755//1252 3756//1252
f 3763//1255 3764//1255 3765//1255
f 3772//1258 3773//1258 3774//1258
f 3781//1261 3782//1261 3783//1261
f 3790//1264 3791//1264 3792//1264
f 3799//1267 3800//1267 3801//1267
f 3808//1270 3809//1270 3810//1270
f 3817//1273 3818//1273 3819//1273
f 3826//1276 3827//1276 3828//1276
f 3835//1279 3836//1279 3837//1279
f 3844//1282 3845//1282 3846//1282
f 3853//1285 3854//1285 3855//1285
f 3862//1288 3863//1288 3864//1288
f 3871//1291 3872//1291 3873//1291
f 3880//1294 3881//1294 3882//1294
f 3889//1297 3890//1297 3891//1297
f 3898//1300 3899//1300 3900//1300
f 3907//1303 3908//1303 3909//1303
f 3916//1306 3917//1306 3918//1306
f 3925//1309 3926//1309 3927//1309
f 3934//1312 3935//1312 3936//1312
f 3943//1315 3944//1315 3945//1315
f 3952//1318 3953//1318 3954//1318
f 3961//1321 3962//1321 3963//1321
f 3970//1324 3971//1324 3972//1324
f 3979//1327 3980//1327 3981//1327
f 3988//1330 3989//1330 3990//1330
f 3997//1333 3998//1333 3999//1333
f 4006//1336 4007//1336 4008//1336
f 4015//1339 4016//1339 4017//1339
f 4024//1342 4025//1342 4026//1342
f 4033//1345 4034//1345 4035//1345
f 4042//1348 4043//1348 4044//1348
f 4051//1351 4052//1351 4053//1351
f 4060//1354 4061//1354 4062//1354
f 4069//1357 4070//1357 4071//1357
f 4078//1360 4079//1360 4080//1360
f 4087//1363 4088//1363 4089//1363
f 4096//1366 4097//1366 4098//1366
f 4105//1369 4106//1369 4107//1369
f 4114//1372 4115//1372 4116//1372
f 4123//1375 4124//1375 4125//1375
f 4132//1378 4133//1378 4134//1378
f 4141//1381 4142//1381 4143//1381
f 4150//1384 4151//1384 4152//1384
f 4159//1387 4160//1387 4161//1387
f 4168//1390 4169//1390 4170//1390
f 4177//1393 4178//1393 4179//1393
f 4186//1396 4187//1396 4188//1396
f 4195//1399 4196//1399 4197//1399
f 4204//1402 4205//1402 4206//1402
f 4213//1405 4214//1405 4215//1405
f 4222//1408 4223//1408 4224//1408
f 4231//1411 4232//1411 4233//1411
f 4240//1414 4241//1414 4242//1414
f 4249//1417 4250//1417 4251//1417
f 4258//1420 4259//1420 4260//1420
f 4267//1423 4268//1423 4269//1423
f 4276//1426 4277//1426 4278//1426
f 4285//1429 4286//1429 4287//1429
f 4294//1432 4295//1432 4296//1432
f 4303//1435 4304//1435 4305//1435
f 4312//1438 4313//1438 4314//1438
f 4321//1441 4322//1441 4323//1441
f 4330//1444 4331//1444 4332//1444
f 4339//1447 4340//1447 4341//1447
f 4348//1450 4349//1450 4350//1450
f 4357//1453 4358//1453 4359//1453
f 4366//1456 4367//1456 4368//1456
f 4375//1459 4376//1459 4377//1459
f 4384//1462 4385//1462 4386//1462
f 4393//1465 4394//1465 4395//1465
f 4402//1468 4403//1468 4404//1468
f 4411//1471 4412//1471 4413//1471
f 4420//1474 4421//1474 4422//1474
f 4429//1477 4430//1477 4431//1477
f 4438//1480 4439//1480 4440//1480
f 4447//1483 4448//1483 4449//1483
f 4456//1486 4457//1486 4458//1486
f 4465//1489 4466//1489 4467//1489
f 4474//1492 4475//1492 4476//1492
f 4483//1495 4484//1495 4485//1495
f 4492//1498 4493//1498 4494//1498
f 4501//1501 4502//1501 4503//1501
f 4510//1504 4511//1504 4512//1504
f 4519//1507 4520//1507 4521//1507
f 4528//1510 4529//1510 4530//1510
f 4537//1513 4538//1513 4539//1513
f 4546//1516 4547//1516 4548//1516
f 4555//1519 4556//1519 4557//1519
f 4564//1522 4565//1522 4566//1522
f 4573//1525 4574//1525 4575//1525
f 4582//1528 4583//1528 4584//1528
f 4591//1531 4592//1531 4593//1531
f 4600//1534 4601//1534 4602//1534
f 4609//1537 4610//1537 4611//1537
f 4618//1540 4619//1540 4620//1540
f 4627//1543 4628//1543 4629//1543
f 4636//1546 4637//1546 4638//1546
f 4645//1549 4646//1549 4647//1549
f 4654//1552 4655//1552 4656//1552
f 4663//1555 4664//1555 4665//1555
f 4672//1558 4673//1558 4674//1558
f 4681//1561 4682//1561 4683//1561
f 4690//1564 4691//1564 4692//1564
f 4699//1567 4700//1567 4701//1567
f 4708//1570 4709//1570 4710//1570
f 4717//1573 4718//1573 4719//1573
f 4726//1576 4727//1576 4728//1576
f 4735//1579 4736//1579 4737//1579
f 4744//1582 4745//1582 4746//1582
f 4753//1585 4754//1585 4755//1585
f 4762//1588 4763//1588 4764//1588
f 4771//1591 4772//1591 4773//1591
f 4780//1594 4781//1594 4782//1594
f 4789//1597 4790//1597 4791//1597
f 4798//1600 4799//1600 4800//1600
f 4807//1603 4808//1603 4809//1603
f 4816//1606 4817//1606 4818//1606
f 4825//1609 4826//1609 4827//1609
f 4834//1612 4835//1612 4836//1612
f 4843//1615 4844//1615 4845//1615
f 4852//1618 4853//1618 4854//1618
f 4861//1621 4862//1621 4863//1621
f 4870//1624 4871//1624 4872//1624
f 4879//1627 4880//1627 4881//1627
f 4888//1630 4889//1630 4890//1630
f 4897//1633 4898//1633 4899//1633
f 4906//1636 4907//1636 4908//1636
f 4915//1639 4916//1639 4917//1639
f 4924//1642 4925//1642 4926//1642
f 4933//1645 4934//1645 4935//1645
f 4942//1648 4943//1648 4944//1648
f 4951//1651 4952//1651 4953//1651
f 4960//1654 4961//1654 4962//1654
f 4969//1657 4970//1657 4971//1657
f 4978//1660 4979//1660 4980//1660
f 4987//1663 4988//1663 4989//1663
f 4996//1666 4997//1666 4998//1666
f 5005//1669 5006//1669 5007//1669
f 5014//1672 5015//1672 5016//1672
f 5023//1675 5024//1675 5025//1675
f 5032//1678 5033//1678 5034//1678
f 5041//1681 5042//1681 5043//1681
f 5050//1684 5051//1684 5052//1684
f 5059//1687 5060//1687 5061//1687
f 5068//1690 5069//1690 5070//1690
f 5077//1693 5078//1693 5079//1693
f 5086//1696 5087//1696 5088//1696
f 5095//1699 5096//1699 5097//1699
f 5104//1702 5105//1702 5106//1702
f 5113//1705 5114//1705 5115//1705
f 5122//1708 5123//1708 5124//1708
f 5131//1711 5132//1711 5133//1711
f 5140//1714 5141//1714 5142//1714
f 5149//1717 5150//1717 5151//1717
f 5158//1720 5159//1720 5160//1720
f 5167//1723 5168//1723 5169//1723
f 5176//1726 5177//1726 5178//1726
f 5185//1729 5186//1729 5187//1729
f 5194//1732 5195//1732 5196//1732
f 5203//1735 5204//1735 5205//1735
f 5212//1738 5213//1738 5214//1738
f 5221//1741 5222//1741 5223//1741
f 5230//1744 5231//1744 5232//1744
f 5239//1747 5240//1747 5241//1747
f 5248//1750 5249//1750 5250//1750
f 5257//1753 5258//1753 5259//1753
f 5266//1756 5267//1756 5268//1756
f 5275//1759 5276//1759 5277//1759
f 5284//1762 5285//1762 5286//1762
f 5293//1765 5294//1765 5295//1765
f 5302//1768 5303//1768 5304//1768
f 5311//1771 5312//1771 5313//1771
f 5320//1774 5321//1774 5322//1774
f 5329//1777 5330//1777 5331//1777
f 5338//1780 5339//1780 5340//1780
f 5347//1783 5348//1783 5349//1783
f 5356//1786 5357//1786 5358//1786
f 5365//1789 5366//1789 5367//1789
f 5374//1792 5375//1792 5376//1792
f 5383//1795 5384//1795 5385//1795
f 5392//1798 5393//1798 5394//1798
f 5401//1801 5402//1801 5403//1801
f 5410//1804 5411//1804 5412//1804
f 5419//1807 5420//1807 5421//1807
f 5428//1810 5429//1810 5430//1810
f 5437//1813 5438//1813 5439//1813
f 5446//1816 5447//1816 5448//1816
f 5455//1819 5456//1819 5457//1819
f 5464//1822 5465//1822 5466//1822
f 5473//1825 5474//1825 5475//1825
f 5482//1828 5483//1828 5484//1828
f 5491//1831 5492//1831 5493//1831
f 5500//1834 5501//1834 5502//1834
f 5509//1837 5510//1837 5511//1837
f 5518//1840 5519//1840 5520//1840
f 5527//1843 5528//1843 5529//1843
f 5536//1846 5537//1846 5538//1846
f 5545//1849 5546//1849 5547//1849
f 5554//1852 5555//1852 5556//1852
f 5563//1855 5564//1855 5565//1855
f 5572//1858 5573//1858 5574//1858
f 5581//1861 5582//1861 5583//1861
f 5590//1864 5591//1864 5592//1864
f 5599//1867 5600//1867 5601//1867
f 5608//1870 5609//1870 5610//1870
f 5617//1873 5618//1873 5619//1873
f 5626//1876 5627//1876 5628//1876
f 5635//1879 5636//1879 5637//1879
f 5644//1882 5645//1882 5646//1882
f 5653//1885 5654//1885 5655//1885
f 5662//1888 5663//1888 5664//1888
f 5671//1891 5672//1891 5673//1891
f 5680//1894 5681//1894 5682//1894
f 5689//1897 5690//1897 5691//1897
f 5698//1900 5699//1900 5700//1900
f 5707//1903 5708//1903 5709//1903
f 5716//1906 5717//1906 5718//1906
f 5725//1909 5726//1909 5727//1909
f 5734//1912 5735//1912 5736//1912
f 5743//1915 5744//1915 5745//1915
f 5752//1918 5753//1918 5754//1918
f 5761//1921 5762//1921 5763//1921
f 5770//1924 5771//1924 5772//1924
f 5779//1927 5780//1927 5781//1927
f 5788//1930 5789//1930 5790//1930
f 5797//1933 5798//1933 5799//1933
f 5806//1936 5807//1936 5808//1936
f 5815//1939 5816//1939 5817//1939
f 5824//1942 5825//1942 5826//1942
f 5833//1945 5834//1945 5835//1945
f 5842//1948 5843//1948 5844//1948
f 5851//1951 5852//1951 5853//1951
f 5860//1954 5861//1954 5862//1954
f 5869//1957 5870//1957 5871//1957
f 5878//1960 5879//1960 5880//1960
f 5887//1963 5888//1963 5889//1963
f 5896//1966 5897//1966 5898//1966
f 5905//1969 5906//1969 5907//1969
f 5914//1972 5915//1972 5916//1972
f 5923//1975 5924//1975 5925//1975
f 5932//1978 5933//1978 5934//1978
f 5941//1981 5942//1981 5943//1981
f 5950//1984 5951//1984 5952//1984
f 5959//1987 5960//1987 5961//1987
f 5968//1990 5969//1990 5970//1990
f 5977//1993 5978//1993 5979//1993
f 5986//1996 5987//1996 5988//1996
f 5995//1999 5996//1999 5997//1999
f 6004//2002 6005//2002 6006//2002
f 6013//2005 6014//2005 6015//2005
f 6022//2008 6023//2008 6024//2008
f 6031//2011 6032//2011 6033//2011
f 6040//2014 6041//2014 6042//2014
f 6049//2017 6050//2017 6051//2017
f 6058//2020 6059//2020 6060//2020
f 6067//2023 6068//2023 6069//2023
f 6076//2026 6077//2026 6078//2026
f 6085//2029 6086//2029 6087//2029
f 6094//2032 6095//2032 6096//2032
f 6103//2035 6104//2035 6105//2035
f 6112//2038 6113//2038 6114//2038
f 6121//2041 6122//2041 6123//2041
f 6130//2044 6131//2044 6132//2044
f 6139//2047 6140//2047 6141//2047
f 6148//2050 6149//2050 6150//2050
f 6157//2053 6158//2053 6159//2053
f 6166//2056 6167//2056 6168//2056
f 6175//2059 6176//2059 6177//2059
f 6184//2062 6185//2062 6186//2062
f 6193//2065 6194//2065 6195//2065
f 6202//2068 6203//2068 6204//2068
f 6211//2071 6212//2071 6213//2071
f 6220//2074 6221//2074 6222//2074
f 6229//2077 6230//2077 6231//2077
f 6238//2080 6239//2080 6240//2080
f 6247//2083 6248//2083 6249//2083
f 6256//2086 6257//2086 6258//2086
f 6265//2089 6266//2089 6267//2089
f 6274//2092 6275//2092 6276//2092
f 6283//2095 6284//2095 6285//2095
f 6292//2098 6293//2098 6294//2098
f 6301//2101 6302//2101 6303//2101
f 6310//2104 6311//2104 6312//2104
f 6319//2107 6320//2107 6321//2107
f 6328//2110 6329//2110 6330//2110
f 6337//2113 6338//2113 6339//2113
f 6346//2116 6347//2116 6348//2116
f 6355//2119 6356//2119 6357//2119
f 6364//2122 6365//2122 6366//2122
f 6373//2125 6374//2125 6375//2125
f 6382//2128 6383//2128 6384//2128
f 6391//2131 6392//2131 6393//2131
f 6400//2134 6401//2134 6402//2134
f 6409//2137 6410//2137 6411//2137
f 6418//2140 6419//2140 6420//2140
f 6427//2143 6428//2143 6429//2143
f 6436//2146 6437//2146 6438//2146
f 6445//2149 6446//2149 6447//2149
f 6454//2152 6455//2152 6456//2152
f 6463//2155 6464//2155 6465//2155
f 6472//2158 6473//2158 6474//2158
f 6481//2161 6482//2161 6483//2161
f 6490//2164 6491//2164 6492//2164
f 6499//2167 6500//2167 6501//2167
f 6508//2170 6509//2170 6510//2170
f 6517//2173 6518//2173 6519//2173
f 6526//2176 6527//2176 6528//2176
f 6535//2179 6536//2179 6537//2179
f 6544//2182 6545//2182 6546//2182
f 6553//2185 6554//2185 6555//2185
f 6562//2188 6563//2188 6564//2188
f 6571//2191 6572//2191 6573//2191
f 6580//2194 6581//2194 6582//2194
f 6589//2197 6590//2197 6591//2197
f 6598//2200 6599//2200 6600//2200
f 6607//2203 6608//2203 6609//2203
f 6616//2206 6617//2206 6618//2206
f 6625//2209 6626//2209 6627//2209
f 6634//2212 6635//2212 6636//2212
f 6643//2215 6644//2215 6645//2215
f 6652//2218 6653//2218 6654//2218
f 6661//2221 6662//2221 6663//2221
f 6670//2224 6671//2224 6672//2224
f 6679//2227 6680//2227 6681//2227
f 6688//2230 6689//2230 6690//2230
f 6697//2233 6698//2233 6699//2233
f 6706//2236 6707//2236 6708//2236
f 6715//2239 6716//2239 6717//2239
f 6724//2242 6725//2242 6726//2242
f 6733//2245 6734//2245 6735//2245
f 6742//2248 6743//2248 6744//2248
f 6751//2251 6752//2251 6753//2251
f 6760//2254 6761//2254 6762//2254
f 6769//2257 6770//2257 6771//2257
f 6778//2260 6779//2260 6780//2260
f 6787//2263 6788//2263 6789//2263
f 6796//2266 6797//2266 6798//2266
f 6805//2269 6806//2269 6807//2269
f 6814//2272 6815//2272 6816//2272
f 6823//2275 6824//2275 6825//2275
f 6832//2278 6833//2278 6834//2278
f 6841//2281 6842//2281 6843//2281
f 6850//2284 6851//2284 6852//2284
f 6859//2287 6860//2287 6861//2287
f 6868//2290 6869//2290 6870//2290
f 6877//2293 6878//2293 6879//2293
f 6886//2296 6887//2296 6888//2296
f 6895//2299 6896//2299 6897//2299
f 6904//2302 6905//2302 6906//2302
f 6913//2305 6914//2305 6915//2305
f 6922//2308 6923//2308 6924//2308
f 6931//2311 6932//2311 6933//2311
f 6940//2314 6941//2314 6942//2314
f 6949//2317 6950//2317 6951//2317
f 6958//2320 6959//2320 6960//2320
f 6967//2323 6968//2323 6969//2323
f 6976//2326 6977//2326 6978//2326
f 6985//2329 6986//2329 6987//2329
f 6994//2332 6995//2332 6996//2332
f 7003//2335 7004//2335 7005//2335
f 7012//2338 7013//2338 7014//2338
f 7021//2341 7022//2341 7023//2341
f 7030//2344 7031//2344 7032//2344
f 7039//2347 7040//2347 7041//2347
f 7048//2350 7049//2350 7050//2350
f 7057//2353 7058//2353 7059//2353
f 7066//2356 7067//2356 7068//2356
f 7075//2359 7076//2359 7077//2359
f 7084//2362 7085//2362 7086//2362
f 7093//2365 7094//2365 7095//2365
f 7102//2368 7103//2368 7104//2368
f 7111//2371 7112//2371 7113//2371
f 7120//2374 7121//2374 7122//2374
f 7129//2377 7130//2377 7131//2377
f 7138//2380 7139//2380 7140//2380
f 7147//2383 7148//2383 7149//2383
f 7156//2386 7157//2386 7158//2386
f 7165//2389 7166//2389 7167//2389
f 7174//2392 7175//2392 7176//2392
f 7183//2395 7184//2395 7185//2395
f 7192//2398 7193//2398 7194//2398
f 7201//2401 7202//2401 7203//2401
f 7210//2404 7211//2404 7212//2404
f 7219//2407 7220//2407 7221//2407
f 7228//2410 7229//2410 7230//2410
f 7237//2413 7238//2413 7239//2413
f 7246//2416 7247//2416 7248//2416
f 7255//2419 7256//2419 7257//2419
f 7264//2422 7265//2422 7266//2422
f 7273//2425 7274//2425 7275//2425
f 7282//2428 7283//2428 7284//2428
f 7291//2431 7292//2431 7293//2431
f 7300//2434 7301//2434 7302//2434
f 7309//2437 7310//2437 7311//2437
f 7318//2440 7319//2440 7320//2440
f 7327//2443 7328//2443 7329//2443
f 7336//2446 7337//2446 7338//2446
f 7345//2449 7346//2449 7347//2449
f 7354//2452 7355//2452 7356//2452
f 7363//2455 7364//2455 7365//2455
f 7372//2458 7373//2458 7374//2458
f 7381//2461 7382//2461 7383//2461
f 7390//2464 7391//2464 7392//2464
f 7399//2467 7400//2467 7401//2467
f 7408//2470 7409//2470 7410//2470
f 7417//2473 7418//2473 7419//2473
f 7426//2476 7427//2476 7428//2476
f 7435//2479 7436//2479 7437//2479
f 7444//2482 7445//2482 7446//2482
f 7453//2485 7454//2485 7455//2485
f 7462//2488 7463//2488 7464//2488
f 7471//2491 7472//2491 7473//2491
f 7480//2494 7481//2494 7482//2494
f 7489//2497 7490//2497 7491//2497
f 7498//2500 7499//2500 7500//2500
f 7507//2503 7508//2503 7509//2503
f 7516//2506 7517//2506 7518//2506
f 7525//2509 7526//2509 7527//2509
f 7534//2512 7535//2512 7536//2512
f 7543//2515 7544//2515 7545//2515
f 7552//2518 7553//2518 7554//2518
f 7561//2521 7562//2521 7563//2521
f 7570//2524 7571//2524 7572//2524
f 7579//2527 7580//2527 7581//2527
f 7588//2530 7589//2530 7590//2530
f 7597//2533 7598//2533 7599//2533
f 7606//2536 7607//2536 7608//2536
f 7615//2539 7616//2539 7617//2539
f 7624//2542 7625//2542 7626//2542
f 7633//2545 7634//2545 7635//2545
f 7642//2548 7643//2548 7644//2548
f 7651//2551 7652//2551 7653//2551
f 7660//2554 7661//2554 7662//2554
f 7669//2557 7670//2557 7671//2557
f 7678//2560 7679//2560 7680//2560
f 7687//2563 7688//2563 7689//2563
f 7696//2566 7697//2566 7698//2566
f 7705//2569 7706//2569 7707//2569
f 7714//2572 7715//2572 7716//2572
f 7723//2575 7724//2575 7725//2575
f 7732//2578 7733//2578 7734//2578
f 7741//2581 7742//2581 7743//2581
f 7750//2584 7751//2584 7752//2584
f 7759//2587 7760//2587 7761//2587
f 7768//2590 7769//2590 7770//2590
f 7777//2593 7778//2593 7779//2593
f 7786//2596 7787//2596 7788//2596
f 7795//2599 7796//2599 7797//2599
f 7804//2602 7805//2602 7806//2602
f 7813//2605 7814//2605 7815//2605
f 7822//2608 7823//2608 7824//2608
f 7831//2611 7832//2611 7833//2611
f 7840//2614 7841//2614 7842//2614
f 7849//2617 7850//2617 7851//2617
f 7858//2620 7859//2620 7860//2620
f 7867//2623 7868//2623 7869//2623
f 7876//2626 7877//2626 7878//2626
f 7885//2629 7886//2629 7887//2629
f 7894//2632 7895//2632 7896//2632
f 7903//2635 7904//2635 7905//2635
f 7912//2638 7913//2638 7914//2638
f 7921//2641 7922//2641 7923//2641
f 7930//2644 7931//2644 7932//2644
f 7939//2647 7940//2647 7941//2647
f 7948//2650 7949//2650 7950//2650
f 7957//2653 7958//2653 7959//2653
f 7966//2656 7967//2656 7968//2656
f 7975//2659 7976//2659 7977//2659
f 7984//2662 7985//2662 7986//2662
f 7993//2665 7994//2665 7995//2665
f 8002//2668 8003//2668 8004//2668
f 8011//2671 8012//2671 8013//2671
f 8020//2674 8021//2674 8022//2674
f 8029//2677 8030//2677 8031//2677
f 8038//2680 8039//2680 8040//2680
f 8047//2683 8048//2683 8049//2683
f 8056//2686 8057//2686 8058//2686
f 8065//2689 8066//2689 8067//2689
f 8074//2692 8075//2692 8076//2692
f 8083//2695 8084//2695 8085//2695
f 8092//2698 8093//2698 8094//2698
f 8101//2701 8102//2701 8103//2701
f 8110//2704 8111//2704 8112//2704
f 8119//2707 8120//2707 8121//2707
f 8128//2710 8129//2710 8130//2710
f 8137//2713 8138//2713 8139//2713
f 8146//2716 8147//2716 8148//2716
f 8155//2719 8156//2719 8157//2719
f 8164//2722 8165//2722 8166//2722
f 8173//2725 8174//2725 8175//2725
f 8182//2728 8183//2728 8184//2728
f 8191//2731 8192//2731 8193//2731
f 8200//2734 8201//2734 8202//2734
f 8209//2737 8210//2737 8211//2737
f 8218//2740 8219//2740 8220//2740
f 8227//2743 8228//2743 8229//2743
f 8236//2746 8237//2746 8238//2746
f 8245//2749 8246//2749 8247//2749
f 8254//2752 8255//2752 8256//2752
f 8263//2755 8264//2755 8265//2755
f 8272//2758 8273//2758 8274//2758
f 8281//2761 8282//2761 8283//2761
f 8290//2764 8291//2764 8292//2764
f 8299//2767 8300//2767 8301//2767
f 8308//2770 8309//2770 8310//2770
f 8317//2773 8318//2773 8319//2773
f 8326//2776 8327//2776 8328//2776
f 8335//2779 8336//2779 8337//2779
f 8344//2782 8345//2782 8346//2782
f 8353//2785 8354//2785 8355//2785
f 8362//2788 8363//2788 8364//2788
f 8371//2791 8372//2791 8373//2791
f 8380//2794 8381//2794 8382//2794
f 8389//2797 8390//2797 8391//2797
f 8398//2800 8399//2800 8400//2800
f 8407//2803 8408//2803 8409//2803
f 8416//2806 8417//2806 8418//2806
f 8425//2809 8426//2809 8427//2809
f 8434//2812 8435//2812 8436//2812
f 8443//2815 8444//2815 8445//2815
f 8452//2818 8453//2818 8454//2818
f 8461//2821 8462//2821 8463//2821
f 8470//2824 8471//2824 8472//2824
f 8479//2827 8480//2827 8481//2827
f 8488//2830 8489//2830 8490//2830
f 8497//2833 8498//2833 8499//2833
f 8506//2836 8507//2836 8508//2836
f 8515//2839 8516//2839 8517//2839
f 8524//2842 8525//2842 8526//2842
f 8533//2845 8534//2845 8535//2845
f 8542//2848 8543//2848 8544//2848
f 8551//2851 8552//2851 8553//2851
f 8560//2854 8561//2854 8562//2854
f 8569//2857 8570//2857 8571//2857
f 8578//2860 8579//2860 8580//2860
f 8587//2863 8588//2863 8589//2863
f 8596//2866 8597//2866 8598//2866
f 8605//2869 8606//2869 8607//2869
f 8614//2872 8615//2872 8616//2872
f 8623//2875 8624//2875 8625//2875
f 8632//2878 8633//2878 8634//2878
f 8641//2881 8642//2881 8643//2881
f 8650//2884 8651//2884 8652//2884
f 8659//2887 8660//2887 8661//2887
f 8668//2890 8669//2890 8670//2890
f 8677//2893 8678//2893 8679//2893
f 8686//2896 8687//2896 8688//2896
f 8695//2899 8696//2899 8697//2899
f 8704//2902 8705//2902 8706//2902
f 8713//2905 8714//2905 8715//2905
f 8722//2908 8723//2908 8724//2908
f 8731//2911 8732//2911 8733//2911
f 8740//2914 8741//2914 8742//2914
f 8749//2917 8750//2917 8751//2917
f 8758//2920 8759//2920 8760//2920
f 8767//2923 8768//2923 8769//2923
f 8776//2926 8777//2926 8778//2926
f 8785//2929 8786//2929 8787//2929
f 8794//2932 8795//2932 8796//2932
f 8803//2935 8804//2935 8805//2935
f 8812//2938 8813//2938 8814//2938
f 8821//2941 8822//2941 8823//2941
f 8830//2944 8831//2944 8832//2944
f 8839//2947 8840//2947 8841//2947
f 8848//2950 8849//2950 8850//2950
f 8857//2953 8858//2953 8859//2953
f 8866//2956 8867//2956 8868//2956
f 8875//2959 8876//2959 8877//2959
f 8884//2962 8885//2962 8886//2962
f 8893//2965 8894//2965 8895//2965
f 8902//2968 8903//2968 8904//2968
f 8911//2971 8912//2971 8913//2971
f 8920//2974 8921//2974 8922//2974
f 8929//2977 8930//2977 8931//2977
f 8938//2980 8939//2980 8940//2980
f 8947//2983 8948//2983 8949//2983
f 8956//2986 8957//2986 8958//2986
f 8965//2989 8966//2989 8967//2989
f 8974//2992 8975//2992 8976//2992
f 8983//2995 8984//2995 8985//2995
usemtl rock_1
f 4//2 5//2 6//2
f 13//5 14//5 15//5
f 22//8 23//8 24//8
f 31//11 32//11 33//11
f 40//14 41//14 42//14
f 49//17 50//17 51//17
f 58//20 59//20 60//20
f 67//23 68//23 69//23
f 76//26 77//26 78//26
f 85//29 86//29 87//29
f 94//32 95//32 96//32
f 103//35 104//35 105//35
f 112//38 113//38 114//38
f 121//41 122//41 123//41
f 130//44 131//44 132//44
f 139//47 140//47 141//47
f 148//50 149//50 150//50
f 157//53 158//53 159//53
f 166//56 167//56 168//56
f 175//59 176//59 177//59
f 184//62 185//62 186//62
f 193//65 194//65 195//65
f 202//68 203//68 204//68
f 211//71 212//71 213//71
f 220//74 221//74 222//74
f 229//77 230//77 231//77
f 238//80 239//80 240//80
f 247//83 248//83 249//83
f 256//86 257//86 258//86
f 265//89 266//89 267//89
f 274//92 275//92 276//92
f 283//95 284//95 285//95
f 292//98 293//98 294//98
f 301//101 302//101 303//101
f 310//104 311//104 312//104
f 319//107 320//107 321//107
f 328//110 329//110 330//110
f 337//113 338//113 339//113
f 346//116 347//116 348//116
f 355//119 356//119 357//119
f 364//122 365//122 366//122
f 373//125 374//125 375//125
f 382//128 383//128 384//128
f 391//131 392//131 393//131
f 400//134 401//134 402//134
f 409//137 410//137 411//137
f 418//140 419//140 420//140
f 427//143 428//143 429//143
f 436//146 437//146 438//146
f 445//149 446//149 447//149
f 454//152 455//152 456//152
f 463//155 464//155 465//155
f 472//158 473//158 474//158
f 481//161 482//161 483//161
f 490//164 491//164 492//164
f 499//167 500//167 501//167
f 508//170 509//170 510//170
f 517//173 518//173 519//173
f 526//176 527//176 528//176
f 535//179 536//179 537//179
f 544//182 545//182 546//182
f 553//185 554//185 555//185
f 562//188 563//188 564//188
f 571//191 572//191 573//191
f 580//194 581//194 582//194
f 589//197 590//197 591//197
f 598//200 599//200 600//200
f 607//203 608//203 609//203
f 616//206 617//206 618//206
f 625//209 626//209 627//209
f 634//212 635//212 636//212
f 643//215 644//215 645//215
f 652//218 653//218 654//218
f 661//221 662//221 663//221
f 670//224 671//224 672//224
f 679//227 680//227 681//227
f 688//230 689//230 690//230
f 697//233 698//233 699//233
f 706//236 707//236 708//236
f 715//239 716//239 717//239
f 724//242 725//242 726//242
f 733//245 734//245 735//245
f 742//248 743//248 744//248
f 751//251 752//251 753//251
f 760//254 761//254 762//254
f 769//257 770//257 771//257
f 778//260 779//260 780//260
f 787//263 788//263 789//263
f 796//266 797//266 798//266
f 805//269 806//269 807//269
f 814//272 815//272 816//272
f 823//275 824//275 825//275
f 832//278 833//278 834//278
f 841//281 842//281 843//281
f 850//284 851//284 852//284
f 859//287 860//287 861//287
f 868//290 869//290 870//290
f 877//293 878//293 879//293
f 886//296 887//296 888//296
f 895//299 896//299 897//299
f 904//302 905//302 906//302
f 913//305 914//305 915//305
f 922//308 923//308 924//308
f 931//311 932//311 933//311
f 940//314 941//314 942//314
f 949//317 950//317 951//317
f 958//320 959//320 960//320
f 967//323 968//323 969//323
f 976//326 977//326 978//326
f 985//329 986//329 987//329
f 994//332 995//332 996//332
f 1003//335 1004//335 1005//335
f 1012//338 1013//338 1014//338
f 1021//341 1022//341 1023//341
f 1030//344 1031//344 1032//344
f 1039//347 1040//347 1041//347
f 1048//350 1049//350 1050//350
f 1057//353 1058//353 1059//353
f 1066//356 1067//356 1068//356
f 1075//359 1076//359 1077//359
f 1084//362 1085//362 1086//362
f 1093//365 1094//365 1095//365
f 1102//368 1103//368 1104//368
f 1111//371 1112//371 1113//371
f 1120//374 1121//374 1122//374
f 1129//377 1130//377 1131//377
f 1138//380 1139//380 1140//380
f 1147//383 1148//383 1149//383
f 1156//386 1157//386 1158//386
f 1165//389 1166//389 1167//389
f 1174//392 1175//392 1176//392
f 1183//395 1184//395 1185//395
f 1192//398 1193//398 1194//398
f 1201//401 1202//401 1203//401
f 1210//404 1211//404 1212//404
f 1219//407 1220//407 1221//407
f 1228//410 1229//410 1230//410
f 1237//413 1238//413 1239//413
f 1246//416 1247//416 1248//416
f 1255//419 1256//419 1257//419
f 1264//422 1265//422 1266//422
f 1273//425 1274//425 1275//425
f 1282//428 1283//428 1284//428
f 1291//431 1292//431 1293//431
f 1300//434 1301//434 1302//434
f 1309//437 1310//437 1311//437
f 1318//440 1319//440 1320//440
f 1327//443 1328//443 1329//443
f 1336//446 1337//446 1338//446
f 1345//449 1346//449 1347//449
f 1354//452 1355//452 1356//452
f 1363//455 1364//455 1365//455
f 1372//458 1373//458 1374//458
f 1381//461 1382//461 1383//461
f 1390//464 1391//464 1392//464
f 1399//467 1400//467 1401//467
f 1408//470 1409//470 1410//470
f 1417//473 1418//473 1419//473
f 1426//476 1427//476 1428//476
f 1435//479 1436//479 1437//479
f 1444//482 1445//482 1446//482
f 1453//485 1454//485 1455//485
f 1462//488 1463//488 1464//488
f 1471//491 1472//491 1473//491
f 1480//494 1481//494 1482//494
f 1489//497 1490//497 1491//497
f 1498//500 1499//500 1500//500
f 1507//503 1508//503 1509//503
f 1516//506 1517//506 1518//506
f 1525//509 1526//509 1527//509
f 1534//512 1535//512 1536//512
f 1543//515 1544//515 1545//515
f 1552//518 1553//518 1554//518
f 1561//521 1562//521 1563//521
f 1570//524 1571//524 1572//524
f 1579//527 1580//527 1581//527
f 1588//530 1589//530 1590//530
f 1597//533 1598//533 1599//533
f 1606//536 1607//536 1608//536
f 1615//539 1616//539 1617//539
f 1624//542 1625//542 1626//542
f 1633//545 1634//545 1635//545
f 1642//548 1643//548 1644//548
f 1651//551 1652//551 1653//551
f 1660//554 1661//554 1662//554
f 1669//557 1670//557 1671//557
f 1678//560 1679//560 1680//560
f 1687//563 1688//563 1689//563
f 1696//566 1697//566 1698//566
f 1705//569 1706//569 1707//569
f 1714//572 1715//572 1716//572
f 1723//575 1724//575 1725//575
f 1732//578 1733//578 1734//578
f 1741//581 1742//581 1743//581
f 1750//584 1751//584 1752//584
f 1759//587 1760//587 1761//587
f 1768//590 1769//590 1770//590
f 1777//593 1778//593 1779//593
f 1786//596 1787//596 1788//596
f 1795//599 1796//599 1797//599
f 1804//602 1805//602 1806//602
f 1813//605 1814//605 1815//605
f 1822//608 1823//608 1824//608
f 1831//611 1832//611 1833//611
f 1840//614 1841//614 1842//614
f 1849//617 1850//617 1851//617
f 1858//620 1859//620 1860//620
f 1867//623 1868//623 1869//623
f 1876//626 1877//626 1878//626
f 1885//629 1886//629 1887//629
f 1894//632 1895//632 1896//632
f 1903//635 1904//635 1905//635
f 1912//638 1913//638 1914//638
f 1921//641 1922//641 1923//641
f 1930//644 1931//644 1932//644
f 1939//647 1940//647 1941//647
f 1948//650 1949//650 1950//650
f 1957//653 1958//653 1959//653
f 1966//656 1967//656 1968//656
f 1975//659 1976//659 1977//659
f 1984//662 1985//662 1986//662
f 1993//665 1994//665 1995//665
f 2002//668 2003//668 2004//668
f 2011//671 2012//671 2013//671
f 2020//674 2021//674 2022//674
f 2029//677 2030//677 2031//677
f 2038//680 2039//680 2040//680
f 2047//683 2048//683 2049//683
f 2056//686 2057//686 2058//686
f 2065//689 2066//689 2067//689
f 2074//692 2075//692 2076//692
f 2083//695 2084//695 2085//695
f 2092//698 2093//698 2094//698
f 2101//701 2102//701 2103//701
f 2110//704 2111//704 2112//704
f 2119//707 2120//707 2121//707
f 2128//710 2129//710 2130//710
f 2137//713 2138//713 2139//713
f 2146//716 2147//716 2148//716
f 2155//719 2156//719 2157//719
f 2164//722 2165//722 2166//722
f 2173//725 2174//725 2175//725
f 2182//728 2183//728 2184//728
f 2191//731 2192//731 2193//731
f 2200//734 2201//734 2202//734
f 2209//737 2210//737 2211//737
f 2218//740 2219//740 2220//740
f 2227//743 2228//743 2229//743
f 2236//746 2237//746 2238//746
f 2245//749 2246//749 2247//749
f 2254//752 2255//752 2256//752
f 2263//755 2264//755 2265//755
f 2272//758 2273//758 2274//758
f 2281//761 2282//761 2283//761
f 2290//764 2291//764 2292//764
f 2299//767 2300//767 2301//767
f 2308//770 2309//770 2310//770
f 2317//773 2318//773 2319//773
f 2326//776 2327//776 2328//776
f 2335//779 2336//779 2337//779
f 2344//782 2345//782 2346//782
f 2353//785 2354//785 2355//785
f 2362//788 2363//788 2364//788
f 2371//791 2372//791 2373//791
f 2380//794 2381//794 2382//794
f 2389//797 2390//797 2391//797
f 2398//800 2399//800 2400//800
f 2407//803 2408//803 2409//803
f 2416//806 2417//806 2418//806
f 2425//809 2426//809 2427//809
f 2434//812 2435//812 2436//812
f 2443//815 2444//815 2445//815
f 2452//818 2453//818 2454//818
f 2461//821 2462//821 2463//821
f 2470//824 2471//824 2472//824
f 2479//827 2480//827 2481//827
f 2488//830 2489//830 2490//830
f 2497//833 2498//833 2499//833
f 2506//836 2507//836 2508//836
f 2515//839 2516//839 2517//839
f 2524//842 2525//842 2526//842
f 2533//845 2534//845 2535//845
f 2542//848 2543//848 2544//848
f 2551//851 2552//851 2553//851
f 2560//854 2561//854 2562//854
f 2569//857 2570//857 2571//857
f 2578//860 2579//860 2580//860
f 2587//863 2588//863 2589//863
f 2596//866 2597//866 2598//866
f 2605//869 2606//869 2607//869
f 2614//872 2615//872 2616//872
f 2623//875 2624//875 2625//875
f 2632//878 2633//878 2634//878
f 2641//881 2642//881 2643//881
f 2650//884 2651//884 2652//884
f 2659//887 2660//887 2661//887
f 2668//890 2669//890 2670//890
f 2677//893 2678//893 2679//893
f 2686//896 2687//896 2688//896
f 2695//899 2696//899 2697//899
f 2704//902 2705//902 2706//902
f 2713//905 2714//905 2715//905
f 2722//908 2723//908 2724//908
f 2731//911 2732//911 2733//911
f 2740//914 2741//914 2742//914
f 2749//917 2750//917 2751//917
f 2758//920 2759//920 2760//920
f 2767//923 2768//923 2769//923
f 2776//926 2777//926 2778//926
f 2785//929 2786//929 2787//929
f 2794//932 2795//932 2796//932
f 2803//935 2804//935 2805//935
f 2812//938 2813//938 2814//938
f 2821//941 2822//941 2823//941
f 2830//944 2831//944 2832//944
f 2839//947 2840//947 2841//947
f 2848//950 2849//950 2850//950
f 2857//953 2858//953 2859//953
f 2866//956 2867//956 2868//956
f 2875//959 2876//959 2877//959
f 2884//962 2885//962 2886//962
f 2893//965 2894//965 2895//965
f 2902//968 2903//968 2904//968
f 2911//971 2912//971 2913//971
f 2920//974 2921//974 2922//974
f 2929//977 2930//977 2931//977
f 2938//980 2939//980 2940//980
f 2947//983 2948//983 2949//983
f 2956//986 2957//986 2958//986
f 2965//989 2966//989 2967//989
f 2974//992 2975//992 2976//992
f 2983//995 2984//995 2985//995
f 2992//998 2993//998 2994//998
f 3001//1001 3002//1001 3003//1001
f 3010//1004 3011//1004 3012//1004
f 3019//1007 3020//1007 3021//1007
f 3028//1010 3029//1010 3030//1010
f 3037//1013 3038//1013 3039//1013
f 3046//1016 3047//1016 3048//1016
f 3055//1019 3056//1019 3057//1019
f 3064//1022 3065//1022 3066//1022
f 3073//1025 3074//1025 3075//1025
f 3082//1028 3083//1028 3084//1028
f 3091//1031 3092//1031 3093//1031
f 3100//1034 3101//1034 3102//1034
f 3109//1037 3110//1037 3111//1037
f 3118//1040 3119//1040 3120//1040
f 3127//1043 3128//1043 3129//1043
f 3136//1046 3137//1046 3138//1046
f 3145//1049 3146//1049 3147//1049
f 3154//1052 3155//1052 3156//1052
f 3163//1055 3164//1055 3165//1055
f 3172//1058 3173//1058 3174//1058
f 3181//1061 3182//1061 3183//1061
f 3190//1064 3191//1064 3192//1064
f 3199//1067 3200//1067 3201//1067
f 3208//1070 3209//1070 3210//1070
f 3217//1073 3218//1073 3219//1073
f 3226//1076 3227//1076 3228//1076
f 3235//1079 3236//1079 3237//1079
f 3244//1082 3245//1082 3246//1082
f 3253//1085 3254//1085 3255//1085
f 3262//1088 3263//1088 3264//1088
f 3271//1091 3272//1091 3273//1091
f 3280//1094 3281//1094 3282//1094
f 3289//1097 3290//1097 3291//1097
f 3298//1100 3299//1100 3300//1100
f 3307//1103 3308//1103 3309//1103
f 3316//1106 3317//1106 3318//1106
f 3325//1109 3326//1109 3327//1109
f 3334//1112 3335//1112 3336//1112
f 3343//1115 3344//1115 3345//1115
f 3352//1118 3353//1118 3354//1118
f 3361//1121 3362//1121 3363//1121
f 3370//1124 3371//1124 3372//1124
f 3379//1127 3380//1127 3381//1127
f 3388//1130 3389//1130 3390//1130
f 3397//1133 3398//1133 3399//1133
f 3406//1136 3407//1136 3408//1136
f 3415//1139 3416//1139 3417//1139
f 3424//1142 3425//1142 3426//1142
f 3433//1145 3434//1145 3435//1145
f 3442//1148 3443//1148 3444//1148
f 3451//1151 3452//1151 3453//1151
f 3460//1154 3461//1154 3462//1154
f 3469//1157 3470//1157 3471//1157
f 3478//1160 3479//1160 3480//1160
f 3487//1163 3488//1163 3489//1163
f 3496//1166 3497//1166 3498//1166
f 3505//1169 3506//1169 3507//1169
f 3514//1172 3515//1172 3516//1172
f 3523//1175 3524//1175 3525//1175
f 3532//1178 3533//1178 3534//1178
f 3541//1181 3542//1181 3543//1181
f 3550//1184 3551//1184 3552//1184
f 3559//1187 3560//1187 3561//1187
f 3568//1190 3569//1190 3570//1190
f 3577//1193 3578//1193 3579//1193
f 3586//1196 3587//1196 3588//1196
f 3595//1199 3596//1199 3597//1199
f 3604//1202 3605//1202 3606//1202
f 3613//1205 3614//1205 3615//1205
f 3622//1208 3623//1208 3624//1208
f 3631//1211 3632//1211 3633//1211
f 3640//1214 3641//1214 3642//1214
f 3649//1217 3650//1217 3651//1217
f 3658//1220 3659//1220 3660//1220
f 3667//1223 3668//1223 3669//1223
f 3676//1226 3677//1226 3678//1226
f 3685//1229 3686//1229 3687//1229
f 3694//1232 3695//1232 3696//1232
f 3703//1235 3704//1235 3705//1235
f 3712//1238 3713//1238 3714//1238
f 3721//1241 3722//1241 3723//1241
f 3730//1244 3731//1244 3732//1244
f 3739//1247 3740//1247 3741//1247
f 3748//1250 3749//1250 3750//1250
f 3757//1253 3758//1253 3759//1253
f 3766//1256 3767//1256 3768//1256
f 3775//1259 3776//1259 3777//1259
f 3784//1262 3785//1262 3786//1262
f 3793//1265 3794//1265 3795//1265
f 3802//1268 3803//1268 3804//1268
f 3811//1271 3812//1271 3813//1271
f 3820//1274 3821//1274 3822//1274
f 3829//1277 3830//1277 3831//1277
f 3838//1280 3839//1280 3840//1280
f 3847//1283 3848//1283 3849//1283
f 3856//1286 3857//1286 3858//1286
f 3865//1289 3866//1289 3867//1289
f 3874//1292 3875//1292 3876//1292
f 3883//1295 3884//1295 3885//1295
f 3892//1298 3893//1298 3894//1298
f 3901//1301 3902//1301 3903//1301
f 3910//1304 3911//1304 3912//1304
f 3919//1307 3920//1307 3921//1307
f 3928//1310 3929//1310 3930//1310
f 3937//1313 3938//1313 3939//1313
f 3946//1316 3947//1316 3948//1316
f 3955//1319 3956//1319 3957//1319
f 3964//1322 3965//1322 3966//1322
f 3973//1325 3974//1325 3975//1325
f 3982//1328 3983//1328 3984//1328
f 3991//1331 3992//1331 3993//1331
f 4000//1334 4001//1334 4002//1334
f 4009//1337 4010//1337 4011//1337
f 4018//1340 4019//1340 4020//1340
f 4027//1343 4028//1343 4029//1343
f 4036//1346 4037//1346 4038//1346
f 4045//1349 4046//1349 4047//1349
f 4054//1352 4055//1352 4056//1352
f 4063//1355 4064//1355 4065//1355
f 4072//1358 4073//1358 4074//1358
f 4081//1361 4082//1361 4083//1361
f 4090//1364 4091//1364 4092//1364
f 4099//1367 4100//1367 4101//1367
f 4108//1370 4109//1370 4110//1370
f 4117//1373 4118//1373 4119//1373
f 4126//1376 4127//1376 4128//1376
f 4135//1379 4136//1379 4137//1379
f 4144//1382 4145//1382 4146//1382
f 4153//1385 4154//1385 4155//1385
f 4162//1388 4163//1388 4164//1388
f 4171//1391 4172//1391 4173//1391
f 4180//1394 4181//1394 4182//1394
f 4189//1397 4190//1397 4191//1397
f 4198//1400 4199//1400 4200//1400
f 4207//1403 4208//1403 4209//1403
f 4216//1406 4217//1406 4218//1406
f 4225//1409 4226//1409 4227//1409
f 4234//1412 4235//1412 4236//1412
f 4243//1415 4244//1415 4245//1415
f 4252//1418 4253//1418 4254//1418
f 4261//1421 4262//1421 4263//1421
f 4270//1424 4271//1424 4272//1424
f 4279//1427 4280//1427 4281//1427
f 4288//1430 4289//1430 4290//1430
f 4297//1433 4298//1433 4299//1433
f 4306//1436 4307//1436 4308//1436
f 4315//1439 4316//1439 4317//1439
f 4324//1442 4325//1442 4326//1442
f 4333//1445 4334//1445 4335//1445
f 4342//1448 4343//1448 4344//1448
f 4351//1451 4352//1451 4353//1451
f 4360//1454 4361//1454 4362//1454
f 4369//1457 4370//1457 4371//1457
f 4378//1460 4379//1460 4380//1460
f 4387//1463 4388//1463 4389//1463
f 4396//1466 4397//1466 4398//1466
f 4405//1469 4406//1469 4407//1469
f 4414//1472 4415//1472 4416//1472
f 4423//1475 4424//1475 4425//1475
f 4432//1478 4433//1478 4434//1478
f 4441//1481 4442//1481 4443//1481
f 4450//1484 4451//1484 4452//1484
f 4459//1487 4460//1487 4461//1487
f 4468//1490 4469//1490 4470//1490
f 4477//1493 4478//1493 4479//1493
f 4486//1496 4487//1496 4488//1496
f 4495//1499 4496//1499 4497//1499
f 4504//1502 4505//1502 4506//1502
f 4513//1505 4514//1505 4515//1505
f 4522//1508 4523//1508 4524//1508
f 4531//1511 4532//1511 4533//1511
f 4540//1514 4541//1514 4542//1514
f 4549//1517 4550//1517 4551//1517
f 4558//1520 4559//1520 4560//1520
f 4567//1523 4568//1523 4569//1523
f 4576//1526 4577//1526 4578//1526
f 4585//1529 4586//1529 4587//1529
f 4594//1532 4595//1532 4596//1532
f 4603//1535 4604//1535 4605//1535
f 4612//1538 4613//1538 4614//1538
f 4621//1541 4622//1541 4623//1541
f 4630//1544 4631//1544 4632//1544
f 4639//1547 4640//1547 4641//1547
f 4648//1550 4649//1550 4650//1550
f 4657//1553 4658//1553 4659//1553
f 4666//1556 4667//1556 4668//1556
f 4675//1559 4676//1559 4677//1559
f 4684//1562 4685//1562 4686//1562
f 4693//1565 4694//1565 4695//1565
f 4702//1568 4703//1568 4704//1568
f 4711//1571 4712//1571 4713//1571
f 4720//1574 4721//1574 4722//1574
f 4729//1577 4730//1577 4731//1577
f 4738//1580 4739//1580 4740//1580
f 4747//1583 4748//1583 4749//1583
f 4756//1586 4757//1586 4758//1586
f 4765//1589 4766//1589 4767//1589
f 4774//1592 4775//1592 4776//1592
f 4783//1595 4784//1595 4785//1595
f 4792//1598 4793//1598 4794//1598
f 4801//1601 4802//1601 4803//1601
f 4810//1604 4811//1604 4812//1604
f 4819//1607 4820//1607 4821//1607
f 4828//1610 4829//1610 4830//1610
f 4837//1613 4838//1613 4839//1613
f 4846//1616 4847//1616 4848//1616
f 4855//1619 4856//1619 4857//1619
f 4864//1622 4865//1622 4866//1622
f 4873//1625 4874//1625 4875//1625
f 4882//1628 4883//1628 4884//1628
f 4891//1631 4892//1631 4893//1631
f 4900//1634 4901//1634 4902//1634
f 4909//1637 4910//1637 4911//1637
f 4918//1640 4919//1640 4920//1640
f 4927//1643 4928//1643 4929//1643
f 4936//1646 4937//1646 4938//1646
f 4945//1649 4946//1649 4947//1649
f 4954//1652 4955//1652 4956//1652
f 4963//1655 4964//1655 4965//1655
f 4972//1658 4973//1658 4974//1658
f 4981//1661 4982//1661 4983//1661
f 4990//1664 4991//1664 4992//1664
f 4999//1667 5000//1667 5001//1667
f 5008//1670 5009//1670 5010//1670
f 5017//1673 5018//1673 5019//1673
f 5026//1676 5027//1676 5028//1676
f 5035//1679 5036//1679 5037//1679
f 5044//1682 5045//1682 5046//1682
f 5053//1685 5054//1685 5055//1685
f 5062//1688 5063//1688 5064//1688
f 5071//1691 5072//1691 5073//1691
f 5080//1694 5081//1694 5082//1694
f 5089//1697 5090//1697 5091//1697
f 5098//1700 5099//1700 5100//1700
f 5107//1703 5108//1703 5109//1703
f 5116//1706 5117//1706 5118//1706
f 5125//1709 5126//1709 5127//1709
f 5134//1712 5135//1712 5136//1712
f 5143//1715 5144//1715 5145//1715
f 5152//1718 5153//1718 5154//1718
f 5161//1721 5162//1721 5163//1721
f 5170//1724 5171//1724 5172//1724
f 5179//1727 5180//1727 5181//1727
f 5188//1730 5189//1730 5190//1730
f 5197//1733 5198//1733 5199//1733
f 5206//1736 5207//1736 5208//1736
f 5215//1739 5216//1739 5217//1739
f 5224//1742 5225//1742 5226//1742
f 5233//1745 5234//1745 5235//1745
f 5242//1748 5243//1748 5244//1748
f 5251//1751 5252//1751 5253//1751
f 5260//1754 5261//1754 5262//1754
f 5269//1757 5270//1757 5271//1757
f 5278//1760 5279//1760 5280//1760
f 5287//1763 5288//1763 5289//1763
f 5296//1766 5297//1766 5298//1766
f 5305//1769 5306//1769 5307//1769
f 5314//1772 5315//1772 5316//1772
f 5323//1775 5324//1775 5325//1775
f 5332//1778 5333//1778 5334//1778
f 5341//1781 5342//1781 5343//1781
f 5350//1784 5351//1784 5352//1784
f 5359//1787 5360//1787 5361//1787
f 5368//1790 5369//1790 5370//1790
f 5377//1793 5378//1793 5379//1793
f 5386//1796 5387//1796 5388//1796
f 5395//1799 5396//1799 5397//1799
f 5404//1802 5405//1802 5406//1802
f 5413//1805 5414//1805 5415//1805
f 5422//1808 5423//1808 5424//1808
f 5431//1811 5432//1811 5433//1811
f 5440//1814 5441//1814 5442//1814
f 5449//1817 5450//1817 5451//1817
f 5458//1820 5459//1820 5460//1820
f 5467//1823 5468//1823 5469//1823
f 5476//1826 5477//1826 5478//1826
f 5485//1829 5486//1829 5487//1829
f 5494//1832 5495//1832 5496//1832
f 5503//1835 5504//1835 5505//1835
f 5512//1838 5513//1838 5514//1838
f 5521//1841 5522//1841 5523//1841
f 5530//1844 5531//1844 5532//1844
f 5539//1847 5540//1847 5541//1847
f 5548//1850 5549//1850 5550//1850
f 5557//1853 5558//1853 5559//1853
f 5566//1856 5567//1856 5568//1856
f 5575//1859 5576//1859 5577//1859
f 5584//1862 5585//1862 5586//1862
f 5593//1865 5594//1865 5595//1865
f 5602//1868 5603//1868 5604//1868
f 5611//1871 5612//1871 5613//1871
f 5620//1874 5621//1874 5622//1874
f 5629//1877 5630//1877 5631//1877
f 5638//1880 5639//1880 5640//1880
f 5647//1883 5648//1883 5649//1883
f 5656//1886 5657//1886 5658//1886
f 5665//1889 5666//1889 5667//1889
f 5674//1892 5675//1892 5676//1892
f 5683//1895 5684//1895 5685//1895
f 5692//1898 5693//1898 5694//1898
f 5701//1901 5702//1901 5703//1901
f 5710//1904 5711//1904 5712//1904
f 5719//1907 5720//1907 5721//1907
f 5728//1910 5729//1910 5730//1910
f 5737//1913 5738//1913 5739//1913
f 5746//1916 5747//1916 5748//1916
f 5755//1919 5756//1919 5757//1919
f 5764//1922 5765//1922 5766//1922
f 5773//1925 5774//1925 5775//1925
f 5782//1928 5783//1928 5784//1928
f 5791//1931 5792//1931 5793//1931
f 5800//1934 5801//1934 5802//1934
f 5809//1937 5810//1937 5811//1937
f 5818//1940 5819//1940 5820//1940
f 5827//1943 5828//1943 5829//1943
f 5836//1946 5837//1946 5838//1946
f 5845//1949 5846//1949 5847//1949
f 5854//1952 5855//1952 5856//1952
f 5863//1955 5864//1955 5865//1955
f 5872//1958 5873//1958 5874//1958
f 5881//1961 5882//1961 5883//1961
f 5890//1964 5891//1964 5892//1964
f 5899//1967 5900//1967 5901//1967
f 5908//1970 5909//1970 5910//1970
f 5917//1973 5918//1973 5919//1973
f 5926//1976 5927//1976 5928//1976
f 5935//1979 5936//1979 5937//1979
f 5944//1982 5945//1982 5946//1982
f 5953//1985 5954//1985 5955//1985
f 5962//1988 5963//1988 5964//1988
f 5971//1991 5972//1991 5973//1991
f 5980//1994 5981//1994 5982//1994
f 5989//1997 5990//1997 5991//1997
f 5998//2000 5999//2000 6000//2000
f 6007//2003 6008//2003 6009//2003
f 6016//2006 6017//2006 6018//2006
f 6025//2009 6026//2009 6027//2009
f 6034//2012 6035//2012 6036//2012
f 6043//2015 6044//2015 6045//2015
f 6052//2018 6053//2018 6054//2018
f 6061//2021 6062//2021 6063//2021
f 6070//2024 6071//2024 6072//2024
f 6079//2027 6080//2027 6081//2027
f 6088//2030 6089//2030 6090//2030
f 6097//2033 6098//2033 6099//2033
f 6106//2036 6107//2036 6108//2036
f 6115//2039 6116//2039 6117//2039
f 6124//2042 6125//2042 6126//2042
f 6133//2045 6134//2045 6135//2045
f 6142//2048 6143//2048 6144//2048
f 6151//2051 6152//2051 6153//2051
f 6160//2054 6161//2054 6162//2054
f 6169//2057 6170//2057 6171//2057
f 6178//2060 6179//2060 6180//2060
f 6187//2063 6188//2063 6189//2063
f 6196//2066 6197//2066 6198//2066
f 6205//2069 6206//2069 6207//2069
f 6214//2072 6215//2072 6216//2072
f 6223//2075 6224//2075 6225//2075
f 6232//2078 6233//2078 6234//2078
f 6241//2081 6242//2081 6243//2081
f 6250//2084 6251//2084 6252//2084
f 6259//2087 6260//2087 6261//2087
f 6268//2090 6269//2090 6270//2090
f 6277//2093 6278//2093 6279//2093
f 6286//2096 6287//2096 6288//2096
f 6295//2099 6296//2099 6297//2099
f 6304//2102 6305//2102 6306//2102
f 6313//2105 6314//2105 6315//2105
f 6322//2108 6323//2108 6324//2108
f 6331//2111 6332//2111 6333//2111
f 6340//2114 6341//2114 6342//2114
f 6349//2117 6350//2117 6351//2117
f 6358//2120 6359//2120 6360//2120
f 6367//2123 6368//2123 6369//2123
f 6376//2126 6377//2126 6378//2126
f 6385//2129 6386//2129 6387//2129
f 6394//2132 6395//2132 6396//2132
f 6403//2135 6404//2135 6405//2135
f 6412//2138 6413//2138 6414//2138
f 6421//2141 6422//2141 6423//2141
f 6430//2144 6431//2144 6432//2144
f 6439//2147 6440//2147 6441//2147
f 6448//2150 6449//2150 6450//2150
f 6457//2153 6458//2153 6459//2153
f 6466//2156 6467//2156 6468//2156
f 6475//2159 6476//2159 6477//2159
f 6484//2162 6485//2162 6486//2162
f 6493//2165 6494//2165 6495//2165
f 6502//2168 6503//2168 6504//2168
f 6511//2171 6512//2171 6513//2171
f 6520//2174 6521//2174 6522//2174
f 6529//2177 6530//2177 6531//2177
f 6538//2180 6539//2180 6540//2180
f 6547//2183 6548//2183 6549//2183
f 6556//2186 6557//2186 6558//2186
f 6565//2189 6566//2189 6567//2189
f 6574//2192 6575//2192 6576//2192
f 6583//2195 6584//2195 6585//2195
f 6592//2198 6593//2198 6594//2198
f 6601//2201 6602//2201 6603//2201
f 6610//2204 6611//2204 6612//2204
f 6619//2207 6620//2207 6621//2207
f 6628//2210 6629//2210 6630//2210
f 6637//2213 6638//2213 6639//2213
f 6646//2216 6647//2216 6648//2216
f 6655//2219 6656//2219 6657//2219
f 6664//2222 6665//2222 6666//2222
f 6673//2225 6674//2225 6675//2225
f 6682//2228 6683//2228 6684//2228
f 6691//2231 6692//2231 6693//2231
f 6700//2234 6701//2234 6702//2234
f 6709//2237 6710//2237 6711//2237
f 6718//2240 6719//2240 6720//2240
f 6727//2243 6728//2243 6729//2243
f 6736//2246 6737//2246 6738//2246
f 6745//2249 6746//2249 6747//2249
f 6754//2252 6755//2252 6756//2252
f 6763//2255 6764//2255 6765//2255
f 6772//2258 6773//2258 6774//2258
f 6781//2261 6782//2261 6783//2261
f 6790//2264 6791//2264 6792//2264
f 6799//2267 6800//2267 6801//2267
f 6808//2270 6809//2270 6810//2270
f 6817//2273 6818//2273 6819//2273
f 6826//2276 6827//2276 6828//2276
f 6835//2279 6836//2279 6837//2279
f 6844//2282 6845//2282 6846//2282
f 6853//2285 6854//2285 6855//2285
f 6862//2288 6863//2288 6864//2288
f 6871//2291 6872//2291 6873//2291
f 6880//2294 6881//2294 6882//2294
f 6889//2297 6890//2297 6891//2297
f 6898//2300 6899//2300 6900//2300
f 6907//2303 6908//2303 6909//2303
f 6916//2306 6917//2306 6918//2306
f 6925//2309 6926//2309 6927//2309
f 6934//2312 6935//2312 6936//2312
f 6943//2315 6944//2315 6945//2315
f 6952//2318 6953//2318 6954//2318
f 6961//2321 6962//2321 6963//2321
f 6970//2324 6971//2324 6972//2324
f 6979//2327 6980//2327 6981//2327
f 6988//2330 6989//2330 6990//2330
f 6997//2333 6998//2333 6999//2333
f 7006//2336 7007//2336 7008//2336
f 7015//2339 7016//2339 7017//2339
f 7024//2342 7025//2342 7026//2342
f 7033//2345 7034//2345 7035//2345
f 7042//2348 7043//2348 7044//2348
f 7051//2351 7052//2351 7053//2351
f 7060//2354 7061//2354 7062//2354
f 7069//2357 7070//2357 7071//2357
f 7078//2360 7079//2360 7080//2360
f 7087//2363 7088//2363 7089//2363
f 7096//2366 7097//2366 7098//2366
f 7105//2369 7106//2369 7107//2369
f 7114//2372 7115//2372 7116//2372
f 7123//2375 7124//2375 7125//2375
f 7132//2378 7133//2378 7134//2378
f 7141//2381 7142//2381 7143//2381
f 7150//2384 7151//2384 7152//2384
f 7159//2387 7160//2387 7161//2387
f 7168//2390 7169//2390 7170//2390
f 7177//2393 7178//2393 7179//2393
f 7186//2396 7187//2396 7188//2396
f 7195//2399 7196//2399 7197//2399
f 7204//2402 7205//2402 7206//2402
f 7213//2405 7214//2405 7215//2405
f 7222//2408 7223//2408 7224//2408
f 7231//2411 7232//2411 7233//2411
f 7240//2414 7241//2414 7242//2414
f 7249//2417 7250//2417 7251//2417
f 7258//2420 7259//2420 7260//2420
f 7267//2423 7268//2423 7269//2423
f 7276//2426 7277//2426 7278//2426
f 7285//2429 7286//2429 7287//2429
f 7294//2432 7295//2432 7296//2432
f 7303//2435 7304//2435 7305//2435
f 7312//2438 7313//2438 7314//2438
f 7321//2441 7322//2441 7323//2441
f 7330//2444 7331//2444 7332//2444
f 7339//2447 7340//2447 7341//2447
f 7348//2450 7349//2450 7350//2450
f 7357//2453 7358//2453 7359//2453
f 7366//2456 7367//2456 7368//2456
f 7375//2459 7376//2459 7377//2459
f 7384//2462 7385//2462 7386//2462
f 7393//2465 7394//2465 7395//2465
f 7402//2468 7403//2468 7404//2468
f 7411//2471 7412//2471 7413//2471
f 7420//2474 7421//2474 7422//2474
f 7429//2477 7430//2477 7431//2477
f 7438//2480 7439//2480 7440//2480
f 7447//2483 7448//2483 7449//2483
f 7456//2486 7457//2486 7458//2486
f 7465//2489 7466//2489 7467//2489
f 7474//2492 7475//2492 7476//2492
f 7483//2495 7484//2495 7485//2495
f 7492//2498 7493//2498 7494//2498
f 7501//2501 7502//2501 7503//2501
f 7510//2504 7511//2504 7512//2504
f 7519//2507 7520//2507 7521//2507
f 7528//2510 7529//2510 7530//2510
f 7537//2513 7538//2513 7539//2513
f 7546//2516 7547//2516 7548//2516
f 7555//2519 7556//2519 7557//2519
f 7564//2522 7565//2522 7566//2522
f 7573//2525 7574//2525 7575//2525
f 7582//2528 7583//2528 7584//2528
f 7591//2531 7592//2531 7593//2531
f 7600//2534 7601//2534 7602//2534
f 7609//2537 7610//2537 7611//2537
f 7618//2540 7619//2540 7620//2540
f 7627//2543 7628//2543 7629//2543
f 7636//2546 7637//2546 7638//2546
f 7645//2549 7646//2549 7647//2549
f 7654//2552 7655//2552 7656//2552
f 7663//2555 7664//2555 7665//2555
f 7672//2558 7673//2558 7674//2558
f 7681//2561 7682//2561 7683//2561
f 7690//2564 7691//2564 7692//2564
f 7699//2567 7700//2567 7701//2567
f 7708//2570 7709//2570 7710//2570
f 7717//2573 7718//2573 7719//2573
f 7726//2576 7727//2576 7728//2576
f 7735//2579 7736//2579 7737//2579
f 7744//2582 7745//2582 7746//2582
f 7753//2585 7754//2585 7755//2585
f 7762//2588 7763//2588 7764//2588
f 7771//2591 7772//2591 7773//2591
f 7780//2594 7781//2594 7782//2594
f 7789//2597 7790//2597 7791//2597
f 7798//2600 7799//2600 7800//2600
f 7807//2603 7808//2603 7809//2603
f 7816//2606 7817//2606 7818//2606
f 7825//2609 7826//2609 7827//2609
f 7834//2612 7835//2612 7836//2612
f 7843//2615 7844//2615 7845//2615
f 7852//2618 7853//2618 7854//2618
f 7861//2621 7862//2621 7863//2621
f 7870//2624 7871//2624 7872//2624
f 7879//2627 7880//2627 7881//2627
f 7888//2630 7889//2630 7890//2630
f 7897//2633 7898//2633 7899//2633
f 7906//2636 7907//2636 7908//2636
f 7915//2639 7916//2639 7917//2639
f 7924//2642 7925//2642 7926//2642
f 7933//2645 7934//2645 7935//2645
f 7942//2648 7943//2648 7944//2648
f 7951//2651 7952//2651 7953//2651
f 7960//2654 7961//2654 7962//2654
f 7969//2657 7970//2657 7971//2657
f 7978//2660 7979//2660 7980//2660
f 7987//2663 7988//2663 7989//2663
f 7996//2666 7997//2666 7998//2666
f 8005//2669 8006//2669 8007//2669
f 8014//2672 8015//2672 8016//2672
f 8023//2675 8024//2675 8025//2675
f 8032//2678 8033//2678 8034//2678
f 8041//2681 8042//2681 8043//2681
f 8050//2684 8051//2684 8052//2684
f 8059//2687 8060//2687 8061//2687
f 8068//2690 8069//2690 8070//2690
f 8077//2693 8078//2693 8079//2693
f 8086//2696 8087//2696 8088//2696
f 8095//2699 8096//2699 8097//2699
f 8104//2702 8105//2702 8106//2702
f 8113//2705 8114//2705 8115//2705
f 8122//2708 8123//2708 8124//2708
f 8131//2711 8132//2711 8133//2711
f 8140//2714 8141//2714 8142//2714
f 8149//2717 8150//2717 8151//2717
f 8158//2720 8159//2720 8160//2720
f 8167//2723 8168//2723 8169//2723
f 8176//2726 8177//2726 8178//2726
f 8185//2729 8186//2729 8187//2729
f 8194//2732 8195//2732 8196//2732
f 8203//2735 8204//2735 8205//2735
f 8212//2738 8213//2738 8214//2738
f 8221//2741 8222//2741 8223//2741
f 8230//2744 8231//2744 8232//2744
f 8239//2747 8240//2747 8241//2747
f 8248//2750 8249//2750 8250//2750
f 8257//2753 8258//2753 8259//2753
f 8266//2756 8267//2756 8268//2756
f 8275//2759 8276//2759 8277//2759
f 8284//2762 8285//2762 8286//2762
f 8293//2765 8294//2765 8295//2765
f 8302//2768 8303//2768 8304//2768
f 8311//2771 8312//2771 8313//2771
f 8320//2774 8321//2774 8322//2774
f 8329//2777 8330//2777 8331//2777
f 8338//2780 8339//2780 8340//2780
f 8347//2783 8348//2783 8349//2783
f 8356//2786 8357//2786 8358//2786
f 8365//2789 8366//2789 8367//2789
f 8374//2792 8375//2792 8376//2792
f 8383//2795 8384//2795 8385//2795
f 8392//2798 8393//2798 8394//2798
f 8401//2801 8402//2801 8403//2801
f 8410//2804 8411//2804 8412//2804
f 8419//2807 8420//2807 8421//2807
f 8428//2810 8429//2810 8430//2810
f 8437//2813 8438//2813 8439//2813
f 8446//2816 8447//2816 8448//2816
f 8455//2819 8456//2819 8457//2819
f 8464//2822 8465//2822 8466//2822
f 8473//2825 8474//2825 8475//2825
f 8482//2828 8483//2828 8484//2828
f 8491//2831 8492//2831 8493//2831
f 8500//2834 8501//2834 8502//2834
f 8509//2837 8510//2837 8511//2837
f 8518//2840 8519//2840 8520//2840
f 8527//2843 8528//2843 8529//2843
f 8536//2846 8537//2846 8538//2846
f 8545//2849 8546//2849 8547//2849
f 8554//2852 8555//2852 8556//2852
f 8563//2855 8564//2855 8565//2855
f 8572//2858 8573//2858 8574//2858
f 8581//2861 8582//2861 8583//2861
f 8590//2864 8591//2864 8592//2864
f 8599//2867 8600//2867 8601//2867
f 8608//2870 8609//2870 8610//2870
f 8617//2873 8618//2873 8619//2873
f 8626//2876 8627//2876 8628//2876
f 8635//2879 8636//2879 8637//2879
f 8644//2882 8645//2882 8646//2882
f 8653//2885 8654//2885 8655//2885
f 8662//2888 8663//2888 8664//2888
f 8671//2891 8672//2891 8673//2891
f 8680//2894 8681//2894 8682//2894
f 8689//2897 8690//2897 8691//2897
f 8698//2900 8699//2900 8700//2900
f 8707//2903 8708//2903 8709//2903
f 8716//2906 8717//2906 8718//2906
f 8725//2909 8726//2909 8727//2909
f 8734//2912 8735//2912 8736//2912
f 8743//2915 8744//2915 8745//2915
f 8752//2918 8753//2918 8754//2918
f 8761//2921 8762//2921 8763//2921
f 8770//2924 8771//2924 8772//2924
f 8779//2927 8780//2927 8781//2927
f 8788//2930 8789//2930 8790//2930
f 8797//2933 8798//2933 8799//2933
f 8806//2936 8807//2936 8808//2936
f 8815//2939 8816//2939 8817//2939
f 8824//2942 8825//2942 8826//2942
f 8833//2945 8834//2945 8835//2945
f 8842//2948 8843//2948 8844//2948
f 8851//2951 8852//2951 8853//2951
f 8860//2954 8861//2954 8862//2954
f 8869//2957 8870//2957 8871//2957
f 8878//2960 8879//2960 8880//2960
f 8887//2963 8888//2963 8889//2963
f 8896//2966 8897//2966 8898//2966
f 8905//2969 8906//2969 8907//2969
f 8914//2972 8915//2972 8916//2972
f 8923//2975 8924//2975 8925//2975
f 8932//2978 8933//2978 8934//2978
f 8941//2981 8942//2981 8943//2981
f 8950//2984 8951//2984 8952//2984
f 8959//2987 8960//2987 8961//2987
f 8968//2990 8969//2990 8970//2990
f 8977//2993 8978//2993 8979//2993
f 8986//2996 8987//2996 8988//2996
usemtl rock_2
f 7//3 8//3 9//3
f 16//6 17//6 18//6
f 25//9 26//9 27//9
f 34//12 35//12 36//12
f 43//15 44//15 45//15
f 52//18 53//18 54//18
f 61//21 62//21 63//21
f 70//24 71//24 72//24
f 79//27 80//27 81//27
f 88//30 89//30 90//30
f 97//33 98//33 99//33
f 106//36 107//36 108//36
f 115//39 116//39 117//39
f 124//42 125//42 126//42
f 133//45 134//45 135//45
f 142//48 143//48 144//48
f 151//51 152//51 153//51
f 160//54 161//54 162//54
f 169//57 170//57 171//57
f 178//60 179//60 180//60
f 187//63 188//63 189//63
f 196//66 197//66 198//66
f 205//69 206//69 207//69
f 214//72 215//72 216//72
f 223//75 224//75 225//75
f 232//78 233//78 234//78
f 241//81 242//81 243//81
f 250//84 251//84 252//84
f 259//87 260//87 261//87
f 268//90 269//90 270//90
f 277//93 278//93 279//93
f 286//96 287//96 288//96
f 295//99 296//99 297//99
f 304//102 305//102 306//102
f 313//105 314//105 315//105
f 322//108 323//108 324//108
f 331//111 332//111 333//111
f 340//114 341//114 342//114
f 349//117 350//117 351//117
f 358//120 359//120 360//120
f 367//123 368//123 369//123
f 376//126 377//126 378//126
f 385//129 386//129 387//129
f 394//132 395//132 396//132
f 403//135 404//135 405//135
f 412//138 413//138 414//138
f 421//141 422//141 423//141
f 430//144 431//144 432//144
f 439//147 440//147 441//147
f 448//150 449//150 450//150
f 457//153 458//153 459//153
f 466//156 467//156 468//156
f 475//159 476//159 477//159
f 484//162 485//162 486//162
f 493//165 494//165 495//165
f 502//168 503//168 504//168
f 511//171 512//171 513//171
f 520//174 521//174 522//174
f 529//177 530//177 531//177
f 538//180 539//180 540//180
f 547//183 548//183 549//183
f 556//186 557//186 558//186
f 565//189 566//189 567//189
f 574//192 575//192 576//192
f 583//195 584//195 585//195
f 592//198 593//198 594//198
f 601//201 602//201 603//201
f 610//204 611//204 612//204
f 619//207 620//207 621//207
f 628//210 629//210 630//210
f 637//213 638//213 639//213
f 646//216 647//216 648//216
f 655//219 656//219 657//219
f 664//222 665//222 666//222
f 673//225 674//225 675//225
f 682//228 683//228 684//228
f 691//231 692//231 693//231
f 700//234 701//234 702//234
f 709//237 710//237 711//237
f 718//240 719//240 720//240
f 727//243 728//243 729//243
f 736//246 737//246 738//246
f 745//249 746//249 747//249
f 754//252 755//252 756//252
f 763//255 764//255 765//255
f 772//258 773//258 774//258
f 781//261 782//261 783//261
f 790//264 791//264 792//264
f 799//267 800//267 801//267
f 808//270 809//270 810//270
f 817//273 818//273 819//273
f 826//276 827//276 828//276
f 835//279 836//279 837//279
f 844//282 845//282 846//282
f 853//285 854//285 855//285
f 862//288 863//288 864//288
f 871//291 872//291 873//291
f 880//294 881//294 882//294
f 889//297 890//297 891//297
f 898//300 899//300 900//300
f 907//303 908//303 909//303
f 916//306 917//306 918//306
f 925//309 926//309 927//309
f 934//312 935//312 936//312
f 943//315 944//315 945//315
f 952//318 953//318 954//318
f 961//321 962//321 963//321
f 970//324 971//324 972//324
f 979//327 980//327 981//327
f 988//330 989//330 990//330
f 997//333 998//333 999//333
f 1006//336 1007//336 1008//336
f 1015//339 1016//339 1017//339
f 1024//342 1025//342 1026//342
f 1033//345 1034//345 1035//345
f 1042//348 1043//348 1044//348
f 1051//351 1052//351 1053//351
f 1060//354 1061//354 1062//354
f 1069//357 1070//357 1071//357
f 1078//360 1079//360 1080//360
f 1087//363 1088//363 1089//363
f 1096//366 1097//366 1098//366
f 1105//369 1106//369 1107//369
f 1114//372 1115//372 1116//372
f 1123//375 1124//375 1125//375
f 1132//378 1133//378 1134//378
f 1141//381 1142//381 1143//381
f 1150//384 1151//384 1152//384
f 1159//387 1160//387 1161//387
f 1168//390 1169//390 1170//390
f 1177//393 1178//393 1179//393
f 1186//396 1187//396 1188//396
f 1195//399 1196//399 1197//399
f 1204//402 1205//402 1206//402
f 1213//405 1214//405 1215//405
f 1222//408 1223//408 1224//408
f 1231//411 1232//411 1233//411
f 1240//414 1241//414 1242//414
f 1249//417 1250//417 1251//417
f 1258//420 1259//420 1260//420
f 1267//423 1268//423 1269//423
f 1276//426 1277//426 1278//426
f 1285//429 1286//429 1287//429
f 1294//432 1295//432 1296//432
f 1303//435 1304//435 1305//435
f 1312//438 1313//438 1314//438
f 1321//441 1322//441 1323//441
f 1330//444 1331//444 1332//444
f 1339//447 1340//447 1341//447
f 1348//450 1349//450 1350//450
f 1357//453 1358//453 1359//453
f 1366//456 1367//456 1368//456
f 1375//459 1376//459 1377//459
f 1384//462 1385//462 1386//462
f 1393//465 1394//465 1395//465
f 1402//468 1403//468 1404//468
f 1411//471 1412//471 1413//471
f 1420//474 1421//474 1422//474
f 1429//477 1430//477 1431//477
f 1438//480 1439//480 1440//480
f 1447//483 1448//483 1449//483
f 1456//486 1457//486 1458//486
f 1465//489 1466//489 1467//489
f 1474//492 1475//492 1476//492
f 1483//495 1484//495 1485//495
f 1492//498 1493//498 1494//498
f 1501//501 1502//501 1503//501
f 1510//504 1511//504 1512//504
f 1519//507 1520//507 1521//507
f 1528//510 1529//510 1530//510
f 1537//513 1538//513 1539//513
f 1546//516 1547//516 1548//516
f 1555//519 1556//519 1557//519
f 1564//522 1565//522 1566//522
f 1573//525 1574//525 1575//525
f 1582//528 1583//528 1584//528
f 1591//531 1592//531 1593//531
f 1600//534 1601//534 1602//534
f 1609//537 1610//537 1611//537
f 1618//540 1619//540 1620//540
f 1627//543 1628//543 1629//543
f 1636//546 1637//546 1638//546
f 1645//549 1646//549 1647//549
f 1654//552 1655//552 1656//552
f 1663//555 1664//555 1665//555
f 1672//558 1673//558 1674//558
f 1681//561 1682//561 1683//561
f 1690//564 1691//564 1692//564
f 1699//567 1700//567 1701//567
f 1708//570 1709//570 1710//570
f 1717//573 1718//573 1719//573
f 1726//576 1727//576 1728//576
f 1735//579 1736//579 1737//579
f 1744//582 1745//582 1746//582
f 1753//585 1754//585 1755//585
f 1762//588 1763//588 1764//588
f 1771//591 1772//591 1773//591
f 1780//594 1781//594 1782//594
f 1789//597 1790//597 1791//597
f 1798//600 1799//600 1800//600
f 1807//603 1808//603 1809//603
f 1816//606 1817//606 1818//606
f 1825//609 1826//609 1827//609
f 1834//612 1835//612 1836//612
f 1843//615 1844//615 1845//615
f 1852//618 1853//618 1854//618
f 1861//621 1862//621 1863//621
f 1870//624 1871//624 1872//624
f 1879//627 1880//627 1881//627
f 1888//630 1889//630 1890//630
f 1897//633 1898//633 1899//633
f 1906//636 1907//636 1908//636
f 1915//639 1916//639 1917//639
f 1924//642 1925//642 1926//642
f 1933//645 1934//645 1935//645
f 1942//648 1943//648 1944//648
f 1951//651 1952//651 1953//651
f 1960//654 1961//654 1962//654
f 1969//657 1970//657 1971//657
f 1978//660 1979//660 1980//660
f 1987//663 1988//663 1989//663
f 1996//666 1997//666 1998//666
f 2005//669 2006//669 2007//669
f 2014//672 2015//672 2016//672
f 2023//675 2024//675 2025//675
f 2032//678 2033//678 2034//678
f 2041//681 2042//681 2043//681
f 2050//684 2051//684 2052//684
f 2059//687 2060//687 2061//687
f 2068//690 2069//690 2070//690
f 2077//693 2078//693 2079//693
f 2086//696 2087//696 2088//696
f 2095//699 2096//699 2097//699
f 2104//702 2105//702 2106//702
f 2113//705 2114//705 2115//705
f 2122//708 2123//708 2124//708
f 2131//711 2132//711 2133//711
f 2140//714 2141//714 2142//714
f 2149//717 2150//717 2151//717
f 2158//720 2159//720 2160//720
f 2167//723 2168//723 2169//723
f 2176//726 2177//726 2178//726
f 2185//729 2186//729 2187//729
f 2194//732 2195//732 2196//732
f 2203//735 2204//735 2205//735
f 2212//738 2213//738 2214//738
f 2221//741 2222//741 2223//741
f 2230//744 2231//744 2232//744
f 2239//747 2240//747 2241//747
f 2248//750 2249//750 2250//750
f 2257//753 2258//753 2259//753
f 2266//756 2267//756 2268//756
f 2275//759 2276//759 2277//759
f 2284//762 2285//762 2286//762
f 2293//765 2294//765 2295//765
f 2302//768 2303//768 2304//768
f 2311//771 2312//771 2313//771
f 2320//774 2321//774 2322//774
f 2329//777 2330//777 2331//777
f 2338//780 2339//780 2340//780
f 2347//783 2348//783 2349//783
f 2356//786 2357//786 2358//786
f 2365//789 2366//789 2367//789
f 2374//792 2375//792 2376//792
f 2383//795 2384//795 2385//795
f 2392//798 2393//798 2394//798
f 2401//801 2402//801 2403//801
f 2410//804 2411//804 2412//804
f 2419//807 2420//807 2421//807
f 2428//810 2429//810 2430//810
f 2437//813 2438//813 2439//813
f 2446//816 2447//816 2448//816
f 2455//819 2456//819 2457//819
f 2464//822 2465//822 2466//822
f 2473//825 2474//825 2475//825
f 2482//828 2483//828 2484//828
f 2491//831 2492//831 2493//831
f 2500//834 2501//834 2502//834
f 2509//837 2510//837 2511//837
f 2518//840 2519//840 2520//840
f 2527//843 2528//843 2529//843
f 2536//846 2537//846 2538//846
f 2545//849 2546//849 2547//849
f 2554//852 2555//852 2556//852
f 2563//855 2564//855 2565//855
f 2572//858 2573//858 2574//858
f 2581//861 2582//861 2583//861
f 2590//864 2591//864 2592//864
f 2599//867 2600//867 2601//867
f 2608//870 2609//870 2610//870
f 2617//873 2618//873 2619//873
f 2626//876 2627//876 2628//876
f 2635//879 2636//879 2637//879
f 2644//882 2645//882 2646//882
f 2653//885 2654//885 2655//885
f 2662//888 2663//888 2664//888
f 2671//891 2672//891 2673//891
f 2680//894 2681//894 2682//894
f 2689//897 2690//897 2691//897
f 2698//900 2699//900 2700//900
f 2707//903 2708//903 2709//903
f 2716//906 2717//906 2718//906
f 2725//909 2726//909 2727//909
f 2734//912 2735//912 2736//912
f 2743//915 2744//915 2745//915
f 2752//918 2753//918 2754//918
f 2761//921 2762//921 2763//921
f 2770//924 2771//924 2772//924
f 2779//927 2780//927 2781//927
f 2788//930 2789//930 2790//930
f 2797//933 2798//933 2799//933
f 2806//936 2807//936 2808//936
f 2815//939 2816//939 2817//939
f 2824//942 2825//942 2826//942
f 2833//945 2834//945 2835//945
f 2842//948 2843//948 2844//948
f 2851//951 2852//951 2853//951
f 2860//954 2861//954 2862//954
f 2869//957 2870//957 2871//957
f 2878//960 2879//960 2880//960
f 2887//963 2888//963 2889//963
f 2896//966 2897//966 2898//966
f 2905//969 2906//969 2907//969
f 2914//972 2915//972 2916//972
f 2923//975 2924//975 2925//975
f 2932//978 2933//978 2934//978
f 2941//981 2942//981 2943//981
f 2950//984 2951//984 2952//984
f 2959//987 2960//987 2961//987
f 2968//990 2969//990 2970//990
f 2977//993 2978//993 2979//993
f 2986//996 2987//996 2988//996
f 2995//999 2996//999 2997//999
f 3004//1002 3005//1002 3006//1002
f 3013//1005 3014//1005 3015//1005
f 3022//1008 3023//1008 3024//1008
f 3031//1011 3032//1011 3033//1011
f 3040//1014 3041//1014 3042//1014
f 3049//1017 3050//1017 3051//1017
f 3058//1020 3059//1020 3060//1020
f 3067//1023 3068//1023 3069//1023
f 3076//1026 3077//1026 3078//1026
f 3085//1029 3086//1029 3087//1029
f 3094//1032 3095//1032 3096//1032
f 3103//1035 3104//1035 3105//1035
f 3112//1038 3113//1038 3114//1038
f 3121//1041 3122//1041 3123//1041
f 3130//1044 3131//1044 3132//1044
f 3139//1047 3140//1047 3141//1047
f 3148//1050 3149//1050 3150//1050
f 3157//1053 3158//1053 3159//1053
f 3166//1056 3167//1056 3168//1056
f 3175//1059 3176//1059 3177//1059
f 3184//1062 3185//1062 3186//1062
f 3193//1065 3194//1065 3195//1065
f 3202//1068 3203//1068 3204//1068
f 3211//1071 3212//1071 3213//1071
f 3220//1074 3221//1074 3222//1074
f 3229//1077 3230//1077 3231//1077
f 3238//1080 3239//1080 3240//1080
f 3247//1083 3248//1083 3249//1083
f 3256//1086 3257//1086 3258//1086
f 3265//1089 3266//1089 3267//1089
f 3274//1092 3275//1092 3276//1092
f 3283//1095 3284//1095 3285//1095
f 3292//1098 3293//1098 3294//1098
f 3301//1101 3302//1101 3303//1101
f 3310//1104 3311//1104 3312//1104
f 3319//1107 3320//1107 3321//1107
f 3328//1110 3329//1110 3330//1110
f 3337//1113 3338//1113 3339//1113
f 3346//1116 3347//1116 3348//1116
f 3355//1119 3356//1119 3357//1119
f 3364//1122 3365//1122 3366//1122
f 3373//1125 3374//1125 3375//1125
f 3382//1128 3383//1128 3384//1128
f 3391//1131 3392//1131 3393//1131
f 3400//1134 3401//1134 3402//1134
f 3409//1137 3410//1137 3411//1137
f 3418//1140 3419//1140 3420//1140
f 3427//1143 3428//1143 3429//1143
f 3436//1146 3437//1146 3438//1146
f 3445//1149 3446//1149 3447//1149
f 3454//1152 3455//1152 3456//1152
f 3463//1155 3464//1155 3465//1155
f 3472//1158 3473//1158 3474//1158
f 3481//1161 3482//1161 3483//1161
f 3490//1164 3491//1164 3492//1164
f 3499//1167 3500//1167 3501//1167
f 3508//1170 3509//1170 3510//1170
f 3517//1173 3518//1173 3519//1173
f 3526//1176 3527//1176 3528//1176
f 3535//1179 3536//1179 3537//1179
f 3544//1182 3545//1182 3546//1182
f 3553//1185 3554//1185 3555//1185
f 3562//1188 3563//1188 3564//1188
f 3571//1191 3572//1191 3573//1191
f 3580//1194 3581//1194 3582//1194
f 3589//1197 3590//1197 3591//1197
f 3598//1200 3599//1200 3600//1200
f 3607//1203 3608//1203 3609//1203
f 3616//1206 3617//1206 3618//1206
f 3625//1209 3626//1209 3627//1209
f 3634//1212 3635//1212 3636//1212
f 3643//1215 3644//1215 3645//1215
f 3652//1218 3653//1218 3654//1218
f 3661//1221 3662//1221 3663//1221
f 3670//1224 3671//1224 3672//1224
f 3679//1227 3680//1227 3681//1227
f 3688//1230 3689//1230 3690//1230
f 3697//1233 3698//1233 3699//1233
f 3706//1236 3707//1236 3708//1236
f 3715//1239 3716//1239 3717//1239
f 3724//1242 3725//1242 3726//1242
f 3733//1245 3734//1245 3735//1245
f 3742//1248 3743//1248 3744//1248
f 3751//1251 3752//1251 3753//1251
f 3760//1254 3761//1254 3762//1254
f 3769//1257 3770//1257 3771//1257
f 3778//1260 3779//1260 3780//1260
f 3787//1263 3788//1263 3789//1263
f 3796//1266 3797//1266 3798//1266
f 3805//1269 3806//1269 3807//1269
f 3814//1272 3815//1272 3816//1272
f 3823//1275 3824//1275 3825//1275
f 3832//1278 3833//1278 3834//1278
f 3841//1281 3842//1281 3843//1281
f 3850//1284 3851//1284 3852//1284
f 3859//1287 3860//1287 3861//1287
f 3868//1290 3869//1290 3870//1290
f 3877//1293 3878//1293 3879//1293
f 3886//1296 3887//1296 3888//1296
f 3895//1299 3896//1299 3897//1299
f 3904//1302 3905//1302 3906//1302
f 3913//1305 3914//1305 3915//1305
f 3922//1308 3923//1308 3924//1308
f 3931//1311 3932//1311 3933//1311
f 3940//1314 3941//1314 3942//1314
f 3949//1317 3950//1317 3951//1317
f 3958//1320 3959//1320 3960//1320
f 3967//1323 3968//1323 3969//1323
f 3976//1326 3977//1326 3978//1326
f 3985//1329 3986//1329 3987//1329
f 3994//1332 3995//1332 3996//1332
f 4003//1335 4004//1335 4005//1335
f 4012//1338 4013//1338 4014//1338
f 4021//1341 4022//1341 4023//1341
f 4030//1344 4031//1344 4032//1344
f 4039//1347 4040//1347 4041//1347
f 4048//1350 4049//1350 4050//1350
f 4057//1353 4058//1353 4059//1353
f 4066//1356 4067//1356 4068//1356
f 4075//1359 4076//1359 4077//1359
f 4084//1362 4085//1362 4086//1362
f 4093//1365 4094//1365 4095//1365
f 4102//1368 4103//1368 4104//1368
f 4111//1371 4112//1371 4113//1371
f 4120//1374 4121//1374 4122//1374
f 4129//1377 4130//1377 4131//1377
f 4138//1380 4139//1380 4140//1380
f 4147//1383 4148//1383 4149//1383
f 4156//1386 4157//1386 4158//1386
f 4165//1389 4166//1389 4167//1389
f 4174//1392 4175//1392 4176//1392
f 4183//1395 4184//1395 4185//1395
f 4192//1398 4193//1398 4194//1398
f 4201//1401 4202//1401 4203//1401
f 4210//1404 4211//1404 4212//1404
f 4219//1407 4220//1407 4221//1407
f 4228//1410 4229//1410 4230//1410
f 4237//1413 4238//1413 4239//1413
f 4246//1416 4247//1416 4248//1416
f 4255//1419 4256//1419 4257//1419
f 4264//1422 4265//1422 4266//1422
f 4273//1425 4274//1425 4275//1425
f 4282//1428 4283//1428 4284//1428
f 4291//1431 4292//1431 4293//1431
f 4300//1434 4301//1434 4302//1434
f 4309//1437 4310//1437 4311//1437
f 4318//1440 4319//1440 4320//1440
f 4327//1443 4328//1443 4329//1443
f 4336//1446 4337//1446 4338//1446
f 4345//1449 4346//1449 4347//1449
f 4354//1452 4355//1452 4356//1452
f 4363//1455 4364//1455 4365//1455
f 4372//1458 4373//1458 4374//1458
f 4381//1461 4382//1461 4383//1461
f 4390//1464 4391//1464 4392//1464
f 4399//1467 4400//1467 4401//1467
f 4408//1470 4409//1470 4410//1470
f 4417//1473 4418//1473 4419//1473
f 4426//1476 4427//1476 4428//1476
f 4435//1479 4436//1479 4437//1479
f 4444//1482 4445//1482 4446//1482
f 4453//1485 4454//1485 4455//1485
f 4462//1488 4463//1488 4464//1488
f 4471//1491 4472//1491 4473//1491
f 4480//1494 4481//1494 4482//1494
f 4489//1497 4490//1497 4491//1497
f 4498//1500 4499//1500 4500//1500
f 4507//1503 4508//1503 4509//1503
f 4516//1506 4517//1506 4518//1506
f 4525//1509 4526//1509 4527//1509
f 4534//1512 4535//1512 4536//1512
f 4543//1515 4544//1515 4545//1515
f 4552//1518 4553//1518 4554//1518
f 4561//1521 4562//1521 4563//1521
f 4570//1524 4571//1524 4572//1524
f 4579//1527 4580//1527 4581//1527
f 4588//1530 4589//1530 4590//1530
f 4597//1533 4598//1533 4599//1533
f 4606//1536 4607//1536 4608//1536
f 4615//1539 4616//1539 4617//1539
f 4624//1542 4625//1542 4626//1542
f 4633//1545 4634//1545 4635//1545
f 4642//1548 4643//1548 4644//1548
f 4651//1551 4652//1551 4653//1551
f 4660//1554 4661//1554 4662//1554
f 4669//1557 4670//1557 4671//1557
f 4678//1560 4679//1560 4680//1560
f 4687//1563 4688//1563 4689//1563
f 4696//1566 4697//1566 4698//1566
f 4705//1569 4706//1569 4707//1569
f 4714//1572 4715//1572 4716//1572
f 4723//1575 4724//1575 4725//1575
f 4732//1578 4733//1578 4734//1578
f 4741//1581 4742//1581 4743//1581
f 4750//1584 4751//1584 4752//1584
f 4759//1587 4760//1587 4761//1587
f 4768//1590 4769//1590 4770//1590
f 4777//1593 4778//1593 4779//1593
f 4786//1596 4787//1596 4788//1596
f 4795//1599 4796//1599 4797//1599
f 4804//1602 4805//1602 4806//1602
f 4813//1605 4814//1605 4815//1605
f 4822//1608 4823//1608 4824//1608
f 4831//1611 4832//1611 4833//1611
f 4840//1614 4841//1614 4842//1614
f 4849//1617 4850//1617 4851//1617
f 4858//1620 4859//1620 4860//1620
f 4867//1623 4868//1623 4869//1623
f 4876//1626 4877//1626 4878//1626
f 4885//1629 4886//1629 4887//1629
f 4894//1632 4895//1632 4896//1632
f 4903//1635 4904//1635 4905//1635
f 4912//1638 4913//1638 4914//1638
f 4921//1641 4922//1641 4923//1641
f 4930//1644 4931//1644 4932//1644
f 4939//1647 4940//1647 4941//1647
f 4948//1650 4949//1650 4950//1650
f 4957//1653 4958//1653 4959//1653
f 4966//1656 4967//1656 4968//1656
f 4975//1659 4976//1659 4977//1659
f 4984//1662 4985//1662 4986//1662
f 4993//1665 4994//1665 4995//1665
f 5002//1668 5003//1668 5004//1668
f 5011//1671 5012//1671 5013//1671
f 5020//1674 5021//1674 5022//1674
f 5029//1677 5030//1677 5031//1677
f 5038//1680 5039//1680 5040//1680
f 5047//1683 5048//1683 5049//1683
f 5056//1686 5057//1686 5058//1686
f 5065//1689 5066//1689 5067//1689
f 5074//1692 5075//1692 5076//1692
f 5083//1695 5084//1695 5085//1695
f 5092//1698 5093//1698 5094//1698
f 5101//1701 5102//1701 5103//1701
f 5110//1704 5111//1704 5112//1704
f 5119//1707 5120//1707 5121//1707
f 5128//1710 5129//1710 5130//1710
f 5137//1713 5138//1713 5139//1713
f 5146//1716 5147//1716 5148//1716
f 5155//1719 5156//1719 5157//1719
f 5164//1722 5165//1722 5166//1722
f 5173//1725 5174//1725 5175//1725
f 5182//1728 5183//1728 5184//1728
f 5191//1731 5192//1731 5193//1731
f 5200//1734 5201//1734 5202//1734
f 5209//1737 5210//1737 5211//1737
f 5218//1740 5219//1740 5220//1740
f 5227//1743 5228//1743 5229//1743
f 5236//1746 5237//1746 5238//1746
f 5245//1749 5246//1749 5247//1749
f 5254//1752 5255//1752 5256//1752
f 5263//1755 5264//1755 5265//1755
f 5272//1758 5273//1758 5274//1758
f 5281//1761 5282//1761 5283//1761
f 5290//1764 5291//1764 5292//1764
f 5299//1767 5300//1767 5301//1767
f 5308//1770 5309//1770 5310//1770
f 5317//1773 5318//1773 5319//1773
f 5326//1776 5327//1776 5328//1776
f 5335//1779 5336//1779 5337//1779
f 5344//1782 5345//1782 5346//1782
f 5353//1785 5354//1785 5355//1785
f 5362//1788 5363//1788 5364//1788
f 5371//1791 5372//1791 5373//1791
f 5380//1794 5381//1794 5382//1794
f 5389//1797 5390//1797 5391//1797
f 5398//1800 5399//1800 5400//1800
f 5407//1803 5408//1803 5409//1803
f 5416//1806 5417//1806 5418//1806
f 5425//1809 5426//1809 5427//1809
f 5434//1812 5435//1812 5436//1812
f 5443//1815 5444//1815 5445//1815
f 5452//1818 5453//1818 5454//1818
f 5461//1821 5462//1821 5463//1821
f 5470//1824 5471//1824 5472//1824
f 5479//1827 5480//1827 5481//1827
f 5488//1830 5489//1830 5490//1830
f 5497//1833 5498//1833 5499//1833
f 5506//1836 5507//1836 5508//1836
f 5515//1839 5516//1839 5517//1839
f 5524//1842 5525//1842 5526//1842
f 5533//1845 5534//1845 5535//1845
f 5542//1848 5543//1848 5544//1848
f 5551//1851 5552//1851 5553//1851
f 5560//1854 5561//1854 5562//1854
f 5569//1857 5570//1857 5571//1857
f 5578//1860 5579//1860 5580//1860
f 5587//1863 5588//1863 5589//1863
f 5596//1866 5597//1866 5598//1866
f 5605//1869 5606//1869 5607//1869
f 5614//1872 5615//1872 5616//1872
f 5623//1875 5624//1875 5625//1875
f 5632//1878 5633//1878 5634//1878
f 5641//1881 5642//1881 5643//1881
f 5650//1884 5651//1884 5652//1884
f 5659//1887 5660//1887 5661//1887
f 5668//1890 5669//1890 5670//1890
f 5677//1893 5678//1893 5679//1893
f 5686//1896 5687//1896 5688//1896
f 5695//1899 5696//1899 5697//1899
f 5704//1902 5705//1902 5706//1902
f 5713//1905 5714//1905 5715//1905
f 5722//1908 5723//1908 5724//1908
f 5731//1911 5732//1911 5733//1911
f 5740//1914 5741//1914 5742//1914
f 5749//1917 5750//1917 5751//1917
f 5758//1920 5759//1920 5760//1920
f 5767//1923 5768//1923 5769//1923
f 5776//1926 5777//1926 5778//1926
f 5785//1929 5786//1929 5787//1929
f 5794//1932 5795//1932 5796//1932
f 5803//1935 5804//1935 5805//1935
f 5812//1938 5813//1938 5814//1938
f 5821//1941 5822//1941 5823//1941
f 5830//1944 5831//1944 5832//1944
f 5839//1947 5840//1947 5841//1947
f 5848//1950 5849//1950 5850//1950
f 5857//1953 5858//1953 5859//1953
f 5866//1956 5867//1956 5868//1956
f 5875//1959 5876//1959 5877//1959
f 5884//1962 5885//1962 5886//1962
f 5893//1965 5894//1965 5895//1965
f 5902//1968 5903//1968 5904//1968
f 5911//1971 5912//1971 5913//1971
f 5920//1974 5921//1974 5922//1974
f 5929//1977 5930//1977 5931//1977
f 5938//1980 5939//1980 5940//1980
f 5947//1983 5948//1983 5949//1983
f 5956//1986 5957//1986 5958//1986
f 5965//1989 5966//1989 5967//1989
f 5974//1992 5975//1992 5976//1992
f 5983//1995 5984//1995 5985//1995
f 5992//1998 5993//1998 5994//1998
f 6001//2001 6002//2001 6003//2001
f 6010//2004 6011//2004 6012//2004
f 6019//2007 6020//2007 6021//2007
f 6028//2010 6029//2010 6030//2010
f 6037//2013 6038//2013 6039//2013
f 6046//2016 6047//2016 6048//2016
f 6055//2019 6056//2019 6057//2019
f 6064//2022 6065//2022 6066//2022
f 6073//2025 6074//2025 6075//2025
f 6082//2028 6083//2028 6084//2028
f 6091//2031 6092//2031 6093//2031
f 6100//2034 6101//2034 6102//2034
f 6109//2037 6110//2037 6111//2037
f 6118//2040 6119//2040 6120//2040
f 6127//2043 6128//2043 6129//2043
f 6136//2046 6137//2046 6138//2046
f 6145//2049 6146//2049 6147//2049
f 6154//2052 6155//2052 6156//2052
f 6163//2055 6164//2055 6165//2055
f 6172//2058 6173//2058 6174//2058
f 6181//2061 6182//2061 6183//2061
f 6190//2064 6191//2064 6192//2064
f 6199//2067 6200//2067 6201//2067
f 6208//2070 6209//2070 6210//2070
f 6217//2073 6218//2073 6219//2073
f 6226//2076 6227//2076 6228//2076
f 6235//2079 6236//2079 6237//2079
f 6244//2082 6245//2082 6246//2082
f 6253//2085 6254//2085 6255//2085
f 6262//2088 6263//2088 6264//2088
f 6271//2091 6272//2091 6273//2091
f 6280//2094 6281//2094 6282//2094
f 6289//2097 6290//2097 6291//2097
f 6298//2100 6299//2100 6300//2100
f 6307//2103 6308//2103 6309//2103
f 6316//2106 6317//2106 6318//2106
f 6325//2109 6326//2109 6327//2109
f 6334//2112 6335//2112 6336//2112
f 6343//2115 6344//2115 6345//2115
f 6352//2118 6353//2118 6354//2118
f 6361//2121 6362//2121 6363//2121
f 6370//2124 6371//2124 6372//2124
f 6379//2127 6380//2127 6381//2127
f 6388//2130 6389//2130 6390//2130
f 6397//2133 6398//2133 6399//2133
f 6406//2136 6407//2136 6408//2136
f 6415//2139 6416//2139 6417//2139
f 6424//2142 6425//2142 6426//2142
f 6433//2145 6434//2145 6435//2145
f 6442//2148 6443//2148 6444//2148
f 6451//2151 6452//2151 6453//2151
f 6460//2154 6461//2154 6462//2154
f 6469//2157 6470//2157 6471//2157
f 6478//2160 6479//2160 6480//2160
f 6487//2163 6488//2163 6489//2163
f 6496//2166 6497//2166 6498//2166
f 6505//2169 6506//2169 6507//2169
f 6514//2172 6515//2172 6516//2172
f 6523//2175 6524//2175 6525//2175
f 6532//2178 6533//2178 6534//2178
f 6541//2181 6542//2181 6543//2181
f 6550//2184 6551//2184 6552//2184
f 6559//2187 6560//2187 6561//2187
f 6568//2190 6569//2190 6570//2190
f 6577//2193 6578//2193 6579//2193
f 6586//2196 6587//2196 6588//2196
f 6595//2199 6596//2199 6597//2199
f 6604//2202 6605//2202 6606//2202
f 6613//2205 6614//2205 6615//2205
f 6622//2208 6623//2208 6624//2208
f 6631//2211 6632//2211 6633//2211
f 6640//2214 6641//2214 6642//2214
f 6649//2217 6650//2217 6651//2217
f 6658//2220 6659//2220 6660//2220
f 6667//2223 6668//2223 6669//2223
f 6676//2226 6677//2226 6678//2226
f 6685//2229 6686//2229 6687//2229
f 6694//2232 6695//2232 6696//2232
f 6703//2235 6704//2235 6705//2235
f 6712//2238 6713//2238 6714//2238
f 6721//2241 6722//2241 6723//2241
f 6730//2244 6731//2244 6732//2244
f 6739//2247 6740//2247 6741//2247
f 6748//2250 6749//2250 6750//2250
f 6757//2253 6758//2253 6759//2253
f 6766//2256 6767//2256 6768//2256
f 6775//2259 6776//2259 6777//2259
f 6784//2262 6785//2262 6786//2262
f 6793//2265 6794//2265 6795//2265
f 6802//2268 6803//2268 6804//2268
f 6811//2271 6812//2271 6813//2271
f 6820//2274 6821//2274 6822//2274
f 6829//2277 6830//2277 6831//2277
f 6838//2280 6839//2280 6840//2280
f 6847//2283 6848//2283 6849//2283
f 6856//2286 6857//2286 6858//2286
f 6865//2289 6866//2289 6867//2289
f 6874//2292 6875//2292 6876//2292
f 6883//2295 6884//2295 6885//2295
f 6892//2298 6893//2298 6894//2298
f 6901//2301 6902//2301 6903//2301
f 6910//2304 6911//2304 6912//2304
f 6919//2307 6920//2307 6921//2307
f 6928//2310 6929//2310 6930//2310
f 6937//2313 6938//2313 6939//2313
f 6946//2316 6947//2316 6948//2316
f 6955//2319 6956//2319 6957//2319
f 6964//2322 6965//2322 6966//2322
f 6973//2325 6974//2325 6975//2325
f 6982//2328 6983//2328 6984//2328
f 6991//2331 6992//2331 6993//2331
f 7000//2334 7001//2334 7002//2334
f 7009//2337 7010//2337 7011//2337
f 7018//2340 7019//2340 7020//2340
f 7027//2343 7028//2343 7029//2343
f 7036//2346 7037//2346 7038//2346
f 7045//2349 7046//2349 7047//2349
f 7054//2352 7055//2352 7056//2352
f 7063//2355 7064//2355 7065//2355
f 7072//2358 7073//2358 7074//2358
f 7081//2361 7082//2361 7083//2361
f 7090//2364 7091//2364 7092//2364
f 7099//2367 7100//2367 7101//2367
f 7108//2370 7109//2370 7110//2370
f 7117//2373 7118//2373 7119//2373
f 7126//2376 7127//2376 7128//2376
f 7135//2379 7136//2379 7137//2379
f 7144//2382 7145//2382 7146//2382
f 7153//2385 7154//2385 7155//2385
f 7162//2388 7163//2388 7164//2388
f 7171//2391 7172//2391 7173//2391
f 7180//2394 7181//2394 7182//2394
f 7189//2397 7190//2397 7191//2397
f 7198//2400 7199//2400 7200//2400
f 7207//2403 7208//2403 7209//2403
f 7216//2406 7217//2406 7218//2406
f 7225//2409 7226//2409 7227//2409
f 7234//2412 7235//2412 7236//2412
f 7243//2415 7244//2415 7245//2415
f 7252//2418 7253//2418 7254//2418
f 7261//2421 7262//2421 7263//2421
f 7270//2424 7271//2424 7272//2424
f 7279//2427 7280//2427 7281//2427
f 7288//2430 7289//2430 7290//2430
f 7297//2433 7298//2433 7299//2433
f 7306//2436 7307//2436 7308//2436
f 7315//2439 7316//2439 7317//2439
f 7324//2442 7325//2442 7326//2442
f 7333//2445 7334//2445 7335//2445
f 7342//2448 7343//2448 7344//2448
f 7351//2451 7352//2451 7353//2451
f 7360//2454 7361//2454 7362//2454
f 7369//2457 7370//2457 7371//2457
f 7378//2460 7379//2460 7380//2460
f 7387//2463 7388//2463 7389//2463
f 7396//2466 7397//2466 7398//2466
f 7405//2469 7406//2469 7407//2469
f 7414//2472 7415//2472 7416//2472
f 7423//2475 7424//2475 7425//2475
f 7432//2478 7433//2478 7434//2478
f 7441//2481 7442//2481 7443//2481
f 7450//2484 7451//2484 7452//2484
f 7459//2487 7460//2487 7461//2487
f 7468//2490 7469//2490 7470//2490
f 7477//2493 7478//2493 7479//2493
f 7486//2496 7487//2496 7488//2496
f 7495//2499 7496//2499 7497//2499
f 7504//2502 7505//2502 7506//2502
f 7513//2505 7514//2505 7515//2505
f 7522//2508 7523//2508 7524//2508
f 7531//2511 7532//2511 7533//2511
f 7540//2514 7541//2514 7542//2514
f 7549//2517 7550//2517 7551//2517
f 7558//2520 7559//2520 7560//2520
f 7567//2523 7568//2523 7569//2523
f 7576//2526 7577//2526 7578//2526
f 7585//2529 7586//2529 7587//2529
f 7594//2532 7595//2532 7596//2532
f 7603//2535 7604//2535 7605//2535
f 7612//2538 7613//2538 7614//2538
f 7621//2541 7622//2541 7623//2541
f 7630//2544 7631//2544 7632//2544
f 7639//2547 7640//2547 7641//2547
f 7648//2550 7649//2550 7650//2550
f 7657//2553 7658//2553 7659//2553
f 7666//2556 7667//2556 7668//2556
f 7675//2559 7676//2559 7677//2559
f 7684//2562 7685//2562 7686//2562
f 7693//2565 7694//2565 7695//2565
f 7702//2568 7703//2568 7704//2568
f 7711//2571 7712//2571 7713//2571
f 7720//2574 7721//2574 7722//2574
f 7729//2577 7730//2577 7731//2577
f 7738//2580 7739//2580 7740//2580
f 7747//2583 7748//2583 7749//2583
f 7756//2586 7757//2586 7758//2586
f 7765//2589 7766//2589 7767//2589
f 7774//2592 7775//2592 7776//2592
f 7783//2595 7784//2595 7785//2595
f 7792//2598 7793//2598 7794//2598
f 7801//2601 7802//2601 7803//2601
f 7810//2604 7811//2604 7812//2604
f 7819//2607 7820//2607 7821//2607
f 7828//2610 7829//2610 7830//2610
f 7837//2613 7838//2613 7839//2613
f 7846//2616 7847//2616 7848//2616
f 7855//2619 7856//2619 7857//2619
f 7864//2622 7865//2622 7866//2622
f 7873//2625 7874//2625 7875//2625
f 7882//2628 7883//2628 7884//2628
f 7891//2631 7892//2631 7893//2631
f 7900//2634 7901//2634 7902//2634
f 7909//2637 7910//2637 7911//2637
f 7918//2640 7919//2640 7920//2640
f 7927//2643 7928//2643 7929//2643
f 7936//2646 7937//2646 7938//2646
f 7945//2649 7946//2649 7947//2649
f 7954//2652 7955//2652 7956//2652
f 7963//2655 7964//2655 7965//2655
f 7972//2658 7973//2658 7974//2658
f 7981//2661 7982//2661 7983//2661
f 7990//2664 7991//2664 7992//2664
f 7999//2667 8000//2667 8001//2667
f 8008//2670 8009//2670 8010//2670
f 8017//2673 8018//2673 8019//2673
f 8026//2676 8027//2676 8028//2676
f 8035//2679 8036//2679 8037//2679
f 8044//2682 8045//2682 8046//2682
f 8053//2685 8054//2685 8055//2685
f 8062//2688 8063//2688 8064//2688
f 8071//2691 8072//2691 8073//2691
f 8080//2694 8081//2694 8082//2694
f 8089//2697 8090//2697 8091//2697
f 8098//2700 8099//2700 8100//2700
f 8107//2703 8108//2703 8109//2703
f 8116//2706 8117//2706 8118//2706
f 8125//2709 8126//2709 8127//2709
f 8134//2712 8135//2712 8136//2712
f 8143//2715 8144//2715 8145//2715
f 8152//2718 8153//2718 8154//2718
f 8161//2721 8162//2721 8163//2721
f 8170//2724 8171//2724 8172//2724
f 8179//2727 8180//2727 8181//2727
f 8188//2730 8189//2730 8190//2730
f 8197//2733 8198//2733 8199//2733
f 8206//2736 8207//2736 8208//2736
f 8215//2739 8216//2739 8217//2739
f 8224//2742 8225//2742 8226//2742
f 8233//2745 8234//2745 8235//2745
f 8242//2748 8243//2748 8244//2748
f 8251//2751 8252//2751 8253//2751
f 8260//2754 8261//2754 8262//2754
f 8269//2757 8270//2757 8271//2757
f 8278//2760 8279//2760 8280//2760
f 8287//2763 8288//2763 8289//2763
f 8296//2766 8297//2766 8298//2766
f 8305//2769 8306//2769 8307//2769
f 8314//2772 8315//2772 8316//2772
f 8323//2775 8324//2775 8325//2775
f 8332//2778 8333//2778 8334//2778
f 8341//2781 8342//2781 8343//2781
f 8350//2784 8351//2784 8352//2784
f 8359//2787 8360//2787 8361//2787
f 8368//2790 8369//2790 8370//2790
f 8377//2793 8378//2793 8379//2793
f 8386//2796 8387//2796 8388//2796
f 8395//2799 8396//2799 8397//2799
f 8404//2802 8405//2802 8406//2802
f 8413//2805 8414//2805 8415//2805
f 8422//2808 8423//2808 8424//2808
f 8431//2811 8432//2811 8433//2811
f 8440//2814 8441//2814 8442//2814
f 8449//2817 8450//2817 8451//2817
f 8458//2820 8459//2820 8460//2820
f 8467//2823 8468//2823 8469//2823
f 8476//2826 8477//2826 8478//2826
f 8485//2829 8486//2829 8487//2829
f 8494//2832 8495//2832 8496//2832
f 8503//2835 8504//2835 8505//2835
f 8512//2838 8513//2838 8514//2838
f 8521//2841 8522//2841 8523//2841
f 8530//2844 8531//2844 8532//2844
f 8539//2847 8540//2847 8541//2847
f 8548//2850 8549//2850 8550//2850
f 8557//2853 8558//2853 8559//2853
f 8566//2856 8567//2856 8568//2856
f 8575//2859 8576//2859 8577//2859
f 8584//2862 8585//2862 8586//2862
f 8593//2865 8594//2865 8595//2865
f 8602//2868 8603//2868 8604//2868
f 8611//2871 8612//2871 8613//2871
f 8620//2874 8621//2874 8622//2874
f 8629//2877 8630//2877 8631//2877
f 8638//2880 8639//2880 8640//2880
f 8647//2883 8648//2883 8649//2883
f 8656//2886 8657//2886 8658//2886
f 8665//2889 8666//2889 8667//2889
f 8674//2892 8675//2892 8676//2892
f 8683//2895 8684//2895 8685//2895
f 8692//2898 8693//2898 8694//2898
f 8701//2901 8702//2901 8703//2901
f 8710//2904 8711//2904 8712//2904
f 8719//2907 8720//2907 8721//2907
f 8728//2910 8729//2910 8730//2910
f 8737//2913 8738//2913 8739//2913
f 8746//2916 8747//2916 8748//2916
f 8755//2919 8756//2919 8757//2919
f 8764//2922 8765//2922 8766//2922
f 8773//2925 8774//2925 8775//2925
f 8782//2928 8783//2928 8784//2928
f 8791//2931 8792//2931 8793//2931
f 8800//2934 8801//2934 8802//2934
f 8809//2937 8810//2937 8811//2937
f 8818//2940 8819//2940 8820//2940
f 8827//2943 8828//2943 8829//2943
f 8836//2946 8837//2946 8838//2946
f 8845//2949 8846//2949 8847//2949
f 8854//2952 8855//2952 8856//2952
f 8863//2955 8864//2955 8865//2955
f 8872//2958 8873//2958 8874//2958
f 8881//2961 8882//2961 8883//2961
f 8890//2964 8891//2964 8892//2964
f 8899//2967 8900//2967 8901//2967
f 8908//2970 8909//2970 8910//2970
f 8917//2973 8918//2973 8919//2973
f 8926//2976 8927//2976 8928//2976
f 8935//2979 8936//2979 8937//2979
f 8944//2982 8945//2982 8946//2982
f 8953//2985 8954//2985 8955//2985
f 8962//2988 8963//2988 8964//2988
f 8971//2991 8972//2991 8973//2991
f 8980//2994 8981//2994 8982//2994
